year,geo,sample,k,role,n_k,base_sum,ratio,lo,hi,se_log
1997,chicago,all_observed,49,test,0,0,,,,
1997,chicago,all_observed,29,placebo,0,0,,,,
1997,chicago,all_observed,39,placebo,0,0,,,,
1997,chicago,all_observed,59,placebo,0,0,,,,
1997,chicago,all_observed,69,placebo,0,0,,,,
1997,chicago,single_all,49,test,12,136,0.5294117647058824,0.29339767449514176,0.9552796118485852,0.30114161869426803
1997,chicago,single_all,29,placebo,60,363,0.9917355371900827,0.7546913979206998,1.303233849538389,0.13936099742505356
1997,chicago,single_all,39,placebo,15,166,0.5421686746987951,0.3196213964711728,0.9196720716135144,0.26961224573859555
1997,chicago,single_all,59,placebo,3,59,0.30508474576271183,0.0956379885935029,0.9732189422417611,0.5918466742963977
1997,chicago,single_all,69,placebo,7,46,0.9130434782608695,0.41223862228474695,2.0222471843477057,0.4057046626450397
1997,chicago,single_observed,49,test,0,0,,,,
1997,chicago,single_observed,29,placebo,0,0,,,,
1997,chicago,single_observed,39,placebo,0,0,,,,
1997,chicago,single_observed,59,placebo,0,0,,,,
1997,chicago,single_observed,69,placebo,0,0,,,,
1997,cook_ex_chicago,all_observed,49,test,0,0,,,,
1997,cook_ex_chicago,all_observed,29,placebo,0,0,,,,
1997,cook_ex_chicago,all_observed,39,placebo,0,0,,,,
1997,cook_ex_chicago,all_observed,59,placebo,0,0,,,,
1997,cook_ex_chicago,all_observed,69,placebo,0,0,,,,
1997,cook_ex_chicago,single_all,49,test,20,111,1.0810810810810811,0.671556483814762,1.740339542598797,0.24291770007352081
1997,cook_ex_chicago,single_all,29,placebo,43,409,0.6308068459657701,0.4607165080576354,0.863692248829737,0.16031469592195688
1997,cook_ex_chicago,single_all,39,placebo,23,191,0.7225130890052356,0.46878286112067147,1.1135756169411466,0.22071217221486913
1997,cook_ex_chicago,single_all,59,placebo,3,63,0.2857142857142857,0.08972559815316358,0.9098033865639518,0.5909368402852788
1997,cook_ex_chicago,single_all,69,placebo,3,51,0.35294117647058826,0.11015493707385071,1.1308387745247377,0.5940885257860046
1997,cook_ex_chicago,single_observed,49,test,0,0,,,,
1997,cook_ex_chicago,single_observed,29,placebo,0,0,,,,
1997,cook_ex_chicago,single_observed,39,placebo,0,0,,,,
1997,cook_ex_chicago,single_observed,59,placebo,0,0,,,,
1997,cook_ex_chicago,single_observed,69,placebo,0,0,,,,
1997,illinois_ex_cook,all_observed,49,test,0,0,,,,
1997,illinois_ex_cook,all_observed,29,placebo,0,0,,,,
1997,illinois_ex_cook,all_observed,39,placebo,0,0,,,,
1997,illinois_ex_cook,all_observed,59,placebo,0,0,,,,
1997,illinois_ex_cook,all_observed,69,placebo,0,0,,,,
1997,illinois_ex_cook,single_all,49,test,39,334,0.7005988023952097,0.5028371441938624,0.9761384726351192,0.16921890443172577
1997,illinois_ex_cook,single_all,29,placebo,108,1138,0.5694200351493849,0.4674398391145836,0.6936489988608906,0.10068760540107889
1997,illinois_ex_cook,single_all,39,placebo,70,601,0.6988352745424292,0.5455984211289123,0.8951102533146843,0.12629175664519673
1997,illinois_ex_cook,single_all,59,placebo,16,169,0.5680473372781065,0.3402000898407196,0.9484940981050988,0.2615667405526047
1997,illinois_ex_cook,single_all,69,placebo,11,110,0.6000000000000001,0.3228291493255835,1.1151409367836504,0.31622776601683794
1997,illinois_ex_cook,single_observed,49,test,0,0,,,,
1997,illinois_ex_cook,single_observed,29,placebo,0,0,,,,
1997,illinois_ex_cook,single_observed,39,placebo,0,0,,,,
1997,illinois_ex_cook,single_observed,59,placebo,0,0,,,,
1997,illinois_ex_cook,single_observed,69,placebo,0,0,,,,
1998,chicago,all_observed,49,test,15,140,0.6428571428571429,0.37744751473717814,1.0948947601634396,0.2716790823923031
1998,chicago,all_observed,29,placebo,52,483,0.6459627329192547,0.48525834729221196,0.8598880465403776,0.14594917815976366
1998,chicago,all_observed,39,placebo,30,222,0.8108108108108109,0.5537849963217921,1.1871288953189258,0.19451950503185494
1998,chicago,all_observed,59,placebo,8,84,0.5714285714285714,0.2766980608242687,1.1800972195908448,0.37000643495047747
1998,chicago,all_observed,69,placebo,9,57,0.9473684210526315,0.4690293489604504,1.9135410762609568,0.35868505789931354
1998,chicago,single_all,49,test,13,109,0.7155963302752293,0.40262517200720926,1.2718482189042217,0.29342356560045146
1998,chicago,single_all,29,placebo,38,342,0.6666666666666666,0.4768191328301943,0.9321027908557538,0.17099639201419234
1998,chicago,single_all,39,placebo,19,161,0.7080745341614907,0.4401439548290216,1.1391035601585717,0.24257526475630614
1998,chicago,single_all,59,placebo,4,64,0.375,0.13656014601110875,1.0297660342905652,0.5153882032022076
1998,chicago,single_all,69,placebo,7,45,0.9333333333333333,0.4209083824884355,2.0695979157294286,0.406299600146696
1998,chicago,single_observed,49,test,13,109,0.7155963302752293,0.40262517200720926,1.2718482189042217,0.29342356560045146
1998,chicago,single_observed,29,placebo,38,342,0.6666666666666666,0.4768191328301943,0.9321027908557538,0.17099639201419234
1998,chicago,single_observed,39,placebo,19,161,0.7080745341614907,0.4401439548290216,1.1391035601585717,0.24257526475630614
1998,chicago,single_observed,59,placebo,4,64,0.375,0.13656014601110875,1.0297660342905652,0.5153882032022076
1998,chicago,single_observed,69,placebo,7,45,0.9333333333333333,0.4209083824884355,2.0695979157294286,0.406299600146696
1998,cook_ex_chicago,all_observed,49,test,29,162,1.0740740740740742,0.7234380147610584,1.5946564779003345,0.20163233403118283
1998,cook_ex_chicago,all_observed,29,placebo,49,568,0.5176056338028169,0.38659822385718573,0.6930078195170063,0.14889166076576557
1998,cook_ex_chicago,all_observed,39,placebo,29,271,0.6420664206642067,0.4377945386286181,0.9416501398941796,0.1953785953503061
1998,cook_ex_chicago,all_observed,59,placebo,7,94,0.4468085106382979,0.2073133939519709,0.962976107684894,0.3917849419381547
1998,cook_ex_chicago,all_observed,69,placebo,10,53,1.1320754716981132,0.575969242223859,2.2251099184952565,0.3447722792341372
1998,cook_ex_chicago,single_all,49,test,21,107,1.177570093457944,0.7376054807887524,1.8799634237041263,0.2386730860645393
1998,cook_ex_chicago,single_all,29,placebo,34,398,0.5125628140703518,0.36112444272749805,0.727507217133915,0.1786738019966909
1998,cook_ex_chicago,single_all,39,placebo,23,198,0.696969696969697,0.4525818907498299,1.0733234546552917,0.22029245543157003
1998,cook_ex_chicago,single_all,59,placebo,5,68,0.4411764705882353,0.1779054411901355,1.0940456733567532,0.4633636610190113
1998,cook_ex_chicago,single_all,69,placebo,5,41,0.7317073170731707,0.2891459522336833,1.8516447964165834,0.47369847361210593
1998,cook_ex_chicago,single_observed,49,test,21,107,1.177570093457944,0.7376054807887524,1.8799634237041263,0.2386730860645393
1998,cook_ex_chicago,single_observed,29,placebo,34,398,0.5125628140703518,0.36112444272749805,0.727507217133915,0.1786738019966909
1998,cook_ex_chicago,single_observed,39,placebo,23,198,0.696969696969697,0.4525818907498299,1.0733234546552917,0.22029245543157003
1998,cook_ex_chicago,single_observed,59,placebo,5,68,0.4411764705882353,0.1779054411901355,1.0940456733567532,0.4633636610190113
1998,cook_ex_chicago,single_observed,69,placebo,5,41,0.7317073170731707,0.2891459522336833,1.8516447964165834,0.47369847361210593
1998,illinois_ex_cook,all_observed,49,test,66,444,0.8918918918918919,0.6886789402785481,1.1550682042066744,0.1319233391169561
1998,illinois_ex_cook,all_observed,29,placebo,164,1685,0.5839762611275965,0.49746978236327566,0.6855256050739016,0.08179873339911063
1998,illinois_ex_cook,all_observed,39,placebo,81,842,0.5771971496437054,0.45951497945137787,0.7250178219534407,0.1163328305698898
1998,illinois_ex_cook,all_observed,59,placebo,18,241,0.44813278008298757,0.2775973135727233,0.7234327522852518,0.24434592926610532
1998,illinois_ex_cook,all_observed,69,placebo,18,152,0.7105263157894737,0.43591219463111797,1.158140679814154,0.24926793400671615
1998,illinois_ex_cook,single_all,49,test,46,320,0.8624999999999999,0.6331929625327137,1.174849207142864,0.15768364035239232
1998,illinois_ex_cook,single_all,29,placebo,118,1176,0.6020408163265306,0.49822742773944706,0.7274853296769198,0.09656560675126968
1998,illinois_ex_cook,single_all,39,placebo,56,613,0.5481239804241436,0.41691541826290285,0.7206255387910657,0.13960108963562143
1998,illinois_ex_cook,single_all,59,placebo,16,179,0.5363128491620112,0.3215930334927986,0.8943958426348033,0.2609340763081184
1998,illinois_ex_cook,single_all,69,placebo,14,101,0.8316831683168318,0.475559559978211,1.4544905636913608,0.2851833822781077
1998,illinois_ex_cook,single_observed,49,test,46,320,0.8624999999999999,0.6331929625327137,1.174849207142864,0.15768364035239232
1998,illinois_ex_cook,single_observed,29,placebo,118,1174,0.6030664395229983,0.49906886001035566,0.728735370248105,0.09657310716537423
1998,illinois_ex_cook,single_observed,39,placebo,56,612,0.5490196078431373,0.41758883878531033,0.7218165377049237,0.1396106363614443
1998,illinois_ex_cook,single_observed,59,placebo,16,179,0.5363128491620112,0.3215930334927986,0.8943958426348033,0.2609340763081184
1998,illinois_ex_cook,single_observed,69,placebo,14,101,0.8316831683168318,0.475559559978211,1.4544905636913608,0.2851833822781077
1999,chicago,all_observed,49,test,14,146,0.5753424657534247,0.33248442601039097,0.9955923556217503,0.2797818551962664
1999,chicago,all_observed,29,placebo,47,498,0.5662650602409639,0.4198846227358335,0.7636767366244805,0.15259301384137777
1999,chicago,all_observed,39,placebo,30,218,0.8256880733944953,0.5637115371790501,1.2094143007212708,0.19473183945271016
1999,chicago,all_observed,59,placebo,8,72,0.6666666666666666,0.321128481911098,1.3840081757914127,0.37267799624996495
1999,chicago,all_observed,69,placebo,6,58,0.6206896551724138,0.2678146079034115,1.4385161849610313,0.4288450139351179
1999,chicago,single_all,49,test,13,111,0.7027027027027027,0.39558911065755314,1.248242368362712,0.29314175057825853
1999,chicago,single_all,29,placebo,30,369,0.4878048780487805,0.3362341329106368,0.7077020913621166,0.1898508899995055
1999,chicago,single_all,39,placebo,19,163,0.6993865030674846,0.4348773327981841,1.1247803547856177,0.24241812694706186
1999,chicago,single_all,59,placebo,4,59,0.4067796610169491,0.14776099482819963,1.1198469041809995,0.516671222870379
1999,chicago,single_all,69,placebo,5,41,0.7317073170731707,0.2891459522336833,1.8516447964165834,0.47369847361210593
1999,chicago,single_observed,49,test,13,111,0.7027027027027027,0.39558911065755314,1.248242368362712,0.29314175057825853
1999,chicago,single_observed,29,placebo,30,368,0.4891304347826087,0.3371349973082159,0.7096521694302113,0.18987028371412193
1999,chicago,single_observed,39,placebo,19,163,0.6993865030674846,0.4348773327981841,1.1247803547856177,0.24241812694706186
1999,chicago,single_observed,59,placebo,4,59,0.4067796610169491,0.14776099482819963,1.1198469041809995,0.516671222870379
1999,chicago,single_observed,69,placebo,5,41,0.7317073170731707,0.2891459522336833,1.8516447964165834,0.47369847361210593
1999,cook_ex_chicago,all_observed,49,test,34,164,1.2439024390243902,0.8597726951654321,1.7996538928386254,0.1884391829782015
1999,cook_ex_chicago,all_observed,29,placebo,55,557,0.59245960502693,0.44910432964296726,0.7815742588536464,0.14134054732547
1999,cook_ex_chicago,all_observed,39,placebo,30,273,0.6593406593406593,0.45225467875550934,0.9612506525218111,0.19234431885641176
1999,cook_ex_chicago,all_observed,59,placebo,4,96,0.25,0.09195070389607703,0.6797120342943508,0.5103103630798288
1999,cook_ex_chicago,all_observed,69,placebo,9,61,0.8852459016393444,0.43965616469082414,1.7824390269162786,0.3570777978733233
1999,cook_ex_chicago,single_all,49,test,23,112,1.232142857142857,0.7866758921001515,1.9298621397373195,0.2289253858752599
1999,cook_ex_chicago,single_all,29,placebo,36,386,0.5595854922279793,0.39767536677433263,0.7874159409268212,0.1742654623065262
1999,cook_ex_chicago,single_all,39,placebo,27,209,0.7751196172248803,0.5191486658673401,1.157299364341181,0.20450360884896956
1999,cook_ex_chicago,single_all,59,placebo,3,67,0.26865671641791045,0.08450163078389868,0.8541424657357783,0.5901344816799486
1999,cook_ex_chicago,single_all,69,placebo,4,43,0.5581395348837209,0.20034502773616691,1.5549162558227034,0.5227387626276516
1999,cook_ex_chicago,single_observed,49,test,23,112,1.232142857142857,0.7866758921001515,1.9298621397373195,0.2289253858752599
1999,cook_ex_chicago,single_observed,29,placebo,36,386,0.5595854922279793,0.39767536677433263,0.7874159409268212,0.1742654623065262
1999,cook_ex_chicago,single_observed,39,placebo,27,209,0.7751196172248803,0.5191486658673401,1.157299364341181,0.20450360884896956
1999,cook_ex_chicago,single_observed,59,placebo,3,67,0.26865671641791045,0.08450163078389868,0.8541424657357783,0.5901344816799486
1999,cook_ex_chicago,single_observed,69,placebo,4,43,0.5581395348837209,0.20034502773616691,1.5549162558227034,0.5227387626276516
1999,illinois_ex_cook,all_observed,49,test,68,473,0.8625792811839323,0.6689641693107724,1.1122314923000585,0.12969212488737994
1999,illinois_ex_cook,all_observed,29,placebo,178,1708,0.6252927400468383,0.5358457512936295,0.729670823761053,0.07876203160004637
1999,illinois_ex_cook,all_observed,39,placebo,84,823,0.612393681652491,0.4892498880353309,0.7665326666376471,0.11454182089279653
1999,illinois_ex_cook,all_observed,59,placebo,20,240,0.5,0.316854577846873,0.7890054854148834,0.2327373340628157
1999,illinois_ex_cook,all_observed,69,placebo,20,154,0.7792207792207791,0.4890352196171458,1.2415977385939383,0.2376836268940427
1999,illinois_ex_cook,single_all,49,test,47,349,0.8080229226361032,0.5958875981893055,1.0956781874456334,0.15537672044928363
1999,illinois_ex_cook,single_all,29,placebo,125,1184,0.6334459459459459,0.5268127059146149,0.7616630387430118,0.09404570481736312
1999,illinois_ex_cook,single_all,39,placebo,60,613,0.5872756933115824,0.4505031480076014,0.7655723194830601,0.13527005595096284
1999,illinois_ex_cook,single_all,59,placebo,17,175,0.5828571428571429,0.3542553415242971,0.9589762218343051,0.2540429395319823
1999,illinois_ex_cook,single_all,69,placebo,17,104,0.9807692307692308,0.5873288488246253,1.6377678126124053,0.26160832178497173
1999,illinois_ex_cook,single_observed,49,test,47,348,0.8103448275862069,0.5975688877371303,1.0988837489219863,0.1554032141336583
1999,illinois_ex_cook,single_observed,29,placebo,125,1184,0.6334459459459459,0.5268127059146149,0.7616630387430118,0.09404570481736312
1999,illinois_ex_cook,single_observed,39,placebo,60,611,0.5891980360065466,0.4519603065088327,0.7681079967299902,0.135289792215806
1999,illinois_ex_cook,single_observed,59,placebo,17,175,0.5828571428571429,0.3542553415242971,0.9589762218343051,0.2540429395319823
1999,illinois_ex_cook,single_observed,69,placebo,17,104,0.9807692307692308,0.5873288488246253,1.6377678126124053,0.26160832178497173
2000,chicago,all_observed,49,test,14,146,0.5753424657534247,0.33248442601039097,0.9955923556217503,0.2797818551962664
2000,chicago,all_observed,29,placebo,43,491,0.5254582484725051,0.3847370157533236,0.7176496141063281,0.15903607713751236
2000,chicago,all_observed,39,placebo,30,218,0.8256880733944953,0.5637115371790501,1.2094143007212708,0.19473183945271016
2000,chicago,all_observed,59,placebo,8,70,0.6857142857142857,0.3299593354948199,1.4250364546513485,0.37321001364608947
2000,chicago,all_observed,69,placebo,6,58,0.6206896551724138,0.2678146079034115,1.4385161849610313,0.4288450139351179
2000,chicago,single_all,49,test,13,109,0.7155963302752293,0.40262517200720926,1.2718482189042217,0.29342356560045146
2000,chicago,single_all,29,placebo,28,361,0.46537396121883656,0.3168218434755679,0.683579520290281,0.19617433271653759
2000,chicago,single_all,39,placebo,18,162,0.6666666666666666,0.40965865156598136,1.0849140931004122,0.24845199749997662
2000,chicago,single_all,59,placebo,4,57,0.42105263157894735,0.15277325933587566,1.1604473147345162,0.5172464206247568
2000,chicago,single_all,69,placebo,5,41,0.7317073170731707,0.2891459522336833,1.8516447964165834,0.47369847361210593
2000,chicago,single_observed,49,test,13,109,0.7155963302752293,0.40262517200720926,1.2718482189042217,0.29342356560045146
2000,chicago,single_observed,29,placebo,28,360,0.4666666666666667,0.3176896927941778,0.6855047007107966,0.19619394356621583
2000,chicago,single_observed,39,placebo,18,162,0.6666666666666666,0.40965865156598136,1.0849140931004122,0.24845199749997662
2000,chicago,single_observed,59,placebo,4,57,0.42105263157894735,0.15277325933587566,1.1604473147345162,0.5172464206247568
2000,chicago,single_observed,69,placebo,5,41,0.7317073170731707,0.2891459522336833,1.8516447964165834,0.47369847361210593
2000,cook_ex_chicago,all_observed,49,test,34,164,1.2439024390243902,0.8597726951654321,1.7996538928386254,0.1884391829782015
2000,cook_ex_chicago,all_observed,29,placebo,56,554,0.6064981949458484,0.46075512423138787,0.7983417679536121,0.1402219562292846
2000,cook_ex_chicago,all_observed,39,placebo,28,266,0.631578947368421,0.42786616009806955,0.9322821105262782,0.19867985355975656
2000,cook_ex_chicago,all_observed,59,placebo,4,97,0.24742268041237112,0.09102152972998627,0.672565962844663,0.5102051335987472
2000,cook_ex_chicago,all_observed,69,placebo,9,60,0.9,0.44664889554842974,1.8135049880855967,0.35746017649212025
2000,cook_ex_chicago,single_all,49,test,25,113,1.3274336283185841,0.860750608056659,2.047143529261442,0.22101936006179163
2000,cook_ex_chicago,single_all,29,placebo,36,382,0.5654450261780105,0.4017782228066016,0.7957824976077762,0.17434327869148897
2000,cook_ex_chicago,single_all,39,placebo,25,208,0.7211538461538463,0.47625959510869825,1.091973526966506,0.21167827547410792
2000,cook_ex_chicago,single_all,59,placebo,3,67,0.26865671641791045,0.08450163078389868,0.8541424657357783,0.5901344816799486
2000,cook_ex_chicago,single_all,69,placebo,4,42,0.5714285714285714,0.2049024431594238,1.593590623957771,0.5232681184722836
2000,cook_ex_chicago,single_observed,49,test,25,113,1.3274336283185841,0.860750608056659,2.047143529261442,0.22101936006179163
2000,cook_ex_chicago,single_observed,29,placebo,36,382,0.5654450261780105,0.4017782228066016,0.7957824976077762,0.17434327869148897
2000,cook_ex_chicago,single_observed,39,placebo,25,208,0.7211538461538463,0.47625959510869825,1.091973526966506,0.21167827547410792
2000,cook_ex_chicago,single_observed,59,placebo,3,67,0.26865671641791045,0.08450163078389868,0.8541424657357783,0.5901344816799486
2000,cook_ex_chicago,single_observed,69,placebo,4,42,0.5714285714285714,0.2049024431594238,1.593590623957771,0.5232681184722836
2000,illinois_ex_cook,all_observed,49,test,64,482,0.7966804979253113,0.6138158532306611,1.034023172314536,0.13304017737766474
2000,illinois_ex_cook,all_observed,29,placebo,161,1723,0.5606500290191526,0.47702620788693784,0.6589333035422597,0.08241094088189055
2000,illinois_ex_cook,all_observed,39,placebo,92,826,0.6682808716707023,0.538767894013971,0.8289271287375056,0.10991004945143978
2000,illinois_ex_cook,all_observed,59,placebo,21,250,0.504,0.32287578604300365,0.7867297920140959,0.227198256197198
2000,illinois_ex_cook,all_observed,69,placebo,21,155,0.8129032258064517,0.5153526027575447,1.2822515128296028,0.2325309883053728
2000,illinois_ex_cook,single_all,49,test,44,360,0.7333333333333333,0.5362403402653725,1.0028670679860534,0.15970300718850133
2000,illinois_ex_cook,single_all,29,placebo,118,1183,0.5984784446322908,0.4953046311474616,0.723143750664528,0.09653955048995552
2000,illinois_ex_cook,single_all,39,placebo,64,618,0.6213592233009708,0.48035996611484827,0.803745756549739,0.13131307237798634
2000,illinois_ex_cook,single_all,59,placebo,19,180,0.6333333333333333,0.39473138246947015,1.016162202766167,0.24122009556196594
2000,illinois_ex_cook,single_all,69,placebo,17,105,0.9714285714285714,0.581934903525807,1.6216134548215941,0.2614332399209677
2000,illinois_ex_cook,single_observed,49,test,44,358,0.7374301675977654,0.5391847570866396,1.0085657002278472,0.15975158470781503
2000,illinois_ex_cook,single_observed,29,placebo,118,1182,0.5989847715736041,0.495720071876246,0.7237608015732132,0.09654325434669024
2000,illinois_ex_cook,single_observed,39,placebo,64,617,0.6223662884927067,0.4811290907953313,0.8050641802013973,0.13132305792567334
2000,illinois_ex_cook,single_observed,59,placebo,19,180,0.6333333333333333,0.39473138246947015,1.016162202766167,0.24122009556196594
2000,illinois_ex_cook,single_observed,69,placebo,17,105,0.9714285714285714,0.581934903525807,1.6216134548215941,0.2614332399209677
2001,chicago,all_observed,49,test,16,128,0.75,0.4460137237819698,1.2611719550472253,0.2651650429449553
2001,chicago,all_observed,29,placebo,45,493,0.5476673427991886,0.40360831811926223,0.743145036669177,0.15572610503106132
2001,chicago,all_observed,39,placebo,25,212,0.7075471698113207,0.4674699430913644,1.0709201840815803,0.2114639003046985
2001,chicago,all_observed,59,placebo,7,75,0.56,0.2580946411971078,1.2150581606245074,0.3952094080237415
2001,chicago,all_observed,69,placebo,5,50,0.6,0.2392737194535834,1.5045530316581057,0.469041575982343
2001,chicago,single_all,49,test,13,100,0.7799999999999999,0.4376557361493842,1.390133727831082,0.29482719841133537
2001,chicago,single_all,29,placebo,29,363,0.4793388429752066,0.3283846839820273,0.6996846612900649,0.19297041109281177
2001,chicago,single_all,39,placebo,18,159,0.6792452830188679,0.41719644561617175,1.1058918630573724,0.24868627572034646
2001,chicago,single_all,59,placebo,4,58,0.4137931034482759,0.15022533050178272,1.1397860260279051,0.5169539431229293
2001,chicago,single_all,69,placebo,4,40,0.6,0.21466893067630913,1.6770009468339409,0.5244044240850758
2001,chicago,single_observed,49,test,13,100,0.7799999999999999,0.4376557361493842,1.390133727831082,0.29482719841133537
2001,chicago,single_observed,29,placebo,29,363,0.4793388429752066,0.3283846839820273,0.6996846612900649,0.19297041109281177
2001,chicago,single_observed,39,placebo,18,159,0.6792452830188679,0.41719644561617175,1.1058918630573724,0.24868627572034646
2001,chicago,single_observed,59,placebo,4,58,0.4137931034482759,0.15022533050178272,1.1397860260279051,0.5169539431229293
2001,chicago,single_observed,69,placebo,4,40,0.6,0.21466893067630913,1.6770009468339409,0.5244044240850758
2001,cook_ex_chicago,all_observed,49,test,23,172,0.8023255813953488,0.5192358581594253,1.2397570939018927,0.22201850003532883
2001,cook_ex_chicago,all_observed,29,placebo,46,566,0.4876325088339223,0.3610664255310103,0.6585643163081719,0.15331638818821497
2001,cook_ex_chicago,all_observed,39,placebo,23,262,0.5267175572519084,0.3439220064637726,0.8066694771002999,0.2174742622994615
2001,cook_ex_chicago,all_observed,59,placebo,2,90,0.13333333333333333,0.03283872195796413,0.541366311409274,0.7149203529842405
2001,cook_ex_chicago,all_observed,69,placebo,14,56,1.5,0.835105754157176,2.694269544664789,0.2988071523335984
2001,cook_ex_chicago,single_all,49,test,18,117,0.9230769230769231,0.5619822588077116,1.5161884428965673,0.25318484177091666
2001,cook_ex_chicago,single_all,29,placebo,32,388,0.49484536082474223,0.34507372785286294,0.7096220644017879,0.18392204758437436
2001,cook_ex_chicago,single_all,39,placebo,12,206,0.3495145631067961,0.1952919285978084,0.6255272847211025,0.29696414306338764
2001,cook_ex_chicago,single_all,59,placebo,2,71,0.16901408450704225,0.041457474571566885,0.6890376477814957,0.7169968668287564
2001,cook_ex_chicago,single_all,69,placebo,9,44,1.2272727272727273,0.5991456293237094,2.5139102638661854,0.36583928689847384
2001,cook_ex_chicago,single_observed,49,test,18,117,0.9230769230769231,0.5619822588077116,1.5161884428965673,0.25318484177091666
2001,cook_ex_chicago,single_observed,29,placebo,32,388,0.49484536082474223,0.34507372785286294,0.7096220644017879,0.18392204758437436
2001,cook_ex_chicago,single_observed,39,placebo,12,204,0.35294117647058826,0.19717558947518957,0.6317591055768956,0.2970442628930023
2001,cook_ex_chicago,single_observed,59,placebo,2,71,0.16901408450704225,0.041457474571566885,0.6890376477814957,0.7169968668287564
2001,cook_ex_chicago,single_observed,69,placebo,9,44,1.2272727272727273,0.5991456293237094,2.5139102638661854,0.36583928689847384
2001,illinois_ex_cook,all_observed,49,test,71,498,0.8554216867469879,0.6671107397133613,1.0968887451451805,0.12685637221191365
2001,illinois_ex_cook,all_observed,29,placebo,167,1731,0.5788561525129983,0.49385248175524926,0.6784909617366521,0.08102915958534178
2001,illinois_ex_cook,all_observed,39,placebo,102,835,0.732934131736527,0.5967361409291044,0.9002177086643025,0.10488816119585
2001,illinois_ex_cook,all_observed,59,placebo,18,273,0.3956043956043956,0.2455379166734117,0.6373876586632544,0.24334863718245725
2001,illinois_ex_cook,all_observed,69,placebo,20,158,0.759493670886076,0.47697800820582714,1.2093443013982548,0.2373375527051095
2001,illinois_ex_cook,single_all,49,test,55,367,0.899182561307902,0.6772817374927085,1.1937857376066388,0.14459119552083782
2001,illinois_ex_cook,single_all,29,placebo,124,1252,0.5942492012779553,0.4941183227352386,0.7146711566263961,0.09414477241865686
2001,illinois_ex_cook,single_all,39,placebo,75,613,0.734094616639478,0.5775938379163651,0.9329997496564246,0.1223301054673104
2001,illinois_ex_cook,single_all,59,placebo,15,205,0.4390243902439025,0.25990007476202914,0.7416019999436709,0.2674784392192284
2001,illinois_ex_cook,single_all,69,placebo,15,116,0.7758620689655172,0.45313012846225265,1.3284527164465487,0.27438541565075775
2001,illinois_ex_cook,single_observed,49,test,55,367,0.899182561307902,0.6772817374927085,1.1937857376066388,0.14459119552083782
2001,illinois_ex_cook,single_observed,29,placebo,124,1251,0.5947242206235012,0.4945100148854819,0.7152471900455639,0.09414816323552459
2001,illinois_ex_cook,single_observed,39,placebo,75,612,0.7352941176470589,0.5785252652417059,0.9345442142798759,0.12234099992005096
2001,illinois_ex_cook,single_observed,59,placebo,15,205,0.4390243902439025,0.25990007476202914,0.7416019999436709,0.2674784392192284
2001,illinois_ex_cook,single_observed,69,placebo,15,116,0.7758620689655172,0.45313012846225265,1.3284527164465487,0.27438541565075775
2002,chicago,all_observed,49,test,17,118,0.8644067796610169,0.5198720119628003,1.4372750668050889,0.25941878436796195
2002,chicago,all_observed,29,placebo,48,465,0.6193548387096774,0.4601414209389794,0.833657651272305,0.1516043237105787
2002,chicago,all_observed,39,placebo,23,216,0.6388888888888888,0.4156459186639721,0.9820354152825693,0.21933511004669282
2002,chicago,all_observed,59,placebo,7,87,0.4827586206896552,0.22351537572033855,1.0426839097717238,0.39287580191544763
2002,chicago,all_observed,69,placebo,5,46,0.6521739130434783,0.2591386499357708,1.6413252633671722,0.47089184579347154
2002,chicago,single_all,49,test,15,92,0.9782608695652174,0.5668008082568057,1.688413839538671,0.2784532849223689
2002,chicago,single_all,29,placebo,28,340,0.49411764705882355,0.33610317789286,0.7264205315332568,0.1966099239226595
2002,chicago,single_all,39,placebo,17,161,0.6335403726708074,0.38432417938885466,1.0443615711145788,0.25501903759521233
2002,chicago,single_all,59,placebo,5,66,0.45454545454545453,0.1831239290930093,1.1282609065415754,0.4638442789897437
2002,chicago,single_all,69,placebo,4,37,0.6486486486486486,0.23119867348635487,1.819842056397222,0.5263335701121742
2002,chicago,single_observed,49,test,15,92,0.9782608695652174,0.5668008082568057,1.688413839538671,0.2784532849223689
2002,chicago,single_observed,29,placebo,28,340,0.49411764705882355,0.33610317789286,0.7264205315332568,0.1966099239226595
2002,chicago,single_observed,39,placebo,17,161,0.6335403726708074,0.38432417938885466,1.0443615711145788,0.25501903759521233
2002,chicago,single_observed,59,placebo,5,66,0.45454545454545453,0.1831239290930093,1.1282609065415754,0.4638442789897437
2002,chicago,single_observed,69,placebo,4,34,0.7058823529411764,0.2504862604623284,1.9892104871305234,0.5285941398709244
2002,cook_ex_chicago,all_observed,49,test,21,163,0.7730061349693251,0.4907146016170689,1.2176904512951625,0.23184912539020067
2002,cook_ex_chicago,all_observed,29,placebo,38,541,0.4214417744916821,0.30330853066963637,0.5855858023332488,0.16782198398652676
2002,cook_ex_chicago,all_observed,39,placebo,24,249,0.5783132530120482,0.3803891136439103,0.8792213199940808,0.21373518878204117
2002,cook_ex_chicago,all_observed,59,placebo,4,93,0.25806451612903225,0.09485564568745199,0.7020909931323297,0.5106394894365721
2002,cook_ex_chicago,all_observed,69,placebo,13,57,1.368421052631579,0.749193688527523,2.499455355751474,0.30735474060472817
2002,cook_ex_chicago,single_all,49,test,14,109,0.7706422018348623,0.4417603390208336,1.3443701273981423,0.283906469378873
2002,cook_ex_chicago,single_all,29,placebo,24,390,0.36923076923076925,0.24449919946830204,0.5575943039618017,0.21031112483834333
2002,cook_ex_chicago,single_all,39,placebo,15,193,0.4663212435233161,0.27575339116508585,0.788586864670496,0.26804479815308063
2002,cook_ex_chicago,single_all,59,placebo,4,73,0.32876712328767127,0.12016411190114394,0.8995016868578202,0.5135159492527825
2002,cook_ex_chicago,single_all,69,placebo,8,47,1.021276595744681,0.4825983185062369,2.1612298365319838,0.38246123430313933
2002,cook_ex_chicago,single_observed,49,test,14,108,0.7777777777777778,0.4457200316764737,1.3572158050191319,0.2840560344154489
2002,cook_ex_chicago,single_observed,29,placebo,24,390,0.36923076923076925,0.24449919946830204,0.5575943039618017,0.21031112483834333
2002,cook_ex_chicago,single_observed,39,placebo,15,193,0.4663212435233161,0.27575339116508585,0.788586864670496,0.26804479815308063
2002,cook_ex_chicago,single_observed,59,placebo,4,71,0.3380281690140845,0.12345810019689558,0.9255208274287675,0.5138915323706488
2002,cook_ex_chicago,single_observed,69,placebo,8,47,1.021276595744681,0.4825983185062369,2.1612298365319838,0.38246123430313933
2002,illinois_ex_cook,all_observed,49,test,77,485,0.9525773195876289,0.7489936995045755,1.211496906306364,0.12267383036783387
2002,illinois_ex_cook,all_observed,29,placebo,172,1730,0.5965317919075145,0.5100101937066142,0.6977315025218784,0.07994991038427134
2002,illinois_ex_cook,all_observed,39,placebo,100,817,0.7343941248470013,0.5966895151312603,0.9038783436493761,0.10594333489218817
2002,illinois_ex_cook,all_observed,59,placebo,20,267,0.449438202247191,0.28531985438437923,0.7079587856758902,0.23183036546591546
2002,illinois_ex_cook,all_observed,69,placebo,16,144,0.6666666666666666,0.39773454870510616,1.1174398751413734,0.26352313834736496
2002,illinois_ex_cook,single_all,49,test,60,359,1.0027855153203342,0.7629355864819456,1.3180389112181814,0.13947107939282943
2002,illinois_ex_cook,single_all,29,placebo,124,1255,0.5928286852589641,0.4929469610573351,0.7129486087347945,0.0941346316614467
2002,illinois_ex_cook,single_all,39,placebo,73,615,0.7121951219512195,0.5587589256489915,0.9077651710744136,0.12379275583469697
2002,illinois_ex_cook,single_all,59,placebo,18,189,0.5714285714285714,0.3523638885970591,0.926685800707284,0.24667095663365163
2002,illinois_ex_cook,single_all,69,placebo,14,113,0.7433628318584071,0.4266012393169077,1.295327460073437,0.28333395304956893
2002,illinois_ex_cook,single_observed,49,test,60,359,1.0027855153203342,0.7629355864819456,1.3180389112181814,0.13947107939282943
2002,illinois_ex_cook,single_observed,29,placebo,124,1254,0.5933014354066986,0.49333679729048535,0.7135218682023049,0.0941380066439771
2002,illinois_ex_cook,single_observed,39,placebo,73,610,0.7180327868852459,0.5632794946944476,0.915302417180774,0.12384657604989079
2002,illinois_ex_cook,single_observed,59,placebo,18,188,0.574468085106383,0.35419856331634264,0.9317191400097579,0.24672799697587172
2002,illinois_ex_cook,single_observed,69,placebo,12,111,0.6486486486486487,0.35755482000362837,1.1767288422778037,0.30387882838780056
2003,chicago,all_observed,49,test,19,121,0.9421487603305785,0.5808494283659545,1.528183111223104,0.2467712336502895
2003,chicago,all_observed,29,placebo,48,465,0.6193548387096774,0.4601414209389794,0.833657651272305,0.1516043237105787
2003,chicago,all_observed,39,placebo,23,207,0.6666666666666666,0.43332799187159937,1.0256536683098445,0.219793491131929
2003,chicago,all_observed,59,placebo,6,93,0.3870967741935484,0.1695418257375993,0.883816792341054,0.4212117695871159
2003,chicago,all_observed,69,placebo,3,45,0.4,0.12430601034258829,1.287146128807761,0.5962847939999438
2003,chicago,single_all,49,test,17,159,0.6415094339622641,0.3890416596356528,1.0578156443399833,0.2551721724402278
2003,chicago,single_all,29,placebo,39,345,0.6782608695652174,0.48707408284233716,0.9444924774046665,0.1689366045759868
2003,chicago,single_all,39,placebo,18,152,0.7105263157894737,0.43591219463111797,1.158140679814154,0.24926793400671615
2003,chicago,single_all,59,placebo,5,69,0.43478260869565216,0.17540616948564655,1.077703922151184,0.4631336239393426
2003,chicago,single_all,69,placebo,2,33,0.36363636363636365,0.08725588145569788,1.5154440337161124,0.7282190812544191
2003,chicago,single_observed,49,test,17,93,1.096774193548387,0.6540170602803749,1.839269500275772,0.26377304180641303
2003,chicago,single_observed,29,placebo,29,342,0.5087719298245614,0.34824970023977686,0.7432852817940284,0.19340820879393095
2003,chicago,single_observed,39,placebo,18,152,0.7105263157894737,0.43591219463111797,1.158140679814154,0.24926793400671615
2003,chicago,single_observed,59,placebo,5,69,0.43478260869565216,0.17540616948564655,1.077703922151184,0.4631336239393426
2003,chicago,single_observed,69,placebo,2,33,0.36363636363636365,0.08725588145569788,1.5154440337161124,0.7282190812544191
2003,cook_ex_chicago,all_observed,49,test,23,164,0.8414634146341464,0.543884123065515,1.3018594368537322,0.2226562863365303
2003,cook_ex_chicago,all_observed,29,placebo,40,545,0.44036697247706424,0.31942865601831544,0.60709353026078,0.16381349878847318
2003,cook_ex_chicago,all_observed,39,placebo,21,254,0.4960629921259842,0.31787751346363474,0.7741299139900807,0.22705958577664886
2003,cook_ex_chicago,all_observed,59,placebo,3,88,0.20454545454545456,0.06471911485071564,0.6464680963532056,0.5871089930302291
2003,cook_ex_chicago,all_observed,69,placebo,12,46,1.5652173913043477,0.8291891498392437,2.9545797632742237,0.3241488296571745
2003,cook_ex_chicago,single_all,49,test,16,129,0.7441860465116279,0.442655340988062,1.2511153047118495,0.26505082151258486
2003,cook_ex_chicago,single_all,29,placebo,40,389,0.6169665809768637,0.4455761313744419,0.8542822095701574,0.16604425340072326
2003,cook_ex_chicago,single_all,39,placebo,17,194,0.5257731958762886,0.3202523803750014,0.863186256971049,0.25293906101474806
2003,cook_ex_chicago,single_all,59,placebo,2,73,0.16438356164383564,0.04034292944980937,0.6698064743248434,0.716727723851245
2003,cook_ex_chicago,single_all,69,placebo,7,48,0.875,0.39592854953951645,1.9337453712051276,0.4045867968563435
2003,cook_ex_chicago,single_observed,49,test,16,114,0.8421052631578947,0.49902075116262484,1.4210657023501745,0.26696803146549475
2003,cook_ex_chicago,single_observed,29,placebo,29,386,0.4507772020725389,0.3090755501476348,0.6574447115318078,0.19254462390785984
2003,cook_ex_chicago,single_observed,39,placebo,14,194,0.43298969072164945,0.2517181359052584,0.7448016075480288,0.2767367171226636
2003,cook_ex_chicago,single_observed,59,placebo,2,73,0.16438356164383564,0.04034292944980937,0.6698064743248434,0.716727723851245
2003,cook_ex_chicago,single_observed,69,placebo,7,39,1.0769230769230769,0.48169546268622787,2.407669167448494,0.41048528414325464
2003,illinois_ex_cook,all_observed,49,test,77,474,0.9746835443037974,0.7660827517140391,1.240085368598964,0.12286870076778382
2003,illinois_ex_cook,all_observed,29,placebo,180,1754,0.6157354618015964,0.5281681167122589,0.7178209871508995,0.07826672973332684
2003,illinois_ex_cook,all_observed,39,placebo,94,803,0.7023661270236612,0.567244932963134,0.8696740115654398,0.1090120538509101
2003,illinois_ex_cook,all_observed,59,placebo,22,270,0.4888888888888889,0.31657833453903267,0.7549864270624724,0.22171659648805986
2003,illinois_ex_cook,all_observed,69,placebo,15,154,0.5844155844155844,0.3439405613757156,0.9930249981034196,0.2704813730373557
2003,illinois_ex_cook,single_all,49,test,59,372,0.9516129032258065,0.7230636035560452,1.2524031262702842,0.1401332386886981
2003,illinois_ex_cook,single_all,29,placebo,136,1261,0.6471054718477399,0.5421862214511456,0.7723278001689642,0.0902549864996317
2003,illinois_ex_cook,single_all,39,placebo,81,592,0.8209459459459459,0.6508364122787077,1.035517118357658,0.1184688490766027
2003,illinois_ex_cook,single_all,59,placebo,17,197,0.5177664974619289,0.3154714006697605,0.8497827230133786,0.25278384351802313
2003,illinois_ex_cook,single_all,69,placebo,15,151,0.5960264900662251,0.3506099674711855,1.0132272605451798,0.270719750337795
2003,illinois_ex_cook,single_observed,49,test,59,354,1.0,0.7591048358571247,1.317341100680612,0.14062009564580386
2003,illinois_ex_cook,single_observed,29,placebo,126,1255,0.602390438247012,0.5015681137314815,0.72347948395638,0.0934522374558893
2003,illinois_ex_cook,single_observed,39,placebo,76,588,0.7755102040816326,0.6106997686647193,0.9847982715790405,0.12189575467977114
2003,illinois_ex_cook,single_observed,59,placebo,17,195,0.5230769230769231,0.31864269673879037,0.8586717042503399,0.2528868018303245
2003,illinois_ex_cook,single_observed,69,placebo,13,117,0.6666666666666666,0.37588337845413544,1.1823998344174578,0.2923526731023431
2004,chicago,all_observed,49,test,19,118,0.9661016949152542,0.595120426239178,1.5683422106957117,0.24719659224705112
2004,chicago,all_observed,29,placebo,41,444,0.5540540540540541,0.4023573720578481,0.7629433834993778,0.16322529263166072
2004,chicago,all_observed,39,placebo,23,198,0.696969696969697,0.4525818907498299,1.0733234546552917,0.22029245543157003
2004,chicago,all_observed,59,placebo,4,81,0.2962962962962963,0.10857639239866047,0.8085689094969939,0.5121969142940493
2004,chicago,all_observed,69,placebo,4,51,0.47058823529411764,0.17008145725603782,1.3020425081604265,0.5192377520339357
2004,chicago,single_all,49,test,19,145,0.7862068965517242,0.48736415359842117,1.2682945178089846,0.24398387379395867
2004,chicago,single_all,29,placebo,36,322,0.6708074534161491,0.4753437944495097,0.9466467108922269,0.17573664341818293
2004,chicago,single_all,39,placebo,16,150,0.64,0.3822201956646876,1.0716335888209636,0.26299556396765833
2004,chicago,single_all,59,placebo,3,58,0.3103448275862069,0.09723986552175402,0.9904776347923436,0.5920934999167599
2004,chicago,single_all,69,placebo,2,35,0.34285714285714286,0.08246192523275361,1.4255187479114588,0.7270291799999699
2004,chicago,single_observed,49,test,19,87,1.3103448275862069,0.7976845869763581,2.1524843217671634,0.25323078766400353
2004,chicago,single_observed,29,placebo,27,317,0.5110410094637223,0.3449888395278555,0.7570184406867261,0.20047845562436167
2004,chicago,single_observed,39,placebo,16,150,0.64,0.3822201956646876,1.0716335888209636,0.26299556396765833
2004,chicago,single_observed,59,placebo,3,58,0.3103448275862069,0.09723986552175402,0.9904776347923436,0.5920934999167599
2004,chicago,single_observed,69,placebo,2,35,0.34285714285714286,0.08246192523275361,1.4255187479114588,0.7270291799999699
2004,cook_ex_chicago,all_observed,49,test,31,161,1.15527950310559,0.7865619268809264,1.6968412590073763,0.19613578113223662
2004,cook_ex_chicago,all_observed,29,placebo,36,536,0.40298507462686567,0.2875627140153711,0.5647358383303472,0.17217273134723982
2004,cook_ex_chicago,all_observed,39,placebo,22,237,0.5569620253164557,0.3598398352468432,0.8620688074509938,0.2228765459559302
2004,cook_ex_chicago,all_observed,59,placebo,6,79,0.4556962025316456,0.1987066604912586,1.0450531878919973,0.4234677018554874
2004,cook_ex_chicago,all_observed,69,placebo,12,47,1.5319148936170213,0.8126837275261946,2.8876710112422037,0.32343458237797357
2004,cook_ex_chicago,single_all,49,test,24,127,1.1338582677165354,0.732988388783135,1.7539630790106768,0.22257736276337303
2004,cook_ex_chicago,single_all,29,placebo,36,376,0.574468085106383,0.40809377363112215,0.8086709529268519,0.17446303977021288
2004,cook_ex_chicago,single_all,39,placebo,19,166,0.6867469879518072,0.427209633182808,1.1039578437105777,0.24218933777710072
2004,cook_ex_chicago,single_all,59,placebo,5,62,0.48387096774193544,0.19453664522565098,1.2035321836250386,0.4648967974271973
2004,cook_ex_chicago,single_all,69,placebo,7,51,0.8235294117647058,0.37374850760634204,1.81459103712556,0.40306945554630874
2004,cook_ex_chicago,single_observed,49,test,24,111,1.2972972972972974,0.8344874564168272,2.0167831938437457,0.22511258444537408
2004,cook_ex_chicago,single_observed,29,placebo,25,374,0.40106951871657753,0.2675335796224876,0.6012582011967603,0.20657637036080348
2004,cook_ex_chicago,single_observed,39,placebo,15,166,0.5421686746987951,0.3196213964711728,0.9196720716135144,0.26961224573859555
2004,cook_ex_chicago,single_observed,59,placebo,5,62,0.48387096774193544,0.19453664522565098,1.2035321836250386,0.4648967974271973
2004,cook_ex_chicago,single_observed,69,placebo,7,41,1.024390243902439,0.45957096748662,2.283380470140447,0.40895890595459816
2004,illinois_ex_cook,all_observed,49,test,80,486,0.9876543209876543,0.7796531082701111,1.2511475262760519,0.12065493429082907
2004,illinois_ex_cook,all_observed,29,placebo,182,1797,0.6076794657762938,0.521747039751299,0.7077650757773035,0.07778810012960313
2004,illinois_ex_cook,all_observed,39,placebo,90,813,0.6642066420664207,0.5342456304537821,0.8257820714236354,0.11109060901459723
2004,illinois_ex_cook,all_observed,59,placebo,23,275,0.5018181818181818,0.32793065181492576,0.7679107951928394,0.21705903461023882
2004,illinois_ex_cook,all_observed,69,placebo,17,168,0.6071428571428571,0.36867751433821827,0.9998506408541749,0.2545111203152932
2004,illinois_ex_cook,single_all,49,test,59,369,0.959349593495935,0.7288307974495778,1.262778200045104,0.1402111965666219
2004,illinois_ex_cook,single_all,29,placebo,132,1275,0.6211764705882353,0.519260507877854,0.7430956172450206,0.09143342551412897
2004,illinois_ex_cook,single_all,39,placebo,79,603,0.7860696517412935,0.6217434024464478,0.9938271881250885,0.1196520064219753
2004,illinois_ex_cook,single_all,59,placebo,18,201,0.5373134328358209,0.3317438452136504,0.8702670125496416,0.24602983545428997
2004,illinois_ex_cook,single_all,69,placebo,14,170,0.49411764705882355,0.286517247715894,0.8521380513086794,0.27804842090856746
2004,illinois_ex_cook,single_observed,49,test,59,357,0.9915966386554622,0.7528503788254773,1.3060548569116779,0.1405356644789932
2004,illinois_ex_cook,single_observed,29,placebo,126,1272,0.5943396226415094,0.4949200500757458,0.7137306055545531,0.09339524323283555
2004,illinois_ex_cook,single_observed,39,placebo,74,602,0.7375415282392027,0.5793339083186873,0.9389533360063334,0.12318540125201455
2004,illinois_ex_cook,single_observed,59,placebo,18,199,0.542713567839196,0.3350112378853699,0.8791884671568272,0.2461314307107003
2004,illinois_ex_cook,single_observed,69,placebo,13,133,0.5864661654135338,0.3318094475923371,1.0365665163260334,0.2905888399707706
2005,chicago,all_observed,49,test,21,117,1.0769230769230769,0.676786204126779,1.7136332072635077,0.23699378929848808
2005,chicago,all_observed,29,placebo,42,443,0.5688487584650114,0.4145393888891498,0.78059870468356,0.16145234638319425
2005,chicago,all_observed,39,placebo,24,193,0.7461139896373058,0.48816238680557894,1.1403707056893955,0.21644402005351343
2005,chicago,all_observed,59,placebo,4,81,0.2962962962962963,0.10857639239866047,0.8085689094969939,0.5121969142940493
2005,chicago,all_observed,69,placebo,4,52,0.46153846153846156,0.16692946005282244,1.2760944138433297,0.5188745216627708
2005,chicago,single_all,49,test,19,143,0.7972027972027973,0.49398909071885594,1.286531042503659,0.2441814610906721
2005,chicago,single_all,29,placebo,37,320,0.69375,0.4936222852103475,0.9750148583646462,0.1736433903925716
2005,chicago,single_all,39,placebo,17,147,0.6938775510204082,0.41997287848412274,1.1464217821586808,0.2561762098638359
2005,chicago,single_all,59,placebo,3,58,0.3103448275862069,0.09723986552175402,0.9904776347923436,0.5920934999167599
2005,chicago,single_all,69,placebo,2,36,0.3333333333333333,0.08025716183602605,1.384438579302405,0.7264831572567789
2005,chicago,single_observed,49,test,19,83,1.3734939759036144,0.8343405438171017,2.2610500182729476,0.25432218094073655
2005,chicago,single_observed,29,placebo,28,314,0.535031847133758,0.36349255688917587,0.7875239039203699,0.1972282918094711
2005,chicago,single_observed,39,placebo,17,147,0.6938775510204082,0.41997287848412274,1.1464217821586808,0.2561762098638359
2005,chicago,single_observed,59,placebo,3,58,0.3103448275862069,0.09723986552175402,0.9904776347923436,0.5920934999167599
2005,chicago,single_observed,69,placebo,2,36,0.3333333333333333,0.08025716183602605,1.384438579302405,0.7264831572567789
2005,cook_ex_chicago,all_observed,49,test,31,161,1.15527950310559,0.7865619268809264,1.6968412590073763,0.19613578113223662
2005,cook_ex_chicago,all_observed,29,placebo,35,537,0.39106145251396646,0.2778101840465196,0.5504803942562635,0.17445236015701313
2005,cook_ex_chicago,all_observed,39,placebo,23,237,0.5822784810126582,0.37951298636822944,0.8933771481575622,0.21839796279330453
2005,cook_ex_chicago,all_observed,59,placebo,7,75,0.56,0.2580946411971078,1.2150581606245074,0.3952094080237415
2005,cook_ex_chicago,all_observed,69,placebo,6,47,0.7659574468085106,0.32747742288706727,1.7915458267293638,0.43352423509112786
2005,cook_ex_chicago,single_all,49,test,22,127,1.0393700787401574,0.6609959780389266,1.6343369649318835,0.23092977547855745
2005,cook_ex_chicago,single_all,29,placebo,30,375,0.48,0.33092847058298436,0.696222962001767,0.18973665961010275
2005,cook_ex_chicago,single_all,39,placebo,19,162,0.7037037037037037,0.43749478858254875,1.1318966888970687,0.24249622358614423
2005,cook_ex_chicago,single_all,59,placebo,6,59,0.6101694915254237,0.26345132093241,1.4131901372546605,0.428504164751102
2005,cook_ex_chicago,single_all,69,placebo,5,48,0.625,0.24881027725778682,1.5699713223472764,0.4699290726623895
2005,cook_ex_chicago,single_observed,49,test,22,110,1.2000000000000002,0.7592411568262635,1.8966305857540788,0.2335496832484569
2005,cook_ex_chicago,single_observed,29,placebo,23,371,0.3719676549865229,0.24411535899428147,0.5667809552262302,0.21488061489888433
2005,cook_ex_chicago,single_observed,39,placebo,13,161,0.484472049689441,0.27531962874015986,0.8525115626674221,0.2883301181758516
2005,cook_ex_chicago,single_observed,59,placebo,6,59,0.6101694915254237,0.26345132093241,1.4131901372546605,0.428504164751102
2005,cook_ex_chicago,single_observed,69,placebo,5,41,0.7317073170731707,0.2891459522336833,1.8516447964165834,0.47369847361210593
2005,illinois_ex_cook,all_observed,49,test,88,473,1.1162790697674418,0.8891020898155262,1.401502679922174,0.11609393295301414
2005,illinois_ex_cook,all_observed,29,placebo,173,1740,0.596551724137931,0.5102584907390617,0.697438584621077,0.07971862683518458
2005,illinois_ex_cook,all_observed,39,placebo,86,802,0.6433915211970075,0.5150983535765729,0.803638075474187,0.11346713079020568
2005,illinois_ex_cook,all_observed,59,placebo,27,283,0.5724381625441697,0.38572267326142917,0.8495363966194738,0.20142146345816941
2005,illinois_ex_cook,all_observed,69,placebo,18,165,0.6545454545454545,0.40238848992124393,1.0647167172946936,0.2482260292881502
2005,illinois_ex_cook,single_all,49,test,65,358,1.0893854748603353,0.8364034401642978,1.4188854993274043,0.13482548525409008
2005,illinois_ex_cook,single_all,29,placebo,116,1263,0.5510688836104513,0.45564085979237345,0.6664830599741398,0.09701780915143235
2005,illinois_ex_cook,single_all,39,placebo,75,591,0.7614213197969543,0.5988037094913461,0.968201126766257,0.12257805966264884
2005,illinois_ex_cook,single_all,59,placebo,21,206,0.6116504854368932,0.39040408289681494,0.9582797227919032,0.22907076756121994
2005,illinois_ex_cook,single_all,69,placebo,15,151,0.5960264900662251,0.3506099674711855,1.0132272605451798,0.270719750337795
2005,illinois_ex_cook,single_observed,49,test,65,338,1.1538461538461537,0.8848335065965371,1.504645717889423,0.1354370527819924
2005,illinois_ex_cook,single_observed,29,placebo,111,1258,0.5294117647058824,0.4360241334813934,0.6428011549983549,0.09901475429766743
2005,illinois_ex_cook,single_observed,39,placebo,69,589,0.7028862478777589,0.5477399309106454,0.9019774706479636,0.1272420783092541
2005,illinois_ex_cook,single_observed,59,placebo,21,204,0.6176470588235294,0.394151332639034,0.9678716210829741,0.22917462425705282
2005,illinois_ex_cook,single_observed,69,placebo,15,122,0.7377049180327869,0.43149886531148707,1.261205045572743,0.27361174678390926
2006,chicago,all_observed,49,test,22,115,1.1478260869565218,0.727438348268585,1.811156545477406,0.23270195020338463
2006,chicago,all_observed,29,placebo,37,468,0.47435897435897434,0.3394230314001582,0.6629380323034649,0.17077405881391694
2006,chicago,all_observed,39,placebo,27,209,0.7751196172248803,0.5191486658673401,1.157299364341181,0.20450360884896956
2006,chicago,all_observed,59,placebo,3,92,0.19565217391304346,0.06195633302265987,0.617850852194551,0.586688076025689
2006,chicago,all_observed,69,placebo,7,56,0.75,0.3418339713533695,1.6455356902445424,0.40089186286863654
2006,chicago,single_all,49,test,19,138,0.8260869565217391,0.5113675358166561,1.334499380461301,0.2446997257026714
2006,chicago,single_all,29,placebo,56,356,0.9438202247191011,0.7120667111353225,1.251001630406966,0.14375719676311097
2006,chicago,single_all,39,placebo,20,150,0.8,0.5017180977389093,1.2756167315555988,0.23804761428476168
2006,chicago,single_all,59,placebo,2,62,0.1935483870967742,0.047343142142885125,0.7912651432112962,0.7184212081070996
2006,chicago,single_all,69,placebo,4,43,0.5581395348837209,0.20034502773616691,1.5549162558227034,0.5227387626276516
2006,chicago,single_observed,49,test,19,81,1.4074074074074074,0.853963186407542,2.3195327877751555,0.25490637096729085
2006,chicago,single_observed,29,placebo,24,349,0.41260744985673353,0.27284001211933456,0.6239733914203731,0.21102605568877186
2006,chicago,single_observed,39,placebo,20,150,0.8,0.5017180977389093,1.2756167315555988,0.23804761428476168
2006,chicago,single_observed,59,placebo,2,62,0.1935483870967742,0.047343142142885125,0.7912651432112962,0.7184212081070996
2006,chicago,single_observed,69,placebo,4,43,0.5581395348837209,0.20034502773616691,1.5549162558227034,0.5227387626276516
2006,cook_ex_chicago,all_observed,49,test,36,152,1.4210526315789473,0.9881712855676119,2.043563308518422,0.18535567200978456
2006,cook_ex_chicago,all_observed,29,placebo,38,495,0.46060606060606063,0.33116293612728714,0.6406451928107321,0.1683329780342706
2006,cook_ex_chicago,all_observed,39,placebo,29,243,0.7160493827160493,0.4872027131039019,1.0523888818712102,0.19646369883044099
2006,cook_ex_chicago,all_observed,59,placebo,8,67,0.7164179104477613,0.3441557472206895,1.4913440398867217,0.3740660010403623
2006,cook_ex_chicago,all_observed,69,placebo,7,46,0.9130434782608695,0.41223862228474695,2.0222471843477057,0.4057046626450397
2006,cook_ex_chicago,single_all,49,test,25,126,1.1904761904761905,0.7750893238642665,1.8284777205096536,0.2189440749061457
2006,cook_ex_chicago,single_all,29,placebo,32,336,0.5714285714285714,0.3976344773958463,0.8211828470795195,0.18500321747523873
2006,cook_ex_chicago,single_all,39,placebo,20,160,0.75,0.4711697302117488,1.193837303061057,0.23717082451262844
2006,cook_ex_chicago,single_all,59,placebo,6,49,0.7346938775510204,0.31472895880212265,1.7150474356264205,0.4325214791567845
2006,cook_ex_chicago,single_all,69,placebo,7,51,0.8235294117647058,0.37374850760634204,1.81459103712556,0.40306945554630874
2006,cook_ex_chicago,single_observed,49,test,25,101,1.4851485148514854,0.9585626066777836,2.3010141390868974,0.2233852951718396
2006,cook_ex_chicago,single_observed,29,placebo,24,333,0.43243243243243246,0.28576681908722046,0.6543720128765391,0.2113520041770829
2006,cook_ex_chicago,single_observed,39,placebo,17,159,0.6415094339622641,0.3890416596356528,1.0578156443399833,0.2551721724402278
2006,cook_ex_chicago,single_observed,59,placebo,6,49,0.7346938775510204,0.31472895880212265,1.7150474356264205,0.4325214791567845
2006,cook_ex_chicago,single_observed,69,placebo,7,39,1.0769230769230769,0.48169546268622787,2.407669167448494,0.41048528414325464
2006,illinois_ex_cook,all_observed,49,test,81,473,1.0274841437632136,0.8117401655427768,1.3005684706742406,0.12024909112840836
2006,illinois_ex_cook,all_observed,29,placebo,170,1700,0.6000000000000001,0.5124828876861045,0.7024624795286821,0.08043996665398437
2006,illinois_ex_cook,all_observed,39,placebo,79,820,0.578048780487805,0.45886808530932055,0.7281839886471864,0.1178038201554738
2006,illinois_ex_cook,all_observed,59,placebo,25,291,0.5154639175257731,0.34260415766877406,0.7755394799612906,0.20841407370146214
2006,illinois_ex_cook,all_observed,69,placebo,11,174,0.3793103448275862,0.2062314113272424,0.6976451199517967,0.3108958303771096
2006,illinois_ex_cook,single_all,49,test,61,357,1.0252100840336134,0.7814144849303741,1.3450681253980852,0.13854444438926483
2006,illinois_ex_cook,single_all,29,placebo,118,1222,0.5793780687397709,0.4796284650286029,0.6998728620425152,0.09639972446408282
2006,illinois_ex_cook,single_all,39,placebo,66,595,0.6655462184873949,0.5161099380660815,0.8582508033126784,0.12973892022220132
2006,illinois_ex_cook,single_all,59,placebo,18,213,0.5070422535211268,0.3134041652010272,0.8203204532743713,0.24545955112055984
2006,illinois_ex_cook,single_all,69,placebo,9,156,0.34615384615384615,0.17679097127977367,0.6777636003678049,0.3428138963364343
2006,illinois_ex_cook,single_observed,49,test,61,336,1.0892857142857142,0.8292277011424085,1.43090174835243,0.13917482925853114
2006,illinois_ex_cook,single_observed,29,placebo,113,1213,0.5589447650453422,0.4609420495369351,0.6777842262068537,0.0983562902434326
2006,illinois_ex_cook,single_observed,39,placebo,62,594,0.6262626262626263,0.48211426365976945,0.8135102124465311,0.13346360530708812
2006,illinois_ex_cook,single_observed,59,placebo,18,212,0.5094339622641509,0.31485464988537354,0.8242627574426316,0.24550465716077774
2006,illinois_ex_cook,single_observed,69,placebo,9,128,0.421875,0.2146045701722552,0.8293323645537612,0.344853028275976
2007,chicago,all_observed,49,test,24,115,1.2521739130434781,0.8065630409401433,1.9439763898417652,0.22441550490235676
2007,chicago,all_observed,29,placebo,38,463,0.4924406047516198,0.3537637603137779,0.68547934076982,0.16874719756934367
2007,chicago,all_observed,39,placebo,26,211,0.7393364928909953,0.49194684763906554,1.1111331485173028,0.20784820171083862
2007,chicago,all_observed,59,placebo,4,91,0.26373626373626374,0.09689643855654279,0.7178469905163233,0.5108708359155091
2007,chicago,all_observed,69,placebo,7,55,0.7636363636363637,0.34777314198614967,1.6767841603219393,0.4012965998347868
2007,chicago,single_all,49,test,20,87,1.3793103448275863,0.8483535079492666,2.2425757771041934,0.24798034775675917
2007,chicago,single_all,29,placebo,24,354,0.4067796610169492,0.2690369105759115,0.6150445760875444,0.2109301434687058
2007,chicago,single_all,39,placebo,20,172,0.6976744186046512,0.4390893825057976,1.1085433029547491,0.23624976928744734
2007,chicago,single_all,59,placebo,3,61,0.29508196721311475,0.09258750708375998,0.9404440201159122,0.5913770167636583
2007,chicago,single_all,69,placebo,4,40,0.6,0.21466893067630913,1.6770009468339409,0.5244044240850758
2007,chicago,single_observed,49,test,20,80,1.5,0.9189395912766242,2.4484743299330685,0.25
2007,chicago,single_observed,29,placebo,24,342,0.42105263157894735,0.2783486615871771,0.6369181642500268,0.21116496696860917
2007,chicago,single_observed,39,placebo,20,152,0.7894736842105263,0.49529544427722577,1.258377611307257,0.2378632955468772
2007,chicago,single_observed,59,placebo,3,60,0.3,0.0940880303546699,0.9565510050613255,0.5916079783099616
2007,chicago,single_observed,69,placebo,4,40,0.6,0.21466893067630913,1.6770009468339409,0.5244044240850758
2007,cook_ex_chicago,all_observed,49,test,39,160,1.4625,1.0305878337915468,2.075423539719981,0.17858058584579017
2007,cook_ex_chicago,all_observed,29,placebo,50,505,0.594059405940594,0.44425343891386565,0.7943811952233757,0.14825720225271344
2007,cook_ex_chicago,all_observed,39,placebo,28,246,0.6829268292682927,0.4619564020331339,1.009595390564567,0.19944755291728253
2007,cook_ex_chicago,all_observed,59,placebo,8,72,0.6666666666666666,0.321128481911098,1.3840081757914127,0.37267799624996495
2007,cook_ex_chicago,all_observed,69,placebo,8,54,0.8888888888888888,0.42303250395739644,1.8677606316267759,0.37883838047182933
2007,cook_ex_chicago,single_all,49,test,32,110,1.7454545454545456,1.177446482548138,2.587473499139167,0.2008504645025973
2007,cook_ex_chicago,single_all,29,placebo,29,361,0.481994459833795,0.3301783995790157,0.7036155593663393,0.19300995239412586
2007,cook_ex_chicago,single_all,39,placebo,16,183,0.5245901639344263,0.3147080400087807,0.874444898481367,0.2606999824977304
2007,cook_ex_chicago,single_all,59,placebo,6,47,0.7659574468085106,0.32747742288706727,1.7915458267293638,0.43352423509112786
2007,cook_ex_chicago,single_all,69,placebo,7,46,0.9130434782608695,0.41223862228474695,2.0222471843477057,0.4057046626450397
2007,cook_ex_chicago,single_observed,49,test,32,110,1.7454545454545456,1.177446482548138,2.587473499139167,0.2008504645025973
2007,cook_ex_chicago,single_observed,29,placebo,29,351,0.49572649572649574,0.3394492150444577,0.7239514710119044,0.19321428898943396
2007,cook_ex_chicago,single_observed,39,placebo,16,158,0.6075949367088608,0.36332454302161993,1.0160932263039457,0.2623530329995265
2007,cook_ex_chicago,single_observed,59,placebo,6,46,0.7826086956521738,0.3342470476931968,1.8324062238915717,0.4340573661412156
2007,cook_ex_chicago,single_observed,69,placebo,7,46,0.9130434782608695,0.41223862228474695,2.0222471843477057,0.4057046626450397
2007,illinois_ex_cook,all_observed,49,test,89,496,1.0766129032258065,0.8591508396785118,1.349117395760243,0.11511769667795582
2007,illinois_ex_cook,all_observed,29,placebo,173,1739,0.5968947671075331,0.5105498371769044,0.6978424769860514,0.07972069962715998
2007,illinois_ex_cook,all_observed,39,placebo,83,825,0.6036363636363636,0.48167578078546236,0.7564774357347751,0.11515343669732811
2007,illinois_ex_cook,all_observed,59,placebo,26,315,0.49523809523809526,0.3319890213910384,0.7387616914180198,0.2040493607834674
2007,illinois_ex_cook,all_observed,69,placebo,14,181,0.46408839779005523,0.26944427640139845,0.799341681478088,0.27740481846396337
2007,illinois_ex_cook,single_all,49,test,64,356,1.0786516853932584,0.826627624998198,1.4075133992821172,0.135771826105584
2007,illinois_ex_cook,single_all,29,placebo,114,1280,0.5343749999999999,0.4412125426763731,0.647208800758083,0.0977403694721961
2007,illinois_ex_cook,single_all,39,placebo,65,661,0.5900151285930408,0.4573126149149683,0.7612251239415095,0.12999028690136855
2007,illinois_ex_cook,single_all,59,placebo,18,228,0.47368421052631576,0.29314721158511314,0.765406329770914,0.24482957433250635
2007,illinois_ex_cook,single_all,69,placebo,11,131,0.5038167938931298,0.2723094591703685,0.9321430205990187,0.3139150819813385
2007,illinois_ex_cook,single_observed,49,test,64,347,1.1066282420749278,0.8476221170121565,1.4447783293746708,0.1360398632034135
2007,illinois_ex_cook,single_observed,29,placebo,114,1218,0.5615763546798029,0.4634869833758219,0.6804247226933173,0.09794359543614262
2007,illinois_ex_cook,single_observed,39,placebo,61,604,0.6059602649006622,0.4656780987091429,0.7885014211669463,0.1343468338369895
2007,illinois_ex_cook,single_observed,59,placebo,18,228,0.47368421052631576,0.29314721158511314,0.765406329770914,0.24482957433250635
2007,illinois_ex_cook,single_observed,69,placebo,11,131,0.5038167938931298,0.2723094591703685,0.9321430205990187,0.3139150819813385
2008,chicago,all_observed,49,test,30,102,1.7647058823529411,1.1745694324958211,2.6513433476587194,0.20769510081357428
2008,chicago,all_observed,29,placebo,38,410,0.5560975609756098,0.39884854462467,0.775343175976815,0.1695724442942547
2008,chicago,all_observed,39,placebo,30,178,1.0112359550561798,0.6868399427102324,1.4888449159832906,0.19736086456393329
2008,chicago,all_observed,59,placebo,5,88,0.34090909090909094,0.138451425289469,0.8394208150726981,0.45974301121782846
2008,chicago,all_observed,69,placebo,5,52,0.576923076923077,0.23044127687960483,1.4443603211775493,0.468220855185637
2008,chicago,single_all,49,test,27,73,2.219178082191781,1.4271153086867314,3.4508433414622077,0.22524579279982865
2008,chicago,single_all,29,placebo,28,319,0.5266457680250783,0.3578839653050005,0.774987962208234,0.19710170459062556
2008,chicago,single_all,39,placebo,23,130,1.0615384615384615,0.6813694208396448,1.6538222451145819,0.22620912572633517
2008,chicago,single_all,59,placebo,4,59,0.4067796610169491,0.14776099482819963,1.1198469041809995,0.516671222870379
2008,chicago,single_all,69,placebo,2,40,0.3,0.07250297195691532,1.2413284251779666,0.724568837309472
2008,chicago,single_observed,49,test,27,71,2.2816901408450705,1.4648590264676837,3.5540006272026403,0.22610073878537099
2008,chicago,single_observed,29,placebo,22,305,0.43278688524590164,0.280777787682926,0.667091544479176,0.2207560508324418
2008,chicago,single_observed,39,placebo,23,122,1.1311475409836067,0.7244683921562864,1.7661153658684952,0.22732131924005858
2008,chicago,single_observed,59,placebo,4,58,0.4137931034482759,0.15022533050178272,1.1397860260279051,0.5169539431229293
2008,chicago,single_observed,69,placebo,2,40,0.3,0.07250297195691532,1.2413284251779666,0.724568837309472
2008,cook_ex_chicago,all_observed,49,test,36,158,1.3670886075949367,0.9519046280137355,1.9633597799767133,0.18468051251236123
2008,cook_ex_chicago,all_observed,29,placebo,49,482,0.6099585062240664,0.4546386769224602,0.8183408016088093,0.1499428293116634
2008,cook_ex_chicago,all_observed,39,placebo,25,234,0.6410256410256411,0.42439327721918124,0.9682384111850912,0.21041269988644762
2008,cook_ex_chicago,all_observed,59,placebo,10,73,0.8219178082191781,0.424428492985483,1.591667135059483,0.3371922747291022
2008,cook_ex_chicago,all_observed,69,placebo,9,61,0.8852459016393444,0.43965616469082414,1.7824390269162786,0.3570777978733233
2008,cook_ex_chicago,single_all,49,test,30,113,1.592920353982301,1.0650427556383293,2.382435109480953,0.2053847386137958
2008,cook_ex_chicago,single_all,29,placebo,28,346,0.4855491329479769,0.33035880132438916,0.7136421356458258,0.19648017488970823
2008,cook_ex_chicago,single_all,39,placebo,12,184,0.3913043478260869,0.2182243496178639,0.7016590627752057,0.297939785765562
2008,cook_ex_chicago,single_all,59,placebo,8,46,1.0434782608695652,0.4925059950713277,2.21082969913834,0.38306543884143684
2008,cook_ex_chicago,single_all,69,placebo,8,49,0.979591836734694,0.4639331711397491,2.068401714496492,0.3813242232868325
2008,cook_ex_chicago,single_observed,49,test,30,112,1.607142857142857,1.0741472069113749,2.404612837650301,0.20557700445795188
2008,cook_ex_chicago,single_observed,29,placebo,28,336,0.5,0.34004506743727503,0.7351966663833911,0.1966989481173608
2008,cook_ex_chicago,single_observed,39,placebo,12,149,0.48322147651006714,0.26835988941869604,0.8701113861179798,0.30007456194970356
2008,cook_ex_chicago,single_observed,59,placebo,8,46,1.0434782608695652,0.4925059950713277,2.21082969913834,0.38306543884143684
2008,cook_ex_chicago,single_observed,69,placebo,8,49,0.979591836734694,0.4639331711397491,2.068401714496492,0.3813242232868325
2008,illinois_ex_cook,all_observed,49,test,83,481,1.0353430353430353,0.8201823122827016,1.3069474734830098,0.11885787668508309
2008,illinois_ex_cook,all_observed,29,placebo,179,1705,0.6299120234604105,0.5400084249559715,0.7347832718208798,0.07856909343183596
2008,illinois_ex_cook,all_observed,39,placebo,79,805,0.5888198757763976,0.467330107124592,0.7418928094373736,0.11790022846859113
2008,illinois_ex_cook,all_observed,59,placebo,28,306,0.5490196078431373,0.3728414327031006,0.8084469786818455,0.1974392553938929
2008,illinois_ex_cook,all_observed,69,placebo,17,184,0.5543478260869565,0.3372915057361487,0.9110858324660147,0.253492232662976
2008,illinois_ex_cook,single_all,49,test,60,346,1.0404624277456649,0.7910196594184395,1.3685653076515272,0.13984577246764127
2008,illinois_ex_cook,single_all,29,placebo,122,1229,0.595606183889341,0.49449174049274625,0.717396666592912,0.09492307918308097
2008,illinois_ex_cook,single_all,39,placebo,62,628,0.5923566878980892,0.4563182216129985,0.7689512035203789,0.1331217072680583
2008,illinois_ex_cook,single_all,59,placebo,21,226,0.5575221238938054,0.3565110061356049,0.8718690679435294,0.22813116047596296
2008,illinois_ex_cook,single_all,69,placebo,15,136,0.6617647058823529,0.388254784828759,1.127951394455341,0.2720654477200978
2008,illinois_ex_cook,single_observed,49,test,60,337,1.0682492581602374,0.8117060793098795,1.4058740061798232,0.14012146772394218
2008,illinois_ex_cook,single_observed,29,placebo,122,1178,0.6213921901528013,0.5157127176697776,0.7487274227550498,0.09510845254818513
2008,illinois_ex_cook,single_observed,39,placebo,58,582,0.5979381443298969,0.45650853351082116,0.7831836607632783,0.13769383562369114
2008,illinois_ex_cook,single_observed,59,placebo,21,226,0.5575221238938054,0.3565110061356049,0.8718690679435294,0.22813116047596296
2008,illinois_ex_cook,single_observed,69,placebo,15,136,0.6617647058823529,0.388254784828759,1.127951394455341,0.2720654477200978
2009,chicago,all_observed,49,test,31,105,1.7714285714285714,1.1866690565267737,2.644342301178619,0.20440614971164286
2009,chicago,all_observed,29,placebo,43,394,0.6548223350253807,0.477984664287384,0.8970837821488857,0.16060474781113485
2009,chicago,all_observed,39,placebo,32,174,1.103448275862069,0.7568737514058992,1.6087202062976476,0.19234637099977117
2009,chicago,all_observed,59,placebo,4,86,0.27906976744186046,0.10240444645297113,0.7605132179081712,0.5114957546028551
2009,chicago,all_observed,69,placebo,5,52,0.576923076923077,0.23044127687960483,1.4443603211775493,0.468220855185637
2009,chicago,single_all,49,test,27,73,2.219178082191781,1.4271153086867314,3.4508433414622077,0.22524579279982865
2009,chicago,single_all,29,placebo,27,304,0.5328947368421053,0.359504704003308,0.7899112233908452,0.20081461779772797
2009,chicago,single_all,39,placebo,24,131,1.099236641221374,0.7113606235821527,1.6986056767086473,0.2220366061101777
2009,chicago,single_all,59,placebo,3,58,0.3103448275862069,0.09723986552175402,0.9904776347923436,0.5920934999167599
2009,chicago,single_all,69,placebo,2,41,0.29268292682926833,0.07079298352537537,1.2100534741079432,0.7241479433806597
2009,chicago,single_observed,49,test,27,71,2.2816901408450705,1.4648590264676837,3.5540006272026403,0.22610073878537099
2009,chicago,single_observed,29,placebo,27,290,0.5586206896551724,0.37656844655046584,0.8286861997318199,0.2012096242705751
2009,chicago,single_observed,39,placebo,23,119,1.1596638655462186,0.7420715987376979,1.8122513829409548,0.22777537666328868
2009,chicago,single_observed,59,placebo,3,57,0.3157894736842105,0.09889631406640619,1.0083590337127166,0.5923488777590924
2009,chicago,single_observed,69,placebo,2,41,0.29268292682926833,0.07079298352537537,1.2100534741079432,0.7241479433806597
2009,cook_ex_chicago,all_observed,49,test,29,145,1.2,0.8054293551337549,1.7878662986660874,0.2034190510862431
2009,cook_ex_chicago,all_observed,29,placebo,46,440,0.6272727272727273,0.46297104871490824,0.8498826772696534,0.15495759970879092
2009,cook_ex_chicago,all_observed,39,placebo,28,230,0.7304347826086957,0.49340765545478377,1.0813269023011864,0.20015521927055072
2009,cook_ex_chicago,all_observed,59,placebo,8,66,0.7272727272727273,0.34916338514054923,1.51483701425853,0.3743681545638132
2009,cook_ex_chicago,all_observed,69,placebo,9,56,0.9642857142857142,0.4769966600114233,1.9493783012091566,0.3591215030713894
2009,cook_ex_chicago,single_all,49,test,24,106,1.3584905660377358,0.8722383287032318,2.1158169244376728,0.2260544822179326
2009,cook_ex_chicago,single_all,29,placebo,27,314,0.5159235668789809,0.3482336118779148,0.7643636851299919,0.20055360982249412
2009,cook_ex_chicago,single_all,39,placebo,15,173,0.5202312138728324,0.3069608116812126,0.8816777438309243,0.26915982888885165
2009,cook_ex_chicago,single_all,59,placebo,7,44,0.9545454545454546,0.42995080230360994,2.119212291061093,0.4069206502309948
2009,cook_ex_chicago,single_all,69,placebo,6,43,0.8372093023255813,0.35634672781848015,1.9669590350708335,0.4358009644552832
2009,cook_ex_chicago,single_observed,49,test,24,106,1.3584905660377358,0.8722383287032318,2.1158169244376728,0.2260544822179326
2009,cook_ex_chicago,single_observed,29,placebo,27,309,0.5242718446601942,0.353779391161802,0.7769275824710047,0.2006820445175143
2009,cook_ex_chicago,single_observed,39,placebo,15,146,0.6164383561643836,0.36231979922718516,1.048786866633194,0.27113830739155953
2009,cook_ex_chicago,single_observed,59,placebo,7,44,0.9545454545454546,0.42995080230360994,2.119212291061093,0.4069206502309948
2009,cook_ex_chicago,single_observed,69,placebo,6,43,0.8372093023255813,0.35634672781848015,1.9669590350708335,0.4358009644552832
2009,illinois_ex_cook,all_observed,49,test,79,455,1.0417582417582418,0.8203819004205456,1.3228719864673946,0.12188531513641611
2009,illinois_ex_cook,all_observed,29,placebo,167,1621,0.6181369524984577,0.5271153799312158,0.7248760074007715,0.0812707025827995
2009,illinois_ex_cook,all_observed,39,placebo,72,764,0.5654450261780105,0.4440715159452591,0.7199923123843502,0.12327931461704797
2009,illinois_ex_cook,all_observed,59,placebo,27,284,0.5704225352112676,0.38438776531029195,0.8464938222323222,0.2013905752452195
2009,illinois_ex_cook,all_observed,69,placebo,17,183,0.5573770491803278,0.3390956982574649,0.9161696139155622,0.25355080415191283
2009,illinois_ex_cook,single_all,49,test,55,317,1.0410094637223974,0.7818393716653927,1.3860912392416453,0.14606981999821284
2009,illinois_ex_cook,single_all,29,placebo,117,1201,0.5845129059117402,0.48345374262819496,0.7066970571373576,0.09684858292261837
2009,illinois_ex_cook,single_all,39,placebo,55,598,0.5518394648829431,0.4186706164797697,0.727366055833555,0.14090443209670078
2009,illinois_ex_cook,single_all,59,placebo,21,205,0.6146341463414634,0.39226875633421565,0.9630518050411143,0.2291224484845067
2009,illinois_ex_cook,single_all,69,placebo,14,137,0.6131386861313869,0.35376926392309516,1.0626673562931337,0.28058482051166656
2009,illinois_ex_cook,single_observed,49,test,55,310,1.064516129032258,0.7991121355428095,1.4180670503772075,0.1463134465229737
2009,illinois_ex_cook,single_observed,29,placebo,116,1145,0.6078602620087336,0.5021845427665911,0.7357735387348677,0.097437426590542
2009,illinois_ex_cook,single_observed,39,placebo,51,554,0.552346570397112,0.41462148728372666,0.7358198819558044,0.1463314637693461
2009,illinois_ex_cook,single_observed,59,placebo,21,205,0.6146341463414634,0.39226875633421565,0.9630518050411143,0.2291224484845067
2009,illinois_ex_cook,single_observed,69,placebo,14,136,0.6176470588235293,0.35630372188728315,1.0706817409952294,0.2806804457119199
2010,chicago,all_observed,49,test,33,102,1.9411764705882353,1.3109741713261354,2.8743251944877404,0.20026720118795727
2010,chicago,all_observed,29,placebo,38,375,0.608,0.43550221619750634,0.8488223165145781,0.17024234532087154
2010,chicago,all_observed,39,placebo,33,175,1.1314285714285715,0.7799759263189382,1.641243747465922,0.18978228583647108
2010,chicago,all_observed,59,placebo,4,82,0.29268292682926833,0.10728319455123875,0.7984782333866262,0.5120499213467565
2010,chicago,all_observed,69,placebo,6,51,0.7058823529411765,0.30293606638753046,1.644802159530126,0.43159530790304196
2010,chicago,single_all,49,test,30,71,2.5352112676056335,1.6544596697670122,3.884830974634565,0.2177563784957558
2010,chicago,single_all,29,placebo,24,285,0.5052631578947369,0.3331160455459143,0.7663721461011831,0.21254514484337492
2010,chicago,single_all,39,placebo,25,129,1.1627906976744187,0.7576902940416496,1.7844787206998836,0.21852216817635717
2010,chicago,single_all,59,placebo,3,54,0.3333333333333333,0.10422247560766075,1.066095489128297,0.5931710140017395
2010,chicago,single_all,69,placebo,2,40,0.3,0.07250297195691532,1.2413284251779666,0.724568837309472
2010,chicago,single_observed,49,test,30,70,2.5714285714285716,1.6765775517449435,3.9438944479945537,0.21821789023599236
2010,chicago,single_observed,29,placebo,24,271,0.5313653136531366,0.35003261527782975,0.8066365367969741,0.2129711331777987
2010,chicago,single_observed,39,placebo,24,118,1.2203389830508473,0.7868172752232099,1.8927231016008155,0.2239224038318924
2010,chicago,single_observed,59,placebo,3,53,0.33962264150943394,0.10612767096288346,1.0868375568722801,0.5934654647590163
2010,chicago,single_observed,69,placebo,2,40,0.3,0.07250297195691532,1.2413284251779666,0.724568837309472
2010,cook_ex_chicago,all_observed,49,test,28,141,1.1914893617021276,0.7942836982715448,1.7873297691223715,0.20689727957574985
2010,cook_ex_chicago,all_observed,29,placebo,44,417,0.6330935251798561,0.4640252493173894,0.8637620737541118,0.15850979232225657
2010,cook_ex_chicago,all_observed,39,placebo,28,220,0.7636363636363637,0.5153369941278194,1.1315711903328483,0.2006482999173934
2010,cook_ex_chicago,all_observed,59,placebo,7,64,0.65625,0.3007470137822917,1.431981176084941,0.3980981573144277
2010,cook_ex_chicago,all_observed,69,placebo,9,55,0.9818181818181819,0.4852394841171966,1.986579768755875,0.3595732599803958
2010,cook_ex_chicago,single_all,49,test,23,101,1.3663366336633664,0.8687462024302081,2.148931173763051,0.2310395008836695
2010,cook_ex_chicago,single_all,29,placebo,28,301,0.5581395348837209,0.37893273116446663,0.8220977360359212,0.1975766809380559
2010,cook_ex_chicago,single_all,39,placebo,16,171,0.5614035087719298,0.33630835456538477,0.9371575085273668,0.26143441475133733
2010,cook_ex_chicago,single_all,59,placebo,6,42,0.8571428571428571,0.36437751868713847,2.0162985910825157,0.4364357804719847
2010,cook_ex_chicago,single_all,69,placebo,6,43,0.8372093023255813,0.35634672781848015,1.9669590350708335,0.4358009644552832
2010,cook_ex_chicago,single_observed,49,test,23,101,1.3663366336633664,0.8687462024302081,2.148931173763051,0.2310395008836695
2010,cook_ex_chicago,single_observed,29,placebo,28,289,0.5813148788927336,0.39439724637378315,0.8568188331158101,0.19792547417334247
2010,cook_ex_chicago,single_observed,39,placebo,16,134,0.7164179104477613,0.4265948112128858,1.203143144078713,0.26450460594697434
2010,cook_ex_chicago,single_observed,59,placebo,6,41,0.8780487804878049,0.3727787307347657,2.068169660314314,0.43710057260212515
2010,cook_ex_chicago,single_observed,69,placebo,6,43,0.8372093023255813,0.35634672781848015,1.9669590350708335,0.4358009644552832
2010,illinois_ex_cook,all_observed,49,test,82,437,1.1258581235697942,0.8892872192255082,1.4253623430144755,0.12034721214332433
2010,illinois_ex_cook,all_observed,29,placebo,153,1544,0.594559585492228,0.5035579279926695,0.7020068219556181,0.0847562157378483
2010,illinois_ex_cook,all_observed,39,placebo,72,736,0.5869565217391304,0.4607832564001911,0.7476789870873342,0.12348111005762298
2010,illinois_ex_cook,all_observed,59,placebo,27,286,0.5664335664335665,0.38174548426815796,0.8404735573958221,0.20132943285456434
2010,illinois_ex_cook,all_observed,69,placebo,16,171,0.5614035087719298,0.33630835456538477,0.9371575085273668,0.26143441475133733
2010,illinois_ex_cook,single_all,49,test,57,303,1.1287128712871286,0.8505284630590711,1.4978837289314237,0.14437516989470905
2010,illinois_ex_cook,single_all,29,placebo,103,1135,0.5444933920704846,0.44503752978907224,0.6661753990701355,0.10290673025997929
2010,illinois_ex_cook,single_all,39,placebo,52,584,0.5342465753424658,0.4023054269443397,0.7094594905990212,0.14471730372658453
2010,illinois_ex_cook,single_all,59,placebo,20,204,0.5882352941176471,0.37162160510093495,0.9311104534724056,0.23431167445160245
2010,illinois_ex_cook,single_all,69,placebo,12,125,0.5760000000000001,0.3185463908063178,1.041531185332833,0.3022140521771503
2010,illinois_ex_cook,single_observed,49,test,57,292,1.1712328767123288,0.8818255227626046,1.5556211700408387,0.14480510068146557
2010,illinois_ex_cook,single_observed,29,placebo,102,1075,0.5693023255813954,0.46467782939550295,0.697483541089128,0.10360576299978194
2010,illinois_ex_cook,single_observed,39,placebo,49,531,0.5536723163841808,0.41320301583057806,0.7418944736258111,0.1493030556843392
2010,illinois_ex_cook,single_observed,59,placebo,20,204,0.5882352941176471,0.37162160510093495,0.9311104534724056,0.23431167445160245
2010,illinois_ex_cook,single_observed,69,placebo,12,125,0.5760000000000001,0.3185463908063178,1.041531185332833,0.3022140521771503
2011,chicago,all_observed,49,test,33,99,2.0,1.348742068548057,2.965726430040153,0.20100756305184242
2011,chicago,all_observed,29,placebo,41,365,0.673972602739726,0.48801901768043465,0.9307814916778634,0.16471177835794343
2011,chicago,all_observed,39,placebo,33,171,1.1578947368421053,0.7976707180963145,1.6807940810543371,0.19013411981915443
2011,chicago,all_observed,59,placebo,3,75,0.24,0.07568819245512531,0.7610169847053805,0.5887840577551897
2011,chicago,all_observed,69,placebo,6,46,0.7826086956521738,0.3342470476931968,1.8324062238915717,0.4340573661412156
2011,chicago,single_all,49,test,30,67,2.6865671641791047,1.7466402578203066,4.132300910464818,0.2196786436312408
2011,chicago,single_all,29,placebo,27,270,0.6,0.4039603281997452,0.8911766202496789,0.20184335693983277
2011,chicago,single_all,39,placebo,22,125,1.056,0.6712131713467216,1.661373834131699,0.23120239067653572
2011,chicago,single_all,59,placebo,2,51,0.23529411764705882,0.0572823898388744,0.9664981149535755,0.7208382919471293
2011,chicago,single_all,69,placebo,2,34,0.3529411764705882,0.08479121400006588,1.4691082739816188,0.7276068751089989
2011,chicago,single_observed,49,test,30,66,2.727272727272727,1.7713187274478264,4.199140681836834,0.2201927530252721
2011,chicago,single_observed,29,placebo,26,259,0.6023166023166023,0.40244696970900884,0.9014486795329326,0.2057244329741665
2011,chicago,single_observed,39,placebo,22,114,1.1578947368421053,0.7335837784542163,1.8276306823901831,0.23286578812506328
2011,chicago,single_observed,59,placebo,2,50,0.24,0.058396901000141305,0.9863537107878484,0.7211102550927979
2011,chicago,single_observed,69,placebo,2,34,0.3529411764705882,0.08479121400006588,1.4691082739816188,0.7276068751089989
2011,cook_ex_chicago,all_observed,49,test,30,136,1.3235294117647058,0.8913247152184671,1.965310816470373,0.20170838978536298
2011,cook_ex_chicago,all_observed,29,placebo,38,404,0.5643564356435644,0.4046873375173199,0.7870228616645993,0.16967921793324214
2011,cook_ex_chicago,all_observed,39,placebo,28,201,0.835820895522388,0.5628711126827489,1.2411306134759783,0.20171616219925256
2011,cook_ex_chicago,all_observed,59,placebo,7,64,0.65625,0.3007470137822917,1.431981176084941,0.3980981573144277
2011,cook_ex_chicago,all_observed,69,placebo,6,50,0.72,0.30871991052949227,1.679191987037314,0.43204937989385733
2011,cook_ex_chicago,single_all,49,test,25,97,1.5463917525773194,0.9963084401240045,2.4001878897477966,0.2242972990263491
2011,cook_ex_chicago,single_all,29,placebo,22,290,0.4551724137931034,0.2950787369101821,0.7021242141933917,0.22113982300032353
2011,cook_ex_chicago,single_all,39,placebo,16,154,0.6233766233766234,0.3725328468975083,1.043125237972243,0.26266615026208934
2011,cook_ex_chicago,single_all,59,placebo,6,41,0.8780487804878049,0.3727787307347657,2.068169660314314,0.43710057260212515
2011,cook_ex_chicago,single_all,69,placebo,5,38,0.7894736842105263,0.3107355976875809,2.005784669343186,0.4757265910937544
2011,cook_ex_chicago,single_observed,49,test,25,95,1.5789473684210527,1.016320179412166,2.453040727466169,0.22478059477960655
2011,cook_ex_chicago,single_observed,29,placebo,22,276,0.4782608695652174,0.309806476995181,0.7383107725047202,0.22153494952341618
2011,cook_ex_chicago,single_observed,39,placebo,16,118,0.8135593220338982,0.48263186845492806,1.3713946668858803,0.2664105408409856
2011,cook_ex_chicago,single_observed,59,placebo,6,39,0.9230769230769231,0.39079991879922665,2.1803254425825793,0.4385290096535146
2011,cook_ex_chicago,single_observed,69,placebo,5,38,0.7894736842105263,0.3107355976875809,2.005784669343186,0.4757265910937544
2011,illinois_ex_cook,all_observed,49,test,72,423,1.0212765957446808,0.7954707001459024,1.3111807698568154,0.12748707810104645
2011,illinois_ex_cook,all_observed,29,placebo,152,1503,0.6067864271457086,0.5135537520132631,0.7169449482646278,0.08511335596190744
2011,illinois_ex_cook,all_observed,39,placebo,72,703,0.6145092460881935,0.48216932369363186,0.783172207296661,0.123739096471465
2011,illinois_ex_cook,all_observed,59,placebo,27,269,0.6022304832713754,0.4054349378796067,0.8945493372575901,0.20187746074288765
2011,illinois_ex_cook,all_observed,69,placebo,17,167,0.6107784431137725,0.3708342728307128,1.0059758061865622,0.25458113316555986
2011,illinois_ex_cook,single_all,49,test,48,299,0.963210702341137,0.7101722402250011,1.3064082268416504,0.15549217002371696
2011,illinois_ex_cook,single_all,29,placebo,96,1102,0.5226860254083485,0.42428608656331473,0.6439067643487479,0.10641479071539164
2011,illinois_ex_cook,single_all,39,placebo,52,543,0.574585635359116,0.4323039968027766,0.7636955818191467,0.14516332132091855
2011,illinois_ex_cook,single_all,59,placebo,22,190,0.6947368421052631,0.4468082535006092,1.0802380573700283,0.22520591322006245
2011,illinois_ex_cook,single_all,69,placebo,12,121,0.5950413223140496,0.3287949641767385,1.0768844229345487,0.30265127811269965
2011,illinois_ex_cook,single_observed,49,test,48,286,1.006993006993007,0.7417428858579127,1.367097596035543,0.15598024499864344
2011,illinois_ex_cook,single_observed,29,placebo,96,1036,0.555984555984556,0.45107599053780123,0.685292130323303,0.10668607046806829
2011,illinois_ex_cook,single_observed,39,placebo,50,499,0.6012024048096192,0.44952442779242857,0.8040593774266901,0.14833748014588916
2011,illinois_ex_cook,single_observed,59,placebo,22,190,0.6947368421052631,0.4468082535006092,1.0802380573700283,0.22520591322006245
2011,illinois_ex_cook,single_observed,69,placebo,12,121,0.5950413223140496,0.3287949641767385,1.0768844229345487,0.30265127811269965
2012,chicago,all_observed,49,test,33,99,2.0,1.348742068548057,2.965726430040153,0.20100756305184242
2012,chicago,all_observed,29,placebo,41,364,0.6758241758241759,0.4893378165844567,0.9333803788483541,0.16473462492655203
2012,chicago,all_observed,39,placebo,30,169,1.0650887573964496,0.722345362392109,1.5704593954553858,0.1981173720213524
2012,chicago,all_observed,59,placebo,3,76,0.2368421052631579,0.0747141119009415,0.7507843083225876,0.588635055080969
2012,chicago,all_observed,69,placebo,7,50,0.84,0.38086038556932295,1.8526473918920323,0.40355562548072954
2012,chicago,single_all,49,test,31,69,2.6956521739130435,1.7644697036532866,4.11825752954383,0.21621937503220529
2012,chicago,single_all,29,placebo,27,275,0.5890909090909091,0.3967453444165452,0.8746872623896675,0.20167647526025606
2012,chicago,single_all,39,placebo,20,118,1.0169491525423728,0.633084981299555,1.6335651759322145,0.24181516964654315
2012,chicago,single_all,59,placebo,2,51,0.23529411764705882,0.0572823898388744,0.9664981149535755,0.7208382919471293
2012,chicago,single_all,69,placebo,2,35,0.34285714285714286,0.08246192523275361,1.4255187479114588,0.7270291799999699
2012,chicago,single_observed,49,test,31,67,2.7761194029850746,1.813589037031803,4.249495769032409,0.21721748928310858
2012,chicago,single_observed,29,placebo,26,262,0.5954198473282443,0.39792261426321934,0.8909390466506067,0.20561695541629887
2012,chicago,single_observed,39,placebo,20,109,1.1009174311926604,0.6834230272020988,1.773453837611815,0.243257706818521
2012,chicago,single_observed,59,placebo,2,50,0.24,0.058396901000141305,0.9863537107878484,0.7211102550927979
2012,chicago,single_observed,69,placebo,2,35,0.34285714285714286,0.08246192523275361,1.4255187479114588,0.7270291799999699
2012,cook_ex_chicago,all_observed,49,test,31,142,1.3098591549295775,0.8881302959535953,1.9318460518348015,0.19824307815723552
2012,cook_ex_chicago,all_observed,29,placebo,38,382,0.5968586387434556,0.4276421364716967,0.8330335209291716,0.17009876695850745
2012,cook_ex_chicago,all_observed,39,placebo,30,191,0.9424083769633508,0.6413111703077857,1.3848714790738066,0.1963897538762503
2012,cook_ex_chicago,all_observed,59,placebo,6,62,0.5806451612903225,0.25117487373475306,1.3422871416903834,0.42754613660367835
2012,cook_ex_chicago,all_observed,69,placebo,6,47,0.7659574468085106,0.32747742288706727,1.7915458267293638,0.43352423509112786
2012,cook_ex_chicago,single_all,49,test,25,98,1.5306122448979593,0.9865956250801435,2.3746039255356126,0.22406267344797318
2012,cook_ex_chicago,single_all,29,placebo,24,270,0.5333333333333333,0.3513069401213049,0.809674993457934,0.2130032168075646
2012,cook_ex_chicago,single_all,39,placebo,18,152,0.7105263157894737,0.43591219463111797,1.158140679814154,0.24926793400671615
2012,cook_ex_chicago,single_all,59,placebo,5,39,0.7692307692307693,0.30318947850757244,1.951637567517312,0.4750168687962835
2012,cook_ex_chicago,single_all,69,placebo,5,33,0.9090909090909091,0.3549024985612007,2.3286572631700424,0.47989897926858555
2012,cook_ex_chicago,single_observed,49,test,25,96,1.5625,1.0062146769762226,2.426327408915038,0.22453655975512465
2012,cook_ex_chicago,single_observed,29,placebo,24,252,0.5714285714285714,0.375943096935041,0.8685639260489438,0.2136233148205519
2012,cook_ex_chicago,single_observed,39,placebo,18,112,0.9642857142857142,0.5862056254101564,1.5862129233661222,0.253937250091685
2012,cook_ex_chicago,single_observed,59,placebo,5,37,0.8108108108108107,0.3186669854026654,2.0630131172734454,0.47647353234678946
2012,cook_ex_chicago,single_observed,69,placebo,5,33,0.9090909090909091,0.3549024985612007,2.3286572631700424,0.47989897926858555
2012,illinois_ex_cook,all_observed,49,test,77,425,1.0870588235294119,0.8527582080836679,1.385734988665401,0.12385456860158037
2012,illinois_ex_cook,all_observed,29,placebo,154,1490,0.6201342281879194,0.5253334692623847,0.7320425662392923,0.08464424040124531
2012,illinois_ex_cook,all_observed,39,placebo,71,715,0.5958041958041957,0.46685889007313264,0.760363885717753,0.12443113935367996
2012,illinois_ex_cook,all_observed,59,placebo,29,268,0.6492537313432836,0.4426035365683288,0.952388250061127,0.19548427533761312
2012,illinois_ex_cook,all_observed,69,placebo,17,166,0.6144578313253012,0.3730164210046672,1.0121764223143095,0.2546519699458594
2012,illinois_ex_cook,single_all,49,test,52,305,1.022950819672131,0.7623340961649805,1.3726637503583758,0.15003152253896312
2012,illinois_ex_cook,single_all,29,placebo,97,1124,0.5177935943060498,0.4208007493271937,0.6371428918153111,0.10582512965178902
2012,illinois_ex_cook,single_all,39,placebo,54,576,0.5625,0.42557719917590797,0.7434755682698516,0.14231876063832777
2012,illinois_ex_cook,single_all,59,placebo,24,190,0.7578947368421053,0.49568664934760015,1.1588055334735536,0.21663292584785793
2012,illinois_ex_cook,single_all,69,placebo,12,124,0.5806451612903225,0.32104815208211784,1.0501502691833857,0.30232077246257094
2012,illinois_ex_cook,single_observed,49,test,52,286,1.090909090909091,0.8118255996080274,1.4659338720073687,0.15075567228888181
2012,illinois_ex_cook,single_observed,29,placebo,95,1024,0.556640625,0.4511080766935604,0.6868615336516622,0.1072514722018942
2012,illinois_ex_cook,single_observed,39,placebo,50,504,0.5952380952380952,0.4451233342264337,0.7959780195266948,0.14827045216133586
2012,illinois_ex_cook,single_observed,59,placebo,24,190,0.7578947368421053,0.49568664934760015,1.1588055334735536,0.21663292584785793
2012,illinois_ex_cook,single_observed,69,placebo,12,123,0.5853658536585366,0.3235895304507198,1.0589130685165065,0.3024291894545669
2013,chicago,all_observed,49,test,38,105,2.1714285714285713,1.4982995483483539,3.14696887282253,0.18931349396568045
2013,chicago,all_observed,29,placebo,38,365,0.6246575342465753,0.4472457661999593,0.8724443350382842,0.17045678484906804
2013,chicago,all_observed,39,placebo,29,193,0.9015544041450778,0.6101896075155695,1.3320455373580695,0.19915849409690947
2013,chicago,all_observed,59,placebo,3,72,0.25,0.0787690254800501,0.793459099171278,0.5892556509887896
2013,chicago,all_observed,69,placebo,6,50,0.72,0.30871991052949227,1.679191987037314,0.43204937989385733
2013,chicago,single_all,49,test,39,77,3.038961038961039,2.067410709433732,4.467077661048163,0.1965401705200202
2013,chicago,single_all,29,placebo,30,282,0.6382978723404256,0.43808208280852584,0.9300178889360984,0.1920401849200148
2013,chicago,single_all,39,placebo,20,119,1.0084033613445378,0.6279462009541404,1.6193701588222937,0.24166787404315415
2013,chicago,single_all,59,placebo,2,52,0.23076923076923078,0.05620961870715818,0.9474257092414796,0.7205766921228921
2013,chicago,single_all,69,placebo,2,39,0.3076923076923077,0.074297597833354,1.274261335142602,0.7250110520819842
2013,chicago,single_observed,49,test,34,72,2.8333333333333335,1.884384451360604,4.26015921113199,0.20808809094893257
2013,chicago,single_observed,29,placebo,24,263,0.5475285171102662,0.36049386716523424,0.8316021556936998,0.21323449072673012
2013,chicago,single_observed,39,placebo,19,108,1.0555555555555556,0.6482110005715085,1.718880935192156,0.2487786932328162
2013,chicago,single_observed,59,placebo,2,47,0.25531914893617025,0.06201674177314315,1.0511333867223642,0.7219948723811555
2013,chicago,single_observed,69,placebo,2,35,0.34285714285714286,0.08246192523275361,1.4255187479114588,0.7270291799999699
2013,cook_ex_chicago,all_observed,49,test,30,132,1.3636363636363635,0.9173423028537927,2.0270559053546395,0.20225995873897262
2013,cook_ex_chicago,all_observed,29,placebo,35,387,0.5426356589147286,0.3839378087792688,0.7669300902196563,0.1765089456645015
2013,cook_ex_chicago,all_observed,39,placebo,28,214,0.7850467289719627,0.5294562921015128,1.1640212343560463,0.20096562619151415
2013,cook_ex_chicago,all_observed,59,placebo,7,56,0.75,0.3418339713533695,1.6455356902445424,0.40089186286863654
2013,cook_ex_chicago,all_observed,69,placebo,6,46,0.7826086956521738,0.3342470476931968,1.8324062238915717,0.4340573661412156
2013,cook_ex_chicago,single_all,49,test,29,102,1.7058823529411764,1.129316103892188,2.576811392352141,0.2104440072544645
2013,cook_ex_chicago,single_all,29,placebo,26,275,0.5672727272727273,0.3794382357661912,0.8480915120681968,0.20517773294853928
2013,cook_ex_chicago,single_all,39,placebo,17,121,0.8429752066115702,0.5073855104555555,1.4005271816370986,0.2590134981457184
2013,cook_ex_chicago,single_all,59,placebo,6,33,1.0909090909090908,0.4570961664680506,2.6035717031358687,0.44381268229929727
2013,cook_ex_chicago,single_all,69,placebo,6,38,0.9473684210526316,0.40048030725586986,2.241076299999771,0.4392976851069794
2013,cook_ex_chicago,single_observed,49,test,25,90,1.6666666666666667,1.0700585838126604,2.5959118685637264,0.22607766610417562
2013,cook_ex_chicago,single_observed,29,placebo,23,255,0.5411764705882353,0.35319629601678104,0.8292045404248071,0.21771501899734938
2013,cook_ex_chicago,single_observed,39,placebo,17,114,0.8947368421052632,0.5375096747342925,1.4893760135875456,0.25999126761552227
2013,cook_ex_chicago,single_observed,59,placebo,6,31,1.161290322580645,0.48449534723445187,2.783504983107424,0.44600978821411047
2013,cook_ex_chicago,single_observed,69,placebo,6,34,1.0588235294117647,0.4445271375706278,2.5220221032239265,0.44280744277004763
2013,illinois_ex_cook,all_observed,49,test,84,425,1.1858823529411766,0.9384291447492413,1.4985861882977696,0.11940562416080949
2013,illinois_ex_cook,all_observed,29,placebo,145,1464,0.5942622950819673,0.5010376772669559,0.704832573235661,0.08706096618707805
2013,illinois_ex_cook,all_observed,39,placebo,73,737,0.5943012211668929,0.46726323056937297,0.7558778829014295,0.1227007833720187
2013,illinois_ex_cook,all_observed,59,placebo,27,268,0.6044776119402986,0.40692035558849,0.8979476654801724,0.20191181322701038
2013,illinois_ex_cook,all_observed,69,placebo,17,163,0.6257668711656441,0.37971976886643277,1.031245168555289,0.2548695720107014
2013,illinois_ex_cook,single_all,49,test,69,302,1.3708609271523178,1.0553926453673477,1.7806260919496966,0.1334316750300846
2013,illinois_ex_cook,single_all,29,placebo,100,1067,0.5623242736644798,0.4581055979953298,0.6902526189071113,0.10458110308642826
2013,illinois_ex_cook,single_all,39,placebo,54,518,0.6254826254826256,0.472597186914563,0.8278265838500758,0.14300007150005362
2013,illinois_ex_cook,single_all,59,placebo,24,215,0.6697674418604651,0.43926708977703777,1.021220202050659,0.21521577418340956
2013,illinois_ex_cook,single_all,69,placebo,12,163,0.44171779141104295,0.24577356585439641,0.7938795475044755,0.29911252507791564
2013,illinois_ex_cook,single_observed,49,test,57,286,1.1958041958041958,0.8998880714296,1.589028369307357,0.1450529666901932
2013,illinois_ex_cook,single_observed,29,placebo,89,994,0.5372233400402415,0.4324871382068131,0.6673236995685676,0.1106435324521212
2013,illinois_ex_cook,single_observed,39,placebo,49,491,0.5987780040733198,0.446416167800879,0.8031409344518876,0.1498159642464932
2013,illinois_ex_cook,single_observed,59,placebo,24,187,0.7700534759358288,0.5034465905167281,1.1778456085922167,0.2168277202055917
2013,illinois_ex_cook,single_observed,69,placebo,12,119,0.6050420168067228,0.3341706563846578,1.0954757250743266,0.30288066078551656
2014,chicago,all_observed,49,test,39,117,2.0,1.3920020747040964,2.873558935499645,0.18490006540840973
2014,chicago,all_observed,29,placebo,36,355,0.6084507042253522,0.4318532086876666,0.8572641166597867,0.17491334765028219
2014,chicago,all_observed,39,placebo,26,184,0.8478260869565217,0.5622952851500772,1.2783480365341433,0.20951448892674251
2014,chicago,all_observed,59,placebo,4,69,0.34782608695652173,0.12693777029301884,0.953088954439745,0.514288589824029
2014,chicago,all_observed,69,placebo,6,47,0.7659574468085106,0.32747742288706727,1.7915458267293638,0.43352423509112786
2014,chicago,single_all,49,test,36,84,2.5714285714285716,1.7402351767151072,3.7996271920215707,0.19920476822239894
2014,chicago,single_all,29,placebo,30,284,0.6338028169014084,0.43505244547536476,0.9233507704415539,0.19197515488702363
2014,chicago,single_all,39,placebo,18,114,0.9473684210526315,0.5762697860962102,1.5574422724600632,0.25362863675089403
2014,chicago,single_all,59,placebo,3,50,0.36,0.1122853954772269,1.154201750362849,0.594418483337567
2014,chicago,single_all,69,placebo,1,35,0.17142857142857143,0.02348504603347151,1.2513390461384069,1.01418510567422
2014,chicago,single_observed,49,test,35,82,2.5609756097560976,1.724004893583224,3.804279267522281,0.20190728199509814
2014,chicago,single_observed,29,placebo,25,255,0.5882352941176471,0.3900833957947918,0.8870430399649802,0.20957473279823352
2014,chicago,single_observed,39,placebo,17,103,0.9902912621359222,0.5928237906233792,1.654246673925712,0.26178668277023254
2014,chicago,single_observed,59,placebo,3,44,0.4090909090909091,0.12702570222892992,1.3174922001156357,0.5967081414398551
2014,chicago,single_observed,69,placebo,1,31,0.1935483870967742,0.026421169197207585,1.4178395311787315,1.016001016001524
2014,cook_ex_chicago,all_observed,49,test,34,130,1.5692307692307692,1.075775893256956,2.289031779328421,0.19262417397146717
2014,cook_ex_chicago,all_observed,29,placebo,33,373,0.5308310991957105,0.3718455422202137,0.7577922117631574,0.1816149648307743
2014,cook_ex_chicago,all_observed,39,placebo,27,211,0.7677725118483413,0.5143396267500904,1.1460805259640785,0.20439269441427702
2014,cook_ex_chicago,all_observed,59,placebo,6,53,0.6792452830188679,0.29199517118339896,1.5800746040885654,0.43073726469272255
2014,cook_ex_chicago,all_observed,69,placebo,5,48,0.625,0.24881027725778682,1.5699713223472764,0.4699290726623895
2014,cook_ex_chicago,single_all,49,test,33,97,2.0412371134020617,1.3751559387965935,3.0299465213932306,0.2015249578924302
2014,cook_ex_chicago,single_all,29,placebo,22,279,0.4731182795698925,0.30652805822834184,0.7302460588988863,0.22144700233967146
2014,cook_ex_chicago,single_all,39,placebo,17,115,0.8869565217391304,0.5329889425462591,1.4760003607153598,0.2598445334920051
2014,cook_ex_chicago,single_all,59,placebo,4,43,0.5581395348837209,0.20034502773616691,1.5549162558227034,0.5227387626276516
2014,cook_ex_chicago,single_all,69,placebo,4,44,0.5454545454545455,0.19598592754092622,1.5180715518204535,0.5222329678670935
2014,cook_ex_chicago,single_observed,49,test,29,87,2.0,1.3137413604070656,3.044739338008352,0.21442250696755896
2014,cook_ex_chicago,single_observed,29,placebo,20,248,0.48387096774193544,0.3068071622152998,0.7631214073784145,0.23244839871359865
2014,cook_ex_chicago,single_observed,39,placebo,17,111,0.918918918918919,0.551544294817576,1.5309957649483168,0.26044680535720477
2014,cook_ex_chicago,single_observed,59,placebo,4,32,0.75,0.2652376557358123,2.120739600263521,0.5303300858899106
2014,cook_ex_chicago,single_observed,69,placebo,4,36,0.6666666666666666,0.23728915685048174,1.8730078118339526,0.5270462766947299
2014,illinois_ex_cook,all_observed,49,test,89,433,1.233256351039261,0.9817131555112114,1.5492521607155987,0.11638480948281299
2014,illinois_ex_cook,all_observed,29,placebo,145,1418,0.6135401974612129,0.5171624516825475,0.7278787790491237,0.08718813188679661
2014,illinois_ex_cook,all_observed,39,placebo,71,695,0.6129496402877698,0.48014155618951987,0.7824926975923086,0.12459276047634883
2014,illinois_ex_cook,all_observed,59,placebo,24,264,0.5454545454545454,0.35915213437517834,0.828397307660792,0.21320071635561044
2014,illinois_ex_cook,all_observed,69,placebo,19,165,0.6909090909090909,0.4297353013570466,1.1108125639048085,0.24226470029282945
2014,illinois_ex_cook,single_all,49,test,75,306,1.4705882352941178,1.1423918781559335,1.8930717200794684,0.12884606004664048
2014,illinois_ex_cook,single_all,29,placebo,97,1027,0.566699123661149,0.46018774657675726,0.6978627726341432,0.10622141114193877
2014,illinois_ex_cook,single_all,39,placebo,52,491,0.6354378818737271,0.4774600773212175,0.8456859974253295,0.1458335664672905
2014,illinois_ex_cook,single_all,59,placebo,21,210,0.6,0.38311940429831254,0.9396548333523957,0.22886885410853172
2014,illinois_ex_cook,single_all,69,placebo,14,163,0.5153374233128835,0.2985559448090477,0.8895239384250705,0.2785023173220015
2014,illinois_ex_cook,single_observed,49,test,63,285,1.3263157894736841,1.009582395998054,1.7424170433044996,0.1392184894431786
2014,illinois_ex_cook,single_observed,29,placebo,88,950,0.5557894736842105,0.44674595216360546,0.6914487698481641,0.11142830853326156
2014,illinois_ex_cook,single_observed,39,placebo,49,464,0.6336206896551725,0.47202737971810727,0.8505336673454317,0.150210970568395
2014,illinois_ex_cook,single_observed,59,placebo,20,182,0.6593406593406593,0.41551462294586733,1.0462450201575972,0.23557271806069882
2014,illinois_ex_cook,single_observed,69,placebo,14,118,0.711864406779661,0.40905573356212027,1.2388310248750056,0.2826714483278385
2015,chicago,all_observed,49,test,40,143,1.6783216783216783,1.182010907043969,2.3830267886180474,0.17886589108325543
2015,chicago,all_observed,29,placebo,38,344,0.6627906976744186,0.47409312306312146,0.926593294763431,0.17094667653356194
2015,chicago,all_observed,39,placebo,22,172,0.7674418604651162,0.49238886476303906,1.1961420156761624,0.22642548209712957
2015,chicago,all_observed,59,placebo,5,65,0.4615384615384615,0.1858496936184561,1.1461829574850362,0.4640954808922571
2015,chicago,all_observed,69,placebo,6,49,0.7346938775510204,0.31472895880212265,1.7150474356264205,0.4325214791567845
2015,chicago,single_all,49,test,37,112,1.982142857142857,1.366870834322833,2.8743683802931352,0.18961961516572712
2015,chicago,single_all,29,placebo,26,270,0.5777777777777777,0.386340637030728,0.8640746752904375,0.20534176916848204
2015,chicago,single_all,39,placebo,14,104,0.8076923076923077,0.4622953918559868,1.4111472348583334,0.2846822018390964
2015,chicago,single_all,59,placebo,3,50,0.36,0.1122853954772269,1.154201750362849,0.594418483337567
2015,chicago,single_all,69,placebo,1,35,0.17142857142857143,0.02348504603347151,1.2513390461384069,1.01418510567422
2015,chicago,single_observed,49,test,35,108,1.9444444444444444,1.3281063060186336,2.8468084071259714,0.19450112552550392
2015,chicago,single_observed,29,placebo,24,244,0.5901639344262295,0.38803758937003613,0.8975766241174927,0.2139276216910859
2015,chicago,single_observed,39,placebo,13,96,0.8125,0.45526117671233046,1.4500605010234342,0.2955329822367439
2015,chicago,single_observed,59,placebo,3,41,0.43902439024390244,0.13594889239001043,1.4177564218477818,0.5980999726097406
2015,chicago,single_observed,69,placebo,1,33,0.18181818181818182,0.024866756933469614,1.3293993795859618,1.0150384378451045
2015,cook_ex_chicago,all_observed,49,test,33,159,1.2452830188679245,0.8559288702331812,1.8117507786112477,0.19129123994352415
2015,cook_ex_chicago,all_observed,29,placebo,32,364,0.5274725274725275,0.36749335690141055,0.7570946848786108,0.1843834394604156
2015,cook_ex_chicago,all_observed,39,placebo,24,200,0.72,0.47146403423934097,1.0995536506541488,0.21602468994692867
2015,cook_ex_chicago,all_observed,59,placebo,5,55,0.5454545454545455,0.21835118720412225,1.362578628340098,0.4670993664969138
2015,cook_ex_chicago,all_observed,69,placebo,5,47,0.6382978723404256,0.2538694481274117,1.6048570508958473,0.470400463163761
2015,cook_ex_chicago,single_all,49,test,31,123,1.5121951219512195,1.0198596251902965,2.2422047410950112,0.20096802187647178
2015,cook_ex_chicago,single_all,29,placebo,21,265,0.47547169811320755,0.3048977495392386,0.741472628277182,0.22669943212259705
2015,cook_ex_chicago,single_all,39,placebo,19,112,1.0178571428571428,0.6258764717473468,1.6553316988780031,0.24811318057680823
2015,cook_ex_chicago,single_all,59,placebo,3,45,0.4,0.12430601034258829,1.287146128807761,0.5962847939999438
2015,cook_ex_chicago,single_all,69,placebo,3,41,0.43902439024390244,0.13594889239001043,1.4177564218477818,0.5980999726097406
2015,cook_ex_chicago,single_observed,49,test,25,114,1.3157894736842106,0.8534940040533496,2.028487524031807,0.22084367734794086
2015,cook_ex_chicago,single_observed,29,placebo,19,238,0.4789915966386555,0.30019263920415823,0.7642857275204978,0.23839727267659194
2015,cook_ex_chicago,single_observed,39,placebo,18,106,1.0188679245283019,0.6181825446230236,1.6792642507653668,0.254930417603915
2015,cook_ex_chicago,single_observed,59,placebo,3,31,0.5806451612903225,0.1775127441453124,1.8992935124357815,0.6046415449251419
2015,cook_ex_chicago,single_observed,69,placebo,3,35,0.5142857142857143,0.15817024748527236,1.672184245289208,0.6015852075182383
2015,illinois_ex_cook,all_observed,49,test,91,474,1.1518987341772151,0.92043434878149,1.4415701625603587,0.1144496204902454
2015,illinois_ex_cook,all_observed,29,placebo,138,1358,0.609720176730486,0.5117731494476296,0.7264130490501584,0.08934625810089095
2015,illinois_ex_cook,all_observed,39,placebo,68,675,0.6044444444444445,0.4710384863161938,0.7756331956588844,0.1272295713834746
2015,illinois_ex_cook,all_observed,59,placebo,24,251,0.5737051792828685,0.377413506688749,0.8720875827250834,0.21366031548157602
2015,illinois_ex_cook,all_observed,69,placebo,17,165,0.6181818181818182,0.3752244099761332,1.0184538909792296,0.25472364529499564
2015,illinois_ex_cook,single_all,49,test,72,348,1.2413793103448276,0.963157938782188,1.5999687383573467,0.12946988880538862
2015,illinois_ex_cook,single_all,29,placebo,92,976,0.5655737704918034,0.4567254725307376,0.7003631483391538,0.10906032909048885
2015,illinois_ex_cook,single_all,39,placebo,49,473,0.6215644820295984,0.46316984219865254,0.8341268582746402,0.15007440877834136
2015,illinois_ex_cook,single_all,59,placebo,19,207,0.5507246376811594,0.34425984682732585,0.881013656818283,0.23971336387812123
2015,illinois_ex_cook,single_all,69,placebo,13,163,0.47852760736196315,0.2720119404736399,0.8418331585328179,0.2881979289450747
2015,illinois_ex_cook,single_observed,49,test,64,326,1.1779141104294477,0.901020802126713,1.5398996874143998,0.1367204617552789
2015,illinois_ex_cook,single_observed,29,placebo,83,897,0.5551839464882943,0.44338048847015943,0.695179924362102,0.11473020514610816
2015,illinois_ex_cook,single_observed,39,placebo,46,451,0.6119733924611973,0.4518375370305512,0.828863036793563,0.15477863332839045
2015,illinois_ex_cook,single_observed,59,placebo,19,169,0.6745562130177515,0.4198077290128268,1.0838916319879075,0.24196846635601513
2015,illinois_ex_cook,single_observed,69,placebo,12,117,0.6153846153846154,0.33972510140347484,1.11471958735928,0.3031177030137664
2016,chicago,all_observed,49,test,38,149,1.5302013422818792,1.071651526496873,2.1849603999309917,0.18173386825151044
2016,chicago,all_observed,29,placebo,38,341,0.6686217008797654,0.47819393083180983,0.9348821682234785,0.17102146296103393
2016,chicago,all_observed,39,placebo,23,165,0.8363636363636363,0.5406758076874683,1.293758888941718,0.22257328440352242
2016,chicago,all_observed,59,placebo,6,63,0.5714285714285714,0.24733312123294196,1.3202057638587217,0.4272466296411038
2016,chicago,all_observed,69,placebo,6,48,0.75,0.32097662809989186,1.752464044905298,0.4330127018922193
2016,chicago,single_all,49,test,37,126,1.7619047619047619,1.2212856512052714,2.541836454853189,0.18698538703207523
2016,chicago,single_all,29,placebo,28,295,0.5694915254237288,0.386510328794721,0.8390994324544817,0.19774760737556418
2016,chicago,single_all,39,placebo,15,112,0.8035714285714285,0.46879808298580955,1.3774097298001804,0.2749458821208968
2016,chicago,single_all,59,placebo,7,60,0.7,0.3199766009406592,1.5313619763429895,0.3994043183589901
2016,chicago,single_all,69,placebo,1,33,0.18181818181818182,0.024866756933469614,1.3293993795859618,1.0150384378451045
2016,chicago,single_observed,49,test,34,111,1.837837837837838,1.2515789631416745,2.698709404407048,0.1960121774658181
2016,chicago,single_observed,29,placebo,26,240,0.65,0.43367656832789636,0.9742283324852222,0.20646599024586382
2016,chicago,single_observed,39,placebo,15,91,0.989010989010989,0.5727886403960327,1.7076852915731628,0.2786676831921449
2016,chicago,single_observed,59,placebo,3,42,0.42857142857142855,0.13283840392884297,1.3826835008206115,0.5976143046671968
2016,chicago,single_observed,69,placebo,1,29,0.20689655172413796,0.028182809999115217,1.5188756237111476,1.0170952554312156
2016,cook_ex_chicago,all_observed,49,test,36,162,1.3333333333333333,0.9291719035116897,1.913292654522686,0.1842569327975222
2016,cook_ex_chicago,all_observed,29,placebo,30,363,0.49586776859504134,0.3417127253253113,0.7195659561619854,0.1899688244685755
2016,cook_ex_chicago,all_observed,39,placebo,25,188,0.7978723404255319,0.5256828241712177,1.2109969022095572,0.2128829465602405
2016,cook_ex_chicago,all_observed,59,placebo,5,54,0.5555555555555556,0.22223774057702927,1.3887919059439158,0.46745964373250287
2016,cook_ex_chicago,all_observed,69,placebo,5,45,0.6666666666666666,0.2646312401079801,1.679485930168688,0.4714045207910317
2016,cook_ex_chicago,single_all,49,test,31,141,1.3191489361702127,0.8942083554520623,1.9460273494305234,0.19836900740208716
2016,cook_ex_chicago,single_all,29,placebo,21,334,0.37724550898203596,0.24272963314614887,0.5863073750102329,0.22497346420210435
2016,cook_ex_chicago,single_all,39,placebo,18,126,0.8571428571428571,0.5230782241731893,1.4045583310456562,0.25197631533948484
2016,cook_ex_chicago,single_all,59,placebo,12,57,1.263157894736842,0.6777992787452621,2.3540418484801524,0.3176117015830118
2016,cook_ex_chicago,single_all,69,placebo,4,42,0.5714285714285714,0.2049024431594238,1.593590623957771,0.5232681184722836
2016,cook_ex_chicago,single_observed,49,test,28,116,1.4482758620689655,0.9585617388422445,2.1881772322615127,0.21055872190307892
2016,cook_ex_chicago,single_observed,29,placebo,17,236,0.43220338983050843,0.2641990488764987,0.7070417966126101,0.25111913018995174
2016,cook_ex_chicago,single_observed,39,placebo,18,100,1.0799999999999998,0.653852286673286,1.7838891501542171,0.25603819159562025
2016,cook_ex_chicago,single_observed,59,placebo,3,32,0.5625,0.17224686334101685,1.8369347566786995,0.60380736442456
2016,cook_ex_chicago,single_observed,69,placebo,4,33,0.7272727272727273,0.2576510025026658,2.052876234507328,0.5294365215047317
2016,illinois_ex_cook,all_observed,49,test,89,475,1.1242105263157893,0.8964550020844604,1.4098301694345938,0.11550419132687138
2016,illinois_ex_cook,all_observed,29,placebo,142,1352,0.6301775147928994,0.5301182065669939,0.749122922455915,0.08821506952636246
2016,illinois_ex_cook,all_observed,39,placebo,67,655,0.6137404580152671,0.47731247158962786,0.7891630163157362,0.1282657034892035
2016,illinois_ex_cook,all_observed,59,placebo,22,259,0.5096525096525096,0.3297945518386517,0.7875984583340817,0.2220710456487953
2016,illinois_ex_cook,all_observed,69,placebo,17,169,0.6035502958579881,0.36654570485353594,0.9937995584365692,0.2544419170951955
2016,illinois_ex_cook,single_all,49,test,68,431,0.9466357308584687,0.7330147104486331,1.2225119007359184,0.1304839759042863
2016,illinois_ex_cook,single_all,29,placebo,122,1161,0.6304909560723514,0.5231970747693012,0.7597879744727355,0.0951737766099318
2016,illinois_ex_cook,single_all,39,placebo,41,601,0.4093178036605657,0.2983068088230718,0.5616400948222384,0.16141294066230977
2016,illinois_ex_cook,single_all,59,placebo,49,204,1.4411764705882353,1.0551050320755357,1.9685145613337092,0.15909155870007638
2016,illinois_ex_cook,single_all,69,placebo,12,178,0.4044943820224719,0.2254444085623699,0.7257474520264122,0.2982470634581726
2016,illinois_ex_cook,single_observed,49,test,62,336,1.1071428571428572,0.8443976661160763,1.4516445927195964,0.13822164350873198
2016,illinois_ex_cook,single_observed,29,placebo,86,896,0.5758928571428571,0.4615815475148589,0.7185135209450436,0.11288923068794302
2016,illinois_ex_cook,single_observed,39,placebo,40,438,0.547945205479452,0.3964026023001738,0.7574217385701236,0.16517598197931518
2016,illinois_ex_cook,single_observed,59,placebo,18,175,0.6171428571428571,0.3799146868520039,1.0025021914217687,0.24752745558794334
2016,illinois_ex_cook,single_observed,69,placebo,12,119,0.6050420168067228,0.3341706563846578,1.0954757250743266,0.30288066078551656
2017,chicago,all_observed,49,test,38,146,1.5616438356164384,1.0928595962527141,2.2315139819249814,0.18211288955529029
2017,chicago,all_observed,29,placebo,30,332,0.5421686746987951,0.3731250627572836,0.7877971789203002,0.19064464725269478
2017,chicago,all_observed,39,placebo,20,152,0.7894736842105263,0.49529544427722577,1.258377611307257,0.2378632955468772
2017,chicago,all_observed,59,placebo,7,61,0.6885245901639344,0.3149422389741194,1.5052477965630089,0.3990621323554687
2017,chicago,all_observed,69,placebo,5,43,0.6976744186046512,0.27634592968869576,1.7613778314870148,0.4724995385748947
2017,chicago,single_all,49,test,36,121,1.7851239669421486,1.2304573115800876,2.5898237568755023,0.18984794069911617
2017,chicago,single_all,29,placebo,21,277,0.4548736462093863,0.29189555484981167,0.7088495545000091,0.22633858690531916
2017,chicago,single_all,39,placebo,13,92,0.8478260869565217,0.4743431450024336,1.5153778046488262,0.29629823175386694
2017,chicago,single_all,59,placebo,8,61,0.7868852459016394,0.37655983727732517,1.6443293440284488,0.37602319426193753
2017,chicago,single_all,69,placebo,1,28,0.21428571428571427,0.02915473336511043,1.5749884168685089,1.0177004891982149
2017,chicago,single_observed,49,test,34,108,1.8888888888888888,1.2847392199960248,2.7771404336663283,0.19664949520693312
2017,chicago,single_observed,29,placebo,20,231,0.5194805194805194,0.32897477749456655,0.8203060799219096,0.23308583039087624
2017,chicago,single_observed,39,placebo,13,87,0.896551724137931,0.5005707634301386,1.6057769505886825,0.2973505167250263
2017,chicago,single_observed,59,placebo,4,42,0.5714285714285714,0.2049024431594238,1.593590623957771,0.5232681184722836
2017,chicago,single_observed,69,placebo,1,27,0.2222222222222222,0.03019606384155609,1.6354024255777928,1.0183501544346312
2017,cook_ex_chicago,all_observed,49,test,33,151,1.3112582781456954,0.8997423624928989,1.9109895717722014,0.19216021143650341
2017,cook_ex_chicago,all_observed,29,placebo,28,337,0.49851632047477745,0.3390509504688482,0.7329828199450653,0.1966764977437081
2017,cook_ex_chicago,all_observed,39,placebo,24,187,0.7700534759358288,0.5034465905167281,1.1778456085922167,0.2168277202055917
2017,cook_ex_chicago,all_observed,59,placebo,5,55,0.5454545454545455,0.21835118720412225,1.362578628340098,0.4670993664969138
2017,cook_ex_chicago,all_observed,69,placebo,5,45,0.6666666666666666,0.2646312401079801,1.679485930168688,0.4714045207910317
2017,cook_ex_chicago,single_all,49,test,28,128,1.3125,0.8719854551287112,1.9755561745530765,0.20863074009907004
2017,cook_ex_chicago,single_all,29,placebo,19,250,0.456,0.2860206347890798,0.7269964985335351,0.23797390392093085
2017,cook_ex_chicago,single_all,39,placebo,16,116,0.8275862068965518,0.49068943515477664,1.395789028205563,0.26668462583203484
2017,cook_ex_chicago,single_all,59,placebo,11,62,1.064516129032258,0.5606117978588613,2.021353445107329,0.32716681244764945
2017,cook_ex_chicago,single_all,69,placebo,4,40,0.6,0.21466893067630913,1.6770009468339409,0.5244044240850758
2017,cook_ex_chicago,single_observed,49,test,27,110,1.4727272727272729,0.9667248024513685,2.2435812284270216,0.21477417472300092
2017,cook_ex_chicago,single_observed,29,placebo,17,213,0.4788732394366197,0.2922063016971521,0.7847865638647076,0.2520285005560202
2017,cook_ex_chicago,single_observed,39,placebo,16,104,0.9230769230769231,0.545317470032822,1.5625228472248922,0.2685430777647873
2017,cook_ex_chicago,single_observed,59,placebo,2,34,0.3529411764705882,0.08479121400006588,1.4691082739816188,0.7276068751089989
2017,cook_ex_chicago,single_observed,69,placebo,4,32,0.75,0.2652376557358123,2.120739600263521,0.5303300858899106
2017,illinois_ex_cook,all_observed,49,test,90,468,1.1538461538461537,0.9208170485078605,1.4458474122552007,0.11509936249981252
2017,illinois_ex_cook,all_observed,29,placebo,146,1337,0.6551982049364248,0.5523046401209333,0.7772606937684184,0.0871622522931416
2017,illinois_ex_cook,all_observed,39,placebo,67,634,0.6340694006309148,0.49293216094453995,0.8156173134373386,0.12846268018601517
2017,illinois_ex_cook,all_observed,59,placebo,24,249,0.5783132530120482,0.3803891136439103,0.8792213199940808,0.21373518878204117
2017,illinois_ex_cook,all_observed,69,placebo,17,169,0.6035502958579881,0.36654570485353594,0.9937995584365692,0.2544419170951955
2017,illinois_ex_cook,single_all,49,test,67,407,0.9877149877149878,0.7627904825389537,1.278963121969732,0.13184223750881513
2017,illinois_ex_cook,single_all,29,placebo,125,1123,0.6678539626001782,0.5551634107951497,0.8034191495471967,0.09428929923450259
2017,illinois_ex_cook,single_all,39,placebo,45,513,0.5263157894736842,0.3880663346503917,0.7138169058103526,0.15547199092123842
2017,illinois_ex_cook,single_all,59,placebo,50,196,1.5306122448979593,1.1220224246795838,2.0879919979323027,0.1584362358058488
2017,illinois_ex_cook,single_all,69,placebo,13,166,0.4698795180722891,0.2671968143782713,0.8263076115543736,0.2880055091636601
2017,illinois_ex_cook,single_observed,49,test,62,327,1.1376146788990826,0.8671347541552479,1.4924637162160854,0.13851763870929826
2017,illinois_ex_cook,single_observed,29,placebo,91,875,0.624,0.5028372901686915,0.7743578442031863,0.11014475989291607
2017,illinois_ex_cook,single_observed,39,placebo,41,421,0.5843230403800475,0.4240258846383907,0.8052183319189511,0.16360177509597212
2017,illinois_ex_cook,single_observed,59,placebo,20,172,0.6976744186046512,0.4390893825057976,1.1085433029547491,0.23624976928744734
2017,illinois_ex_cook,single_observed,69,placebo,13,120,0.65,0.3667490533683423,1.1520138801167255,0.29198700357449175
2018,chicago,all_observed,49,test,38,141,1.6170212765957446,1.1301380978234499,2.3136622099539284,0.18277852186524676
2018,chicago,all_observed,29,placebo,31,321,0.5794392523364486,0.40078614243974414,0.8377281836751641,0.18807798731812508
2018,chicago,all_observed,39,placebo,19,140,0.8142857142857143,0.5042713966367851,1.3148896187887162,0.2444881103248695
2018,chicago,all_observed,59,placebo,6,54,0.6666666666666666,0.2868158764372927,1.5495810412071607,0.4303314829119352
2018,chicago,all_observed,69,placebo,4,42,0.5714285714285714,0.2049024431594238,1.593590623957771,0.5232681184722836
2018,chicago,single_all,49,test,33,114,1.736842105263158,1.1789542195684388,2.558725732131656,0.19767387315371676
2018,chicago,single_all,29,placebo,35,272,0.7720588235294117,0.5429894128037206,1.0977650998972384,0.17957700064224222
2018,chicago,single_all,39,placebo,12,90,0.8,0.4380215703148979,1.4611152586387424,0.3073181485764296
2018,chicago,single_all,59,placebo,7,52,0.8076923076923077,0.36689744746391545,1.7780632392365885,0.40260143080708505
2018,chicago,single_all,69,placebo,1,28,0.21428571428571427,0.02915473336511043,1.5749884168685089,1.0177004891982149
2018,chicago,single_observed,49,test,31,103,1.8058252427184465,1.2086402832323897,2.698077213277965,0.20485800540912893
2018,chicago,single_observed,29,placebo,21,219,0.5753424657534246,0.36768303051816087,0.9002834654423374,0.22844092817336764
2018,chicago,single_observed,39,placebo,12,85,0.8470588235294118,0.4628235731727394,1.5502854480820398,0.30837969974641044
2018,chicago,single_observed,59,placebo,3,37,0.48648648648648646,0.14999780833151147,1.57781706390604,0.6003002251876642
2018,chicago,single_observed,69,placebo,1,26,0.23076923076923078,0.03131450854562851,1.7006314434801109,1.0190493307301363
2018,cook_ex_chicago,all_observed,49,test,30,147,1.2244897959183674,0.8268418491695946,1.8133761151712897,0.20033984731392981
2018,cook_ex_chicago,all_observed,29,placebo,27,326,0.4969325153374233,0.33560752962680884,0.7358056747838004,0.20026113377191723
2018,cook_ex_chicago,all_observed,39,placebo,22,181,0.7292817679558011,0.4684920917860916,1.1352419953239612,0.22578619827836796
2018,cook_ex_chicago,all_observed,59,placebo,5,57,0.5263157894736842,0.21097213986271166,1.3130089614181677,0.4664159727637153
2018,cook_ex_chicago,all_observed,69,placebo,5,42,0.7142857142857143,0.2826010601249317,1.8053862975853776,0.47308511264837305
2018,cook_ex_chicago,single_all,49,test,24,128,1.125,0.7274589849256294,1.7397888076526937,0.22243913025065232
2018,cook_ex_chicago,single_all,29,placebo,19,240,0.475,0.2977338917402772,0.7578075800548091,0.23832382510784583
2018,cook_ex_chicago,single_all,39,placebo,12,113,0.6371681415929203,0.3514071504566587,1.1553072842524539,0.30361635472328763
2018,cook_ex_chicago,single_all,59,placebo,12,59,1.2203389830508473,0.6560275055602011,2.2700682836185067,0.31667410041824734
2018,cook_ex_chicago,single_all,69,placebo,4,39,0.6153846153846154,0.21990981909387983,1.7220614632510076,0.5250152622934172
2018,cook_ex_chicago,single_observed,49,test,24,109,1.3211009174311925,0.849188332857378,2.0552656772436655,0.2254794416200115
2018,cook_ex_chicago,single_observed,29,placebo,17,206,0.4951456310679611,0.30194839173577515,0.8119572836812086,0.25234480050875535
2018,cook_ex_chicago,single_observed,39,placebo,12,100,0.72,0.3956228352662308,1.3103389233110048,0.30550504633038933
2018,cook_ex_chicago,single_observed,59,placebo,2,37,0.3243243243243243,0.07816720017250026,1.3456573488151453,0.7259662712736915
2018,cook_ex_chicago,single_observed,69,placebo,4,28,0.8571428571428571,0.30064811594437474,2.4437002548419486,0.5345224838248488
2018,illinois_ex_cook,all_observed,49,test,95,456,1.25,1.0020972094141998,1.559229968231722,0.11277986631315909
2018,illinois_ex_cook,all_observed,29,placebo,142,1288,0.6614906832298137,0.5562325999264411,0.7866671677598762,0.08842313631994012
2018,illinois_ex_cook,all_observed,39,placebo,63,614,0.6156351791530945,0.475020741752078,0.7978739463311125,0.1322939165953215
2018,illinois_ex_cook,all_observed,59,placebo,24,242,0.5950413223140496,0.39118382144007824,0.9051350180019907,0.21400677108826566
2018,illinois_ex_cook,all_observed,69,placebo,17,167,0.6107784431137725,0.3708342728307128,1.0059758061865622,0.25458113316555986
2018,illinois_ex_cook,single_all,49,test,74,405,1.0962962962962963,0.8556870110919411,1.4045621280838163,0.12642250320248627
2018,illinois_ex_cook,single_all,29,placebo,125,1084,0.6918819188191883,0.57494569658672,0.8326013959767392,0.09445903463984931
2018,illinois_ex_cook,single_all,39,placebo,44,509,0.518664047151277,0.38117883215594767,0.7057380187819136,0.15713659430416715
2018,illinois_ex_cook,single_all,59,placebo,53,192,1.65625,1.2219306421208,2.244942526147741,0.155165259841355
2018,illinois_ex_cook,single_all,69,placebo,14,170,0.49411764705882355,0.286517247715894,0.8521380513086794,0.27804842090856746
2018,illinois_ex_cook,single_observed,49,test,69,321,1.2897196261682242,0.9943582165520702,1.6728143705507361,0.1326952087330066
2018,illinois_ex_cook,single_observed,29,placebo,88,849,0.6219081272084805,0.4993435404322636,0.7745563672519867,0.11198880598152468
2018,illinois_ex_cook,single_observed,39,placebo,39,416,0.5625,0.40510962594336825,0.7810385874272748,0.1674660317642709
2018,illinois_ex_cook,single_observed,59,placebo,19,164,0.6951219512195123,0.4322910213106169,1.117752863805212,0.2423409579971536
2018,illinois_ex_cook,single_observed,69,placebo,14,119,0.7058823529411765,0.4057184709055289,1.228117357047304,0.282545452579066
2019,chicago,all_observed,49,test,36,144,1.5,1.0410612981231968,2.161256022153789,0.18633899812498247
2019,chicago,all_observed,29,placebo,31,313,0.5942492012779553,0.4108594783764544,0.8594960851698468,0.18828954483731372
2019,chicago,all_observed,39,placebo,15,130,0.6923076923076923,0.40567858999062856,1.1814523927414418,0.2726884199209317
2019,chicago,all_observed,59,placebo,7,57,0.7368421052631579,0.33609430428369286,1.6154284115161828,0.4005009394574071
2019,chicago,all_observed,69,placebo,5,39,0.7692307692307693,0.30318947850757244,1.951637567517312,0.4750168687962835
2019,chicago,single_all,49,test,32,116,1.6551724137931036,1.119116253573148,2.4479992231679466,0.19967646244655982
2019,chicago,single_all,29,placebo,26,257,0.6070038910505836,0.40552081580571775,0.9085938610043447,0.20579744664401464
2019,chicago,single_all,39,placebo,11,84,0.7857142857142857,0.4191073431130281,1.4730043482178248,0.3206459929795675
2019,chicago,single_all,59,placebo,7,56,0.75,0.3418339713533695,1.6455356902445424,0.40089186286863654
2019,chicago,single_all,69,placebo,1,29,0.20689655172413796,0.028182809999115217,1.5188756237111476,1.0170952554312156
2019,chicago,single_observed,49,test,30,103,1.7475728155339805,1.163688652804745,2.6244225534317347,0.2074658313973918
2019,chicago,single_observed,29,placebo,20,203,0.5911330049261083,0.373414542115079,0.9357917009168872,0.23436319756818527
2019,chicago,single_observed,39,placebo,11,79,0.8354430379746836,0.44460995194961916,1.5698368123335626,0.32181876694374456
2019,chicago,single_observed,59,placebo,4,39,0.6153846153846154,0.21990981909387983,1.7220614632510076,0.5250152622934172
2019,chicago,single_observed,69,placebo,1,27,0.2222222222222222,0.03019606384155609,1.6354024255777928,1.0183501544346312
2019,cook_ex_chicago,all_observed,49,test,28,148,1.135135135135135,0.7579218742975833,1.7000852181663575,0.20608503698969138
2019,cook_ex_chicago,all_observed,29,placebo,28,324,0.5185185185185185,0.35244585476128765,0.7628447048376826,0.19697894676175962
2019,cook_ex_chicago,all_observed,39,placebo,23,180,0.7666666666666667,0.49672568516314525,1.1833045790348597,0.2214358065560328
2019,cook_ex_chicago,all_observed,59,placebo,3,53,0.33962264150943394,0.10612767096288346,1.0868375568722801,0.5934654647590163
2019,cook_ex_chicago,all_observed,69,placebo,4,40,0.6,0.21466893067630913,1.6770009468339409,0.5244044240850758
2019,cook_ex_chicago,single_all,49,test,22,128,1.03125,0.6560032271053122,1.6211453214837213,0.23079654558624887
2019,cook_ex_chicago,single_all,29,placebo,15,248,0.36290322580645157,0.21550551974371393,0.6111154436199534,0.26589269401618165
2019,cook_ex_chicago,single_all,39,placebo,15,114,0.7894736842105263,0.4608309095173838,1.352488917710999,0.27466087542864215
2019,cook_ex_chicago,single_all,59,placebo,11,66,1.0,0.5281831563856016,1.893282638626869,0.3256694736394648
2019,cook_ex_chicago,single_all,69,placebo,3,40,0.44999999999999996,0.13920852140565143,1.4546523298664897,0.5986094998689324
2019,cook_ex_chicago,single_observed,49,test,22,105,1.2571428571428571,0.793954825377288,1.990551745200736,0.2344746361088017
2019,cook_ex_chicago,single_observed,29,placebo,15,205,0.4390243902439025,0.25990007476202914,0.7416019999436709,0.2674784392192284
2019,cook_ex_chicago,single_observed,39,placebo,14,101,0.8316831683168318,0.475559559978211,1.4544905636913608,0.2851833822781077
2019,cook_ex_chicago,single_observed,59,placebo,1,35,0.17142857142857143,0.02348504603347151,1.2513390461384069,1.01418510567422
2019,cook_ex_chicago,single_observed,69,placebo,3,29,0.6206896551724138,0.18907305496107052,2.0376020693026446,0.6064784348631227
2019,illinois_ex_cook,all_observed,49,test,93,437,1.276887871853547,1.0208127335811927,1.597200528217156,0.11419727532429927
2019,illinois_ex_cook,all_observed,29,placebo,132,1271,0.6231313926042485,0.520880907661653,0.7454539545172431,0.09144692251315283
2019,illinois_ex_cook,all_observed,39,placebo,62,602,0.6179401993355482,0.47578560718906243,0.8025675518240755,0.13337976543003377
2019,illinois_ex_cook,all_observed,59,placebo,25,230,0.6521739130434783,0.43162465770648034,0.9854182453674415,0.21058923544891017
2019,illinois_ex_cook,all_observed,69,placebo,15,162,0.5555555555555556,0.32733634813662366,0.942889407380512,0.2698879511442471
2019,illinois_ex_cook,single_all,49,test,72,419,1.0310262529832936,0.802925432091149,1.323927592593799,0.12757556087965133
2019,illinois_ex_cook,single_all,29,placebo,119,1092,0.6538461538461539,0.5411315491743987,0.7900385655792297,0.09653554920488479
2019,illinois_ex_cook,single_all,39,placebo,41,522,0.47126436781609193,0.3429294264712369,0.6476262671839523,0.16219109936953865
2019,illinois_ex_cook,single_all,59,placebo,53,184,1.7282608695652173,1.273240014501341,2.345893625123086,0.15589325558534448
2019,illinois_ex_cook,single_all,69,placebo,12,164,0.43902439024390244,0.24430489063024963,0.7889421072652285,0.2990499863048703
2019,illinois_ex_cook,single_observed,49,test,67,303,1.3267326732673268,1.018279235536508,1.72862170305147,0.1350026042983307
2019,illinois_ex_cook,single_observed,29,placebo,79,838,0.5656324582338903,0.44910963222859385,0.7123874770177859,0.11769258800169037
2019,illinois_ex_cook,single_observed,39,placebo,37,416,0.5336538461538461,0.3812674125941652,0.7469466786502676,0.1715542863960944
2019,illinois_ex_cook,single_observed,59,placebo,20,160,0.75,0.4711697302117488,1.193837303061057,0.23717082451262844
2019,illinois_ex_cook,single_observed,69,placebo,12,117,0.6153846153846154,0.33972510140347484,1.11471958735928,0.3031177030137664
2020,chicago,all_observed,49,test,39,140,1.6714285714285715,1.1720974294614803,2.383482293508064,0.18106320107598559
2020,chicago,all_observed,29,placebo,28,312,0.5384615384615384,0.365785535648828,0.7926525248956926,0.19728003933346608
2020,chicago,all_observed,39,placebo,15,128,0.703125,0.41183945628389373,1.200430794285541,0.27290871489688023
2020,chicago,all_observed,59,placebo,7,60,0.7,0.3199766009406592,1.5313619763429895,0.3994043183589901
2020,chicago,all_observed,69,placebo,5,36,0.8333333333333334,0.3270139223726693,2.1235929021182365,0.4772607021092118
2020,chicago,single_all,49,test,32,110,1.7454545454545456,1.177446482548138,2.587473499139167,0.2008504645025973
2020,chicago,single_all,29,placebo,20,264,0.45454545454545453,0.2885102244076135,0.7161325761406242,0.23192213949487184
2020,chicago,single_all,39,placebo,12,84,0.8571428571428571,0.4681250529131054,1.5694393474117185,0.3086066999241838
2020,chicago,single_all,59,placebo,8,58,0.8275862068965518,0.39516413509455856,1.7332011410436658,0.3771490147280579
2020,chicago,single_all,69,placebo,1,27,0.2222222222222222,0.03019606384155609,1.6354024255777928,1.0183501544346312
2020,chicago,single_observed,49,test,31,99,1.878787878787879,1.2551222086829623,2.8123507568113464,0.2058132032138345
2020,chicago,single_observed,29,placebo,18,205,0.526829268292683,0.3253966441274026,0.8529561780641317,0.2458324720943988
2020,chicago,single_observed,39,placebo,12,75,0.96,0.5219357623407123,1.7657345338187278,0.3109126351029605
2020,chicago,single_observed,59,placebo,4,39,0.6153846153846154,0.21990981909387983,1.7220614632510076,0.5250152622934172
2020,chicago,single_observed,69,placebo,1,25,0.24,0.03251895902980316,1.7712744109431802,1.019803902718557
2020,cook_ex_chicago,all_observed,49,test,28,143,1.1748251748251748,0.783543098928543,1.7615038576568132,0.20665742838643064
2020,cook_ex_chicago,all_observed,29,placebo,25,324,0.46296296296296297,0.30821715824266915,0.6954016002791555,0.20757268546966004
2020,cook_ex_chicago,all_observed,39,placebo,23,171,0.8070175438596491,0.5221939638152243,1.2471942634858029,0.2220950564194068
2020,cook_ex_chicago,all_observed,59,placebo,3,53,0.33962264150943394,0.10612767096288346,1.0868375568722801,0.5934654647590163
2020,cook_ex_chicago,all_observed,69,placebo,3,42,0.42857142857142855,0.13283840392884297,1.3826835008206115,0.5976143046671968
2020,cook_ex_chicago,single_all,49,test,23,123,1.1219512195121952,0.718784942110742,1.7512533516192732,0.2271746952685933
2020,cook_ex_chicago,single_all,29,placebo,16,261,0.367816091954023,0.2220244006419554,0.6093414827791912,0.25754886453743314
2020,cook_ex_chicago,single_all,39,placebo,14,112,0.75,0.4302925951868847,1.3072500114850802,0.2834733547569204
2020,cook_ex_chicago,single_all,59,placebo,10,59,1.0169491525423728,0.5202372429612486,1.9879114631815866,0.3419782925016921
2020,cook_ex_chicago,single_all,69,placebo,2,36,0.3333333333333333,0.08025716183602605,1.384438579302405,0.7264831572567789
2020,cook_ex_chicago,single_observed,49,test,23,103,1.3398058252427183,0.8525729402086105,2.105485131764908,0.23062306635209515
2020,cook_ex_chicago,single_observed,29,placebo,15,203,0.44334975369458124,0.26241446359969334,0.7490402830877938,0.2675682623949464
2020,cook_ex_chicago,single_observed,39,placebo,13,98,0.7959183673469389,0.44628481745364484,1.4194658269906668,0.29517309930908336
2020,cook_ex_chicago,single_observed,59,placebo,1,32,0.1875,0.025620413505168374,1.372196822385711,1.015504800579495
2020,cook_ex_chicago,single_observed,69,placebo,2,30,0.4,0.09559140691214423,1.673790617466821,0.7302967433402214
2020,illinois_ex_cook,all_observed,49,test,92,425,1.2988235294117647,1.0367389152019726,1.6271623798601125,0.11498915772307358
2020,illinois_ex_cook,all_observed,29,placebo,128,1236,0.6213592233009708,0.5179707330686433,0.7453843619578021,0.09285236393691407
2020,illinois_ex_cook,all_observed,39,placebo,59,581,0.6092943201376937,0.4661410312875375,0.7964104072251398,0.13663939014150375
2020,illinois_ex_cook,all_observed,59,placebo,26,220,0.7090909090909091,0.4722537475581611,1.0647028635668956,0.2073812744849279
2020,illinois_ex_cook,all_observed,69,placebo,15,167,0.5389221556886228,0.31774916092639793,0.9140451828269274,0.2695453405621445
2020,illinois_ex_cook,single_all,49,test,72,403,1.0719602977667493,0.8341968308872671,1.3774913035404066,0.12794638903483233
2020,illinois_ex_cook,single_all,29,placebo,116,1106,0.6292947558770343,0.5197317987713961,0.7619543208833406,0.09759533178989478
2020,illinois_ex_cook,single_all,39,placebo,40,505,0.4752475247524752,0.34443074221896525,0.6557492758290672,0.1642565006926727
2020,illinois_ex_cook,single_all,59,placebo,55,166,1.9879518072289155,1.4654511751755184,2.6967479059078054,0.1555825008391379
2020,illinois_ex_cook,single_all,69,placebo,12,155,0.4645161290322581,0.2581908939082375,0.8357197686755025,0.2996413626930687
2020,illinois_ex_cook,single_observed,49,test,70,287,1.4634146341463414,1.1269288253161016,1.9003705853676782,0.133304294166413
2020,illinois_ex_cook,single_observed,29,placebo,75,807,0.5576208178438662,0.4401320135710062,0.7064720740716997,0.12071657179658352
2020,illinois_ex_cook,single_observed,39,placebo,34,393,0.5190839694656488,0.36565480095917097,0.7368921908023881,0.17876323438551023
2020,illinois_ex_cook,single_observed,59,placebo,23,146,0.9452054794520548,0.6089277951861269,1.4671910289677368,0.22433808401173966
2020,illinois_ex_cook,single_observed,69,placebo,12,118,0.6101694915254237,0.3369249820012743,1.105013959418972,0.3029982006621818
2021,chicago,all_observed,49,test,35,138,1.5217391304347827,1.0501281783534167,2.2051498367821836,0.1892559256219545
2021,chicago,all_observed,29,placebo,29,296,0.5878378378378378,0.4014470039833835,0.860769466866334,0.1945793848254949
2021,chicago,all_observed,39,placebo,15,127,0.7086614173228346,0.4149906241740527,1.2101502423133754,0.2730213955255122
2021,chicago,all_observed,59,placebo,6,60,0.6,0.25922795076607336,1.3887391345575348,0.4281744192888376
2021,chicago,all_observed,69,placebo,5,37,0.8108108108108107,0.3186669854026654,2.0630131172734454,0.47647353234678946
2021,chicago,single_all,49,test,30,105,1.7142857142857142,1.14252183115931,2.5721832441679675,0.20701966780270625
2021,chicago,single_all,29,placebo,21,259,0.4864864864864865,0.31184319895984325,0.758936229243989,0.22689215826037593
2021,chicago,single_all,39,placebo,12,79,0.9113924050632912,0.4965660217071404,1.6727606797408587,0.3098250493124057
2021,chicago,single_all,59,placebo,7,53,0.7924528301886792,0.3602931117848727,1.742973894124873,0.4021505531333318
2021,chicago,single_all,69,placebo,0,28,,,,
2021,chicago,single_observed,49,test,28,95,1.768421052631579,1.160227353106255,2.695431210975922,0.21503627950594614
2021,chicago,single_observed,29,placebo,19,194,0.5876288659793814,0.3668436704508926,0.941293831532629,0.2403876413683244
2021,chicago,single_observed,39,placebo,12,70,1.0285714285714287,0.5575447859937225,1.8975321987593325,0.3124404705204619
2021,chicago,single_observed,59,placebo,4,39,0.6153846153846154,0.21990981909387983,1.7220614632510076,0.5250152622934172
2021,chicago,single_observed,69,placebo,0,25,,,,
2021,cook_ex_chicago,all_observed,49,test,30,149,1.2080536912751678,0.8161079564852578,1.7882361143600995,0.20011182556087606
2021,cook_ex_chicago,all_observed,29,placebo,23,313,0.44089456869009586,0.2886941937847693,0.6733354008683256,0.2160396932243678
2021,cook_ex_chicago,all_observed,39,placebo,23,174,0.7931034482758621,0.5134191061167303,1.225145445841767,0.22186795015582314
2021,cook_ex_chicago,all_observed,59,placebo,3,50,0.36,0.1122853954772269,1.154201750362849,0.594418483337567
2021,cook_ex_chicago,all_observed,69,placebo,3,43,0.41860465116279066,0.12986705058928405,1.3493018681798008,0.5971508580642095
2021,cook_ex_chicago,single_all,49,test,24,122,1.180327868852459,0.7619472658314946,1.8284387128411708,0.22330111504007782
2021,cook_ex_chicago,single_all,29,placebo,14,250,0.336,0.19613665096472088,0.5755986932819946,0.27464262493023806
2021,cook_ex_chicago,single_all,39,placebo,14,109,0.7706422018348623,0.4417603390208336,1.3443701273981423,0.283906469378873
2021,cook_ex_chicago,single_all,59,placebo,11,54,1.2222222222222223,0.639100058082385,2.337391683199098,0.33079844229924876
2021,cook_ex_chicago,single_all,69,placebo,1,37,0.16216216216216214,0.022248774612599356,1.1819332657635795,1.0134234194190634
2021,cook_ex_chicago,single_observed,49,test,24,104,1.3846153846153848,0.8883138205066965,2.1582009860209728,0.22645540682891915
2021,cook_ex_chicago,single_observed,29,placebo,14,194,0.43298969072164945,0.2517181359052584,0.7448016075480288,0.2767367171226636
2021,cook_ex_chicago,single_observed,39,placebo,13,98,0.7959183673469389,0.44628481745364484,1.4194658269906668,0.29517309930908336
2021,cook_ex_chicago,single_observed,59,placebo,1,30,0.2,0.02727358025639027,1.4666207965354277,1.0165300454651272
2021,cook_ex_chicago,single_observed,69,placebo,1,31,0.1935483870967742,0.026421169197207585,1.4178395311787315,1.016001016001524
2021,illinois_ex_cook,all_observed,49,test,98,421,1.3966745843230404,1.1210489056123287,1.74006672209224,0.11215782872705353
2021,illinois_ex_cook,all_observed,29,placebo,126,1230,0.6146341463414634,0.5116757199499156,0.7383096737243606,0.09353884790069437
2021,illinois_ex_cook,all_observed,39,placebo,56,574,0.5853658536585366,0.44489661116774987,0.7701860927418678,0.13999751117747952
2021,illinois_ex_cook,all_observed,59,placebo,25,223,0.672645739910314,0.44489098241554714,1.0169958693316108,0.210913026939389
2021,illinois_ex_cook,all_observed,69,placebo,13,161,0.484472049689441,0.27531962874015986,0.8525115626674221,0.2883301181758516
2021,illinois_ex_cook,single_all,49,test,77,429,1.0769230769230769,0.8449537989225374,1.3725760095858102,0.12376596995141807
2021,illinois_ex_cook,single_all,29,placebo,108,1100,0.5890909090909091,0.4834450078550077,0.7178233170992482,0.10083823763012803
2021,illinois_ex_cook,single_all,39,placebo,33,491,0.40325865580448067,0.28347011078640577,0.5736673366729964,0.17983239469247667
2021,illinois_ex_cook,single_all,59,placebo,57,171,2.0,1.4819774166091306,2.699096460695254,0.1529438225803745
2021,illinois_ex_cook,single_all,69,placebo,10,155,0.38709677419354843,0.20421779075454058,0.733745635174145,0.3262692337674912
2021,illinois_ex_cook,single_observed,49,test,74,282,1.574468085106383,1.218861326735814,2.0338242724111537,0.1306124527152509
2021,illinois_ex_cook,single_observed,29,placebo,70,796,0.5276381909547739,0.4132540035985916,0.6736826700521173,0.12466754065413123
2021,illinois_ex_cook,single_observed,39,placebo,31,377,0.493368700265252,0.34207945285865493,0.7115676558977678,0.1868437432991221
2021,illinois_ex_cook,single_observed,59,placebo,22,148,0.8918918918918919,0.569916006377028,1.39576909214979,0.2284979260547067
2021,illinois_ex_cook,single_observed,69,placebo,10,112,0.5357142857142857,0.28053994661249526,1.0229908409969906,0.3300432872042263
2022,chicago,all_observed,49,test,38,135,1.6888888888888889,1.1783779409178377,2.4205694794241106,0.18363876736977847
2022,chicago,all_observed,29,placebo,34,303,0.6732673267326733,0.47231557681689995,0.9597161632919939,0.18086485213795866
2022,chicago,all_observed,39,placebo,16,127,0.7559055118110236,0.4494234768950891,1.2713913984508387,0.265281012792155
2022,chicago,all_observed,59,placebo,5,58,0.5172413793103449,0.20746654851256205,1.2895507559603934,0.46609159969939906
2022,chicago,all_observed,69,placebo,5,38,0.7894736842105263,0.3107355976875809,2.005784669343186,0.4757265910937544
2022,chicago,single_all,49,test,34,105,1.9428571428571428,1.3197079968895444,2.8602493024575883,0.19732099287630772
2022,chicago,single_all,29,placebo,26,256,0.609375,0.40707541932863966,0.9122090723075862,0.20583437142891967
2022,chicago,single_all,39,placebo,14,77,1.0909090909090908,0.6172667083574223,1.927987737739767,0.29054360157398823
2022,chicago,single_all,59,placebo,6,55,0.6545454545454545,0.28181714735969676,1.5202401843891007,0.4299400944881564
2022,chicago,single_all,69,placebo,0,27,,,,
2022,chicago,single_observed,49,test,32,94,2.042553191489362,1.3675962338208536,3.050625204200355,0.20466630859118076
2022,chicago,single_observed,29,placebo,24,196,0.7346938775510204,0.4808632228814415,1.122512739644548,0.21626073957839226
2022,chicago,single_observed,39,placebo,13,69,1.1304347826086956,0.6249993455476784,2.0446146173349633,0.3023505094195565
2022,chicago,single_observed,59,placebo,3,38,0.4736842105263158,0.1462202601861688,1.534511913850111,0.599707531057446
2022,chicago,single_observed,69,placebo,0,25,,,,
2022,cook_ex_chicago,all_observed,49,test,31,146,1.273972602739726,0.8646232373246194,1.8771253448536225,0.1977558585342598
2022,cook_ex_chicago,all_observed,29,placebo,22,312,0.4230769230769231,0.2745679669402672,0.651911746424437,0.22058937793935968
2022,cook_ex_chicago,all_observed,39,placebo,21,171,0.7368421052631579,0.4683257739916381,1.1593132777235033,0.231229325206432
2022,cook_ex_chicago,all_observed,59,placebo,3,47,0.3829787234042553,0.1192016289450696,1.2304588777720706,0.5954913341754137
2022,cook_ex_chicago,all_observed,69,placebo,2,45,0.26666666666666666,0.06468999315689218,1.0992598335672388,0.7226494462892933
2022,cook_ex_chicago,single_all,49,test,25,116,1.293103448275862,0.8393421480727851,1.992175100204696,0.22050099694825057
2022,cook_ex_chicago,single_all,29,placebo,14,243,0.345679012345679,0.20170376022313416,0.5924231627813693,0.27485231992111686
2022,cook_ex_chicago,single_all,39,placebo,13,109,0.7155963302752293,0.40262517200720926,1.2718482189042217,0.29342356560045146
2022,cook_ex_chicago,single_all,59,placebo,11,51,1.2941176470588236,0.6745192920150738,2.48286521120235,0.33244087300803704
2022,cook_ex_chicago,single_all,69,placebo,0,40,,,,
2022,cook_ex_chicago,single_observed,49,test,25,100,1.5,0.9677280072046165,2.3250334631725296,0.22360679774997896
2022,cook_ex_chicago,single_observed,29,placebo,13,193,0.4041450777202073,0.2304786131193966,0.7086698485158777,0.2865386955950906
2022,cook_ex_chicago,single_observed,39,placebo,11,99,0.6666666666666666,0.3575807744868811,1.2429204145055348,0.3178208630818641
2022,cook_ex_chicago,single_observed,59,placebo,1,27,0.2222222222222222,0.03019606384155609,1.6354024255777928,1.0183501544346312
2022,cook_ex_chicago,single_observed,69,placebo,0,33,,,,
2022,illinois_ex_cook,all_observed,49,test,102,411,1.489051094890511,1.1988009576340308,1.8495757357173523,0.11062102690247615
2022,illinois_ex_cook,all_observed,29,placebo,124,1232,0.6038961038961038,0.5020719784370384,0.7263709586744587,0.09421361069782098
2022,illinois_ex_cook,all_observed,39,placebo,55,563,0.5861456483126111,0.4443771000757117,0.7731422725817222,0.14127284635094892
2022,illinois_ex_cook,all_observed,59,placebo,25,229,0.6550218340611355,0.4334711849998591,0.9898088222333697,0.2106343092354003
2022,illinois_ex_cook,all_observed,69,placebo,12,160,0.44999999999999996,0.250287503948046,0.8090695572322075,0.2993047499344662
2022,illinois_ex_cook,single_all,49,test,82,412,1.1941747572815533,0.9421854250217125,1.5135591286562236,0.12092272911756057
2022,illinois_ex_cook,single_all,29,placebo,106,1074,0.5921787709497207,0.485055364556511,0.7229601451457952,0.10180894342155196
2022,illinois_ex_cook,single_all,39,placebo,31,469,0.39658848614072495,0.27573073827258243,0.5704203612725449,0.185446112599256
2022,illinois_ex_cook,single_all,59,placebo,55,168,1.9642857142857142,1.4486600670062948,2.6634394467160893,0.15535185590844783
2022,illinois_ex_cook,single_all,69,placebo,9,151,0.3576158940397351,0.18253423397621968,0.7006309166449307,0.3431233417699858
2022,illinois_ex_cook,single_observed,49,test,78,270,1.7333333333333334,1.3472898972551377,2.2299910736104107,0.12854655391809042
2022,illinois_ex_cook,single_observed,29,placebo,69,790,0.5240506329113924,0.40974839351698616,0.6702382979408709,0.1255331685571528
2022,illinois_ex_cook,single_observed,39,placebo,29,368,0.47282608695652173,0.323984530220356,0.6900468622824685,0.19287340388202173
2022,illinois_ex_cook,single_observed,59,placebo,22,149,0.8859060402684564,0.5662012000500413,1.386131841675313,0.22839867523809898
2022,illinois_ex_cook,single_observed,69,placebo,9,111,0.4864864864864865,0.24663400359031004,0.9595963982610581,0.3465834966066909
2023,chicago,all_observed,49,test,42,127,1.9842519685039368,1.3998492273647352,2.8126285299480216,0.17799870661764738
2023,chicago,all_observed,29,placebo,31,294,0.6326530612244898,0.4369424969588172,0.916024187765015,0.18883703307441238
2023,chicago,all_observed,39,placebo,16,125,0.768,0.4564018838877942,1.2923347181998213,0.26551836094703507
2023,chicago,all_observed,59,placebo,5,61,0.49180327868852464,0.1976156274012365,1.2239440175330447,0.4651810858396446
2023,chicago,all_observed,69,placebo,5,38,0.7894736842105263,0.3107355976875809,2.005784669343186,0.4757265910937544
2023,chicago,single_all,49,test,44,157,1.681528662420382,1.2036652853457495,2.3491070789908814,0.17057754681922555
2023,chicago,single_all,29,placebo,52,371,0.8409703504043127,0.6291247245798762,1.1241509078051812,0.14807493717887116
2023,chicago,single_all,39,placebo,33,192,1.03125,0.7127819410020624,1.4920082865804858,0.18844459036110228
2023,chicago,single_all,59,placebo,10,84,0.7142857142857143,0.370784313213028,1.3760131252896983,0.3345216912320663
2023,chicago,single_all,69,placebo,5,48,0.625,0.24881027725778682,1.5699713223472764,0.4699290726623895
2023,chicago,single_observed,49,test,36,88,2.4545454545454546,1.66557679243562,3.6172414359949907,0.1978418917757666
2023,chicago,single_observed,29,placebo,21,186,0.6774193548387096,0.4314209276010064,1.0636873479037579,0.23020727986983627
2023,chicago,single_observed,39,placebo,13,67,1.164179104477612,0.6427551803245751,2.108599088408585,0.3030650921129078
2023,chicago,single_observed,59,placebo,3,40,0.44999999999999996,0.13920852140565143,1.4546523298664897,0.5986094998689324
2023,chicago,single_observed,69,placebo,0,25,,,,
2023,cook_ex_chicago,all_observed,49,test,31,140,1.3285714285714287,0.900370268531156,1.9604179552661982,0.19849665402466152
2023,cook_ex_chicago,all_observed,29,placebo,22,307,0.42996742671009774,0.2789750708108313,0.6626828250079096,0.22070766739008746
2023,cook_ex_chicago,all_observed,39,placebo,21,164,0.7682926829268293,0.4877995780238131,1.2100741231270393,0.23176843744275744
2023,cook_ex_chicago,all_observed,59,placebo,3,48,0.375,0.11680346265518116,1.2039454721915488,0.5951190357119042
2023,cook_ex_chicago,all_observed,69,placebo,3,44,0.4090909090909091,0.12702570222892992,1.3174922001156357,0.5967081414398551
2023,cook_ex_chicago,single_all,49,test,34,163,1.2515337423312882,0.8648791430025998,1.8110469201002006,0.18853841526605586
2023,cook_ex_chicago,single_all,29,placebo,36,350,0.6171428571428571,0.4379238256128478,0.8697067477190835,0.17502834237608672
2023,cook_ex_chicago,single_all,39,placebo,25,191,0.7853403141361257,0.517625160778367,1.1915174449402552,0.21268662885626083
2023,cook_ex_chicago,single_all,59,placebo,12,70,1.0285714285714287,0.5575447859937225,1.8975321987593325,0.3124404705204619
2023,cook_ex_chicago,single_all,69,placebo,8,67,0.7164179104477613,0.3441557472206895,1.4913440398867217,0.3740660010403623
2023,cook_ex_chicago,single_observed,49,test,25,96,1.5625,1.0062146769762226,2.426327408915038,0.22453655975512465
2023,cook_ex_chicago,single_observed,29,placebo,12,186,0.3870967741935484,0.2159193579277686,0.6939809104155368,0.29784169859063525
2023,cook_ex_chicago,single_observed,39,placebo,11,93,0.7096774193548387,0.3798875997405731,1.325765936782572,0.31884444339071355
2023,cook_ex_chicago,single_observed,59,placebo,1,27,0.2222222222222222,0.03019606384155609,1.6354024255777928,1.0183501544346312
2023,cook_ex_chicago,single_observed,69,placebo,1,32,0.1875,0.025620413505168374,1.372196822385711,1.015504800579495
2023,illinois_ex_cook,all_observed,49,test,103,404,1.5297029702970297,1.2321081432944132,1.89917678092678,0.11038109162728073
2023,illinois_ex_cook,all_observed,29,placebo,126,1191,0.6347607052896725,0.5282835860939069,0.7626986027694221,0.09368104663730233
2023,illinois_ex_cook,all_observed,39,placebo,53,548,0.5802919708029197,0.4377228392213121,0.7692967814459457,0.1438497203561761
2023,illinois_ex_cook,all_observed,59,placebo,25,226,0.6637168141592921,0.439106824677318,1.0032183164574604,0.21077186425389408
2023,illinois_ex_cook,all_observed,69,placebo,13,158,0.4936708860759494,0.2804348235991845,0.869046649168437,0.2885345574573825
2023,illinois_ex_cook,single_all,49,test,101,456,1.3289473684210527,1.0712657382438082,1.6486115862610513,0.10997259911064325
2023,illinois_ex_cook,single_all,29,placebo,156,1225,0.7640816326530613,0.6468124545128836,0.9026120899255794,0.08500931090691569
2023,illinois_ex_cook,single_all,39,placebo,62,611,0.6088379705400983,0.46886162183447594,0.790603574933351,0.13328800947269717
2023,illinois_ex_cook,single_all,59,placebo,63,233,1.6223175965665235,1.2281755769474245,2.142946361684611,0.14200303294851876
2023,illinois_ex_cook,single_all,69,placebo,22,193,0.683937823834197,0.4400197322238205,1.0630681140297604,0.22502420448654967
2023,illinois_ex_cook,single_observed,49,test,80,264,1.8181818181818181,1.4157989650315805,2.33492551246017,0.12762397418933008
2023,illinois_ex_cook,single_observed,29,placebo,67,761,0.5282522996057819,0.41149764568310837,0.6781338726144055,0.1274340361956291
2023,illinois_ex_cook,single_observed,39,placebo,28,347,0.484149855907781,0.32942044435996454,0.7115559674231698,0.19645897814732005
2023,illinois_ex_cook,single_observed,59,placebo,22,147,0.8979591836734694,0.5736799070929222,1.405541113736301,0.22859848324733223
2023,illinois_ex_cook,single_observed,69,placebo,10,111,0.5405405405405406,0.28299974515758575,1.0324534949851627,0.33016512385321534
2024,chicago,all_observed,49,test,41,124,1.9838709677419353,1.3936858917872013,2.8239821037452693,0.18015204698107454
2024,chicago,all_observed,29,placebo,32,294,0.6530612244897959,0.4534202119366931,0.940604215922466,0.18614875917990345
2024,chicago,all_observed,39,placebo,16,122,0.7868852459016394,0.4672857087546416,1.3250745285317547,0.2658885505460425
2024,chicago,all_observed,59,placebo,5,58,0.5172413793103449,0.20746654851256205,1.2895507559603934,0.46609159969939906
2024,chicago,all_observed,69,placebo,4,38,0.6315789473684211,0.22541300172733617,1.769604963787804,0.5256574830378468
2024,chicago,single_all,49,test,57,210,1.6285714285714286,1.2152805589022242,2.1824136645080414,0.14935114465924781
2024,chicago,single_all,29,placebo,55,465,0.7096774193548387,0.5366419169619638,0.9385067092659497,0.14259156993394378
2024,chicago,single_all,39,placebo,47,273,1.032967032967033,0.7579837422412569,1.4077094688623228,0.15792276405789166
2024,chicago,single_all,59,placebo,17,122,0.8360655737704918,0.5033556418557559,1.3886913854131238,0.25888269684017146
2024,chicago,single_all,69,placebo,7,101,0.4158415841584159,0.19330174150807516,0.8945818168335383,0.39084284943715264
2024,chicago,single_observed,49,test,35,85,2.4705882352941178,1.6666450624441398,3.6623312101152803,0.2008385781013735
2024,chicago,single_observed,29,placebo,22,187,0.7058823529411764,0.4538095966932497,1.0979712633326584,0.22539329856371762
2024,chicago,single_observed,39,placebo,13,65,1.2,0.6615503449603597,2.1767050852135603,0.3038218101251
2024,chicago,single_observed,59,placebo,3,37,0.48648648648648646,0.14999780833151147,1.57781706390604,0.6003002251876642
2024,chicago,single_observed,69,placebo,1,25,0.24,0.03251895902980316,1.7712744109431802,1.019803902718557
2024,cook_ex_chicago,all_observed,49,test,32,139,1.3812949640287768,0.940560073595511,2.0285528072200387,0.19607203932309303
2024,cook_ex_chicago,all_observed,29,placebo,22,313,0.42172523961661346,0.27370320488200894,0.6497993978782988,0.22056616611225574
2024,cook_ex_chicago,all_observed,39,placebo,21,160,0.7875,0.4996726195845127,1.2411251401280936,0.23209706508064168
2024,cook_ex_chicago,all_observed,59,placebo,3,48,0.375,0.11680346265518116,1.2039454721915488,0.5951190357119042
2024,cook_ex_chicago,all_observed,69,placebo,2,42,0.2857142857142857,0.06916178402861467,1.1803144497754738,0.7237468644557459
2024,cook_ex_chicago,single_all,49,test,41,237,1.0379746835443038,0.745089736595884,1.445988839681528,0.16914388308519893
2024,cook_ex_chicago,single_all,29,placebo,65,449,0.8685968819599109,0.6696590427140923,1.1266338468195565,0.13270940764248887
2024,cook_ex_chicago,single_all,39,placebo,39,262,0.8931297709923665,0.6379957322273322,1.2502917300842467,0.17163280436488654
2024,cook_ex_chicago,single_all,59,placebo,20,109,1.1009174311926604,0.6834230272020988,1.773453837611815,0.243257706818521
2024,cook_ex_chicago,single_all,69,placebo,7,96,0.4375,0.2031069732398302,0.9423913268304486,0.39150199172393685
2024,cook_ex_chicago,single_observed,49,test,25,92,1.6304347826086956,1.04789436394103,2.536818282276648,0.2255428234668337
2024,cook_ex_chicago,single_observed,29,placebo,12,188,0.3829787234042553,0.21366255563642989,0.686468914234709,0.29774566708770683
2024,cook_ex_chicago,single_observed,39,placebo,11,92,0.717391304347826,0.3838789255870231,1.3406578200844916,0.3190276729791355
2024,cook_ex_chicago,single_observed,59,placebo,1,28,0.21428571428571427,0.02915473336511043,1.5749884168685089,1.0177004891982149
2024,cook_ex_chicago,single_observed,69,placebo,1,30,0.2,0.02727358025639027,1.4666207965354277,1.0165300454651272
2024,illinois_ex_cook,all_observed,49,test,105,403,1.563275434243176,1.261156942580326,1.9377684099396197,0.10956823947647099
2024,illinois_ex_cook,all_observed,29,placebo,130,1166,0.6689536878216124,0.5580684858502479,0.8018711821154815,0.09246588898297751
2024,illinois_ex_cook,all_observed,39,placebo,53,544,0.5845588235294117,0.44090109107087583,0.7750242063047184,0.14389635096978495
2024,illinois_ex_cook,all_observed,59,placebo,25,223,0.672645739910314,0.44489098241554714,1.0169958693316108,0.210913026939389
2024,illinois_ex_cook,all_observed,69,placebo,12,160,0.44999999999999996,0.250287503948046,0.8090695572322075,0.2993047499344662
2024,illinois_ex_cook,single_all,49,test,124,607,1.2257001647446457,1.010409440257577,1.4868634773167497,0.0985492901396168
2024,illinois_ex_cook,single_all,29,placebo,207,1560,0.7961538461538461,0.6887002821231144,0.9203727124831507,0.07397258624261947
2024,illinois_ex_cook,single_all,39,placebo,107,1002,0.6407185628742516,0.5249219305700982,0.7820596795523392,0.1017044659026305
2024,illinois_ex_cook,single_all,59,placebo,48,335,0.8597014925373134,0.6352980394659538,1.163369962375734,0.15433213521557654
2024,illinois_ex_cook,single_all,69,placebo,25,247,0.6072874493927126,0.4024787306873105,0.9163168586824757,0.20987754285761834
2024,illinois_ex_cook,single_observed,49,test,78,259,1.8069498069498071,1.4028313962986534,2.32748398235937,0.12915694592826465
2024,illinois_ex_cook,single_observed,29,placebo,70,743,0.5652759084791387,0.44242109583989014,0.7222459681772369,0.12502643442849481
2024,illinois_ex_cook,single_observed,39,placebo,28,349,0.48137535816618915,0.3275596347215191,0.7074199958936632,0.1964169423119597
2024,illinois_ex_cook,single_observed,59,placebo,22,144,0.9166666666666666,0.5852761102584838,1.4356946457402366,0.22890825651118377
2024,illinois_ex_cook,single_observed,69,placebo,9,112,0.4821428571428571,0.24448752482716143,0.9508122545647862,0.3464674335917916
2025,chicago,all_observed,49,test,40,120,2.0,1.3983623141929082,2.8604889872970274,0.18257418583505536
2025,chicago,all_observed,29,placebo,31,294,0.6326530612244898,0.4369424969588172,0.916024187765015,0.18883703307441238
2025,chicago,all_observed,39,placebo,16,119,0.8067226890756303,0.47870155726384234,1.3595140587995178,0.26627685093627235
2025,chicago,all_observed,59,placebo,5,59,0.5084745762711864,0.20407556082529602,1.2669150272996073,0.4657780077916656
2025,chicago,all_observed,69,placebo,3,37,0.48648648648648646,0.14999780833151147,1.57781706390604,0.6003002251876642
2025,chicago,single_all,49,test,61,208,1.7596153846153848,1.3227425985723347,2.340777642692536,0.14560609510128045
2025,chicago,single_all,29,placebo,57,468,0.7307692307692307,0.5550920837429076,0.9620451890400004,0.14028760382113217
2025,chicago,single_all,39,placebo,37,246,0.9024390243902439,0.6387386953446916,1.2750068199687372,0.17632942941390564
2025,chicago,single_all,59,placebo,14,164,0.5121951219512195,0.29677454928763347,0.8839836285838695,0.27843514936907876
2025,chicago,single_all,69,placebo,19,124,0.9193548387096774,0.5672472313565704,1.4900263460741296,0.24636577496965903
2025,chicago,single_observed,49,test,35,83,2.5301204819277108,1.7044499454095228,3.7557627728000194,0.20154310045871804
2025,chicago,single_observed,29,placebo,22,185,0.7135135135135136,0.4586003894107173,1.1101201519269825,0.22552150864152817
2025,chicago,single_observed,39,placebo,13,64,1.21875,0.6713666426490246,2.212429793412463,0.304217154222238
2025,chicago,single_observed,59,placebo,3,38,0.4736842105263158,0.1462202601861688,1.534511913850111,0.599707531057446
2025,chicago,single_observed,69,placebo,0,23,,,,
2025,cook_ex_chicago,all_observed,49,test,30,134,1.3432835820895523,0.9041461766450335,1.9957069205411773,0.2019802463125974
2025,cook_ex_chicago,all_observed,29,placebo,23,299,0.4615384615384615,0.3020068045315064,0.7053409005460575,0.2163856337073152
2025,cook_ex_chicago,all_observed,39,placebo,20,159,0.7547169811320755,0.4740560714033067,1.2015408217913617,0.2372536789516669
2025,cook_ex_chicago,all_observed,59,placebo,3,48,0.375,0.11680346265518116,1.2039454721915488,0.5951190357119042
2025,cook_ex_chicago,all_observed,69,placebo,2,43,0.27906976744186046,0.0676040515818434,1.152001001090451,0.7233642332556182
2025,cook_ex_chicago,single_all,49,test,39,223,1.0493273542600898,0.7467379192545592,1.4745305789448262,0.17356650187683412
2025,cook_ex_chicago,single_all,29,placebo,67,489,0.8220858895705522,0.636837805690983,1.0612203041207973,0.1302703454719434
2025,cook_ex_chicago,single_all,39,placebo,41,258,0.9534883720930233,0.6858103145656615,1.3256436312019915,0.16812558667462574
2025,cook_ex_chicago,single_all,59,placebo,18,144,0.75,0.4594697956383121,1.2242371649665342,0.25
2025,cook_ex_chicago,single_all,69,placebo,12,125,0.5760000000000001,0.3185463908063178,1.041531185332833,0.3022140521771503
2025,cook_ex_chicago,single_observed,49,test,22,90,1.4666666666666666,0.920199259928153,2.3376579451705544,0.23783535600422526
2025,cook_ex_chicago,single_observed,29,placebo,12,183,0.39344262295081966,0.21939540146993766,0.705562179139984,0.29798962097303033
2025,cook_ex_chicago,single_observed,39,placebo,10,92,0.6521739130434783,0.3395728356948203,1.2525466354932295,0.3329708173660138
2025,cook_ex_chicago,single_observed,59,placebo,1,28,0.21428571428571427,0.02915473336511043,1.5749884168685089,1.0177004891982149
2025,cook_ex_chicago,single_observed,69,placebo,1,31,0.1935483870967742,0.026421169197207585,1.4178395311787315,1.016001016001524
2025,illinois_ex_cook,all_observed,49,test,105,404,1.5594059405940595,1.258104388819232,1.932865753566212,0.10954020745170241
2025,illinois_ex_cook,all_observed,29,placebo,130,1150,0.6782608695652175,0.5657613887357995,0.8131304403987781,0.09253038911459843
2025,illinois_ex_cook,all_observed,39,placebo,53,537,0.5921787709497207,0.4465755422966882,0.7852550432118065,0.14397958855763388
2025,illinois_ex_cook,all_observed,59,placebo,22,226,0.584070796460177,0.37701390993775163,0.904843790336411,0.2233367954807434
2025,illinois_ex_cook,all_observed,69,placebo,13,152,0.5131578947368421,0.2912575522960406,0.9041174137970249,0.2889671681895678
2025,illinois_ex_cook,single_all,49,test,129,595,1.3008403361344538,1.0753563348329782,1.57360451164053,0.09712162608504703
2025,illinois_ex_cook,single_all,29,placebo,200,1556,0.7712082262210798,0.6656258042187075,0.8935382679299503,0.07511773107496592
2025,illinois_ex_cook,single_all,39,placebo,106,862,0.7378190255220418,0.6030263031374319,0.9027415746046318,0.1029274262360404
2025,illinois_ex_cook,single_all,59,placebo,62,380,0.9789473684210526,0.748460099140322,1.280412878708226,0.13696938053971383
2025,illinois_ex_cook,single_all,69,placebo,39,282,0.8297872340425532,0.5936668025152622,1.1598203754408007,0.17084239793390216
2025,illinois_ex_cook,single_observed,49,test,78,260,1.7999999999999998,1.397593393717212,2.3182708322500685,0.12909944487358055
2025,illinois_ex_cook,single_observed,29,placebo,69,729,0.5679012345679012,0.44366821280275387,0.7269211607168458,0.12595433988422652
2025,illinois_ex_cook,single_observed,39,placebo,28,343,0.489795918367347,0.33320622931273153,0.7199746599699792,0.19654449269651247
2025,illinois_ex_cook,single_observed,59,placebo,18,148,0.7297297297297297,0.44738097347000383,1.1902729665081029,0.24962434238734071
2025,illinois_ex_cook,single_observed,69,placebo,10,107,0.5607476635514019,0.29328607110117244,1.0721202715074978,0.3306747562069463
