year,geo,emp,sample,n
1997,chicago,20,single_observed,0
1997,chicago,20,single_all,1349
1997,chicago,20,all_observed,0
1997,chicago,21,single_observed,0
1997,chicago,21,single_all,88
1997,chicago,21,all_observed,0
1997,chicago,22,single_observed,0
1997,chicago,22,single_all,154
1997,chicago,22,all_observed,0
1997,chicago,23,single_observed,0
1997,chicago,23,single_all,114
1997,chicago,23,all_observed,0
1997,chicago,24,single_observed,0
1997,chicago,24,single_all,120
1997,chicago,24,all_observed,0
1997,chicago,25,single_observed,0
1997,chicago,25,single_all,730
1997,chicago,25,all_observed,0
1997,chicago,26,single_observed,0
1997,chicago,26,single_all,78
1997,chicago,26,all_observed,0
1997,chicago,27,single_observed,0
1997,chicago,27,single_all,77
1997,chicago,27,all_observed,0
1997,chicago,28,single_observed,0
1997,chicago,28,single_all,85
1997,chicago,28,all_observed,0
1997,chicago,29,single_observed,0
1997,chicago,29,single_all,60
1997,chicago,29,all_observed,0
1997,chicago,30,single_observed,0
1997,chicago,30,single_all,782
1997,chicago,30,all_observed,0
1997,chicago,31,single_observed,0
1997,chicago,31,single_all,23
1997,chicago,31,all_observed,0
1997,chicago,32,single_observed,0
1997,chicago,32,single_all,57
1997,chicago,32,all_observed,0
1997,chicago,33,single_observed,0
1997,chicago,33,single_all,43
1997,chicago,33,all_observed,0
1997,chicago,34,single_observed,0
1997,chicago,34,single_all,36
1997,chicago,34,all_observed,0
1997,chicago,35,single_observed,0
1997,chicago,35,single_all,311
1997,chicago,35,all_observed,0
1997,chicago,36,single_observed,0
1997,chicago,36,single_all,41
1997,chicago,36,all_observed,0
1997,chicago,37,single_observed,0
1997,chicago,37,single_all,30
1997,chicago,37,all_observed,0
1997,chicago,38,single_observed,0
1997,chicago,38,single_all,34
1997,chicago,38,all_observed,0
1997,chicago,39,single_observed,0
1997,chicago,39,single_all,15
1997,chicago,39,all_observed,0
1997,chicago,40,single_observed,0
1997,chicago,40,single_all,591
1997,chicago,40,all_observed,0
1997,chicago,41,single_observed,0
1997,chicago,41,single_all,11
1997,chicago,41,all_observed,0
1997,chicago,42,single_observed,0
1997,chicago,42,single_all,34
1997,chicago,42,all_observed,0
1997,chicago,43,single_observed,0
1997,chicago,43,single_all,16
1997,chicago,43,all_observed,0
1997,chicago,44,single_observed,0
1997,chicago,44,single_all,10
1997,chicago,44,all_observed,0
1997,chicago,45,single_observed,0
1997,chicago,45,single_all,193
1997,chicago,45,all_observed,0
1997,chicago,46,single_observed,0
1997,chicago,46,single_all,17
1997,chicago,46,all_observed,0
1997,chicago,47,single_observed,0
1997,chicago,47,single_all,18
1997,chicago,47,all_observed,0
1997,chicago,48,single_observed,0
1997,chicago,48,single_all,58
1997,chicago,48,all_observed,0
1997,chicago,49,single_observed,0
1997,chicago,49,single_all,12
1997,chicago,49,all_observed,0
1997,chicago,50,single_observed,0
1997,chicago,50,single_all,609
1997,chicago,50,all_observed,0
1997,chicago,51,single_observed,0
1997,chicago,51,single_all,12
1997,chicago,51,all_observed,0
1997,chicago,52,single_observed,0
1997,chicago,52,single_all,19
1997,chicago,52,all_observed,0
1997,chicago,53,single_observed,0
1997,chicago,53,single_all,12
1997,chicago,53,all_observed,0
1997,chicago,54,single_observed,0
1997,chicago,54,single_all,13
1997,chicago,54,all_observed,0
1997,chicago,55,single_observed,0
1997,chicago,55,single_all,78
1997,chicago,55,all_observed,0
1997,chicago,56,single_observed,0
1997,chicago,56,single_all,19
1997,chicago,56,all_observed,0
1997,chicago,57,single_observed,0
1997,chicago,57,single_all,10
1997,chicago,57,all_observed,0
1997,chicago,58,single_observed,0
1997,chicago,58,single_all,4
1997,chicago,58,all_observed,0
1997,chicago,59,single_observed,0
1997,chicago,59,single_all,3
1997,chicago,59,all_observed,0
1997,chicago,60,single_observed,0
1997,chicago,60,single_all,292
1997,chicago,60,all_observed,0
1997,chicago,61,single_observed,0
1997,chicago,61,single_all,6
1997,chicago,61,all_observed,0
1997,chicago,62,single_observed,0
1997,chicago,62,single_all,14
1997,chicago,62,all_observed,0
1997,chicago,63,single_observed,0
1997,chicago,63,single_all,6
1997,chicago,63,all_observed,0
1997,chicago,64,single_observed,0
1997,chicago,64,single_all,11
1997,chicago,64,all_observed,0
1997,chicago,65,single_observed,0
1997,chicago,65,single_all,96
1997,chicago,65,all_observed,0
1997,chicago,66,single_observed,0
1997,chicago,66,single_all,3
1997,chicago,66,all_observed,0
1997,chicago,67,single_observed,0
1997,chicago,67,single_all,10
1997,chicago,67,all_observed,0
1997,chicago,68,single_observed,0
1997,chicago,68,single_all,15
1997,chicago,68,all_observed,0
1997,chicago,69,single_observed,0
1997,chicago,69,single_all,7
1997,chicago,69,all_observed,0
1997,chicago,70,single_observed,0
1997,chicago,70,single_all,143
1997,chicago,70,all_observed,0
1997,chicago,71,single_observed,0
1997,chicago,71,single_all,4
1997,chicago,71,all_observed,0
1997,chicago,72,single_observed,0
1997,chicago,72,single_all,8
1997,chicago,72,all_observed,0
1997,chicago,73,single_observed,0
1997,chicago,73,single_all,6
1997,chicago,73,all_observed,0
1997,chicago,74,single_observed,0
1997,chicago,74,single_all,6
1997,chicago,74,all_observed,0
1997,chicago,75,single_observed,0
1997,chicago,75,single_all,162
1997,chicago,75,all_observed,0
1997,chicago,76,single_observed,0
1997,chicago,76,single_all,2
1997,chicago,76,all_observed,0
1997,chicago,77,single_observed,0
1997,chicago,77,single_all,2
1997,chicago,77,all_observed,0
1997,chicago,78,single_observed,0
1997,chicago,78,single_all,4
1997,chicago,78,all_observed,0
1997,chicago,79,single_observed,0
1997,chicago,79,single_all,3
1997,chicago,79,all_observed,0
1997,chicago,80,single_observed,0
1997,chicago,80,single_all,136
1997,chicago,80,all_observed,0
1997,cook_ex_chicago,20,single_observed,0
1997,cook_ex_chicago,20,single_all,1365
1997,cook_ex_chicago,20,all_observed,0
1997,cook_ex_chicago,21,single_observed,0
1997,cook_ex_chicago,21,single_all,69
1997,cook_ex_chicago,21,all_observed,0
1997,cook_ex_chicago,22,single_observed,0
1997,cook_ex_chicago,22,single_all,176
1997,cook_ex_chicago,22,all_observed,0
1997,cook_ex_chicago,23,single_observed,0
1997,cook_ex_chicago,23,single_all,104
1997,cook_ex_chicago,23,all_observed,0
1997,cook_ex_chicago,24,single_observed,0
1997,cook_ex_chicago,24,single_all,95
1997,cook_ex_chicago,24,all_observed,0
1997,cook_ex_chicago,25,single_observed,0
1997,cook_ex_chicago,25,single_all,874
1997,cook_ex_chicago,25,all_observed,0
1997,cook_ex_chicago,26,single_observed,0
1997,cook_ex_chicago,26,single_all,100
1997,cook_ex_chicago,26,all_observed,0
1997,cook_ex_chicago,27,single_observed,0
1997,cook_ex_chicago,27,single_all,60
1997,cook_ex_chicago,27,all_observed,0
1997,cook_ex_chicago,28,single_observed,0
1997,cook_ex_chicago,28,single_all,91
1997,cook_ex_chicago,28,all_observed,0
1997,cook_ex_chicago,29,single_observed,0
1997,cook_ex_chicago,29,single_all,43
1997,cook_ex_chicago,29,all_observed,0
1997,cook_ex_chicago,30,single_observed,0
1997,cook_ex_chicago,30,single_all,999
1997,cook_ex_chicago,30,all_observed,0
1997,cook_ex_chicago,31,single_observed,0
1997,cook_ex_chicago,31,single_all,24
1997,cook_ex_chicago,31,all_observed,0
1997,cook_ex_chicago,32,single_observed,0
1997,cook_ex_chicago,32,single_all,87
1997,cook_ex_chicago,32,all_observed,0
1997,cook_ex_chicago,33,single_observed,0
1997,cook_ex_chicago,33,single_all,47
1997,cook_ex_chicago,33,all_observed,0
1997,cook_ex_chicago,34,single_observed,0
1997,cook_ex_chicago,34,single_all,35
1997,cook_ex_chicago,34,all_observed,0
1997,cook_ex_chicago,35,single_observed,0
1997,cook_ex_chicago,35,single_all,385
1997,cook_ex_chicago,35,all_observed,0
1997,cook_ex_chicago,36,single_observed,0
1997,cook_ex_chicago,36,single_all,46
1997,cook_ex_chicago,36,all_observed,0
1997,cook_ex_chicago,37,single_observed,0
1997,cook_ex_chicago,37,single_all,22
1997,cook_ex_chicago,37,all_observed,0
1997,cook_ex_chicago,38,single_observed,0
1997,cook_ex_chicago,38,single_all,49
1997,cook_ex_chicago,38,all_observed,0
1997,cook_ex_chicago,39,single_observed,0
1997,cook_ex_chicago,39,single_all,23
1997,cook_ex_chicago,39,all_observed,0
1997,cook_ex_chicago,40,single_observed,0
1997,cook_ex_chicago,40,single_all,560
1997,cook_ex_chicago,40,all_observed,0
1997,cook_ex_chicago,41,single_observed,0
1997,cook_ex_chicago,41,single_all,11
1997,cook_ex_chicago,41,all_observed,0
1997,cook_ex_chicago,42,single_observed,0
1997,cook_ex_chicago,42,single_all,40
1997,cook_ex_chicago,42,all_observed,0
1997,cook_ex_chicago,43,single_observed,0
1997,cook_ex_chicago,43,single_all,23
1997,cook_ex_chicago,43,all_observed,0
1997,cook_ex_chicago,44,single_observed,0
1997,cook_ex_chicago,44,single_all,26
1997,cook_ex_chicago,44,all_observed,0
1997,cook_ex_chicago,45,single_observed,0
1997,cook_ex_chicago,45,single_all,227
1997,cook_ex_chicago,45,all_observed,0
1997,cook_ex_chicago,46,single_observed,0
1997,cook_ex_chicago,46,single_all,16
1997,cook_ex_chicago,46,all_observed,0
1997,cook_ex_chicago,47,single_observed,0
1997,cook_ex_chicago,47,single_all,12
1997,cook_ex_chicago,47,all_observed,0
1997,cook_ex_chicago,48,single_observed,0
1997,cook_ex_chicago,48,single_all,28
1997,cook_ex_chicago,48,all_observed,0
1997,cook_ex_chicago,49,single_observed,0
1997,cook_ex_chicago,49,single_all,20
1997,cook_ex_chicago,49,all_observed,0
1997,cook_ex_chicago,50,single_observed,0
1997,cook_ex_chicago,50,single_all,694
1997,cook_ex_chicago,50,all_observed,0
1997,cook_ex_chicago,51,single_observed,0
1997,cook_ex_chicago,51,single_all,15
1997,cook_ex_chicago,51,all_observed,0
1997,cook_ex_chicago,52,single_observed,0
1997,cook_ex_chicago,52,single_all,32
1997,cook_ex_chicago,52,all_observed,0
1997,cook_ex_chicago,53,single_observed,0
1997,cook_ex_chicago,53,single_all,8
1997,cook_ex_chicago,53,all_observed,0
1997,cook_ex_chicago,54,single_observed,0
1997,cook_ex_chicago,54,single_all,14
1997,cook_ex_chicago,54,all_observed,0
1997,cook_ex_chicago,55,single_observed,0
1997,cook_ex_chicago,55,single_all,98
1997,cook_ex_chicago,55,all_observed,0
1997,cook_ex_chicago,56,single_observed,0
1997,cook_ex_chicago,56,single_all,9
1997,cook_ex_chicago,56,all_observed,0
1997,cook_ex_chicago,57,single_observed,0
1997,cook_ex_chicago,57,single_all,13
1997,cook_ex_chicago,57,all_observed,0
1997,cook_ex_chicago,58,single_observed,0
1997,cook_ex_chicago,58,single_all,15
1997,cook_ex_chicago,58,all_observed,0
1997,cook_ex_chicago,59,single_observed,0
1997,cook_ex_chicago,59,single_all,3
1997,cook_ex_chicago,59,all_observed,0
1997,cook_ex_chicago,60,single_observed,0
1997,cook_ex_chicago,60,single_all,304
1997,cook_ex_chicago,60,all_observed,0
1997,cook_ex_chicago,61,single_observed,0
1997,cook_ex_chicago,61,single_all,5
1997,cook_ex_chicago,61,all_observed,0
1997,cook_ex_chicago,62,single_observed,0
1997,cook_ex_chicago,62,single_all,8
1997,cook_ex_chicago,62,all_observed,0
1997,cook_ex_chicago,63,single_observed,0
1997,cook_ex_chicago,63,single_all,13
1997,cook_ex_chicago,63,all_observed,0
1997,cook_ex_chicago,64,single_observed,0
1997,cook_ex_chicago,64,single_all,7
1997,cook_ex_chicago,64,all_observed,0
1997,cook_ex_chicago,65,single_observed,0
1997,cook_ex_chicago,65,single_all,95
1997,cook_ex_chicago,65,all_observed,0
1997,cook_ex_chicago,66,single_observed,0
1997,cook_ex_chicago,66,single_all,7
1997,cook_ex_chicago,66,all_observed,0
1997,cook_ex_chicago,67,single_observed,0
1997,cook_ex_chicago,67,single_all,4
1997,cook_ex_chicago,67,all_observed,0
1997,cook_ex_chicago,68,single_observed,0
1997,cook_ex_chicago,68,single_all,9
1997,cook_ex_chicago,68,all_observed,0
1997,cook_ex_chicago,69,single_observed,0
1997,cook_ex_chicago,69,single_all,3
1997,cook_ex_chicago,69,all_observed,0
1997,cook_ex_chicago,70,single_observed,0
1997,cook_ex_chicago,70,single_all,173
1997,cook_ex_chicago,70,all_observed,0
1997,cook_ex_chicago,71,single_observed,0
1997,cook_ex_chicago,71,single_all,6
1997,cook_ex_chicago,71,all_observed,0
1997,cook_ex_chicago,72,single_observed,0
1997,cook_ex_chicago,72,single_all,16
1997,cook_ex_chicago,72,all_observed,0
1997,cook_ex_chicago,73,single_observed,0
1997,cook_ex_chicago,73,single_all,9
1997,cook_ex_chicago,73,all_observed,0
1997,cook_ex_chicago,74,single_observed,0
1997,cook_ex_chicago,74,single_all,2
1997,cook_ex_chicago,74,all_observed,0
1997,cook_ex_chicago,75,single_observed,0
1997,cook_ex_chicago,75,single_all,151
1997,cook_ex_chicago,75,all_observed,0
1997,cook_ex_chicago,76,single_observed,0
1997,cook_ex_chicago,76,single_all,6
1997,cook_ex_chicago,76,all_observed,0
1997,cook_ex_chicago,77,single_observed,0
1997,cook_ex_chicago,77,single_all,5
1997,cook_ex_chicago,77,all_observed,0
1997,cook_ex_chicago,78,single_observed,0
1997,cook_ex_chicago,78,single_all,3
1997,cook_ex_chicago,78,all_observed,0
1997,cook_ex_chicago,79,single_observed,0
1997,cook_ex_chicago,79,single_all,2
1997,cook_ex_chicago,79,all_observed,0
1997,cook_ex_chicago,80,single_observed,0
1997,cook_ex_chicago,80,single_all,143
1997,cook_ex_chicago,80,all_observed,0
1997,illinois_ex_cook,20,single_observed,0
1997,illinois_ex_cook,20,single_all,3102
1997,illinois_ex_cook,20,all_observed,0
1997,illinois_ex_cook,21,single_observed,0
1997,illinois_ex_cook,21,single_all,306
1997,illinois_ex_cook,21,all_observed,0
1997,illinois_ex_cook,22,single_observed,0
1997,illinois_ex_cook,22,single_all,491
1997,illinois_ex_cook,22,all_observed,0
1997,illinois_ex_cook,23,single_observed,0
1997,illinois_ex_cook,23,single_all,349
1997,illinois_ex_cook,23,all_observed,0
1997,illinois_ex_cook,24,single_observed,0
1997,illinois_ex_cook,24,single_all,318
1997,illinois_ex_cook,24,all_observed,0
1997,illinois_ex_cook,25,single_observed,0
1997,illinois_ex_cook,25,single_all,2083
1997,illinois_ex_cook,25,all_observed,0
1997,illinois_ex_cook,26,single_observed,0
1997,illinois_ex_cook,26,single_all,237
1997,illinois_ex_cook,26,all_observed,0
1997,illinois_ex_cook,27,single_observed,0
1997,illinois_ex_cook,27,single_all,203
1997,illinois_ex_cook,27,all_observed,0
1997,illinois_ex_cook,28,single_observed,0
1997,illinois_ex_cook,28,single_all,298
1997,illinois_ex_cook,28,all_observed,0
1997,illinois_ex_cook,29,single_observed,0
1997,illinois_ex_cook,29,single_all,108
1997,illinois_ex_cook,29,all_observed,0
1997,illinois_ex_cook,30,single_observed,0
1997,illinois_ex_cook,30,single_all,2203
1997,illinois_ex_cook,30,all_observed,0
1997,illinois_ex_cook,31,single_observed,0
1997,illinois_ex_cook,31,single_all,91
1997,illinois_ex_cook,31,all_observed,0
1997,illinois_ex_cook,32,single_observed,0
1997,illinois_ex_cook,32,single_all,197
1997,illinois_ex_cook,32,all_observed,0
1997,illinois_ex_cook,33,single_observed,0
1997,illinois_ex_cook,33,single_all,112
1997,illinois_ex_cook,33,all_observed,0
1997,illinois_ex_cook,34,single_observed,0
1997,illinois_ex_cook,34,single_all,98
1997,illinois_ex_cook,34,all_observed,0
1997,illinois_ex_cook,35,single_observed,0
1997,illinois_ex_cook,35,single_all,953
1997,illinois_ex_cook,35,all_observed,0
1997,illinois_ex_cook,36,single_observed,0
1997,illinois_ex_cook,36,single_all,122
1997,illinois_ex_cook,36,all_observed,0
1997,illinois_ex_cook,37,single_observed,0
1997,illinois_ex_cook,37,single_all,99
1997,illinois_ex_cook,37,all_observed,0
1997,illinois_ex_cook,38,single_observed,0
1997,illinois_ex_cook,38,single_all,123
1997,illinois_ex_cook,38,all_observed,0
1997,illinois_ex_cook,39,single_observed,0
1997,illinois_ex_cook,39,single_all,70
1997,illinois_ex_cook,39,all_observed,0
1997,illinois_ex_cook,40,single_observed,0
1997,illinois_ex_cook,40,single_all,1306
1997,illinois_ex_cook,40,all_observed,0
1997,illinois_ex_cook,41,single_observed,0
1997,illinois_ex_cook,41,single_all,40
1997,illinois_ex_cook,41,all_observed,0
1997,illinois_ex_cook,42,single_observed,0
1997,illinois_ex_cook,42,single_all,124
1997,illinois_ex_cook,42,all_observed,0
1997,illinois_ex_cook,43,single_observed,0
1997,illinois_ex_cook,43,single_all,93
1997,illinois_ex_cook,43,all_observed,0
1997,illinois_ex_cook,44,single_observed,0
1997,illinois_ex_cook,44,single_all,57
1997,illinois_ex_cook,44,all_observed,0
1997,illinois_ex_cook,45,single_observed,0
1997,illinois_ex_cook,45,single_all,509
1997,illinois_ex_cook,45,all_observed,0
1997,illinois_ex_cook,46,single_observed,0
1997,illinois_ex_cook,46,single_all,44
1997,illinois_ex_cook,46,all_observed,0
1997,illinois_ex_cook,47,single_observed,0
1997,illinois_ex_cook,47,single_all,48
1997,illinois_ex_cook,47,all_observed,0
1997,illinois_ex_cook,48,single_observed,0
1997,illinois_ex_cook,48,single_all,86
1997,illinois_ex_cook,48,all_observed,0
1997,illinois_ex_cook,49,single_observed,0
1997,illinois_ex_cook,49,single_all,39
1997,illinois_ex_cook,49,all_observed,0
1997,illinois_ex_cook,50,single_observed,0
1997,illinois_ex_cook,50,single_all,1334
1997,illinois_ex_cook,50,all_observed,0
1997,illinois_ex_cook,51,single_observed,0
1997,illinois_ex_cook,51,single_all,23
1997,illinois_ex_cook,51,all_observed,0
1997,illinois_ex_cook,52,single_observed,0
1997,illinois_ex_cook,52,single_all,89
1997,illinois_ex_cook,52,all_observed,0
1997,illinois_ex_cook,53,single_observed,0
1997,illinois_ex_cook,53,single_all,44
1997,illinois_ex_cook,53,all_observed,0
1997,illinois_ex_cook,54,single_observed,0
1997,illinois_ex_cook,54,single_all,50
1997,illinois_ex_cook,54,all_observed,0
1997,illinois_ex_cook,55,single_observed,0
1997,illinois_ex_cook,55,single_all,258
1997,illinois_ex_cook,55,all_observed,0
1997,illinois_ex_cook,56,single_observed,0
1997,illinois_ex_cook,56,single_all,32
1997,illinois_ex_cook,56,all_observed,0
1997,illinois_ex_cook,57,single_observed,0
1997,illinois_ex_cook,57,single_all,24
1997,illinois_ex_cook,57,all_observed,0
1997,illinois_ex_cook,58,single_observed,0
1997,illinois_ex_cook,58,single_all,33
1997,illinois_ex_cook,58,all_observed,0
1997,illinois_ex_cook,59,single_observed,0
1997,illinois_ex_cook,59,single_all,16
1997,illinois_ex_cook,59,all_observed,0
1997,illinois_ex_cook,60,single_observed,0
1997,illinois_ex_cook,60,single_all,610
1997,illinois_ex_cook,60,all_observed,0
1997,illinois_ex_cook,61,single_observed,0
1997,illinois_ex_cook,61,single_all,13
1997,illinois_ex_cook,61,all_observed,0
1997,illinois_ex_cook,62,single_observed,0
1997,illinois_ex_cook,62,single_all,34
1997,illinois_ex_cook,62,all_observed,0
1997,illinois_ex_cook,63,single_observed,0
1997,illinois_ex_cook,63,single_all,33
1997,illinois_ex_cook,63,all_observed,0
1997,illinois_ex_cook,64,single_observed,0
1997,illinois_ex_cook,64,single_all,17
1997,illinois_ex_cook,64,all_observed,0
1997,illinois_ex_cook,65,single_observed,0
1997,illinois_ex_cook,65,single_all,266
1997,illinois_ex_cook,65,all_observed,0
1997,illinois_ex_cook,66,single_observed,0
1997,illinois_ex_cook,66,single_all,8
1997,illinois_ex_cook,66,all_observed,0
1997,illinois_ex_cook,67,single_observed,0
1997,illinois_ex_cook,67,single_all,20
1997,illinois_ex_cook,67,all_observed,0
1997,illinois_ex_cook,68,single_observed,0
1997,illinois_ex_cook,68,single_all,20
1997,illinois_ex_cook,68,all_observed,0
1997,illinois_ex_cook,69,single_observed,0
1997,illinois_ex_cook,69,single_all,11
1997,illinois_ex_cook,69,all_observed,0
1997,illinois_ex_cook,70,single_observed,0
1997,illinois_ex_cook,70,single_all,397
1997,illinois_ex_cook,70,all_observed,0
1997,illinois_ex_cook,71,single_observed,0
1997,illinois_ex_cook,71,single_all,7
1997,illinois_ex_cook,71,all_observed,0
1997,illinois_ex_cook,72,single_observed,0
1997,illinois_ex_cook,72,single_all,40
1997,illinois_ex_cook,72,all_observed,0
1997,illinois_ex_cook,73,single_observed,0
1997,illinois_ex_cook,73,single_all,15
1997,illinois_ex_cook,73,all_observed,0
1997,illinois_ex_cook,74,single_observed,0
1997,illinois_ex_cook,74,single_all,8
1997,illinois_ex_cook,74,all_observed,0
1997,illinois_ex_cook,75,single_observed,0
1997,illinois_ex_cook,75,single_all,329
1997,illinois_ex_cook,75,all_observed,0
1997,illinois_ex_cook,76,single_observed,0
1997,illinois_ex_cook,76,single_all,10
1997,illinois_ex_cook,76,all_observed,0
1997,illinois_ex_cook,77,single_observed,0
1997,illinois_ex_cook,77,single_all,6
1997,illinois_ex_cook,77,all_observed,0
1997,illinois_ex_cook,78,single_observed,0
1997,illinois_ex_cook,78,single_all,13
1997,illinois_ex_cook,78,all_observed,0
1997,illinois_ex_cook,79,single_observed,0
1997,illinois_ex_cook,79,single_all,11
1997,illinois_ex_cook,79,all_observed,0
1997,illinois_ex_cook,80,single_observed,0
1997,illinois_ex_cook,80,single_all,297
1997,illinois_ex_cook,80,all_observed,0
1998,chicago,20,single_observed,1249
1998,chicago,20,single_all,1250
1998,chicago,20,all_observed,1450
1998,chicago,21,single_observed,85
1998,chicago,21,single_all,85
1998,chicago,21,all_observed,113
1998,chicago,22,single_observed,170
1998,chicago,22,single_all,170
1998,chicago,22,all_observed,220
1998,chicago,23,single_observed,112
1998,chicago,23,single_all,112
1998,chicago,23,all_observed,144
1998,chicago,24,single_observed,112
1998,chicago,24,single_all,112
1998,chicago,24,all_observed,139
1998,chicago,25,single_observed,685
1998,chicago,25,single_all,685
1998,chicago,25,all_observed,812
1998,chicago,26,single_observed,71
1998,chicago,26,single_all,71
1998,chicago,26,all_observed,93
1998,chicago,27,single_observed,77
1998,chicago,27,single_all,77
1998,chicago,27,all_observed,98
1998,chicago,28,single_observed,78
1998,chicago,28,single_all,78
1998,chicago,28,all_observed,109
1998,chicago,29,single_observed,38
1998,chicago,29,single_all,38
1998,chicago,29,all_observed,52
1998,chicago,30,single_observed,758
1998,chicago,30,single_all,758
1998,chicago,30,all_observed,931
1998,chicago,31,single_observed,24
1998,chicago,31,single_all,24
1998,chicago,31,all_observed,30
1998,chicago,32,single_observed,48
1998,chicago,32,single_all,48
1998,chicago,32,all_observed,82
1998,chicago,33,single_observed,44
1998,chicago,33,single_all,44
1998,chicago,33,all_observed,71
1998,chicago,34,single_observed,42
1998,chicago,34,single_all,42
1998,chicago,34,all_observed,53
1998,chicago,35,single_observed,294
1998,chicago,35,single_all,294
1998,chicago,35,all_observed,374
1998,chicago,36,single_observed,37
1998,chicago,36,single_all,37
1998,chicago,36,all_observed,54
1998,chicago,37,single_observed,31
1998,chicago,37,single_all,31
1998,chicago,37,all_observed,39
1998,chicago,38,single_observed,24
1998,chicago,38,single_all,24
1998,chicago,38,all_observed,37
1998,chicago,39,single_observed,19
1998,chicago,39,single_all,19
1998,chicago,39,all_observed,30
1998,chicago,40,single_observed,427
1998,chicago,40,single_all,427
1998,chicago,40,all_observed,547
1998,chicago,41,single_observed,16
1998,chicago,41,single_all,16
1998,chicago,41,all_observed,22
1998,chicago,42,single_observed,37
1998,chicago,42,single_all,37
1998,chicago,42,all_observed,46
1998,chicago,43,single_observed,16
1998,chicago,43,single_all,16
1998,chicago,43,all_observed,24
1998,chicago,44,single_observed,12
1998,chicago,44,single_all,12
1998,chicago,44,all_observed,17
1998,chicago,45,single_observed,160
1998,chicago,45,single_all,160
1998,chicago,45,all_observed,218
1998,chicago,46,single_observed,15
1998,chicago,46,single_all,15
1998,chicago,46,all_observed,18
1998,chicago,47,single_observed,17
1998,chicago,47,single_all,17
1998,chicago,47,all_observed,23
1998,chicago,48,single_observed,27
1998,chicago,48,single_all,27
1998,chicago,48,all_observed,35
1998,chicago,49,single_observed,13
1998,chicago,49,single_all,13
1998,chicago,49,all_observed,15
1998,chicago,50,single_observed,569
1998,chicago,50,single_all,569
1998,chicago,50,all_observed,692
1998,chicago,51,single_observed,11
1998,chicago,51,single_all,11
1998,chicago,51,all_observed,17
1998,chicago,52,single_observed,22
1998,chicago,52,single_all,22
1998,chicago,52,all_observed,26
1998,chicago,53,single_observed,17
1998,chicago,53,single_all,17
1998,chicago,53,all_observed,21
1998,chicago,54,single_observed,10
1998,chicago,54,single_all,10
1998,chicago,54,all_observed,16
1998,chicago,55,single_observed,71
1998,chicago,55,single_all,71
1998,chicago,55,all_observed,89
1998,chicago,56,single_observed,16
1998,chicago,56,single_all,16
1998,chicago,56,all_observed,18
1998,chicago,57,single_observed,10
1998,chicago,57,single_all,10
1998,chicago,57,all_observed,12
1998,chicago,58,single_observed,8
1998,chicago,58,single_all,8
1998,chicago,58,all_observed,9
1998,chicago,59,single_observed,4
1998,chicago,59,single_all,4
1998,chicago,59,all_observed,8
1998,chicago,60,single_observed,287
1998,chicago,60,single_all,287
1998,chicago,60,all_observed,361
1998,chicago,61,single_observed,7
1998,chicago,61,single_all,7
1998,chicago,61,all_observed,11
1998,chicago,62,single_observed,17
1998,chicago,62,single_all,17
1998,chicago,62,all_observed,26
1998,chicago,63,single_observed,6
1998,chicago,63,single_all,6
1998,chicago,63,all_observed,8
1998,chicago,64,single_observed,11
1998,chicago,64,single_all,11
1998,chicago,64,all_observed,15
1998,chicago,65,single_observed,89
1998,chicago,65,single_all,89
1998,chicago,65,all_observed,112
1998,chicago,66,single_observed,7
1998,chicago,66,single_all,7
1998,chicago,66,all_observed,9
1998,chicago,67,single_observed,12
1998,chicago,67,single_all,12
1998,chicago,67,all_observed,16
1998,chicago,68,single_observed,10
1998,chicago,68,single_all,10
1998,chicago,68,all_observed,12
1998,chicago,69,single_observed,7
1998,chicago,69,single_all,7
1998,chicago,69,all_observed,9
1998,chicago,70,single_observed,150
1998,chicago,70,single_all,150
1998,chicago,70,all_observed,186
1998,chicago,71,single_observed,5
1998,chicago,71,single_all,5
1998,chicago,71,all_observed,6
1998,chicago,72,single_observed,7
1998,chicago,72,single_all,7
1998,chicago,72,all_observed,10
1998,chicago,73,single_observed,4
1998,chicago,73,single_all,4
1998,chicago,73,all_observed,4
1998,chicago,74,single_observed,4
1998,chicago,74,single_all,4
1998,chicago,74,all_observed,4
1998,chicago,75,single_observed,155
1998,chicago,75,single_all,155
1998,chicago,75,all_observed,194
1998,chicago,76,single_observed,3
1998,chicago,76,single_all,3
1998,chicago,76,all_observed,3
1998,chicago,77,single_observed,5
1998,chicago,77,single_all,5
1998,chicago,77,all_observed,7
1998,chicago,78,single_observed,6
1998,chicago,78,single_all,6
1998,chicago,78,all_observed,11
1998,chicago,79,single_observed,5
1998,chicago,79,single_all,5
1998,chicago,79,all_observed,9
1998,chicago,80,single_observed,123
1998,chicago,80,single_all,123
1998,chicago,80,all_observed,179
1998,cook_ex_chicago,20,single_observed,1319
1998,cook_ex_chicago,20,single_all,1319
1998,cook_ex_chicago,20,all_observed,1667
1998,cook_ex_chicago,21,single_observed,73
1998,cook_ex_chicago,21,single_all,73
1998,cook_ex_chicago,21,all_observed,106
1998,cook_ex_chicago,22,single_observed,177
1998,cook_ex_chicago,22,single_all,177
1998,cook_ex_chicago,22,all_observed,227
1998,cook_ex_chicago,23,single_observed,116
1998,cook_ex_chicago,23,single_all,116
1998,cook_ex_chicago,23,all_observed,152
1998,cook_ex_chicago,24,single_observed,94
1998,cook_ex_chicago,24,single_all,94
1998,cook_ex_chicago,24,all_observed,130
1998,cook_ex_chicago,25,single_observed,783
1998,cook_ex_chicago,25,single_all,784
1998,cook_ex_chicago,25,all_observed,1019
1998,cook_ex_chicago,26,single_observed,89
1998,cook_ex_chicago,26,single_all,89
1998,cook_ex_chicago,26,all_observed,121
1998,cook_ex_chicago,27,single_observed,66
1998,cook_ex_chicago,27,single_all,66
1998,cook_ex_chicago,27,all_observed,83
1998,cook_ex_chicago,28,single_observed,84
1998,cook_ex_chicago,28,single_all,84
1998,cook_ex_chicago,28,all_observed,120
1998,cook_ex_chicago,29,single_observed,34
1998,cook_ex_chicago,29,single_all,34
1998,cook_ex_chicago,29,all_observed,49
1998,cook_ex_chicago,30,single_observed,878
1998,cook_ex_chicago,30,single_all,879
1998,cook_ex_chicago,30,all_observed,1154
1998,cook_ex_chicago,31,single_observed,28
1998,cook_ex_chicago,31,single_all,28
1998,cook_ex_chicago,31,all_observed,40
1998,cook_ex_chicago,32,single_observed,89
1998,cook_ex_chicago,32,single_all,89
1998,cook_ex_chicago,32,all_observed,132
1998,cook_ex_chicago,33,single_observed,42
1998,cook_ex_chicago,33,single_all,42
1998,cook_ex_chicago,33,all_observed,72
1998,cook_ex_chicago,34,single_observed,34
1998,cook_ex_chicago,34,single_all,34
1998,cook_ex_chicago,34,all_observed,50
1998,cook_ex_chicago,35,single_observed,375
1998,cook_ex_chicago,35,single_all,375
1998,cook_ex_chicago,35,all_observed,500
1998,cook_ex_chicago,36,single_observed,47
1998,cook_ex_chicago,36,single_all,47
1998,cook_ex_chicago,36,all_observed,57
1998,cook_ex_chicago,37,single_observed,28
1998,cook_ex_chicago,37,single_all,28
1998,cook_ex_chicago,37,all_observed,36
1998,cook_ex_chicago,38,single_observed,61
1998,cook_ex_chicago,38,single_all,61
1998,cook_ex_chicago,38,all_observed,72
1998,cook_ex_chicago,39,single_observed,23
1998,cook_ex_chicago,39,single_all,23
1998,cook_ex_chicago,39,all_observed,29
1998,cook_ex_chicago,40,single_observed,503
1998,cook_ex_chicago,40,single_all,503
1998,cook_ex_chicago,40,all_observed,696
1998,cook_ex_chicago,41,single_observed,13
1998,cook_ex_chicago,41,single_all,13
1998,cook_ex_chicago,41,all_observed,21
1998,cook_ex_chicago,42,single_observed,32
1998,cook_ex_chicago,42,single_all,32
1998,cook_ex_chicago,42,all_observed,55
1998,cook_ex_chicago,43,single_observed,17
1998,cook_ex_chicago,43,single_all,17
1998,cook_ex_chicago,43,all_observed,30
1998,cook_ex_chicago,44,single_observed,28
1998,cook_ex_chicago,44,single_all,28
1998,cook_ex_chicago,44,all_observed,35
1998,cook_ex_chicago,45,single_observed,242
1998,cook_ex_chicago,45,single_all,242
1998,cook_ex_chicago,45,all_observed,320
1998,cook_ex_chicago,46,single_observed,15
1998,cook_ex_chicago,46,single_all,15
1998,cook_ex_chicago,46,all_observed,24
1998,cook_ex_chicago,47,single_observed,16
1998,cook_ex_chicago,47,single_all,16
1998,cook_ex_chicago,47,all_observed,26
1998,cook_ex_chicago,48,single_observed,31
1998,cook_ex_chicago,48,single_all,31
1998,cook_ex_chicago,48,all_observed,46
1998,cook_ex_chicago,49,single_observed,21
1998,cook_ex_chicago,49,single_all,21
1998,cook_ex_chicago,49,all_observed,29
1998,cook_ex_chicago,50,single_observed,704
1998,cook_ex_chicago,50,single_all,706
1998,cook_ex_chicago,50,all_observed,915
1998,cook_ex_chicago,51,single_observed,16
1998,cook_ex_chicago,51,single_all,16
1998,cook_ex_chicago,51,all_observed,19
1998,cook_ex_chicago,52,single_observed,23
1998,cook_ex_chicago,52,single_all,23
1998,cook_ex_chicago,52,all_observed,33
1998,cook_ex_chicago,53,single_observed,6
1998,cook_ex_chicago,53,single_all,6
1998,cook_ex_chicago,53,all_observed,14
1998,cook_ex_chicago,54,single_observed,22
1998,cook_ex_chicago,54,single_all,22
1998,cook_ex_chicago,54,all_observed,26
1998,cook_ex_chicago,55,single_observed,97
1998,cook_ex_chicago,55,single_all,97
1998,cook_ex_chicago,55,all_observed,127
1998,cook_ex_chicago,56,single_observed,13
1998,cook_ex_chicago,56,single_all,13
1998,cook_ex_chicago,56,all_observed,19
1998,cook_ex_chicago,57,single_observed,9
1998,cook_ex_chicago,57,single_all,9
1998,cook_ex_chicago,57,all_observed,16
1998,cook_ex_chicago,58,single_observed,17
1998,cook_ex_chicago,58,single_all,17
1998,cook_ex_chicago,58,all_observed,23
1998,cook_ex_chicago,59,single_observed,5
1998,cook_ex_chicago,59,single_all,5
1998,cook_ex_chicago,59,all_observed,7
1998,cook_ex_chicago,60,single_observed,293
1998,cook_ex_chicago,60,single_all,293
1998,cook_ex_chicago,60,all_observed,406
1998,cook_ex_chicago,61,single_observed,6
1998,cook_ex_chicago,61,single_all,6
1998,cook_ex_chicago,61,all_observed,6
1998,cook_ex_chicago,62,single_observed,10
1998,cook_ex_chicago,62,single_all,10
1998,cook_ex_chicago,62,all_observed,14
1998,cook_ex_chicago,63,single_observed,13
1998,cook_ex_chicago,63,single_all,13
1998,cook_ex_chicago,63,all_observed,16
1998,cook_ex_chicago,64,single_observed,8
1998,cook_ex_chicago,64,single_all,8
1998,cook_ex_chicago,64,all_observed,10
1998,cook_ex_chicago,65,single_observed,110
1998,cook_ex_chicago,65,single_all,110
1998,cook_ex_chicago,65,all_observed,149
1998,cook_ex_chicago,66,single_observed,11
1998,cook_ex_chicago,66,single_all,11
1998,cook_ex_chicago,66,all_observed,12
1998,cook_ex_chicago,67,single_observed,6
1998,cook_ex_chicago,67,single_all,6
1998,cook_ex_chicago,67,all_observed,6
1998,cook_ex_chicago,68,single_observed,5
1998,cook_ex_chicago,68,single_all,5
1998,cook_ex_chicago,68,all_observed,6
1998,cook_ex_chicago,69,single_observed,5
1998,cook_ex_chicago,69,single_all,5
1998,cook_ex_chicago,69,all_observed,10
1998,cook_ex_chicago,70,single_observed,181
1998,cook_ex_chicago,70,single_all,181
1998,cook_ex_chicago,70,all_observed,239
1998,cook_ex_chicago,71,single_observed,4
1998,cook_ex_chicago,71,single_all,4
1998,cook_ex_chicago,71,all_observed,6
1998,cook_ex_chicago,72,single_observed,7
1998,cook_ex_chicago,72,single_all,7
1998,cook_ex_chicago,72,all_observed,14
1998,cook_ex_chicago,73,single_observed,8
1998,cook_ex_chicago,73,single_all,8
1998,cook_ex_chicago,73,all_observed,9
1998,cook_ex_chicago,74,single_observed,4
1998,cook_ex_chicago,74,single_all,4
1998,cook_ex_chicago,74,all_observed,5
1998,cook_ex_chicago,75,single_observed,152
1998,cook_ex_chicago,75,single_all,152
1998,cook_ex_chicago,75,all_observed,207
1998,cook_ex_chicago,76,single_observed,5
1998,cook_ex_chicago,76,single_all,5
1998,cook_ex_chicago,76,all_observed,7
1998,cook_ex_chicago,77,single_observed,4
1998,cook_ex_chicago,77,single_all,4
1998,cook_ex_chicago,77,all_observed,5
1998,cook_ex_chicago,78,single_observed,3
1998,cook_ex_chicago,78,single_all,3
1998,cook_ex_chicago,78,all_observed,4
1998,cook_ex_chicago,79,single_observed,1
1998,cook_ex_chicago,79,single_all,1
1998,cook_ex_chicago,79,all_observed,2
1998,cook_ex_chicago,80,single_observed,144
1998,cook_ex_chicago,80,single_all,144
1998,cook_ex_chicago,80,all_observed,196
1998,illinois_ex_cook,20,single_observed,2962
1998,illinois_ex_cook,20,single_all,2963
1998,illinois_ex_cook,20,all_observed,3796
1998,illinois_ex_cook,21,single_observed,336
1998,illinois_ex_cook,21,single_all,337
1998,illinois_ex_cook,21,all_observed,453
1998,illinois_ex_cook,22,single_observed,486
1998,illinois_ex_cook,22,single_all,486
1998,illinois_ex_cook,22,all_observed,679
1998,illinois_ex_cook,23,single_observed,339
1998,illinois_ex_cook,23,single_all,340
1998,illinois_ex_cook,23,all_observed,473
1998,illinois_ex_cook,24,single_observed,345
1998,illinois_ex_cook,24,single_all,345
1998,illinois_ex_cook,24,all_observed,468
1998,illinois_ex_cook,25,single_observed,1989
1998,illinois_ex_cook,25,single_all,1989
1998,illinois_ex_cook,25,all_observed,2575
1998,illinois_ex_cook,26,single_observed,243
1998,illinois_ex_cook,26,single_all,243
1998,illinois_ex_cook,26,all_observed,329
1998,illinois_ex_cook,27,single_observed,219
1998,illinois_ex_cook,27,single_all,219
1998,illinois_ex_cook,27,all_observed,335
1998,illinois_ex_cook,28,single_observed,289
1998,illinois_ex_cook,28,single_all,290
1998,illinois_ex_cook,28,all_observed,385
1998,illinois_ex_cook,29,single_observed,118
1998,illinois_ex_cook,29,single_all,118
1998,illinois_ex_cook,29,all_observed,164
1998,illinois_ex_cook,30,single_observed,1960
1998,illinois_ex_cook,30,single_all,1961
1998,illinois_ex_cook,30,all_observed,2618
1998,illinois_ex_cook,31,single_observed,83
1998,illinois_ex_cook,31,single_all,84
1998,illinois_ex_cook,31,all_observed,140
1998,illinois_ex_cook,32,single_observed,222
1998,illinois_ex_cook,32,single_all,222
1998,illinois_ex_cook,32,all_observed,327
1998,illinois_ex_cook,33,single_observed,118
1998,illinois_ex_cook,33,single_all,118
1998,illinois_ex_cook,33,all_observed,169
1998,illinois_ex_cook,34,single_observed,91
1998,illinois_ex_cook,34,single_all,91
1998,illinois_ex_cook,34,all_observed,141
1998,illinois_ex_cook,35,single_observed,990
1998,illinois_ex_cook,35,single_all,990
1998,illinois_ex_cook,35,all_observed,1291
1998,illinois_ex_cook,36,single_observed,129
1998,illinois_ex_cook,36,single_all,129
1998,illinois_ex_cook,36,all_observed,174
1998,illinois_ex_cook,37,single_observed,104
1998,illinois_ex_cook,37,single_all,105
1998,illinois_ex_cook,37,all_observed,147
1998,illinois_ex_cook,38,single_observed,140
1998,illinois_ex_cook,38,single_all,140
1998,illinois_ex_cook,38,all_observed,187
1998,illinois_ex_cook,39,single_observed,56
1998,illinois_ex_cook,39,single_all,56
1998,illinois_ex_cook,39,all_observed,81
1998,illinois_ex_cook,40,single_observed,1217
1998,illinois_ex_cook,40,single_all,1218
1998,illinois_ex_cook,40,all_observed,1580
1998,illinois_ex_cook,41,single_observed,41
1998,illinois_ex_cook,41,single_all,41
1998,illinois_ex_cook,41,all_observed,57
1998,illinois_ex_cook,42,single_observed,127
1998,illinois_ex_cook,42,single_all,127
1998,illinois_ex_cook,42,all_observed,169
1998,illinois_ex_cook,43,single_observed,71
1998,illinois_ex_cook,43,single_all,71
1998,illinois_ex_cook,43,all_observed,108
1998,illinois_ex_cook,44,single_observed,50
1998,illinois_ex_cook,44,single_all,50
1998,illinois_ex_cook,44,all_observed,69
1998,illinois_ex_cook,45,single_observed,537
1998,illinois_ex_cook,45,single_all,537
1998,illinois_ex_cook,45,all_observed,732
1998,illinois_ex_cook,46,single_observed,40
1998,illinois_ex_cook,46,single_all,40
1998,illinois_ex_cook,46,all_observed,52
1998,illinois_ex_cook,47,single_observed,67
1998,illinois_ex_cook,47,single_all,67
1998,illinois_ex_cook,47,all_observed,87
1998,illinois_ex_cook,48,single_observed,76
1998,illinois_ex_cook,48,single_all,76
1998,illinois_ex_cook,48,all_observed,109
1998,illinois_ex_cook,49,single_observed,46
1998,illinois_ex_cook,49,single_all,46
1998,illinois_ex_cook,49,all_observed,66
1998,illinois_ex_cook,50,single_observed,1319
1998,illinois_ex_cook,50,single_all,1324
1998,illinois_ex_cook,50,all_observed,1746
1998,illinois_ex_cook,51,single_observed,24
1998,illinois_ex_cook,51,single_all,24
1998,illinois_ex_cook,51,all_observed,35
1998,illinois_ex_cook,52,single_observed,79
1998,illinois_ex_cook,52,single_all,79
1998,illinois_ex_cook,52,all_observed,111
1998,illinois_ex_cook,53,single_observed,34
1998,illinois_ex_cook,53,single_all,34
1998,illinois_ex_cook,53,all_observed,50
1998,illinois_ex_cook,54,single_observed,42
1998,illinois_ex_cook,54,single_all,42
1998,illinois_ex_cook,54,all_observed,57
1998,illinois_ex_cook,55,single_observed,277
1998,illinois_ex_cook,55,single_all,277
1998,illinois_ex_cook,55,all_observed,368
1998,illinois_ex_cook,56,single_observed,32
1998,illinois_ex_cook,56,single_all,32
1998,illinois_ex_cook,56,all_observed,46
1998,illinois_ex_cook,57,single_observed,19
1998,illinois_ex_cook,57,single_all,19
1998,illinois_ex_cook,57,all_observed,28
1998,illinois_ex_cook,58,single_observed,30
1998,illinois_ex_cook,58,single_all,30
1998,illinois_ex_cook,58,all_observed,42
1998,illinois_ex_cook,59,single_observed,16
1998,illinois_ex_cook,59,single_all,16
1998,illinois_ex_cook,59,all_observed,18
1998,illinois_ex_cook,60,single_observed,638
1998,illinois_ex_cook,60,single_all,638
1998,illinois_ex_cook,60,all_observed,895
1998,illinois_ex_cook,61,single_observed,10
1998,illinois_ex_cook,61,single_all,10
1998,illinois_ex_cook,61,all_observed,15
1998,illinois_ex_cook,62,single_observed,42
1998,illinois_ex_cook,62,single_all,42
1998,illinois_ex_cook,62,all_observed,54
1998,illinois_ex_cook,63,single_observed,46
1998,illinois_ex_cook,63,single_all,46
1998,illinois_ex_cook,63,all_observed,56
1998,illinois_ex_cook,64,single_observed,18
1998,illinois_ex_cook,64,single_all,18
1998,illinois_ex_cook,64,all_observed,29
1998,illinois_ex_cook,65,single_observed,276
1998,illinois_ex_cook,65,single_all,276
1998,illinois_ex_cook,65,all_observed,385
1998,illinois_ex_cook,66,single_observed,8
1998,illinois_ex_cook,66,single_all,8
1998,illinois_ex_cook,66,all_observed,17
1998,illinois_ex_cook,67,single_observed,25
1998,illinois_ex_cook,67,single_all,25
1998,illinois_ex_cook,67,all_observed,36
1998,illinois_ex_cook,68,single_observed,18
1998,illinois_ex_cook,68,single_all,18
1998,illinois_ex_cook,68,all_observed,31
1998,illinois_ex_cook,69,single_observed,14
1998,illinois_ex_cook,69,single_all,14
1998,illinois_ex_cook,69,all_observed,18
1998,illinois_ex_cook,70,single_observed,367
1998,illinois_ex_cook,70,single_all,367
1998,illinois_ex_cook,70,all_observed,515
1998,illinois_ex_cook,71,single_observed,9
1998,illinois_ex_cook,71,single_all,9
1998,illinois_ex_cook,71,all_observed,12
1998,illinois_ex_cook,72,single_observed,21
1998,illinois_ex_cook,72,single_all,21
1998,illinois_ex_cook,72,all_observed,31
1998,illinois_ex_cook,73,single_observed,20
1998,illinois_ex_cook,73,single_all,20
1998,illinois_ex_cook,73,all_observed,25
1998,illinois_ex_cook,74,single_observed,8
1998,illinois_ex_cook,74,single_all,8
1998,illinois_ex_cook,74,all_observed,15
1998,illinois_ex_cook,75,single_observed,350
1998,illinois_ex_cook,75,single_all,350
1998,illinois_ex_cook,75,all_observed,476
1998,illinois_ex_cook,76,single_observed,8
1998,illinois_ex_cook,76,single_all,8
1998,illinois_ex_cook,76,all_observed,15
1998,illinois_ex_cook,77,single_observed,5
1998,illinois_ex_cook,77,single_all,5
1998,illinois_ex_cook,77,all_observed,9
1998,illinois_ex_cook,78,single_observed,17
1998,illinois_ex_cook,78,single_all,17
1998,illinois_ex_cook,78,all_observed,22
1998,illinois_ex_cook,79,single_observed,9
1998,illinois_ex_cook,79,single_all,9
1998,illinois_ex_cook,79,all_observed,14
1998,illinois_ex_cook,80,single_observed,324
1998,illinois_ex_cook,80,single_all,324
1998,illinois_ex_cook,80,all_observed,451
1999,chicago,20,single_observed,1279
1999,chicago,20,single_all,1281
1999,chicago,20,all_observed,1481
1999,chicago,21,single_observed,90
1999,chicago,21,single_all,90
1999,chicago,21,all_observed,116
1999,chicago,22,single_observed,162
1999,chicago,22,single_all,162
1999,chicago,22,all_observed,207
1999,chicago,23,single_observed,104
1999,chicago,23,single_all,104
1999,chicago,23,all_observed,143
1999,chicago,24,single_observed,112
1999,chicago,24,single_all,112
1999,chicago,24,all_observed,136
1999,chicago,25,single_observed,726
1999,chicago,25,single_all,726
1999,chicago,25,all_observed,858
1999,chicago,26,single_observed,77
1999,chicago,26,single_all,77
1999,chicago,26,all_observed,102
1999,chicago,27,single_observed,85
1999,chicago,27,single_all,86
1999,chicago,27,all_observed,104
1999,chicago,28,single_observed,82
1999,chicago,28,single_all,82
1999,chicago,28,all_observed,112
1999,chicago,29,single_observed,30
1999,chicago,29,single_all,30
1999,chicago,29,all_observed,47
1999,chicago,30,single_observed,820
1999,chicago,30,single_all,821
1999,chicago,30,all_observed,997
1999,chicago,31,single_observed,26
1999,chicago,31,single_all,26
1999,chicago,31,all_observed,34
1999,chicago,32,single_observed,54
1999,chicago,32,single_all,54
1999,chicago,32,all_observed,82
1999,chicago,33,single_observed,44
1999,chicago,33,single_all,44
1999,chicago,33,all_observed,64
1999,chicago,34,single_observed,37
1999,chicago,34,single_all,37
1999,chicago,34,all_observed,50
1999,chicago,35,single_observed,318
1999,chicago,35,single_all,318
1999,chicago,35,all_observed,401
1999,chicago,36,single_observed,41
1999,chicago,36,single_all,41
1999,chicago,36,all_observed,55
1999,chicago,37,single_observed,22
1999,chicago,37,single_all,22
1999,chicago,37,all_observed,29
1999,chicago,38,single_observed,22
1999,chicago,38,single_all,22
1999,chicago,38,all_observed,34
1999,chicago,39,single_observed,19
1999,chicago,39,single_all,19
1999,chicago,39,all_observed,30
1999,chicago,40,single_observed,482
1999,chicago,40,single_all,482
1999,chicago,40,all_observed,611
1999,chicago,41,single_observed,16
1999,chicago,41,single_all,16
1999,chicago,41,all_observed,21
1999,chicago,42,single_observed,42
1999,chicago,42,single_all,42
1999,chicago,42,all_observed,55
1999,chicago,43,single_observed,20
1999,chicago,43,single_all,20
1999,chicago,43,all_observed,24
1999,chicago,44,single_observed,14
1999,chicago,44,single_all,14
1999,chicago,44,all_observed,18
1999,chicago,45,single_observed,165
1999,chicago,45,single_all,165
1999,chicago,45,all_observed,223
1999,chicago,46,single_observed,13
1999,chicago,46,single_all,13
1999,chicago,46,all_observed,16
1999,chicago,47,single_observed,15
1999,chicago,47,single_all,15
1999,chicago,47,all_observed,18
1999,chicago,48,single_observed,28
1999,chicago,48,single_all,28
1999,chicago,48,all_observed,37
1999,chicago,49,single_observed,13
1999,chicago,49,single_all,13
1999,chicago,49,all_observed,14
1999,chicago,50,single_observed,589
1999,chicago,50,single_all,590
1999,chicago,50,all_observed,699
1999,chicago,51,single_observed,10
1999,chicago,51,single_all,10
1999,chicago,51,all_observed,19
1999,chicago,52,single_observed,28
1999,chicago,52,single_all,28
1999,chicago,52,all_observed,34
1999,chicago,53,single_observed,17
1999,chicago,53,single_all,17
1999,chicago,53,all_observed,22
1999,chicago,54,single_observed,18
1999,chicago,54,single_all,18
1999,chicago,54,all_observed,23
1999,chicago,55,single_observed,82
1999,chicago,55,single_all,82
1999,chicago,55,all_observed,106
1999,chicago,56,single_observed,13
1999,chicago,56,single_all,13
1999,chicago,56,all_observed,16
1999,chicago,57,single_observed,13
1999,chicago,57,single_all,13
1999,chicago,57,all_observed,14
1999,chicago,58,single_observed,8
1999,chicago,58,single_all,8
1999,chicago,58,all_observed,8
1999,chicago,59,single_observed,4
1999,chicago,59,single_all,4
1999,chicago,59,all_observed,8
1999,chicago,60,single_observed,285
1999,chicago,60,single_all,285
1999,chicago,60,all_observed,358
1999,chicago,61,single_observed,7
1999,chicago,61,single_all,7
1999,chicago,61,all_observed,9
1999,chicago,62,single_observed,13
1999,chicago,62,single_all,13
1999,chicago,62,all_observed,18
1999,chicago,63,single_observed,5
1999,chicago,63,single_all,5
1999,chicago,63,all_observed,7
1999,chicago,64,single_observed,11
1999,chicago,64,single_all,11
1999,chicago,64,all_observed,14
1999,chicago,65,single_observed,96
1999,chicago,65,single_all,96
1999,chicago,65,all_observed,124
1999,chicago,66,single_observed,8
1999,chicago,66,single_all,8
1999,chicago,66,all_observed,11
1999,chicago,67,single_observed,10
1999,chicago,67,single_all,10
1999,chicago,67,all_observed,14
1999,chicago,68,single_observed,7
1999,chicago,68,single_all,7
1999,chicago,68,all_observed,9
1999,chicago,69,single_observed,5
1999,chicago,69,single_all,5
1999,chicago,69,all_observed,6
1999,chicago,70,single_observed,156
1999,chicago,70,single_all,156
1999,chicago,70,all_observed,198
1999,chicago,71,single_observed,5
1999,chicago,71,single_all,5
1999,chicago,71,all_observed,8
1999,chicago,72,single_observed,8
1999,chicago,72,single_all,8
1999,chicago,72,all_observed,12
1999,chicago,73,single_observed,3
1999,chicago,73,single_all,3
1999,chicago,73,all_observed,4
1999,chicago,74,single_observed,3
1999,chicago,74,single_all,3
1999,chicago,74,all_observed,4
1999,chicago,75,single_observed,163
1999,chicago,75,single_all,163
1999,chicago,75,all_observed,200
1999,chicago,76,single_observed,2
1999,chicago,76,single_all,2
1999,chicago,76,all_observed,3
1999,chicago,77,single_observed,5
1999,chicago,77,single_all,5
1999,chicago,77,all_observed,7
1999,chicago,78,single_observed,7
1999,chicago,78,single_all,7
1999,chicago,78,all_observed,11
1999,chicago,79,single_observed,3
1999,chicago,79,single_all,3
1999,chicago,79,all_observed,6
1999,chicago,80,single_observed,138
1999,chicago,80,single_all,138
1999,chicago,80,all_observed,188
1999,cook_ex_chicago,20,single_observed,1307
1999,cook_ex_chicago,20,single_all,1307
1999,cook_ex_chicago,20,all_observed,1634
1999,cook_ex_chicago,21,single_observed,82
1999,cook_ex_chicago,21,single_all,82
1999,cook_ex_chicago,21,all_observed,116
1999,cook_ex_chicago,22,single_observed,175
1999,cook_ex_chicago,22,single_all,175
1999,cook_ex_chicago,22,all_observed,240
1999,cook_ex_chicago,23,single_observed,107
1999,cook_ex_chicago,23,single_all,107
1999,cook_ex_chicago,23,all_observed,145
1999,cook_ex_chicago,24,single_observed,103
1999,cook_ex_chicago,24,single_all,103
1999,cook_ex_chicago,24,all_observed,135
1999,cook_ex_chicago,25,single_observed,786
1999,cook_ex_chicago,25,single_all,786
1999,cook_ex_chicago,25,all_observed,1029
1999,cook_ex_chicago,26,single_observed,91
1999,cook_ex_chicago,26,single_all,91
1999,cook_ex_chicago,26,all_observed,120
1999,cook_ex_chicago,27,single_observed,71
1999,cook_ex_chicago,27,single_all,71
1999,cook_ex_chicago,27,all_observed,90
1999,cook_ex_chicago,28,single_observed,69
1999,cook_ex_chicago,28,single_all,69
1999,cook_ex_chicago,28,all_observed,112
1999,cook_ex_chicago,29,single_observed,36
1999,cook_ex_chicago,29,single_all,36
1999,cook_ex_chicago,29,all_observed,55
1999,cook_ex_chicago,30,single_observed,900
1999,cook_ex_chicago,30,single_all,900
1999,cook_ex_chicago,30,all_observed,1178
1999,cook_ex_chicago,31,single_observed,33
1999,cook_ex_chicago,31,single_all,33
1999,cook_ex_chicago,31,all_observed,44
1999,cook_ex_chicago,32,single_observed,77
1999,cook_ex_chicago,32,single_all,77
1999,cook_ex_chicago,32,all_observed,118
1999,cook_ex_chicago,33,single_observed,45
1999,cook_ex_chicago,33,single_all,45
1999,cook_ex_chicago,33,all_observed,73
1999,cook_ex_chicago,34,single_observed,36
1999,cook_ex_chicago,34,single_all,36
1999,cook_ex_chicago,34,all_observed,51
1999,cook_ex_chicago,35,single_observed,369
1999,cook_ex_chicago,35,single_all,369
1999,cook_ex_chicago,35,all_observed,504
1999,cook_ex_chicago,36,single_observed,44
1999,cook_ex_chicago,36,single_all,44
1999,cook_ex_chicago,36,all_observed,58
1999,cook_ex_chicago,37,single_observed,27
1999,cook_ex_chicago,37,single_all,27
1999,cook_ex_chicago,37,all_observed,34
1999,cook_ex_chicago,38,single_observed,56
1999,cook_ex_chicago,38,single_all,56
1999,cook_ex_chicago,38,all_observed,70
1999,cook_ex_chicago,39,single_observed,27
1999,cook_ex_chicago,39,single_all,27
1999,cook_ex_chicago,39,all_observed,30
1999,cook_ex_chicago,40,single_observed,501
1999,cook_ex_chicago,40,single_all,501
1999,cook_ex_chicago,40,all_observed,680
1999,cook_ex_chicago,41,single_observed,16
1999,cook_ex_chicago,41,single_all,16
1999,cook_ex_chicago,41,all_observed,22
1999,cook_ex_chicago,42,single_observed,42
1999,cook_ex_chicago,42,single_all,42
1999,cook_ex_chicago,42,all_observed,58
1999,cook_ex_chicago,43,single_observed,24
1999,cook_ex_chicago,43,single_all,24
1999,cook_ex_chicago,43,all_observed,31
1999,cook_ex_chicago,44,single_observed,27
1999,cook_ex_chicago,44,single_all,27
1999,cook_ex_chicago,44,all_observed,35
1999,cook_ex_chicago,45,single_observed,234
1999,cook_ex_chicago,45,single_all,234
1999,cook_ex_chicago,45,all_observed,312
1999,cook_ex_chicago,46,single_observed,17
1999,cook_ex_chicago,46,single_all,17
1999,cook_ex_chicago,46,all_observed,25
1999,cook_ex_chicago,47,single_observed,15
1999,cook_ex_chicago,47,single_all,15
1999,cook_ex_chicago,47,all_observed,23
1999,cook_ex_chicago,48,single_observed,35
1999,cook_ex_chicago,48,single_all,35
1999,cook_ex_chicago,48,all_observed,49
1999,cook_ex_chicago,49,single_observed,23
1999,cook_ex_chicago,49,single_all,23
1999,cook_ex_chicago,49,all_observed,34
1999,cook_ex_chicago,50,single_observed,685
1999,cook_ex_chicago,50,single_all,685
1999,cook_ex_chicago,50,all_observed,882
1999,cook_ex_chicago,51,single_observed,18
1999,cook_ex_chicago,51,single_all,18
1999,cook_ex_chicago,51,all_observed,20
1999,cook_ex_chicago,52,single_observed,20
1999,cook_ex_chicago,52,single_all,20
1999,cook_ex_chicago,52,all_observed,31
1999,cook_ex_chicago,53,single_observed,7
1999,cook_ex_chicago,53,single_all,7
1999,cook_ex_chicago,53,all_observed,16
1999,cook_ex_chicago,54,single_observed,20
1999,cook_ex_chicago,54,single_all,20
1999,cook_ex_chicago,54,all_observed,25
1999,cook_ex_chicago,55,single_observed,93
1999,cook_ex_chicago,55,single_all,93
1999,cook_ex_chicago,55,all_observed,116
1999,cook_ex_chicago,56,single_observed,13
1999,cook_ex_chicago,56,single_all,13
1999,cook_ex_chicago,56,all_observed,22
1999,cook_ex_chicago,57,single_observed,6
1999,cook_ex_chicago,57,single_all,6
1999,cook_ex_chicago,57,all_observed,12
1999,cook_ex_chicago,58,single_observed,17
1999,cook_ex_chicago,58,single_all,17
1999,cook_ex_chicago,58,all_observed,23
1999,cook_ex_chicago,59,single_observed,3
1999,cook_ex_chicago,59,single_all,3
1999,cook_ex_chicago,59,all_observed,4
1999,cook_ex_chicago,60,single_observed,276
1999,cook_ex_chicago,60,single_all,276
1999,cook_ex_chicago,60,all_observed,381
1999,cook_ex_chicago,61,single_observed,5
1999,cook_ex_chicago,61,single_all,5
1999,cook_ex_chicago,61,all_observed,5
1999,cook_ex_chicago,62,single_observed,15
1999,cook_ex_chicago,62,single_all,15
1999,cook_ex_chicago,62,all_observed,18
1999,cook_ex_chicago,63,single_observed,11
1999,cook_ex_chicago,63,single_all,11
1999,cook_ex_chicago,63,all_observed,16
1999,cook_ex_chicago,64,single_observed,7
1999,cook_ex_chicago,64,single_all,7
1999,cook_ex_chicago,64,all_observed,10
1999,cook_ex_chicago,65,single_observed,122
1999,cook_ex_chicago,65,single_all,122
1999,cook_ex_chicago,65,all_observed,171
1999,cook_ex_chicago,66,single_observed,9
1999,cook_ex_chicago,66,single_all,9
1999,cook_ex_chicago,66,all_observed,10
1999,cook_ex_chicago,67,single_observed,6
1999,cook_ex_chicago,67,single_all,6
1999,cook_ex_chicago,67,all_observed,7
1999,cook_ex_chicago,68,single_observed,10
1999,cook_ex_chicago,68,single_all,10
1999,cook_ex_chicago,68,all_observed,13
1999,cook_ex_chicago,69,single_observed,4
1999,cook_ex_chicago,69,single_all,4
1999,cook_ex_chicago,69,all_observed,9
1999,cook_ex_chicago,70,single_observed,165
1999,cook_ex_chicago,70,single_all,165
1999,cook_ex_chicago,70,all_observed,219
1999,cook_ex_chicago,71,single_observed,4
1999,cook_ex_chicago,71,single_all,4
1999,cook_ex_chicago,71,all_observed,6
1999,cook_ex_chicago,72,single_observed,10
1999,cook_ex_chicago,72,single_all,10
1999,cook_ex_chicago,72,all_observed,19
1999,cook_ex_chicago,73,single_observed,4
1999,cook_ex_chicago,73,single_all,4
1999,cook_ex_chicago,73,all_observed,6
1999,cook_ex_chicago,74,single_observed,4
1999,cook_ex_chicago,74,single_all,4
1999,cook_ex_chicago,74,all_observed,4
1999,cook_ex_chicago,75,single_observed,157
1999,cook_ex_chicago,75,single_all,157
1999,cook_ex_chicago,75,all_observed,209
1999,cook_ex_chicago,76,single_observed,5
1999,cook_ex_chicago,76,single_all,5
1999,cook_ex_chicago,76,all_observed,5
1999,cook_ex_chicago,77,single_observed,5
1999,cook_ex_chicago,77,single_all,5
1999,cook_ex_chicago,77,all_observed,7
1999,cook_ex_chicago,78,single_observed,3
1999,cook_ex_chicago,78,single_all,3
1999,cook_ex_chicago,78,all_observed,7
1999,cook_ex_chicago,79,single_observed,5
1999,cook_ex_chicago,79,single_all,5
1999,cook_ex_chicago,79,all_observed,6
1999,cook_ex_chicago,80,single_observed,153
1999,cook_ex_chicago,80,single_all,153
1999,cook_ex_chicago,80,all_observed,209
1999,illinois_ex_cook,20,single_observed,3042
1999,illinois_ex_cook,20,single_all,3044
1999,illinois_ex_cook,20,all_observed,3858
1999,illinois_ex_cook,21,single_observed,336
1999,illinois_ex_cook,21,single_all,336
1999,illinois_ex_cook,21,all_observed,468
1999,illinois_ex_cook,22,single_observed,529
1999,illinois_ex_cook,22,single_all,529
1999,illinois_ex_cook,22,all_observed,732
1999,illinois_ex_cook,23,single_observed,345
1999,illinois_ex_cook,23,single_all,345
1999,illinois_ex_cook,23,all_observed,486
1999,illinois_ex_cook,24,single_observed,354
1999,illinois_ex_cook,24,single_all,354
1999,illinois_ex_cook,24,all_observed,480
1999,illinois_ex_cook,25,single_observed,2055
1999,illinois_ex_cook,25,single_all,2055
1999,illinois_ex_cook,25,all_observed,2637
1999,illinois_ex_cook,26,single_observed,245
1999,illinois_ex_cook,26,single_all,245
1999,illinois_ex_cook,26,all_observed,339
1999,illinois_ex_cook,27,single_observed,219
1999,illinois_ex_cook,27,single_all,219
1999,illinois_ex_cook,27,all_observed,337
1999,illinois_ex_cook,28,single_observed,282
1999,illinois_ex_cook,28,single_all,282
1999,illinois_ex_cook,28,all_observed,394
1999,illinois_ex_cook,29,single_observed,125
1999,illinois_ex_cook,29,single_all,125
1999,illinois_ex_cook,29,all_observed,178
1999,illinois_ex_cook,30,single_observed,1982
1999,illinois_ex_cook,30,single_all,1983
1999,illinois_ex_cook,30,all_observed,2660
1999,illinois_ex_cook,31,single_observed,83
1999,illinois_ex_cook,31,single_all,83
1999,illinois_ex_cook,31,all_observed,128
1999,illinois_ex_cook,32,single_observed,228
1999,illinois_ex_cook,32,single_all,228
1999,illinois_ex_cook,32,all_observed,328
1999,illinois_ex_cook,33,single_observed,127
1999,illinois_ex_cook,33,single_all,127
1999,illinois_ex_cook,33,all_observed,182
1999,illinois_ex_cook,34,single_observed,105
1999,illinois_ex_cook,34,single_all,105
1999,illinois_ex_cook,34,all_observed,161
1999,illinois_ex_cook,35,single_observed,1003
1999,illinois_ex_cook,35,single_all,1003
1999,illinois_ex_cook,35,all_observed,1299
1999,illinois_ex_cook,36,single_observed,121
1999,illinois_ex_cook,36,single_all,121
1999,illinois_ex_cook,36,all_observed,165
1999,illinois_ex_cook,37,single_observed,97
1999,illinois_ex_cook,37,single_all,99
1999,illinois_ex_cook,37,all_observed,133
1999,illinois_ex_cook,38,single_observed,146
1999,illinois_ex_cook,38,single_all,146
1999,illinois_ex_cook,38,all_observed,188
1999,illinois_ex_cook,39,single_observed,60
1999,illinois_ex_cook,39,single_all,60
1999,illinois_ex_cook,39,all_observed,84
1999,illinois_ex_cook,40,single_observed,1202
1999,illinois_ex_cook,40,single_all,1202
1999,illinois_ex_cook,40,all_observed,1597
1999,illinois_ex_cook,41,single_observed,51
1999,illinois_ex_cook,41,single_all,51
1999,illinois_ex_cook,41,all_observed,69
1999,illinois_ex_cook,42,single_observed,129
1999,illinois_ex_cook,42,single_all,129
1999,illinois_ex_cook,42,all_observed,166
1999,illinois_ex_cook,43,single_observed,67
1999,illinois_ex_cook,43,single_all,67
1999,illinois_ex_cook,43,all_observed,102
1999,illinois_ex_cook,44,single_observed,56
1999,illinois_ex_cook,44,single_all,56
1999,illinois_ex_cook,44,all_observed,79
1999,illinois_ex_cook,45,single_observed,540
1999,illinois_ex_cook,45,single_all,540
1999,illinois_ex_cook,45,all_observed,733
1999,illinois_ex_cook,46,single_observed,43
1999,illinois_ex_cook,46,single_all,43
1999,illinois_ex_cook,46,all_observed,59
1999,illinois_ex_cook,47,single_observed,65
1999,illinois_ex_cook,47,single_all,65
1999,illinois_ex_cook,47,all_observed,83
1999,illinois_ex_cook,48,single_observed,84
1999,illinois_ex_cook,48,single_all,84
1999,illinois_ex_cook,48,all_observed,109
1999,illinois_ex_cook,49,single_observed,47
1999,illinois_ex_cook,49,single_all,47
1999,illinois_ex_cook,49,all_observed,68
1999,illinois_ex_cook,50,single_observed,1351
1999,illinois_ex_cook,50,single_all,1351
1999,illinois_ex_cook,50,all_observed,1794
1999,illinois_ex_cook,51,single_observed,38
1999,illinois_ex_cook,51,single_all,38
1999,illinois_ex_cook,51,all_observed,49
1999,illinois_ex_cook,52,single_observed,74
1999,illinois_ex_cook,52,single_all,75
1999,illinois_ex_cook,52,all_observed,102
1999,illinois_ex_cook,53,single_observed,44
1999,illinois_ex_cook,53,single_all,44
1999,illinois_ex_cook,53,all_observed,71
1999,illinois_ex_cook,54,single_observed,42
1999,illinois_ex_cook,54,single_all,42
1999,illinois_ex_cook,54,all_observed,62
1999,illinois_ex_cook,55,single_observed,277
1999,illinois_ex_cook,55,single_all,277
1999,illinois_ex_cook,55,all_observed,365
1999,illinois_ex_cook,56,single_observed,29
1999,illinois_ex_cook,56,single_all,29
1999,illinois_ex_cook,56,all_observed,41
1999,illinois_ex_cook,57,single_observed,24
1999,illinois_ex_cook,57,single_all,24
1999,illinois_ex_cook,57,all_observed,33
1999,illinois_ex_cook,58,single_observed,30
1999,illinois_ex_cook,58,single_all,30
1999,illinois_ex_cook,58,all_observed,39
1999,illinois_ex_cook,59,single_observed,17
1999,illinois_ex_cook,59,single_all,17
1999,illinois_ex_cook,59,all_observed,20
1999,illinois_ex_cook,60,single_observed,654
1999,illinois_ex_cook,60,single_all,654
1999,illinois_ex_cook,60,all_observed,886
1999,illinois_ex_cook,61,single_observed,11
1999,illinois_ex_cook,61,single_all,11
1999,illinois_ex_cook,61,all_observed,17
1999,illinois_ex_cook,62,single_observed,40
1999,illinois_ex_cook,62,single_all,40
1999,illinois_ex_cook,62,all_observed,57
1999,illinois_ex_cook,63,single_observed,41
1999,illinois_ex_cook,63,single_all,41
1999,illinois_ex_cook,63,all_observed,53
1999,illinois_ex_cook,64,single_observed,21
1999,illinois_ex_cook,64,single_all,21
1999,illinois_ex_cook,64,all_observed,35
1999,illinois_ex_cook,65,single_observed,262
1999,illinois_ex_cook,65,single_all,262
1999,illinois_ex_cook,65,all_observed,368
1999,illinois_ex_cook,66,single_observed,12
1999,illinois_ex_cook,66,single_all,12
1999,illinois_ex_cook,66,all_observed,23
1999,illinois_ex_cook,67,single_observed,21
1999,illinois_ex_cook,67,single_all,21
1999,illinois_ex_cook,67,all_observed,29
1999,illinois_ex_cook,68,single_observed,15
1999,illinois_ex_cook,68,single_all,15
1999,illinois_ex_cook,68,all_observed,27
1999,illinois_ex_cook,69,single_observed,17
1999,illinois_ex_cook,69,single_all,17
1999,illinois_ex_cook,69,all_observed,20
1999,illinois_ex_cook,70,single_observed,398
1999,illinois_ex_cook,70,single_all,398
1999,illinois_ex_cook,70,all_observed,557
1999,illinois_ex_cook,71,single_observed,7
1999,illinois_ex_cook,71,single_all,7
1999,illinois_ex_cook,71,all_observed,13
1999,illinois_ex_cook,72,single_observed,24
1999,illinois_ex_cook,72,single_all,24
1999,illinois_ex_cook,72,all_observed,33
1999,illinois_ex_cook,73,single_observed,25
1999,illinois_ex_cook,73,single_all,25
1999,illinois_ex_cook,73,all_observed,29
1999,illinois_ex_cook,74,single_observed,8
1999,illinois_ex_cook,74,single_all,8
1999,illinois_ex_cook,74,all_observed,13
1999,illinois_ex_cook,75,single_observed,368
1999,illinois_ex_cook,75,single_all,368
1999,illinois_ex_cook,75,all_observed,499
1999,illinois_ex_cook,76,single_observed,11
1999,illinois_ex_cook,76,single_all,11
1999,illinois_ex_cook,76,all_observed,16
1999,illinois_ex_cook,77,single_observed,8
1999,illinois_ex_cook,77,single_all,8
1999,illinois_ex_cook,77,all_observed,14
1999,illinois_ex_cook,78,single_observed,17
1999,illinois_ex_cook,78,single_all,17
1999,illinois_ex_cook,78,all_observed,22
1999,illinois_ex_cook,79,single_observed,7
1999,illinois_ex_cook,79,single_all,7
1999,illinois_ex_cook,79,all_observed,12
1999,illinois_ex_cook,80,single_observed,341
1999,illinois_ex_cook,80,single_all,341
1999,illinois_ex_cook,80,all_observed,474
2000,chicago,20,single_observed,1272
2000,chicago,20,single_all,1273
2000,chicago,20,all_observed,1482
2000,chicago,21,single_observed,87
2000,chicago,21,single_all,87
2000,chicago,21,all_observed,114
2000,chicago,22,single_observed,163
2000,chicago,22,single_all,163
2000,chicago,22,all_observed,205
2000,chicago,23,single_observed,104
2000,chicago,23,single_all,104
2000,chicago,23,all_observed,142
2000,chicago,24,single_observed,113
2000,chicago,24,single_all,113
2000,chicago,24,all_observed,136
2000,chicago,25,single_observed,720
2000,chicago,25,single_all,720
2000,chicago,25,all_observed,853
2000,chicago,26,single_observed,76
2000,chicago,26,single_all,76
2000,chicago,26,all_observed,101
2000,chicago,27,single_observed,84
2000,chicago,27,single_all,85
2000,chicago,27,all_observed,103
2000,chicago,28,single_observed,78
2000,chicago,28,single_all,78
2000,chicago,28,all_observed,109
2000,chicago,29,single_observed,28
2000,chicago,29,single_all,28
2000,chicago,29,all_observed,43
2000,chicago,30,single_observed,811
2000,chicago,30,single_all,812
2000,chicago,30,all_observed,993
2000,chicago,31,single_observed,26
2000,chicago,31,single_all,26
2000,chicago,31,all_observed,34
2000,chicago,32,single_observed,52
2000,chicago,32,single_all,52
2000,chicago,32,all_observed,80
2000,chicago,33,single_observed,44
2000,chicago,33,single_all,44
2000,chicago,33,all_observed,64
2000,chicago,34,single_observed,37
2000,chicago,34,single_all,37
2000,chicago,34,all_observed,50
2000,chicago,35,single_observed,314
2000,chicago,35,single_all,314
2000,chicago,35,all_observed,395
2000,chicago,36,single_observed,41
2000,chicago,36,single_all,41
2000,chicago,36,all_observed,55
2000,chicago,37,single_observed,22
2000,chicago,37,single_all,22
2000,chicago,37,all_observed,29
2000,chicago,38,single_observed,21
2000,chicago,38,single_all,21
2000,chicago,38,all_observed,33
2000,chicago,39,single_observed,18
2000,chicago,39,single_all,18
2000,chicago,39,all_observed,30
2000,chicago,40,single_observed,480
2000,chicago,40,single_all,480
2000,chicago,40,all_observed,612
2000,chicago,41,single_observed,16
2000,chicago,41,single_all,16
2000,chicago,41,all_observed,21
2000,chicago,42,single_observed,41
2000,chicago,42,single_all,41
2000,chicago,42,all_observed,55
2000,chicago,43,single_observed,21
2000,chicago,43,single_all,21
2000,chicago,43,all_observed,25
2000,chicago,44,single_observed,14
2000,chicago,44,single_all,14
2000,chicago,44,all_observed,18
2000,chicago,45,single_observed,163
2000,chicago,45,single_all,163
2000,chicago,45,all_observed,222
2000,chicago,46,single_observed,12
2000,chicago,46,single_all,12
2000,chicago,46,all_observed,16
2000,chicago,47,single_observed,15
2000,chicago,47,single_all,15
2000,chicago,47,all_observed,18
2000,chicago,48,single_observed,27
2000,chicago,48,single_all,27
2000,chicago,48,all_observed,36
2000,chicago,49,single_observed,13
2000,chicago,49,single_all,13
2000,chicago,49,all_observed,14
2000,chicago,50,single_observed,579
2000,chicago,50,single_all,580
2000,chicago,50,all_observed,692
2000,chicago,51,single_observed,10
2000,chicago,51,single_all,10
2000,chicago,51,all_observed,19
2000,chicago,52,single_observed,28
2000,chicago,52,single_all,28
2000,chicago,52,all_observed,34
2000,chicago,53,single_observed,17
2000,chicago,53,single_all,17
2000,chicago,53,all_observed,23
2000,chicago,54,single_observed,18
2000,chicago,54,single_all,18
2000,chicago,54,all_observed,23
2000,chicago,55,single_observed,82
2000,chicago,55,single_all,82
2000,chicago,55,all_observed,106
2000,chicago,56,single_observed,13
2000,chicago,56,single_all,13
2000,chicago,56,all_observed,16
2000,chicago,57,single_observed,12
2000,chicago,57,single_all,12
2000,chicago,57,all_observed,13
2000,chicago,58,single_observed,8
2000,chicago,58,single_all,8
2000,chicago,58,all_observed,8
2000,chicago,59,single_observed,4
2000,chicago,59,single_all,4
2000,chicago,59,all_observed,8
2000,chicago,60,single_observed,284
2000,chicago,60,single_all,284
2000,chicago,60,all_observed,357
2000,chicago,61,single_observed,7
2000,chicago,61,single_all,7
2000,chicago,61,all_observed,9
2000,chicago,62,single_observed,12
2000,chicago,62,single_all,12
2000,chicago,62,all_observed,17
2000,chicago,63,single_observed,5
2000,chicago,63,single_all,5
2000,chicago,63,all_observed,7
2000,chicago,64,single_observed,11
2000,chicago,64,single_all,11
2000,chicago,64,all_observed,14
2000,chicago,65,single_observed,94
2000,chicago,65,single_all,94
2000,chicago,65,all_observed,123
2000,chicago,66,single_observed,8
2000,chicago,66,single_all,8
2000,chicago,66,all_observed,11
2000,chicago,67,single_observed,10
2000,chicago,67,single_all,10
2000,chicago,67,all_observed,14
2000,chicago,68,single_observed,7
2000,chicago,68,single_all,7
2000,chicago,68,all_observed,9
2000,chicago,69,single_observed,5
2000,chicago,69,single_all,5
2000,chicago,69,all_observed,6
2000,chicago,70,single_observed,156
2000,chicago,70,single_all,156
2000,chicago,70,all_observed,199
2000,chicago,71,single_observed,5
2000,chicago,71,single_all,5
2000,chicago,71,all_observed,8
2000,chicago,72,single_observed,8
2000,chicago,72,single_all,8
2000,chicago,72,all_observed,12
2000,chicago,73,single_observed,3
2000,chicago,73,single_all,3
2000,chicago,73,all_observed,4
2000,chicago,74,single_observed,3
2000,chicago,74,single_all,3
2000,chicago,74,all_observed,4
2000,chicago,75,single_observed,163
2000,chicago,75,single_all,163
2000,chicago,75,all_observed,200
2000,chicago,76,single_observed,2
2000,chicago,76,single_all,2
2000,chicago,76,all_observed,3
2000,chicago,77,single_observed,5
2000,chicago,77,single_all,5
2000,chicago,77,all_observed,7
2000,chicago,78,single_observed,7
2000,chicago,78,single_all,7
2000,chicago,78,all_observed,11
2000,chicago,79,single_observed,3
2000,chicago,79,single_all,3
2000,chicago,79,all_observed,6
2000,chicago,80,single_observed,135
2000,chicago,80,single_all,135
2000,chicago,80,all_observed,186
2000,cook_ex_chicago,20,single_observed,1287
2000,cook_ex_chicago,20,single_all,1287
2000,cook_ex_chicago,20,all_observed,1605
2000,cook_ex_chicago,21,single_observed,84
2000,cook_ex_chicago,21,single_all,84
2000,cook_ex_chicago,21,all_observed,118
2000,cook_ex_chicago,22,single_observed,176
2000,cook_ex_chicago,22,single_all,176
2000,cook_ex_chicago,22,all_observed,241
2000,cook_ex_chicago,23,single_observed,106
2000,cook_ex_chicago,23,single_all,106
2000,cook_ex_chicago,23,all_observed,143
2000,cook_ex_chicago,24,single_observed,98
2000,cook_ex_chicago,24,single_all,98
2000,cook_ex_chicago,24,all_observed,129
2000,cook_ex_chicago,25,single_observed,779
2000,cook_ex_chicago,25,single_all,779
2000,cook_ex_chicago,25,all_observed,1015
2000,cook_ex_chicago,26,single_observed,91
2000,cook_ex_chicago,26,single_all,91
2000,cook_ex_chicago,26,all_observed,117
2000,cook_ex_chicago,27,single_observed,70
2000,cook_ex_chicago,27,single_all,70
2000,cook_ex_chicago,27,all_observed,91
2000,cook_ex_chicago,28,single_observed,68
2000,cook_ex_chicago,28,single_all,68
2000,cook_ex_chicago,28,all_observed,111
2000,cook_ex_chicago,29,single_observed,36
2000,cook_ex_chicago,29,single_all,36
2000,cook_ex_chicago,29,all_observed,56
2000,cook_ex_chicago,30,single_observed,875
2000,cook_ex_chicago,30,single_all,875
2000,cook_ex_chicago,30,all_observed,1153
2000,cook_ex_chicago,31,single_observed,32
2000,cook_ex_chicago,31,single_all,32
2000,cook_ex_chicago,31,all_observed,44
2000,cook_ex_chicago,32,single_observed,76
2000,cook_ex_chicago,32,single_all,76
2000,cook_ex_chicago,32,all_observed,119
2000,cook_ex_chicago,33,single_observed,45
2000,cook_ex_chicago,33,single_all,45
2000,cook_ex_chicago,33,all_observed,72
2000,cook_ex_chicago,34,single_observed,36
2000,cook_ex_chicago,34,single_all,36
2000,cook_ex_chicago,34,all_observed,52
2000,cook_ex_chicago,35,single_observed,359
2000,cook_ex_chicago,35,single_all,359
2000,cook_ex_chicago,35,all_observed,495
2000,cook_ex_chicago,36,single_observed,44
2000,cook_ex_chicago,36,single_all,44
2000,cook_ex_chicago,36,all_observed,57
2000,cook_ex_chicago,37,single_observed,27
2000,cook_ex_chicago,37,single_all,27
2000,cook_ex_chicago,37,all_observed,35
2000,cook_ex_chicago,38,single_observed,57
2000,cook_ex_chicago,38,single_all,57
2000,cook_ex_chicago,38,all_observed,68
2000,cook_ex_chicago,39,single_observed,25
2000,cook_ex_chicago,39,single_all,25
2000,cook_ex_chicago,39,all_observed,28
2000,cook_ex_chicago,40,single_observed,494
2000,cook_ex_chicago,40,single_all,494
2000,cook_ex_chicago,40,all_observed,671
2000,cook_ex_chicago,41,single_observed,14
2000,cook_ex_chicago,41,single_all,14
2000,cook_ex_chicago,41,all_observed,20
2000,cook_ex_chicago,42,single_observed,42
2000,cook_ex_chicago,42,single_all,42
2000,cook_ex_chicago,42,all_observed,56
2000,cook_ex_chicago,43,single_observed,24
2000,cook_ex_chicago,43,single_all,24
2000,cook_ex_chicago,43,all_observed,30
2000,cook_ex_chicago,44,single_observed,27
2000,cook_ex_chicago,44,single_all,28
2000,cook_ex_chicago,44,all_observed,35
2000,cook_ex_chicago,45,single_observed,232
2000,cook_ex_chicago,45,single_all,232
2000,cook_ex_chicago,45,all_observed,315
2000,cook_ex_chicago,46,single_observed,16
2000,cook_ex_chicago,46,single_all,16
2000,cook_ex_chicago,46,all_observed,25
2000,cook_ex_chicago,47,single_observed,14
2000,cook_ex_chicago,47,single_all,14
2000,cook_ex_chicago,47,all_observed,22
2000,cook_ex_chicago,48,single_observed,35
2000,cook_ex_chicago,48,single_all,35
2000,cook_ex_chicago,48,all_observed,50
2000,cook_ex_chicago,49,single_observed,25
2000,cook_ex_chicago,49,single_all,25
2000,cook_ex_chicago,49,all_observed,34
2000,cook_ex_chicago,50,single_observed,687
2000,cook_ex_chicago,50,single_all,687
2000,cook_ex_chicago,50,all_observed,879
2000,cook_ex_chicago,51,single_observed,17
2000,cook_ex_chicago,51,single_all,17
2000,cook_ex_chicago,51,all_observed,19
2000,cook_ex_chicago,52,single_observed,19
2000,cook_ex_chicago,52,single_all,19
2000,cook_ex_chicago,52,all_observed,29
2000,cook_ex_chicago,53,single_observed,12
2000,cook_ex_chicago,53,single_all,12
2000,cook_ex_chicago,53,all_observed,19
2000,cook_ex_chicago,54,single_observed,20
2000,cook_ex_chicago,54,single_all,20
2000,cook_ex_chicago,54,all_observed,25
2000,cook_ex_chicago,55,single_observed,92
2000,cook_ex_chicago,55,single_all,92
2000,cook_ex_chicago,55,all_observed,116
2000,cook_ex_chicago,56,single_observed,14
2000,cook_ex_chicago,56,single_all,14
2000,cook_ex_chicago,56,all_observed,24
2000,cook_ex_chicago,57,single_observed,6
2000,cook_ex_chicago,57,single_all,6
2000,cook_ex_chicago,57,all_observed,12
2000,cook_ex_chicago,58,single_observed,17
2000,cook_ex_chicago,58,single_all,17
2000,cook_ex_chicago,58,all_observed,22
2000,cook_ex_chicago,59,single_observed,3
2000,cook_ex_chicago,59,single_all,3
2000,cook_ex_chicago,59,all_observed,4
2000,cook_ex_chicago,60,single_observed,274
2000,cook_ex_chicago,60,single_all,274
2000,cook_ex_chicago,60,all_observed,377
2000,cook_ex_chicago,61,single_observed,5
2000,cook_ex_chicago,61,single_all,5
2000,cook_ex_chicago,61,all_observed,5
2000,cook_ex_chicago,62,single_observed,14
2000,cook_ex_chicago,62,single_all,14
2000,cook_ex_chicago,62,all_observed,18
2000,cook_ex_chicago,63,single_observed,11
2000,cook_ex_chicago,63,single_all,11
2000,cook_ex_chicago,63,all_observed,16
2000,cook_ex_chicago,64,single_observed,9
2000,cook_ex_chicago,64,single_all,9
2000,cook_ex_chicago,64,all_observed,12
2000,cook_ex_chicago,65,single_observed,121
2000,cook_ex_chicago,65,single_all,121
2000,cook_ex_chicago,65,all_observed,169
2000,cook_ex_chicago,66,single_observed,9
2000,cook_ex_chicago,66,single_all,9
2000,cook_ex_chicago,66,all_observed,9
2000,cook_ex_chicago,67,single_observed,6
2000,cook_ex_chicago,67,single_all,6
2000,cook_ex_chicago,67,all_observed,7
2000,cook_ex_chicago,68,single_observed,10
2000,cook_ex_chicago,68,single_all,10
2000,cook_ex_chicago,68,all_observed,13
2000,cook_ex_chicago,69,single_observed,4
2000,cook_ex_chicago,69,single_all,4
2000,cook_ex_chicago,69,all_observed,9
2000,cook_ex_chicago,70,single_observed,165
2000,cook_ex_chicago,70,single_all,165
2000,cook_ex_chicago,70,all_observed,218
2000,cook_ex_chicago,71,single_observed,4
2000,cook_ex_chicago,71,single_all,4
2000,cook_ex_chicago,71,all_observed,6
2000,cook_ex_chicago,72,single_observed,9
2000,cook_ex_chicago,72,single_all,9
2000,cook_ex_chicago,72,all_observed,18
2000,cook_ex_chicago,73,single_observed,4
2000,cook_ex_chicago,73,single_all,4
2000,cook_ex_chicago,73,all_observed,7
2000,cook_ex_chicago,74,single_observed,4
2000,cook_ex_chicago,74,single_all,4
2000,cook_ex_chicago,74,all_observed,4
2000,cook_ex_chicago,75,single_observed,156
2000,cook_ex_chicago,75,single_all,156
2000,cook_ex_chicago,75,all_observed,207
2000,cook_ex_chicago,76,single_observed,6
2000,cook_ex_chicago,76,single_all,6
2000,cook_ex_chicago,76,all_observed,6
2000,cook_ex_chicago,77,single_observed,5
2000,cook_ex_chicago,77,single_all,5
2000,cook_ex_chicago,77,all_observed,6
2000,cook_ex_chicago,78,single_observed,2
2000,cook_ex_chicago,78,single_all,2
2000,cook_ex_chicago,78,all_observed,4
2000,cook_ex_chicago,79,single_observed,6
2000,cook_ex_chicago,79,single_all,6
2000,cook_ex_chicago,79,all_observed,7
2000,cook_ex_chicago,80,single_observed,149
2000,cook_ex_chicago,80,single_all,149
2000,cook_ex_chicago,80,all_observed,208
2000,illinois_ex_cook,20,single_observed,3027
2000,illinois_ex_cook,20,single_all,3027
2000,illinois_ex_cook,20,all_observed,3852
2000,illinois_ex_cook,21,single_observed,329
2000,illinois_ex_cook,21,single_all,329
2000,illinois_ex_cook,21,all_observed,469
2000,illinois_ex_cook,22,single_observed,533
2000,illinois_ex_cook,22,single_all,533
2000,illinois_ex_cook,22,all_observed,732
2000,illinois_ex_cook,23,single_observed,362
2000,illinois_ex_cook,23,single_all,362
2000,illinois_ex_cook,23,all_observed,499
2000,illinois_ex_cook,24,single_observed,356
2000,illinois_ex_cook,24,single_all,356
2000,illinois_ex_cook,24,all_observed,479
2000,illinois_ex_cook,25,single_observed,2065
2000,illinois_ex_cook,25,single_all,2065
2000,illinois_ex_cook,25,all_observed,2661
2000,illinois_ex_cook,26,single_observed,249
2000,illinois_ex_cook,26,single_all,249
2000,illinois_ex_cook,26,all_observed,347
2000,illinois_ex_cook,27,single_observed,220
2000,illinois_ex_cook,27,single_all,220
2000,illinois_ex_cook,27,all_observed,346
2000,illinois_ex_cook,28,single_observed,285
2000,illinois_ex_cook,28,single_all,285
2000,illinois_ex_cook,28,all_observed,403
2000,illinois_ex_cook,29,single_observed,118
2000,illinois_ex_cook,29,single_all,118
2000,illinois_ex_cook,29,all_observed,161
2000,illinois_ex_cook,30,single_observed,2033
2000,illinois_ex_cook,30,single_all,2033
2000,illinois_ex_cook,30,all_observed,2701
2000,illinois_ex_cook,31,single_observed,86
2000,illinois_ex_cook,31,single_all,86
2000,illinois_ex_cook,31,all_observed,128
2000,illinois_ex_cook,32,single_observed,225
2000,illinois_ex_cook,32,single_all,225
2000,illinois_ex_cook,32,all_observed,327
2000,illinois_ex_cook,33,single_observed,117
2000,illinois_ex_cook,33,single_all,118
2000,illinois_ex_cook,33,all_observed,172
2000,illinois_ex_cook,34,single_observed,102
2000,illinois_ex_cook,34,single_all,102
2000,illinois_ex_cook,34,all_observed,154
2000,illinois_ex_cook,35,single_observed,1013
2000,illinois_ex_cook,35,single_all,1013
2000,illinois_ex_cook,35,all_observed,1311
2000,illinois_ex_cook,36,single_observed,124
2000,illinois_ex_cook,36,single_all,124
2000,illinois_ex_cook,36,all_observed,163
2000,illinois_ex_cook,37,single_observed,99
2000,illinois_ex_cook,37,single_all,100
2000,illinois_ex_cook,37,all_observed,138
2000,illinois_ex_cook,38,single_observed,143
2000,illinois_ex_cook,38,single_all,143
2000,illinois_ex_cook,38,all_observed,183
2000,illinois_ex_cook,39,single_observed,64
2000,illinois_ex_cook,39,single_all,64
2000,illinois_ex_cook,39,all_observed,92
2000,illinois_ex_cook,40,single_observed,1203
2000,illinois_ex_cook,40,single_all,1203
2000,illinois_ex_cook,40,all_observed,1607
2000,illinois_ex_cook,41,single_observed,50
2000,illinois_ex_cook,41,single_all,50
2000,illinois_ex_cook,41,all_observed,69
2000,illinois_ex_cook,42,single_observed,131
2000,illinois_ex_cook,42,single_all,131
2000,illinois_ex_cook,42,all_observed,167
2000,illinois_ex_cook,43,single_observed,70
2000,illinois_ex_cook,43,single_all,70
2000,illinois_ex_cook,43,all_observed,106
2000,illinois_ex_cook,44,single_observed,60
2000,illinois_ex_cook,44,single_all,60
2000,illinois_ex_cook,44,all_observed,81
2000,illinois_ex_cook,45,single_observed,556
2000,illinois_ex_cook,45,single_all,556
2000,illinois_ex_cook,45,all_observed,743
2000,illinois_ex_cook,46,single_observed,43
2000,illinois_ex_cook,46,single_all,43
2000,illinois_ex_cook,46,all_observed,58
2000,illinois_ex_cook,47,single_observed,69
2000,illinois_ex_cook,47,single_all,69
2000,illinois_ex_cook,47,all_observed,91
2000,illinois_ex_cook,48,single_observed,80
2000,illinois_ex_cook,48,single_all,81
2000,illinois_ex_cook,48,all_observed,105
2000,illinois_ex_cook,49,single_observed,44
2000,illinois_ex_cook,49,single_all,44
2000,illinois_ex_cook,49,all_observed,64
2000,illinois_ex_cook,50,single_observed,1364
2000,illinois_ex_cook,50,single_all,1364
2000,illinois_ex_cook,50,all_observed,1811
2000,illinois_ex_cook,51,single_observed,40
2000,illinois_ex_cook,51,single_all,40
2000,illinois_ex_cook,51,all_observed,49
2000,illinois_ex_cook,52,single_observed,79
2000,illinois_ex_cook,52,single_all,80
2000,illinois_ex_cook,52,all_observed,106
2000,illinois_ex_cook,53,single_observed,47
2000,illinois_ex_cook,53,single_all,47
2000,illinois_ex_cook,53,all_observed,73
2000,illinois_ex_cook,54,single_observed,45
2000,illinois_ex_cook,54,single_all,45
2000,illinois_ex_cook,54,all_observed,62
2000,illinois_ex_cook,55,single_observed,287
2000,illinois_ex_cook,55,single_all,287
2000,illinois_ex_cook,55,all_observed,378
2000,illinois_ex_cook,56,single_observed,31
2000,illinois_ex_cook,56,single_all,31
2000,illinois_ex_cook,56,all_observed,43
2000,illinois_ex_cook,57,single_observed,23
2000,illinois_ex_cook,57,single_all,23
2000,illinois_ex_cook,57,all_observed,34
2000,illinois_ex_cook,58,single_observed,32
2000,illinois_ex_cook,58,single_all,32
2000,illinois_ex_cook,58,all_observed,43
2000,illinois_ex_cook,59,single_observed,19
2000,illinois_ex_cook,59,single_all,19
2000,illinois_ex_cook,59,all_observed,21
2000,illinois_ex_cook,60,single_observed,675
2000,illinois_ex_cook,60,single_all,675
2000,illinois_ex_cook,60,all_observed,910
2000,illinois_ex_cook,61,single_observed,10
2000,illinois_ex_cook,61,single_all,10
2000,illinois_ex_cook,61,all_observed,17
2000,illinois_ex_cook,62,single_observed,39
2000,illinois_ex_cook,62,single_all,39
2000,illinois_ex_cook,62,all_observed,56
2000,illinois_ex_cook,63,single_observed,45
2000,illinois_ex_cook,63,single_all,45
2000,illinois_ex_cook,63,all_observed,57
2000,illinois_ex_cook,64,single_observed,22
2000,illinois_ex_cook,64,single_all,22
2000,illinois_ex_cook,64,all_observed,35
2000,illinois_ex_cook,65,single_observed,265
2000,illinois_ex_cook,65,single_all,265
2000,illinois_ex_cook,65,all_observed,371
2000,illinois_ex_cook,66,single_observed,12
2000,illinois_ex_cook,66,single_all,12
2000,illinois_ex_cook,66,all_observed,23
2000,illinois_ex_cook,67,single_observed,20
2000,illinois_ex_cook,67,single_all,20
2000,illinois_ex_cook,67,all_observed,29
2000,illinois_ex_cook,68,single_observed,15
2000,illinois_ex_cook,68,single_all,15
2000,illinois_ex_cook,68,all_observed,28
2000,illinois_ex_cook,69,single_observed,17
2000,illinois_ex_cook,69,single_all,17
2000,illinois_ex_cook,69,all_observed,21
2000,illinois_ex_cook,70,single_observed,391
2000,illinois_ex_cook,70,single_all,392
2000,illinois_ex_cook,70,all_observed,539
2000,illinois_ex_cook,71,single_observed,6
2000,illinois_ex_cook,71,single_all,6
2000,illinois_ex_cook,71,all_observed,10
2000,illinois_ex_cook,72,single_observed,25
2000,illinois_ex_cook,72,single_all,25
2000,illinois_ex_cook,72,all_observed,35
2000,illinois_ex_cook,73,single_observed,27
2000,illinois_ex_cook,73,single_all,27
2000,illinois_ex_cook,73,all_observed,30
2000,illinois_ex_cook,74,single_observed,11
2000,illinois_ex_cook,74,single_all,11
2000,illinois_ex_cook,74,all_observed,15
2000,illinois_ex_cook,75,single_observed,367
2000,illinois_ex_cook,75,single_all,367
2000,illinois_ex_cook,75,all_observed,494
2000,illinois_ex_cook,76,single_observed,9
2000,illinois_ex_cook,76,single_all,9
2000,illinois_ex_cook,76,all_observed,14
2000,illinois_ex_cook,77,single_observed,8
2000,illinois_ex_cook,77,single_all,8
2000,illinois_ex_cook,77,all_observed,13
2000,illinois_ex_cook,78,single_observed,17
2000,illinois_ex_cook,78,single_all,17
2000,illinois_ex_cook,78,all_observed,22
2000,illinois_ex_cook,79,single_observed,7
2000,illinois_ex_cook,79,single_all,7
2000,illinois_ex_cook,79,all_observed,12
2000,illinois_ex_cook,80,single_observed,343
2000,illinois_ex_cook,80,single_all,343
2000,illinois_ex_cook,80,all_observed,477
2001,chicago,20,single_observed,1242
2001,chicago,20,single_all,1242
2001,chicago,20,all_observed,1415
2001,chicago,21,single_observed,96
2001,chicago,21,single_all,96
2001,chicago,21,all_observed,117
2001,chicago,22,single_observed,171
2001,chicago,22,single_all,171
2001,chicago,22,all_observed,212
2001,chicago,23,single_observed,105
2001,chicago,23,single_all,105
2001,chicago,23,all_observed,138
2001,chicago,24,single_observed,115
2001,chicago,24,single_all,116
2001,chicago,24,all_observed,142
2001,chicago,25,single_observed,726
2001,chicago,25,single_all,727
2001,chicago,25,all_observed,864
2001,chicago,26,single_observed,71
2001,chicago,26,single_all,71
2001,chicago,26,all_observed,89
2001,chicago,27,single_observed,82
2001,chicago,27,single_all,82
2001,chicago,27,all_observed,104
2001,chicago,28,single_observed,84
2001,chicago,28,single_all,84
2001,chicago,28,all_observed,113
2001,chicago,29,single_observed,29
2001,chicago,29,single_all,29
2001,chicago,29,all_observed,45
2001,chicago,30,single_observed,768
2001,chicago,30,single_all,768
2001,chicago,30,all_observed,959
2001,chicago,31,single_observed,28
2001,chicago,31,single_all,28
2001,chicago,31,all_observed,39
2001,chicago,32,single_observed,60
2001,chicago,32,single_all,60
2001,chicago,32,all_observed,94
2001,chicago,33,single_observed,38
2001,chicago,33,single_all,38
2001,chicago,33,all_observed,54
2001,chicago,34,single_observed,30
2001,chicago,34,single_all,30
2001,chicago,34,all_observed,46
2001,chicago,35,single_observed,299
2001,chicago,35,single_all,299
2001,chicago,35,all_observed,375
2001,chicago,36,single_observed,35
2001,chicago,36,single_all,35
2001,chicago,36,all_observed,50
2001,chicago,37,single_observed,26
2001,chicago,37,single_all,26
2001,chicago,37,all_observed,34
2001,chicago,38,single_observed,25
2001,chicago,38,single_all,25
2001,chicago,38,all_observed,31
2001,chicago,39,single_observed,18
2001,chicago,39,single_all,18
2001,chicago,39,all_observed,25
2001,chicago,40,single_observed,463
2001,chicago,40,single_all,463
2001,chicago,40,all_observed,575
2001,chicago,41,single_observed,13
2001,chicago,41,single_all,13
2001,chicago,41,all_observed,18
2001,chicago,42,single_observed,44
2001,chicago,42,single_all,44
2001,chicago,42,all_observed,56
2001,chicago,43,single_observed,16
2001,chicago,43,single_all,16
2001,chicago,43,all_observed,23
2001,chicago,44,single_observed,16
2001,chicago,44,single_all,16
2001,chicago,44,all_observed,18
2001,chicago,45,single_observed,172
2001,chicago,45,single_all,172
2001,chicago,45,all_observed,224
2001,chicago,46,single_observed,9
2001,chicago,46,single_all,9
2001,chicago,46,all_observed,12
2001,chicago,47,single_observed,19
2001,chicago,47,single_all,19
2001,chicago,47,all_observed,22
2001,chicago,48,single_observed,30
2001,chicago,48,single_all,30
2001,chicago,48,all_observed,37
2001,chicago,49,single_observed,13
2001,chicago,49,single_all,13
2001,chicago,49,all_observed,16
2001,chicago,50,single_observed,613
2001,chicago,50,single_all,613
2001,chicago,50,all_observed,735
2001,chicago,51,single_observed,11
2001,chicago,51,single_all,11
2001,chicago,51,all_observed,13
2001,chicago,52,single_observed,14
2001,chicago,52,single_all,14
2001,chicago,52,all_observed,22
2001,chicago,53,single_observed,17
2001,chicago,53,single_all,17
2001,chicago,53,all_observed,22
2001,chicago,54,single_observed,16
2001,chicago,54,single_all,16
2001,chicago,54,all_observed,25
2001,chicago,55,single_observed,78
2001,chicago,55,single_all,78
2001,chicago,55,all_observed,103
2001,chicago,56,single_observed,11
2001,chicago,56,single_all,11
2001,chicago,56,all_observed,14
2001,chicago,57,single_observed,12
2001,chicago,57,single_all,12
2001,chicago,57,all_observed,15
2001,chicago,58,single_observed,8
2001,chicago,58,single_all,8
2001,chicago,58,all_observed,9
2001,chicago,59,single_observed,4
2001,chicago,59,single_all,4
2001,chicago,59,all_observed,7
2001,chicago,60,single_observed,266
2001,chicago,60,single_all,266
2001,chicago,60,all_observed,335
2001,chicago,61,single_observed,7
2001,chicago,61,single_all,7
2001,chicago,61,all_observed,11
2001,chicago,62,single_observed,14
2001,chicago,62,single_all,14
2001,chicago,62,all_observed,19
2001,chicago,63,single_observed,6
2001,chicago,63,single_all,6
2001,chicago,63,all_observed,7
2001,chicago,64,single_observed,6
2001,chicago,64,single_all,6
2001,chicago,64,all_observed,10
2001,chicago,65,single_observed,89
2001,chicago,65,single_all,89
2001,chicago,65,all_observed,113
2001,chicago,66,single_observed,10
2001,chicago,66,single_all,10
2001,chicago,66,all_observed,10
2001,chicago,67,single_observed,5
2001,chicago,67,single_all,5
2001,chicago,67,all_observed,9
2001,chicago,68,single_observed,8
2001,chicago,68,single_all,8
2001,chicago,68,all_observed,8
2001,chicago,69,single_observed,4
2001,chicago,69,single_all,4
2001,chicago,69,all_observed,5
2001,chicago,70,single_observed,160
2001,chicago,70,single_all,160
2001,chicago,70,all_observed,198
2001,chicago,71,single_observed,4
2001,chicago,71,single_all,4
2001,chicago,71,all_observed,6
2001,chicago,72,single_observed,9
2001,chicago,72,single_all,9
2001,chicago,72,all_observed,12
2001,chicago,73,single_observed,4
2001,chicago,73,single_all,4
2001,chicago,73,all_observed,5
2001,chicago,74,single_observed,5
2001,chicago,74,single_all,5
2001,chicago,74,all_observed,6
2001,chicago,75,single_observed,155
2001,chicago,75,single_all,155
2001,chicago,75,all_observed,196
2001,chicago,76,single_observed,3
2001,chicago,76,single_all,3
2001,chicago,76,all_observed,3
2001,chicago,77,single_observed,5
2001,chicago,77,single_all,5
2001,chicago,77,all_observed,6
2001,chicago,78,single_observed,10
2001,chicago,78,single_all,10
2001,chicago,78,all_observed,12
2001,chicago,79,single_observed,3
2001,chicago,79,single_all,3
2001,chicago,79,all_observed,5
2001,chicago,80,single_observed,156
2001,chicago,80,single_all,156
2001,chicago,80,all_observed,213
2001,cook_ex_chicago,20,single_observed,1326
2001,cook_ex_chicago,20,single_all,1327
2001,cook_ex_chicago,20,all_observed,1647
2001,cook_ex_chicago,21,single_observed,86
2001,cook_ex_chicago,21,single_all,86
2001,cook_ex_chicago,21,all_observed,122
2001,cook_ex_chicago,22,single_observed,178
2001,cook_ex_chicago,22,single_all,179
2001,cook_ex_chicago,22,all_observed,233
2001,cook_ex_chicago,23,single_observed,114
2001,cook_ex_chicago,23,single_all,115
2001,cook_ex_chicago,23,all_observed,142
2001,cook_ex_chicago,24,single_observed,109
2001,cook_ex_chicago,24,single_all,109
2001,cook_ex_chicago,24,all_observed,142
2001,cook_ex_chicago,25,single_observed,841
2001,cook_ex_chicago,25,single_all,841
2001,cook_ex_chicago,25,all_observed,1058
2001,cook_ex_chicago,26,single_observed,87
2001,cook_ex_chicago,26,single_all,87
2001,cook_ex_chicago,26,all_observed,117
2001,cook_ex_chicago,27,single_observed,78
2001,cook_ex_chicago,27,single_all,78
2001,cook_ex_chicago,27,all_observed,101
2001,cook_ex_chicago,28,single_observed,76
2001,cook_ex_chicago,28,single_all,76
2001,cook_ex_chicago,28,all_observed,119
2001,cook_ex_chicago,29,single_observed,32
2001,cook_ex_chicago,29,single_all,32
2001,cook_ex_chicago,29,all_observed,46
2001,cook_ex_chicago,30,single_observed,919
2001,cook_ex_chicago,30,single_all,919
2001,cook_ex_chicago,30,all_observed,1172
2001,cook_ex_chicago,31,single_observed,31
2001,cook_ex_chicago,31,single_all,31
2001,cook_ex_chicago,31,all_observed,44
2001,cook_ex_chicago,32,single_observed,74
2001,cook_ex_chicago,32,single_all,74
2001,cook_ex_chicago,32,all_observed,113
2001,cook_ex_chicago,33,single_observed,42
2001,cook_ex_chicago,33,single_all,42
2001,cook_ex_chicago,33,all_observed,72
2001,cook_ex_chicago,34,single_observed,31
2001,cook_ex_chicago,34,single_all,31
2001,cook_ex_chicago,34,all_observed,40
2001,cook_ex_chicago,35,single_observed,376
2001,cook_ex_chicago,35,single_all,376
2001,cook_ex_chicago,35,all_observed,514
2001,cook_ex_chicago,36,single_observed,47
2001,cook_ex_chicago,36,single_all,47
2001,cook_ex_chicago,36,all_observed,63
2001,cook_ex_chicago,37,single_observed,26
2001,cook_ex_chicago,37,single_all,26
2001,cook_ex_chicago,37,all_observed,32
2001,cook_ex_chicago,38,single_observed,54
2001,cook_ex_chicago,38,single_all,55
2001,cook_ex_chicago,38,all_observed,73
2001,cook_ex_chicago,39,single_observed,12
2001,cook_ex_chicago,39,single_all,12
2001,cook_ex_chicago,39,all_observed,23
2001,cook_ex_chicago,40,single_observed,511
2001,cook_ex_chicago,40,single_all,511
2001,cook_ex_chicago,40,all_observed,704
2001,cook_ex_chicago,41,single_observed,10
2001,cook_ex_chicago,41,single_all,10
2001,cook_ex_chicago,41,all_observed,16
2001,cook_ex_chicago,42,single_observed,40
2001,cook_ex_chicago,42,single_all,41
2001,cook_ex_chicago,42,all_observed,48
2001,cook_ex_chicago,43,single_observed,27
2001,cook_ex_chicago,43,single_all,27
2001,cook_ex_chicago,43,all_observed,30
2001,cook_ex_chicago,44,single_observed,25
2001,cook_ex_chicago,44,single_all,25
2001,cook_ex_chicago,44,all_observed,34
2001,cook_ex_chicago,45,single_observed,231
2001,cook_ex_chicago,45,single_all,231
2001,cook_ex_chicago,45,all_observed,296
2001,cook_ex_chicago,46,single_observed,15
2001,cook_ex_chicago,46,single_all,15
2001,cook_ex_chicago,46,all_observed,27
2001,cook_ex_chicago,47,single_observed,19
2001,cook_ex_chicago,47,single_all,19
2001,cook_ex_chicago,47,all_observed,28
2001,cook_ex_chicago,48,single_observed,33
2001,cook_ex_chicago,48,single_all,33
2001,cook_ex_chicago,48,all_observed,48
2001,cook_ex_chicago,49,single_observed,18
2001,cook_ex_chicago,49,single_all,18
2001,cook_ex_chicago,49,all_observed,23
2001,cook_ex_chicago,50,single_observed,669
2001,cook_ex_chicago,50,single_all,669
2001,cook_ex_chicago,50,all_observed,860
2001,cook_ex_chicago,51,single_observed,15
2001,cook_ex_chicago,51,single_all,15
2001,cook_ex_chicago,51,all_observed,19
2001,cook_ex_chicago,52,single_observed,25
2001,cook_ex_chicago,52,single_all,25
2001,cook_ex_chicago,52,all_observed,34
2001,cook_ex_chicago,53,single_observed,10
2001,cook_ex_chicago,53,single_all,10
2001,cook_ex_chicago,53,all_observed,16
2001,cook_ex_chicago,54,single_observed,16
2001,cook_ex_chicago,54,single_all,16
2001,cook_ex_chicago,54,all_observed,21
2001,cook_ex_chicago,55,single_observed,99
2001,cook_ex_chicago,55,single_all,99
2001,cook_ex_chicago,55,all_observed,128
2001,cook_ex_chicago,56,single_observed,18
2001,cook_ex_chicago,56,single_all,18
2001,cook_ex_chicago,56,all_observed,25
2001,cook_ex_chicago,57,single_observed,8
2001,cook_ex_chicago,57,single_all,8
2001,cook_ex_chicago,57,all_observed,12
2001,cook_ex_chicago,58,single_observed,20
2001,cook_ex_chicago,58,single_all,20
2001,cook_ex_chicago,58,all_observed,24
2001,cook_ex_chicago,59,single_observed,2
2001,cook_ex_chicago,59,single_all,2
2001,cook_ex_chicago,59,all_observed,2
2001,cook_ex_chicago,60,single_observed,262
2001,cook_ex_chicago,60,single_all,262
2001,cook_ex_chicago,60,all_observed,358
2001,cook_ex_chicago,61,single_observed,5
2001,cook_ex_chicago,61,single_all,5
2001,cook_ex_chicago,61,all_observed,5
2001,cook_ex_chicago,62,single_observed,13
2001,cook_ex_chicago,62,single_all,13
2001,cook_ex_chicago,62,all_observed,13
2001,cook_ex_chicago,63,single_observed,7
2001,cook_ex_chicago,63,single_all,7
2001,cook_ex_chicago,63,all_observed,11
2001,cook_ex_chicago,64,single_observed,11
2001,cook_ex_chicago,64,single_all,11
2001,cook_ex_chicago,64,all_observed,14
2001,cook_ex_chicago,65,single_observed,114
2001,cook_ex_chicago,65,single_all,114
2001,cook_ex_chicago,65,all_observed,164
2001,cook_ex_chicago,66,single_observed,2
2001,cook_ex_chicago,66,single_all,2
2001,cook_ex_chicago,66,all_observed,3
2001,cook_ex_chicago,67,single_observed,5
2001,cook_ex_chicago,67,single_all,5
2001,cook_ex_chicago,67,all_observed,8
2001,cook_ex_chicago,68,single_observed,12
2001,cook_ex_chicago,68,single_all,12
2001,cook_ex_chicago,68,all_observed,15
2001,cook_ex_chicago,69,single_observed,9
2001,cook_ex_chicago,69,single_all,9
2001,cook_ex_chicago,69,all_observed,14
2001,cook_ex_chicago,70,single_observed,188
2001,cook_ex_chicago,70,single_all,188
2001,cook_ex_chicago,70,all_observed,253
2001,cook_ex_chicago,71,single_observed,5
2001,cook_ex_chicago,71,single_all,5
2001,cook_ex_chicago,71,all_observed,5
2001,cook_ex_chicago,72,single_observed,12
2001,cook_ex_chicago,72,single_all,12
2001,cook_ex_chicago,72,all_observed,16
2001,cook_ex_chicago,73,single_observed,8
2001,cook_ex_chicago,73,single_all,8
2001,cook_ex_chicago,73,all_observed,9
2001,cook_ex_chicago,74,single_observed,3
2001,cook_ex_chicago,74,single_all,3
2001,cook_ex_chicago,74,all_observed,3
2001,cook_ex_chicago,75,single_observed,141
2001,cook_ex_chicago,75,single_all,141
2001,cook_ex_chicago,75,all_observed,191
2001,cook_ex_chicago,76,single_observed,4
2001,cook_ex_chicago,76,single_all,4
2001,cook_ex_chicago,76,all_observed,5
2001,cook_ex_chicago,77,single_observed,5
2001,cook_ex_chicago,77,single_all,5
2001,cook_ex_chicago,77,all_observed,5
2001,cook_ex_chicago,78,single_observed,4
2001,cook_ex_chicago,78,single_all,4
2001,cook_ex_chicago,78,all_observed,7
2001,cook_ex_chicago,79,single_observed,4
2001,cook_ex_chicago,79,single_all,4
2001,cook_ex_chicago,79,all_observed,6
2001,cook_ex_chicago,80,single_observed,179
2001,cook_ex_chicago,80,single_all,179
2001,cook_ex_chicago,80,all_observed,236
2001,illinois_ex_cook,20,single_observed,3185
2001,illinois_ex_cook,20,single_all,3187
2001,illinois_ex_cook,20,all_observed,4014
2001,illinois_ex_cook,21,single_observed,345
2001,illinois_ex_cook,21,single_all,345
2001,illinois_ex_cook,21,all_observed,501
2001,illinois_ex_cook,22,single_observed,534
2001,illinois_ex_cook,22,single_all,535
2001,illinois_ex_cook,22,all_observed,735
2001,illinois_ex_cook,23,single_observed,347
2001,illinois_ex_cook,23,single_all,347
2001,illinois_ex_cook,23,all_observed,481
2001,illinois_ex_cook,24,single_observed,377
2001,illinois_ex_cook,24,single_all,378
2001,illinois_ex_cook,24,all_observed,516
2001,illinois_ex_cook,25,single_observed,2116
2001,illinois_ex_cook,25,single_all,2116
2001,illinois_ex_cook,25,all_observed,2753
2001,illinois_ex_cook,26,single_observed,259
2001,illinois_ex_cook,26,single_all,259
2001,illinois_ex_cook,26,all_observed,342
2001,illinois_ex_cook,27,single_observed,233
2001,illinois_ex_cook,27,single_all,233
2001,illinois_ex_cook,27,all_observed,335
2001,illinois_ex_cook,28,single_observed,308
2001,illinois_ex_cook,28,single_all,309
2001,illinois_ex_cook,28,all_observed,414
2001,illinois_ex_cook,29,single_observed,124
2001,illinois_ex_cook,29,single_all,124
2001,illinois_ex_cook,29,all_observed,167
2001,illinois_ex_cook,30,single_observed,2092
2001,illinois_ex_cook,30,single_all,2093
2001,illinois_ex_cook,30,all_observed,2759
2001,illinois_ex_cook,31,single_observed,91
2001,illinois_ex_cook,31,single_all,91
2001,illinois_ex_cook,31,all_observed,137
2001,illinois_ex_cook,32,single_observed,231
2001,illinois_ex_cook,32,single_all,231
2001,illinois_ex_cook,32,all_observed,319
2001,illinois_ex_cook,33,single_observed,129
2001,illinois_ex_cook,33,single_all,129
2001,illinois_ex_cook,33,all_observed,184
2001,illinois_ex_cook,34,single_observed,115
2001,illinois_ex_cook,34,single_all,115
2001,illinois_ex_cook,34,all_observed,163
2001,illinois_ex_cook,35,single_observed,1016
2001,illinois_ex_cook,35,single_all,1016
2001,illinois_ex_cook,35,all_observed,1337
2001,illinois_ex_cook,36,single_observed,127
2001,illinois_ex_cook,36,single_all,127
2001,illinois_ex_cook,36,all_observed,164
2001,illinois_ex_cook,37,single_observed,97
2001,illinois_ex_cook,37,single_all,98
2001,illinois_ex_cook,37,all_observed,140
2001,illinois_ex_cook,38,single_observed,133
2001,illinois_ex_cook,38,single_all,133
2001,illinois_ex_cook,38,all_observed,177
2001,illinois_ex_cook,39,single_observed,75
2001,illinois_ex_cook,39,single_all,75
2001,illinois_ex_cook,39,all_observed,102
2001,illinois_ex_cook,40,single_observed,1266
2001,illinois_ex_cook,40,single_all,1266
2001,illinois_ex_cook,40,all_observed,1645
2001,illinois_ex_cook,41,single_observed,58
2001,illinois_ex_cook,41,single_all,58
2001,illinois_ex_cook,41,all_observed,71
2001,illinois_ex_cook,42,single_observed,134
2001,illinois_ex_cook,42,single_all,134
2001,illinois_ex_cook,42,all_observed,181
2001,illinois_ex_cook,43,single_observed,63
2001,illinois_ex_cook,43,single_all,63
2001,illinois_ex_cook,43,all_observed,102
2001,illinois_ex_cook,44,single_observed,56
2001,illinois_ex_cook,44,single_all,56
2001,illinois_ex_cook,44,all_observed,71
2001,illinois_ex_cook,45,single_observed,573
2001,illinois_ex_cook,45,single_all,573
2001,illinois_ex_cook,45,all_observed,769
2001,illinois_ex_cook,46,single_observed,36
2001,illinois_ex_cook,46,single_all,36
2001,illinois_ex_cook,46,all_observed,48
2001,illinois_ex_cook,47,single_observed,80
2001,illinois_ex_cook,47,single_all,80
2001,illinois_ex_cook,47,all_observed,108
2001,illinois_ex_cook,48,single_observed,90
2001,illinois_ex_cook,48,single_all,90
2001,illinois_ex_cook,48,all_observed,123
2001,illinois_ex_cook,49,single_observed,55
2001,illinois_ex_cook,49,single_all,55
2001,illinois_ex_cook,49,all_observed,71
2001,illinois_ex_cook,50,single_observed,1442
2001,illinois_ex_cook,50,single_all,1442
2001,illinois_ex_cook,50,all_observed,1883
2001,illinois_ex_cook,51,single_observed,31
2001,illinois_ex_cook,51,single_all,31
2001,illinois_ex_cook,51,all_observed,41
2001,illinois_ex_cook,52,single_observed,83
2001,illinois_ex_cook,52,single_all,83
2001,illinois_ex_cook,52,all_observed,111
2001,illinois_ex_cook,53,single_observed,47
2001,illinois_ex_cook,53,single_all,47
2001,illinois_ex_cook,53,all_observed,67
2001,illinois_ex_cook,54,single_observed,49
2001,illinois_ex_cook,54,single_all,49
2001,illinois_ex_cook,54,all_observed,67
2001,illinois_ex_cook,55,single_observed,286
2001,illinois_ex_cook,55,single_all,286
2001,illinois_ex_cook,55,all_observed,375
2001,illinois_ex_cook,56,single_observed,36
2001,illinois_ex_cook,56,single_all,36
2001,illinois_ex_cook,56,all_observed,45
2001,illinois_ex_cook,57,single_observed,28
2001,illinois_ex_cook,57,single_all,28
2001,illinois_ex_cook,57,all_observed,41
2001,illinois_ex_cook,58,single_observed,41
2001,illinois_ex_cook,58,single_all,41
2001,illinois_ex_cook,58,all_observed,55
2001,illinois_ex_cook,59,single_observed,15
2001,illinois_ex_cook,59,single_all,15
2001,illinois_ex_cook,59,all_observed,18
2001,illinois_ex_cook,60,single_observed,664
2001,illinois_ex_cook,60,single_all,665
2001,illinois_ex_cook,60,all_observed,896
2001,illinois_ex_cook,61,single_observed,11
2001,illinois_ex_cook,61,single_all,11
2001,illinois_ex_cook,61,all_observed,15
2001,illinois_ex_cook,62,single_observed,45
2001,illinois_ex_cook,62,single_all,45
2001,illinois_ex_cook,62,all_observed,64
2001,illinois_ex_cook,63,single_observed,44
2001,illinois_ex_cook,63,single_all,44
2001,illinois_ex_cook,63,all_observed,53
2001,illinois_ex_cook,64,single_observed,20
2001,illinois_ex_cook,64,single_all,20
2001,illinois_ex_cook,64,all_observed,27
2001,illinois_ex_cook,65,single_observed,278
2001,illinois_ex_cook,65,single_all,278
2001,illinois_ex_cook,65,all_observed,380
2001,illinois_ex_cook,66,single_observed,12
2001,illinois_ex_cook,66,single_all,12
2001,illinois_ex_cook,66,all_observed,23
2001,illinois_ex_cook,67,single_observed,23
2001,illinois_ex_cook,67,single_all,23
2001,illinois_ex_cook,67,all_observed,29
2001,illinois_ex_cook,68,single_observed,20
2001,illinois_ex_cook,68,single_all,20
2001,illinois_ex_cook,68,all_observed,33
2001,illinois_ex_cook,69,single_observed,15
2001,illinois_ex_cook,69,single_all,15
2001,illinois_ex_cook,69,all_observed,20
2001,illinois_ex_cook,70,single_observed,416
2001,illinois_ex_cook,70,single_all,416
2001,illinois_ex_cook,70,all_observed,553
2001,illinois_ex_cook,71,single_observed,13
2001,illinois_ex_cook,71,single_all,13
2001,illinois_ex_cook,71,all_observed,15
2001,illinois_ex_cook,72,single_observed,27
2001,illinois_ex_cook,72,single_all,27
2001,illinois_ex_cook,72,all_observed,34
2001,illinois_ex_cook,73,single_observed,21
2001,illinois_ex_cook,73,single_all,21
2001,illinois_ex_cook,73,all_observed,24
2001,illinois_ex_cook,74,single_observed,10
2001,illinois_ex_cook,74,single_all,10
2001,illinois_ex_cook,74,all_observed,16
2001,illinois_ex_cook,75,single_observed,383
2001,illinois_ex_cook,75,single_all,383
2001,illinois_ex_cook,75,all_observed,520
2001,illinois_ex_cook,76,single_observed,14
2001,illinois_ex_cook,76,single_all,14
2001,illinois_ex_cook,76,all_observed,20
2001,illinois_ex_cook,77,single_observed,4
2001,illinois_ex_cook,77,single_all,4
2001,illinois_ex_cook,77,all_observed,8
2001,illinois_ex_cook,78,single_observed,18
2001,illinois_ex_cook,78,single_all,18
2001,illinois_ex_cook,78,all_observed,26
2001,illinois_ex_cook,79,single_observed,8
2001,illinois_ex_cook,79,single_all,8
2001,illinois_ex_cook,79,all_observed,12
2001,illinois_ex_cook,80,single_observed,366
2001,illinois_ex_cook,80,single_all,366
2001,illinois_ex_cook,80,all_observed,513
2002,chicago,20,single_observed,1203
2002,chicago,20,single_all,1203
2002,chicago,20,all_observed,1372
2002,chicago,21,single_observed,93
2002,chicago,21,single_all,93
2002,chicago,21,all_observed,115
2002,chicago,22,single_observed,173
2002,chicago,22,single_all,173
2002,chicago,22,all_observed,215
2002,chicago,23,single_observed,96
2002,chicago,23,single_all,96
2002,chicago,23,all_observed,118
2002,chicago,24,single_observed,108
2002,chicago,24,single_all,109
2002,chicago,24,all_observed,136
2002,chicago,25,single_observed,741
2002,chicago,25,single_all,742
2002,chicago,25,all_observed,875
2002,chicago,26,single_observed,68
2002,chicago,26,single_all,68
2002,chicago,26,all_observed,88
2002,chicago,27,single_observed,76
2002,chicago,27,single_all,76
2002,chicago,27,all_observed,97
2002,chicago,28,single_observed,75
2002,chicago,28,single_all,75
2002,chicago,28,all_observed,99
2002,chicago,29,single_observed,28
2002,chicago,29,single_all,28
2002,chicago,29,all_observed,48
2002,chicago,30,single_observed,697
2002,chicago,30,single_all,697
2002,chicago,30,all_observed,873
2002,chicago,31,single_observed,30
2002,chicago,31,single_all,30
2002,chicago,31,all_observed,42
2002,chicago,32,single_observed,53
2002,chicago,32,single_all,53
2002,chicago,32,all_observed,88
2002,chicago,33,single_observed,38
2002,chicago,33,single_all,38
2002,chicago,33,all_observed,51
2002,chicago,34,single_observed,31
2002,chicago,34,single_all,31
2002,chicago,34,all_observed,44
2002,chicago,35,single_observed,278
2002,chicago,35,single_all,278
2002,chicago,35,all_observed,353
2002,chicago,36,single_observed,35
2002,chicago,36,single_all,35
2002,chicago,36,all_observed,52
2002,chicago,37,single_observed,26
2002,chicago,37,single_all,26
2002,chicago,37,all_observed,34
2002,chicago,38,single_observed,23
2002,chicago,38,single_all,23
2002,chicago,38,all_observed,32
2002,chicago,39,single_observed,17
2002,chicago,39,single_all,17
2002,chicago,39,all_observed,23
2002,chicago,40,single_observed,442
2002,chicago,40,single_all,442
2002,chicago,40,all_observed,545
2002,chicago,41,single_observed,15
2002,chicago,41,single_all,15
2002,chicago,41,all_observed,19
2002,chicago,42,single_observed,43
2002,chicago,42,single_all,43
2002,chicago,42,all_observed,55
2002,chicago,43,single_observed,19
2002,chicago,43,single_all,19
2002,chicago,43,all_observed,24
2002,chicago,44,single_observed,17
2002,chicago,44,single_all,17
2002,chicago,44,all_observed,19
2002,chicago,45,single_observed,171
2002,chicago,45,single_all,171
2002,chicago,45,all_observed,218
2002,chicago,46,single_observed,8
2002,chicago,46,single_all,8
2002,chicago,46,all_observed,10
2002,chicago,47,single_observed,14
2002,chicago,47,single_all,14
2002,chicago,47,all_observed,18
2002,chicago,48,single_observed,29
2002,chicago,48,single_all,29
2002,chicago,48,all_observed,35
2002,chicago,49,single_observed,15
2002,chicago,49,single_all,15
2002,chicago,49,all_observed,17
2002,chicago,50,single_observed,572
2002,chicago,50,single_all,572
2002,chicago,50,all_observed,695
2002,chicago,51,single_observed,12
2002,chicago,51,single_all,12
2002,chicago,51,all_observed,13
2002,chicago,52,single_observed,13
2002,chicago,52,single_all,13
2002,chicago,52,all_observed,21
2002,chicago,53,single_observed,16
2002,chicago,53,single_all,16
2002,chicago,53,all_observed,21
2002,chicago,54,single_observed,13
2002,chicago,54,single_all,13
2002,chicago,54,all_observed,22
2002,chicago,55,single_observed,86
2002,chicago,55,single_all,86
2002,chicago,55,all_observed,114
2002,chicago,56,single_observed,13
2002,chicago,56,single_all,13
2002,chicago,56,all_observed,18
2002,chicago,57,single_observed,10
2002,chicago,57,single_all,10
2002,chicago,57,all_observed,13
2002,chicago,58,single_observed,9
2002,chicago,58,single_all,9
2002,chicago,58,all_observed,12
2002,chicago,59,single_observed,5
2002,chicago,59,single_all,5
2002,chicago,59,all_observed,7
2002,chicago,60,single_observed,250
2002,chicago,60,single_all,250
2002,chicago,60,all_observed,322
2002,chicago,61,single_observed,8
2002,chicago,61,single_all,8
2002,chicago,61,all_observed,13
2002,chicago,62,single_observed,18
2002,chicago,62,single_all,18
2002,chicago,62,all_observed,22
2002,chicago,63,single_observed,8
2002,chicago,63,single_all,8
2002,chicago,63,all_observed,9
2002,chicago,64,single_observed,6
2002,chicago,64,single_all,6
2002,chicago,64,all_observed,8
2002,chicago,65,single_observed,86
2002,chicago,65,single_all,86
2002,chicago,65,all_observed,110
2002,chicago,66,single_observed,8
2002,chicago,66,single_all,8
2002,chicago,66,all_observed,9
2002,chicago,67,single_observed,5
2002,chicago,67,single_all,5
2002,chicago,67,all_observed,10
2002,chicago,68,single_observed,7
2002,chicago,68,single_all,7
2002,chicago,68,all_observed,7
2002,chicago,69,single_observed,4
2002,chicago,69,single_all,4
2002,chicago,69,all_observed,5
2002,chicago,70,single_observed,156
2002,chicago,70,single_all,156
2002,chicago,70,all_observed,187
2002,chicago,71,single_observed,3
2002,chicago,71,single_all,3
2002,chicago,71,all_observed,5
2002,chicago,72,single_observed,8
2002,chicago,72,single_all,8
2002,chicago,72,all_observed,10
2002,chicago,73,single_observed,3
2002,chicago,73,single_all,6
2002,chicago,73,all_observed,5
2002,chicago,74,single_observed,7
2002,chicago,74,single_all,7
2002,chicago,74,all_observed,7
2002,chicago,75,single_observed,144
2002,chicago,75,single_all,144
2002,chicago,75,all_observed,190
2002,chicago,76,single_observed,3
2002,chicago,76,single_all,3
2002,chicago,76,all_observed,4
2002,chicago,77,single_observed,6
2002,chicago,77,single_all,6
2002,chicago,77,all_observed,6
2002,chicago,78,single_observed,12
2002,chicago,78,single_all,12
2002,chicago,78,all_observed,14
2002,chicago,79,single_observed,3
2002,chicago,79,single_all,3
2002,chicago,79,all_observed,5
2002,chicago,80,single_observed,145
2002,chicago,80,single_all,145
2002,chicago,80,all_observed,200
2002,cook_ex_chicago,20,single_observed,1350
2002,cook_ex_chicago,20,single_all,1351
2002,cook_ex_chicago,20,all_observed,1656
2002,cook_ex_chicago,21,single_observed,87
2002,cook_ex_chicago,21,single_all,87
2002,cook_ex_chicago,21,all_observed,128
2002,cook_ex_chicago,22,single_observed,170
2002,cook_ex_chicago,22,single_all,171
2002,cook_ex_chicago,22,all_observed,224
2002,cook_ex_chicago,23,single_observed,109
2002,cook_ex_chicago,23,single_all,110
2002,cook_ex_chicago,23,all_observed,143
2002,cook_ex_chicago,24,single_observed,99
2002,cook_ex_chicago,24,single_all,99
2002,cook_ex_chicago,24,all_observed,139
2002,cook_ex_chicago,25,single_observed,817
2002,cook_ex_chicago,25,single_all,819
2002,cook_ex_chicago,25,all_observed,1033
2002,cook_ex_chicago,26,single_observed,83
2002,cook_ex_chicago,26,single_all,83
2002,cook_ex_chicago,26,all_observed,108
2002,cook_ex_chicago,27,single_observed,79
2002,cook_ex_chicago,27,single_all,79
2002,cook_ex_chicago,27,all_observed,103
2002,cook_ex_chicago,28,single_observed,84
2002,cook_ex_chicago,28,single_all,84
2002,cook_ex_chicago,28,all_observed,117
2002,cook_ex_chicago,29,single_observed,24
2002,cook_ex_chicago,29,single_all,24
2002,cook_ex_chicago,29,all_observed,38
2002,cook_ex_chicago,30,single_observed,893
2002,cook_ex_chicago,30,single_all,894
2002,cook_ex_chicago,30,all_observed,1147
2002,cook_ex_chicago,31,single_observed,33
2002,cook_ex_chicago,31,single_all,33
2002,cook_ex_chicago,31,all_observed,44
2002,cook_ex_chicago,32,single_observed,69
2002,cook_ex_chicago,32,single_all,69
2002,cook_ex_chicago,32,all_observed,106
2002,cook_ex_chicago,33,single_observed,42
2002,cook_ex_chicago,33,single_all,42
2002,cook_ex_chicago,33,all_observed,63
2002,cook_ex_chicago,34,single_observed,32
2002,cook_ex_chicago,34,single_all,32
2002,cook_ex_chicago,34,all_observed,39
2002,cook_ex_chicago,35,single_observed,350
2002,cook_ex_chicago,35,single_all,350
2002,cook_ex_chicago,35,all_observed,499
2002,cook_ex_chicago,36,single_observed,43
2002,cook_ex_chicago,36,single_all,43
2002,cook_ex_chicago,36,all_observed,57
2002,cook_ex_chicago,37,single_observed,26
2002,cook_ex_chicago,37,single_all,26
2002,cook_ex_chicago,37,all_observed,35
2002,cook_ex_chicago,38,single_observed,54
2002,cook_ex_chicago,38,single_all,54
2002,cook_ex_chicago,38,all_observed,69
2002,cook_ex_chicago,39,single_observed,15
2002,cook_ex_chicago,39,single_all,15
2002,cook_ex_chicago,39,all_observed,24
2002,cook_ex_chicago,40,single_observed,517
2002,cook_ex_chicago,40,single_all,517
2002,cook_ex_chicago,40,all_observed,706
2002,cook_ex_chicago,41,single_observed,13
2002,cook_ex_chicago,41,single_all,13
2002,cook_ex_chicago,41,all_observed,18
2002,cook_ex_chicago,42,single_observed,38
2002,cook_ex_chicago,42,single_all,38
2002,cook_ex_chicago,42,all_observed,47
2002,cook_ex_chicago,43,single_observed,19
2002,cook_ex_chicago,43,single_all,19
2002,cook_ex_chicago,43,all_observed,23
2002,cook_ex_chicago,44,single_observed,21
2002,cook_ex_chicago,44,single_all,21
2002,cook_ex_chicago,44,all_observed,29
2002,cook_ex_chicago,45,single_observed,211
2002,cook_ex_chicago,45,single_all,211
2002,cook_ex_chicago,45,all_observed,274
2002,cook_ex_chicago,46,single_observed,15
2002,cook_ex_chicago,46,single_all,15
2002,cook_ex_chicago,46,all_observed,27
2002,cook_ex_chicago,47,single_observed,17
2002,cook_ex_chicago,47,single_all,17
2002,cook_ex_chicago,47,all_observed,28
2002,cook_ex_chicago,48,single_observed,28
2002,cook_ex_chicago,48,single_all,28
2002,cook_ex_chicago,48,all_observed,38
2002,cook_ex_chicago,49,single_observed,14
2002,cook_ex_chicago,49,single_all,14
2002,cook_ex_chicago,49,all_observed,21
2002,cook_ex_chicago,50,single_observed,668
2002,cook_ex_chicago,50,single_all,668
2002,cook_ex_chicago,50,all_observed,870
2002,cook_ex_chicago,51,single_observed,12
2002,cook_ex_chicago,51,single_all,12
2002,cook_ex_chicago,51,all_observed,17
2002,cook_ex_chicago,52,single_observed,25
2002,cook_ex_chicago,52,single_all,26
2002,cook_ex_chicago,52,all_observed,34
2002,cook_ex_chicago,53,single_observed,11
2002,cook_ex_chicago,53,single_all,11
2002,cook_ex_chicago,53,all_observed,19
2002,cook_ex_chicago,54,single_observed,16
2002,cook_ex_chicago,54,single_all,16
2002,cook_ex_chicago,54,all_observed,20
2002,cook_ex_chicago,55,single_observed,103
2002,cook_ex_chicago,55,single_all,103
2002,cook_ex_chicago,55,all_observed,136
2002,cook_ex_chicago,56,single_observed,23
2002,cook_ex_chicago,56,single_all,23
2002,cook_ex_chicago,56,all_observed,33
2002,cook_ex_chicago,57,single_observed,6
2002,cook_ex_chicago,57,single_all,6
2002,cook_ex_chicago,57,all_observed,9
2002,cook_ex_chicago,58,single_observed,16
2002,cook_ex_chicago,58,single_all,16
2002,cook_ex_chicago,58,all_observed,20
2002,cook_ex_chicago,59,single_observed,4
2002,cook_ex_chicago,59,single_all,4
2002,cook_ex_chicago,59,all_observed,4
2002,cook_ex_chicago,60,single_observed,261
2002,cook_ex_chicago,60,single_all,261
2002,cook_ex_chicago,60,all_observed,354
2002,cook_ex_chicago,61,single_observed,5
2002,cook_ex_chicago,61,single_all,7
2002,cook_ex_chicago,61,all_observed,6
2002,cook_ex_chicago,62,single_observed,14
2002,cook_ex_chicago,62,single_all,14
2002,cook_ex_chicago,62,all_observed,16
2002,cook_ex_chicago,63,single_observed,7
2002,cook_ex_chicago,63,single_all,7
2002,cook_ex_chicago,63,all_observed,9
2002,cook_ex_chicago,64,single_observed,9
2002,cook_ex_chicago,64,single_all,9
2002,cook_ex_chicago,64,all_observed,11
2002,cook_ex_chicago,65,single_observed,119
2002,cook_ex_chicago,65,single_all,119
2002,cook_ex_chicago,65,all_observed,163
2002,cook_ex_chicago,66,single_observed,3
2002,cook_ex_chicago,66,single_all,3
2002,cook_ex_chicago,66,all_observed,3
2002,cook_ex_chicago,67,single_observed,9
2002,cook_ex_chicago,67,single_all,9
2002,cook_ex_chicago,67,all_observed,12
2002,cook_ex_chicago,68,single_observed,13
2002,cook_ex_chicago,68,single_all,13
2002,cook_ex_chicago,68,all_observed,16
2002,cook_ex_chicago,69,single_observed,8
2002,cook_ex_chicago,69,single_all,8
2002,cook_ex_chicago,69,all_observed,13
2002,cook_ex_chicago,70,single_observed,185
2002,cook_ex_chicago,70,single_all,185
2002,cook_ex_chicago,70,all_observed,244
2002,cook_ex_chicago,71,single_observed,3
2002,cook_ex_chicago,71,single_all,3
2002,cook_ex_chicago,71,all_observed,3
2002,cook_ex_chicago,72,single_observed,10
2002,cook_ex_chicago,72,single_all,10
2002,cook_ex_chicago,72,all_observed,13
2002,cook_ex_chicago,73,single_observed,9
2002,cook_ex_chicago,73,single_all,9
2002,cook_ex_chicago,73,all_observed,10
2002,cook_ex_chicago,74,single_observed,3
2002,cook_ex_chicago,74,single_all,3
2002,cook_ex_chicago,74,all_observed,3
2002,cook_ex_chicago,75,single_observed,148
2002,cook_ex_chicago,75,single_all,148
2002,cook_ex_chicago,75,all_observed,196
2002,cook_ex_chicago,76,single_observed,5
2002,cook_ex_chicago,76,single_all,5
2002,cook_ex_chicago,76,all_observed,6
2002,cook_ex_chicago,77,single_observed,7
2002,cook_ex_chicago,77,single_all,8
2002,cook_ex_chicago,77,all_observed,7
2002,cook_ex_chicago,78,single_observed,5
2002,cook_ex_chicago,78,single_all,5
2002,cook_ex_chicago,78,all_observed,6
2002,cook_ex_chicago,79,single_observed,3
2002,cook_ex_chicago,79,single_all,3
2002,cook_ex_chicago,79,all_observed,4
2002,cook_ex_chicago,80,single_observed,170
2002,cook_ex_chicago,80,single_all,170
2002,cook_ex_chicago,80,all_observed,221
2002,illinois_ex_cook,20,single_observed,3201
2002,illinois_ex_cook,20,single_all,3202
2002,illinois_ex_cook,20,all_observed,4049
2002,illinois_ex_cook,21,single_observed,335
2002,illinois_ex_cook,21,single_all,335
2002,illinois_ex_cook,21,all_observed,483
2002,illinois_ex_cook,22,single_observed,538
2002,illinois_ex_cook,22,single_all,539
2002,illinois_ex_cook,22,all_observed,747
2002,illinois_ex_cook,23,single_observed,376
2002,illinois_ex_cook,23,single_all,377
2002,illinois_ex_cook,23,all_observed,521
2002,illinois_ex_cook,24,single_observed,377
2002,illinois_ex_cook,24,single_all,377
2002,illinois_ex_cook,24,all_observed,499
2002,illinois_ex_cook,25,single_observed,2132
2002,illinois_ex_cook,25,single_all,2132
2002,illinois_ex_cook,25,all_observed,2772
2002,illinois_ex_cook,26,single_observed,256
2002,illinois_ex_cook,26,single_all,256
2002,illinois_ex_cook,26,all_observed,335
2002,illinois_ex_cook,27,single_observed,241
2002,illinois_ex_cook,27,single_all,241
2002,illinois_ex_cook,27,all_observed,345
2002,illinois_ex_cook,28,single_observed,304
2002,illinois_ex_cook,28,single_all,305
2002,illinois_ex_cook,28,all_observed,409
2002,illinois_ex_cook,29,single_observed,124
2002,illinois_ex_cook,29,single_all,124
2002,illinois_ex_cook,29,all_observed,172
2002,illinois_ex_cook,30,single_observed,2082
2002,illinois_ex_cook,30,single_all,2083
2002,illinois_ex_cook,30,all_observed,2775
2002,illinois_ex_cook,31,single_observed,89
2002,illinois_ex_cook,31,single_all,89
2002,illinois_ex_cook,31,all_observed,135
2002,illinois_ex_cook,32,single_observed,230
2002,illinois_ex_cook,32,single_all,230
2002,illinois_ex_cook,32,all_observed,323
2002,illinois_ex_cook,33,single_observed,134
2002,illinois_ex_cook,33,single_all,134
2002,illinois_ex_cook,33,all_observed,183
2002,illinois_ex_cook,34,single_observed,101
2002,illinois_ex_cook,34,single_all,101
2002,illinois_ex_cook,34,all_observed,153
2002,illinois_ex_cook,35,single_observed,1016
2002,illinois_ex_cook,35,single_all,1016
2002,illinois_ex_cook,35,all_observed,1331
2002,illinois_ex_cook,36,single_observed,130
2002,illinois_ex_cook,36,single_all,130
2002,illinois_ex_cook,36,all_observed,166
2002,illinois_ex_cook,37,single_observed,92
2002,illinois_ex_cook,37,single_all,95
2002,illinois_ex_cook,37,all_observed,132
2002,illinois_ex_cook,38,single_observed,126
2002,illinois_ex_cook,38,single_all,128
2002,illinois_ex_cook,38,all_observed,167
2002,illinois_ex_cook,39,single_observed,73
2002,illinois_ex_cook,39,single_all,73
2002,illinois_ex_cook,39,all_observed,100
2002,illinois_ex_cook,40,single_observed,1288
2002,illinois_ex_cook,40,single_all,1289
2002,illinois_ex_cook,40,all_observed,1669
2002,illinois_ex_cook,41,single_observed,60
2002,illinois_ex_cook,41,single_all,60
2002,illinois_ex_cook,41,all_observed,74
2002,illinois_ex_cook,42,single_observed,124
2002,illinois_ex_cook,42,single_all,124
2002,illinois_ex_cook,42,all_observed,168
2002,illinois_ex_cook,43,single_observed,78
2002,illinois_ex_cook,43,single_all,78
2002,illinois_ex_cook,43,all_observed,110
2002,illinois_ex_cook,44,single_observed,54
2002,illinois_ex_cook,44,single_all,55
2002,illinois_ex_cook,44,all_observed,77
2002,illinois_ex_cook,45,single_observed,580
2002,illinois_ex_cook,45,single_all,580
2002,illinois_ex_cook,45,all_observed,773
2002,illinois_ex_cook,46,single_observed,34
2002,illinois_ex_cook,46,single_all,34
2002,illinois_ex_cook,46,all_observed,49
2002,illinois_ex_cook,47,single_observed,71
2002,illinois_ex_cook,47,single_all,71
2002,illinois_ex_cook,47,all_observed,94
2002,illinois_ex_cook,48,single_observed,92
2002,illinois_ex_cook,48,single_all,92
2002,illinois_ex_cook,48,all_observed,125
2002,illinois_ex_cook,49,single_observed,60
2002,illinois_ex_cook,49,single_all,60
2002,illinois_ex_cook,49,all_observed,77
2002,illinois_ex_cook,50,single_observed,1418
2002,illinois_ex_cook,50,single_all,1418
2002,illinois_ex_cook,50,all_observed,1846
2002,illinois_ex_cook,51,single_observed,37
2002,illinois_ex_cook,51,single_all,37
2002,illinois_ex_cook,51,all_observed,47
2002,illinois_ex_cook,52,single_observed,76
2002,illinois_ex_cook,52,single_all,76
2002,illinois_ex_cook,52,all_observed,103
2002,illinois_ex_cook,53,single_observed,49
2002,illinois_ex_cook,53,single_all,49
2002,illinois_ex_cook,53,all_observed,67
2002,illinois_ex_cook,54,single_observed,52
2002,illinois_ex_cook,54,single_all,52
2002,illinois_ex_cook,54,all_observed,68
2002,illinois_ex_cook,55,single_observed,270
2002,illinois_ex_cook,55,single_all,270
2002,illinois_ex_cook,55,all_observed,364
2002,illinois_ex_cook,56,single_observed,36
2002,illinois_ex_cook,56,single_all,36
2002,illinois_ex_cook,56,all_observed,47
2002,illinois_ex_cook,57,single_observed,24
2002,illinois_ex_cook,57,single_all,24
2002,illinois_ex_cook,57,all_observed,40
2002,illinois_ex_cook,58,single_observed,31
2002,illinois_ex_cook,58,single_all,32
2002,illinois_ex_cook,58,all_observed,43
2002,illinois_ex_cook,59,single_observed,18
2002,illinois_ex_cook,59,single_all,18
2002,illinois_ex_cook,59,all_observed,20
2002,illinois_ex_cook,60,single_observed,695
2002,illinois_ex_cook,60,single_all,695
2002,illinois_ex_cook,60,all_observed,928
2002,illinois_ex_cook,61,single_observed,13
2002,illinois_ex_cook,61,single_all,13
2002,illinois_ex_cook,61,all_observed,18
2002,illinois_ex_cook,62,single_observed,39
2002,illinois_ex_cook,62,single_all,39
2002,illinois_ex_cook,62,all_observed,62
2002,illinois_ex_cook,63,single_observed,45
2002,illinois_ex_cook,63,single_all,45
2002,illinois_ex_cook,63,all_observed,57
2002,illinois_ex_cook,64,single_observed,23
2002,illinois_ex_cook,64,single_all,23
2002,illinois_ex_cook,64,all_observed,28
2002,illinois_ex_cook,65,single_observed,270
2002,illinois_ex_cook,65,single_all,270
2002,illinois_ex_cook,65,all_observed,364
2002,illinois_ex_cook,66,single_observed,12
2002,illinois_ex_cook,66,single_all,12
2002,illinois_ex_cook,66,all_observed,18
2002,illinois_ex_cook,67,single_observed,21
2002,illinois_ex_cook,67,single_all,22
2002,illinois_ex_cook,67,all_observed,27
2002,illinois_ex_cook,68,single_observed,23
2002,illinois_ex_cook,68,single_all,23
2002,illinois_ex_cook,68,all_observed,35
2002,illinois_ex_cook,69,single_observed,12
2002,illinois_ex_cook,69,single_all,14
2002,illinois_ex_cook,69,all_observed,16
2002,illinois_ex_cook,70,single_observed,419
2002,illinois_ex_cook,70,single_all,419
2002,illinois_ex_cook,70,all_observed,555
2002,illinois_ex_cook,71,single_observed,13
2002,illinois_ex_cook,71,single_all,13
2002,illinois_ex_cook,71,all_observed,14
2002,illinois_ex_cook,72,single_observed,25
2002,illinois_ex_cook,72,single_all,26
2002,illinois_ex_cook,72,all_observed,32
2002,illinois_ex_cook,73,single_observed,17
2002,illinois_ex_cook,73,single_all,17
2002,illinois_ex_cook,73,all_observed,18
2002,illinois_ex_cook,74,single_observed,11
2002,illinois_ex_cook,74,single_all,11
2002,illinois_ex_cook,74,all_observed,16
2002,illinois_ex_cook,75,single_observed,384
2002,illinois_ex_cook,75,single_all,384
2002,illinois_ex_cook,75,all_observed,514
2002,illinois_ex_cook,76,single_observed,14
2002,illinois_ex_cook,76,single_all,14
2002,illinois_ex_cook,76,all_observed,20
2002,illinois_ex_cook,77,single_observed,7
2002,illinois_ex_cook,77,single_all,7
2002,illinois_ex_cook,77,all_observed,13
2002,illinois_ex_cook,78,single_observed,22
2002,illinois_ex_cook,78,single_all,22
2002,illinois_ex_cook,78,all_observed,30
2002,illinois_ex_cook,79,single_observed,8
2002,illinois_ex_cook,79,single_all,8
2002,illinois_ex_cook,79,all_observed,13
2002,illinois_ex_cook,80,single_observed,365
2002,illinois_ex_cook,80,single_all,365
2002,illinois_ex_cook,80,all_observed,496
2003,chicago,20,single_observed,1266
2003,chicago,20,single_all,1334
2003,chicago,20,all_observed,1446
2003,chicago,21,single_observed,94
2003,chicago,21,single_all,94
2003,chicago,21,all_observed,115
2003,chicago,22,single_observed,169
2003,chicago,22,single_all,169
2003,chicago,22,all_observed,212
2003,chicago,23,single_observed,92
2003,chicago,23,single_all,94
2003,chicago,23,all_observed,119
2003,chicago,24,single_observed,99
2003,chicago,24,single_all,102
2003,chicago,24,all_observed,130
2003,chicago,25,single_observed,728
2003,chicago,25,single_all,735
2003,chicago,25,all_observed,867
2003,chicago,26,single_observed,72
2003,chicago,26,single_all,72
2003,chicago,26,all_observed,96
2003,chicago,27,single_observed,77
2003,chicago,27,single_all,77
2003,chicago,27,all_observed,99
2003,chicago,28,single_observed,78
2003,chicago,28,single_all,81
2003,chicago,28,all_observed,100
2003,chicago,29,single_observed,29
2003,chicago,29,single_all,39
2003,chicago,29,all_observed,48
2003,chicago,30,single_observed,699
2003,chicago,30,single_all,704
2003,chicago,30,all_observed,868
2003,chicago,31,single_observed,28
2003,chicago,31,single_all,28
2003,chicago,31,all_observed,37
2003,chicago,32,single_observed,52
2003,chicago,32,single_all,52
2003,chicago,32,all_observed,83
2003,chicago,33,single_observed,35
2003,chicago,33,single_all,35
2003,chicago,33,all_observed,50
2003,chicago,34,single_observed,35
2003,chicago,34,single_all,35
2003,chicago,34,all_observed,46
2003,chicago,35,single_observed,287
2003,chicago,35,single_all,295
2003,chicago,35,all_observed,361
2003,chicago,36,single_observed,31
2003,chicago,36,single_all,31
2003,chicago,36,all_observed,47
2003,chicago,37,single_observed,25
2003,chicago,37,single_all,25
2003,chicago,37,all_observed,31
2003,chicago,38,single_observed,24
2003,chicago,38,single_all,24
2003,chicago,38,all_observed,35
2003,chicago,39,single_observed,18
2003,chicago,39,single_all,18
2003,chicago,39,all_observed,23
2003,chicago,40,single_observed,446
2003,chicago,40,single_all,619
2003,chicago,40,all_observed,559
2003,chicago,41,single_observed,13
2003,chicago,41,single_all,13
2003,chicago,41,all_observed,18
2003,chicago,42,single_observed,37
2003,chicago,42,single_all,37
2003,chicago,42,all_observed,49
2003,chicago,43,single_observed,22
2003,chicago,43,single_all,22
2003,chicago,43,all_observed,27
2003,chicago,44,single_observed,16
2003,chicago,44,single_all,16
2003,chicago,44,all_observed,18
2003,chicago,45,single_observed,169
2003,chicago,45,single_all,169
2003,chicago,45,all_observed,210
2003,chicago,46,single_observed,10
2003,chicago,46,single_all,10
2003,chicago,46,all_observed,12
2003,chicago,47,single_observed,14
2003,chicago,47,single_all,14
2003,chicago,47,all_observed,18
2003,chicago,48,single_observed,27
2003,chicago,48,single_all,93
2003,chicago,48,all_observed,34
2003,chicago,49,single_observed,17
2003,chicago,49,single_all,17
2003,chicago,49,all_observed,19
2003,chicago,50,single_observed,585
2003,chicago,50,single_all,585
2003,chicago,50,all_observed,708
2003,chicago,51,single_observed,13
2003,chicago,51,single_all,13
2003,chicago,51,all_observed,14
2003,chicago,52,single_observed,16
2003,chicago,52,single_all,16
2003,chicago,52,all_observed,25
2003,chicago,53,single_observed,13
2003,chicago,53,single_all,13
2003,chicago,53,all_observed,18
2003,chicago,54,single_observed,13
2003,chicago,54,single_all,13
2003,chicago,54,all_observed,21
2003,chicago,55,single_observed,83
2003,chicago,55,single_all,83
2003,chicago,55,all_observed,112
2003,chicago,56,single_observed,14
2003,chicago,56,single_all,14
2003,chicago,56,all_observed,19
2003,chicago,57,single_observed,9
2003,chicago,57,single_all,9
2003,chicago,57,all_observed,13
2003,chicago,58,single_observed,12
2003,chicago,58,single_all,12
2003,chicago,58,all_observed,15
2003,chicago,59,single_observed,5
2003,chicago,59,single_all,5
2003,chicago,59,all_observed,6
2003,chicago,60,single_observed,259
2003,chicago,60,single_all,259
2003,chicago,60,all_observed,333
2003,chicago,61,single_observed,6
2003,chicago,61,single_all,6
2003,chicago,61,all_observed,11
2003,chicago,62,single_observed,20
2003,chicago,62,single_all,20
2003,chicago,62,all_observed,25
2003,chicago,63,single_observed,8
2003,chicago,63,single_all,8
2003,chicago,63,all_observed,10
2003,chicago,64,single_observed,6
2003,chicago,64,single_all,6
2003,chicago,64,all_observed,8
2003,chicago,65,single_observed,78
2003,chicago,65,single_all,78
2003,chicago,65,all_observed,99
2003,chicago,66,single_observed,8
2003,chicago,66,single_all,8
2003,chicago,66,all_observed,9
2003,chicago,67,single_observed,5
2003,chicago,67,single_all,5
2003,chicago,67,all_observed,9
2003,chicago,68,single_observed,6
2003,chicago,68,single_all,6
2003,chicago,68,all_observed,6
2003,chicago,69,single_observed,2
2003,chicago,69,single_all,2
2003,chicago,69,all_observed,3
2003,chicago,70,single_observed,145
2003,chicago,70,single_all,145
2003,chicago,70,all_observed,176
2003,chicago,71,single_observed,3
2003,chicago,71,single_all,3
2003,chicago,71,all_observed,6
2003,chicago,72,single_observed,8
2003,chicago,72,single_all,8
2003,chicago,72,all_observed,10
2003,chicago,73,single_observed,3
2003,chicago,73,single_all,3
2003,chicago,73,all_observed,5
2003,chicago,74,single_observed,5
2003,chicago,74,single_all,5
2003,chicago,74,all_observed,6
2003,chicago,75,single_observed,150
2003,chicago,75,single_all,150
2003,chicago,75,all_observed,194
2003,chicago,76,single_observed,2
2003,chicago,76,single_all,2
2003,chicago,76,all_observed,4
2003,chicago,77,single_observed,5
2003,chicago,77,single_all,5
2003,chicago,77,all_observed,6
2003,chicago,78,single_observed,10
2003,chicago,78,single_all,10
2003,chicago,78,all_observed,12
2003,chicago,79,single_observed,4
2003,chicago,79,single_all,4
2003,chicago,79,all_observed,6
2003,chicago,80,single_observed,142
2003,chicago,80,single_all,142
2003,chicago,80,all_observed,199
2003,cook_ex_chicago,20,single_observed,1370
2003,cook_ex_chicago,20,single_all,1388
2003,cook_ex_chicago,20,all_observed,1684
2003,cook_ex_chicago,21,single_observed,81
2003,cook_ex_chicago,21,single_all,81
2003,cook_ex_chicago,21,all_observed,124
2003,cook_ex_chicago,22,single_observed,168
2003,cook_ex_chicago,22,single_all,169
2003,cook_ex_chicago,22,all_observed,219
2003,cook_ex_chicago,23,single_observed,112
2003,cook_ex_chicago,23,single_all,114
2003,cook_ex_chicago,23,all_observed,148
2003,cook_ex_chicago,24,single_observed,98
2003,cook_ex_chicago,24,single_all,98
2003,cook_ex_chicago,24,all_observed,132
2003,cook_ex_chicago,25,single_observed,804
2003,cook_ex_chicago,25,single_all,825
2003,cook_ex_chicago,25,all_observed,1006
2003,cook_ex_chicago,26,single_observed,88
2003,cook_ex_chicago,26,single_all,88
2003,cook_ex_chicago,26,all_observed,112
2003,cook_ex_chicago,27,single_observed,74
2003,cook_ex_chicago,27,single_all,74
2003,cook_ex_chicago,27,all_observed,98
2003,cook_ex_chicago,28,single_observed,79
2003,cook_ex_chicago,28,single_all,79
2003,cook_ex_chicago,28,all_observed,113
2003,cook_ex_chicago,29,single_observed,29
2003,cook_ex_chicago,29,single_all,40
2003,cook_ex_chicago,29,all_observed,40
2003,cook_ex_chicago,30,single_observed,917
2003,cook_ex_chicago,30,single_all,1088
2003,cook_ex_chicago,30,all_observed,1196
2003,cook_ex_chicago,31,single_observed,35
2003,cook_ex_chicago,31,single_all,38
2003,cook_ex_chicago,31,all_observed,47
2003,cook_ex_chicago,32,single_observed,72
2003,cook_ex_chicago,32,single_all,72
2003,cook_ex_chicago,32,all_observed,118
2003,cook_ex_chicago,33,single_observed,38
2003,cook_ex_chicago,33,single_all,38
2003,cook_ex_chicago,33,all_observed,57
2003,cook_ex_chicago,34,single_observed,33
2003,cook_ex_chicago,34,single_all,33
2003,cook_ex_chicago,34,all_observed,40
2003,cook_ex_chicago,35,single_observed,346
2003,cook_ex_chicago,35,single_all,349
2003,cook_ex_chicago,35,all_observed,481
2003,cook_ex_chicago,36,single_observed,43
2003,cook_ex_chicago,36,single_all,43
2003,cook_ex_chicago,36,all_observed,59
2003,cook_ex_chicago,37,single_observed,26
2003,cook_ex_chicago,37,single_all,26
2003,cook_ex_chicago,37,all_observed,33
2003,cook_ex_chicago,38,single_observed,54
2003,cook_ex_chicago,38,single_all,54
2003,cook_ex_chicago,38,all_observed,69
2003,cook_ex_chicago,39,single_observed,14
2003,cook_ex_chicago,39,single_all,17
2003,cook_ex_chicago,39,all_observed,21
2003,cook_ex_chicago,40,single_observed,499
2003,cook_ex_chicago,40,single_all,592
2003,cook_ex_chicago,40,all_observed,678
2003,cook_ex_chicago,41,single_observed,14
2003,cook_ex_chicago,41,single_all,14
2003,cook_ex_chicago,41,all_observed,22
2003,cook_ex_chicago,42,single_observed,37
2003,cook_ex_chicago,42,single_all,37
2003,cook_ex_chicago,42,all_observed,46
2003,cook_ex_chicago,43,single_observed,20
2003,cook_ex_chicago,43,single_all,20
2003,cook_ex_chicago,43,all_observed,25
2003,cook_ex_chicago,44,single_observed,19
2003,cook_ex_chicago,44,single_all,19
2003,cook_ex_chicago,44,all_observed,28
2003,cook_ex_chicago,45,single_observed,208
2003,cook_ex_chicago,45,single_all,208
2003,cook_ex_chicago,45,all_observed,282
2003,cook_ex_chicago,46,single_observed,15
2003,cook_ex_chicago,46,single_all,15
2003,cook_ex_chicago,46,all_observed,24
2003,cook_ex_chicago,47,single_observed,18
2003,cook_ex_chicago,47,single_all,18
2003,cook_ex_chicago,47,all_observed,27
2003,cook_ex_chicago,48,single_observed,31
2003,cook_ex_chicago,48,single_all,45
2003,cook_ex_chicago,48,all_observed,43
2003,cook_ex_chicago,49,single_observed,16
2003,cook_ex_chicago,49,single_all,16
2003,cook_ex_chicago,49,all_observed,23
2003,cook_ex_chicago,50,single_observed,669
2003,cook_ex_chicago,50,single_all,669
2003,cook_ex_chicago,50,all_observed,870
2003,cook_ex_chicago,51,single_observed,12
2003,cook_ex_chicago,51,single_all,12
2003,cook_ex_chicago,51,all_observed,17
2003,cook_ex_chicago,52,single_observed,26
2003,cook_ex_chicago,52,single_all,27
2003,cook_ex_chicago,52,all_observed,35
2003,cook_ex_chicago,53,single_observed,12
2003,cook_ex_chicago,53,single_all,12
2003,cook_ex_chicago,53,all_observed,18
2003,cook_ex_chicago,54,single_observed,15
2003,cook_ex_chicago,54,single_all,15
2003,cook_ex_chicago,54,all_observed,18
2003,cook_ex_chicago,55,single_observed,100
2003,cook_ex_chicago,55,single_all,100
2003,cook_ex_chicago,55,all_observed,131
2003,cook_ex_chicago,56,single_observed,20
2003,cook_ex_chicago,56,single_all,20
2003,cook_ex_chicago,56,all_observed,26
2003,cook_ex_chicago,57,single_observed,6
2003,cook_ex_chicago,57,single_all,6
2003,cook_ex_chicago,57,all_observed,7
2003,cook_ex_chicago,58,single_observed,17
2003,cook_ex_chicago,58,single_all,17
2003,cook_ex_chicago,58,all_observed,20
2003,cook_ex_chicago,59,single_observed,2
2003,cook_ex_chicago,59,single_all,2
2003,cook_ex_chicago,59,all_observed,3
2003,cook_ex_chicago,60,single_observed,256
2003,cook_ex_chicago,60,single_all,256
2003,cook_ex_chicago,60,all_observed,341
2003,cook_ex_chicago,61,single_observed,5
2003,cook_ex_chicago,61,single_all,5
2003,cook_ex_chicago,61,all_observed,6
2003,cook_ex_chicago,62,single_observed,16
2003,cook_ex_chicago,62,single_all,16
2003,cook_ex_chicago,62,all_observed,18
2003,cook_ex_chicago,63,single_observed,9
2003,cook_ex_chicago,63,single_all,9
2003,cook_ex_chicago,63,all_observed,11
2003,cook_ex_chicago,64,single_observed,9
2003,cook_ex_chicago,64,single_all,9
2003,cook_ex_chicago,64,all_observed,11
2003,cook_ex_chicago,65,single_observed,122
2003,cook_ex_chicago,65,single_all,122
2003,cook_ex_chicago,65,all_observed,157
2003,cook_ex_chicago,66,single_observed,3
2003,cook_ex_chicago,66,single_all,3
2003,cook_ex_chicago,66,all_observed,3
2003,cook_ex_chicago,67,single_observed,9
2003,cook_ex_chicago,67,single_all,9
2003,cook_ex_chicago,67,all_observed,10
2003,cook_ex_chicago,68,single_observed,11
2003,cook_ex_chicago,68,single_all,11
2003,cook_ex_chicago,68,all_observed,14
2003,cook_ex_chicago,69,single_observed,7
2003,cook_ex_chicago,69,single_all,7
2003,cook_ex_chicago,69,all_observed,12
2003,cook_ex_chicago,70,single_observed,192
2003,cook_ex_chicago,70,single_all,192
2003,cook_ex_chicago,70,all_observed,252
2003,cook_ex_chicago,71,single_observed,3
2003,cook_ex_chicago,71,single_all,3
2003,cook_ex_chicago,71,all_observed,3
2003,cook_ex_chicago,72,single_observed,8
2003,cook_ex_chicago,72,single_all,17
2003,cook_ex_chicago,72,all_observed,11
2003,cook_ex_chicago,73,single_observed,5
2003,cook_ex_chicago,73,single_all,5
2003,cook_ex_chicago,73,all_observed,5
2003,cook_ex_chicago,74,single_observed,2
2003,cook_ex_chicago,74,single_all,2
2003,cook_ex_chicago,74,all_observed,2
2003,cook_ex_chicago,75,single_observed,144
2003,cook_ex_chicago,75,single_all,144
2003,cook_ex_chicago,75,all_observed,188
2003,cook_ex_chicago,76,single_observed,6
2003,cook_ex_chicago,76,single_all,6
2003,cook_ex_chicago,76,all_observed,7
2003,cook_ex_chicago,77,single_observed,8
2003,cook_ex_chicago,77,single_all,9
2003,cook_ex_chicago,77,all_observed,8
2003,cook_ex_chicago,78,single_observed,5
2003,cook_ex_chicago,78,single_all,5
2003,cook_ex_chicago,78,all_observed,7
2003,cook_ex_chicago,79,single_observed,3
2003,cook_ex_chicago,79,single_all,3
2003,cook_ex_chicago,79,all_observed,4
2003,cook_ex_chicago,80,single_observed,166
2003,cook_ex_chicago,80,single_all,166
2003,cook_ex_chicago,80,all_observed,218
2003,illinois_ex_cook,20,single_observed,3229
2003,illinois_ex_cook,20,single_all,3290
2003,illinois_ex_cook,20,all_observed,4089
2003,illinois_ex_cook,21,single_observed,342
2003,illinois_ex_cook,21,single_all,342
2003,illinois_ex_cook,21,all_observed,491
2003,illinois_ex_cook,22,single_observed,537
2003,illinois_ex_cook,22,single_all,538
2003,illinois_ex_cook,22,all_observed,740
2003,illinois_ex_cook,23,single_observed,382
2003,illinois_ex_cook,23,single_all,383
2003,illinois_ex_cook,23,all_observed,536
2003,illinois_ex_cook,24,single_observed,375
2003,illinois_ex_cook,24,single_all,376
2003,illinois_ex_cook,24,all_observed,501
2003,illinois_ex_cook,25,single_observed,2132
2003,illinois_ex_cook,25,single_all,2173
2003,illinois_ex_cook,25,all_observed,2744
2003,illinois_ex_cook,26,single_observed,247
2003,illinois_ex_cook,26,single_all,247
2003,illinois_ex_cook,26,all_observed,333
2003,illinois_ex_cook,27,single_observed,246
2003,illinois_ex_cook,27,single_all,246
2003,illinois_ex_cook,27,all_observed,352
2003,illinois_ex_cook,28,single_observed,305
2003,illinois_ex_cook,28,single_all,306
2003,illinois_ex_cook,28,all_observed,403
2003,illinois_ex_cook,29,single_observed,126
2003,illinois_ex_cook,29,single_all,136
2003,illinois_ex_cook,29,all_observed,180
2003,illinois_ex_cook,30,single_observed,2089
2003,illinois_ex_cook,30,single_all,2536
2003,illinois_ex_cook,30,all_observed,2780
2003,illinois_ex_cook,31,single_observed,89
2003,illinois_ex_cook,31,single_all,94
2003,illinois_ex_cook,31,all_observed,135
2003,illinois_ex_cook,32,single_observed,232
2003,illinois_ex_cook,32,single_all,232
2003,illinois_ex_cook,32,all_observed,334
2003,illinois_ex_cook,33,single_observed,136
2003,illinois_ex_cook,33,single_all,136
2003,illinois_ex_cook,33,all_observed,197
2003,illinois_ex_cook,34,single_observed,103
2003,illinois_ex_cook,34,single_all,103
2003,illinois_ex_cook,34,all_observed,152
2003,illinois_ex_cook,35,single_observed,1006
2003,illinois_ex_cook,35,single_all,1010
2003,illinois_ex_cook,35,all_observed,1304
2003,illinois_ex_cook,36,single_observed,120
2003,illinois_ex_cook,36,single_all,120
2003,illinois_ex_cook,36,all_observed,157
2003,illinois_ex_cook,37,single_observed,91
2003,illinois_ex_cook,37,single_all,93
2003,illinois_ex_cook,37,all_observed,127
2003,illinois_ex_cook,38,single_observed,129
2003,illinois_ex_cook,38,single_all,131
2003,illinois_ex_cook,38,all_observed,172
2003,illinois_ex_cook,39,single_observed,76
2003,illinois_ex_cook,39,single_all,81
2003,illinois_ex_cook,39,all_observed,94
2003,illinois_ex_cook,40,single_observed,1277
2003,illinois_ex_cook,40,single_all,1390
2003,illinois_ex_cook,40,all_observed,1668
2003,illinois_ex_cook,41,single_observed,55
2003,illinois_ex_cook,41,single_all,55
2003,illinois_ex_cook,41,all_observed,73
2003,illinois_ex_cook,42,single_observed,123
2003,illinois_ex_cook,42,single_all,123
2003,illinois_ex_cook,42,all_observed,166
2003,illinois_ex_cook,43,single_observed,70
2003,illinois_ex_cook,43,single_all,70
2003,illinois_ex_cook,43,all_observed,108
2003,illinois_ex_cook,44,single_observed,55
2003,illinois_ex_cook,44,single_all,55
2003,illinois_ex_cook,44,all_observed,77
2003,illinois_ex_cook,45,single_observed,583
2003,illinois_ex_cook,45,single_all,586
2003,illinois_ex_cook,45,all_observed,767
2003,illinois_ex_cook,46,single_observed,35
2003,illinois_ex_cook,46,single_all,35
2003,illinois_ex_cook,46,all_observed,48
2003,illinois_ex_cook,47,single_observed,69
2003,illinois_ex_cook,47,single_all,69
2003,illinois_ex_cook,47,all_observed,87
2003,illinois_ex_cook,48,single_observed,91
2003,illinois_ex_cook,48,single_all,109
2003,illinois_ex_cook,48,all_observed,126
2003,illinois_ex_cook,49,single_observed,59
2003,illinois_ex_cook,49,single_all,59
2003,illinois_ex_cook,49,all_observed,77
2003,illinois_ex_cook,50,single_observed,1420
2003,illinois_ex_cook,50,single_all,1420
2003,illinois_ex_cook,50,all_observed,1847
2003,illinois_ex_cook,51,single_observed,34
2003,illinois_ex_cook,51,single_all,34
2003,illinois_ex_cook,51,all_observed,43
2003,illinois_ex_cook,52,single_observed,76
2003,illinois_ex_cook,52,single_all,76
2003,illinois_ex_cook,52,all_observed,107
2003,illinois_ex_cook,53,single_observed,49
2003,illinois_ex_cook,53,single_all,49
2003,illinois_ex_cook,53,all_observed,63
2003,illinois_ex_cook,54,single_observed,55
2003,illinois_ex_cook,54,single_all,55
2003,illinois_ex_cook,54,all_observed,73
2003,illinois_ex_cook,55,single_observed,267
2003,illinois_ex_cook,55,single_all,267
2003,illinois_ex_cook,55,all_observed,359
2003,illinois_ex_cook,56,single_observed,36
2003,illinois_ex_cook,56,single_all,36
2003,illinois_ex_cook,56,all_observed,47
2003,illinois_ex_cook,57,single_observed,25
2003,illinois_ex_cook,57,single_all,27
2003,illinois_ex_cook,57,all_observed,39
2003,illinois_ex_cook,58,single_observed,38
2003,illinois_ex_cook,58,single_all,38
2003,illinois_ex_cook,58,all_observed,50
2003,illinois_ex_cook,59,single_observed,17
2003,illinois_ex_cook,59,single_all,17
2003,illinois_ex_cook,59,all_observed,22
2003,illinois_ex_cook,60,single_observed,694
2003,illinois_ex_cook,60,single_all,694
2003,illinois_ex_cook,60,all_observed,936
2003,illinois_ex_cook,61,single_observed,16
2003,illinois_ex_cook,61,single_all,16
2003,illinois_ex_cook,61,all_observed,21
2003,illinois_ex_cook,62,single_observed,40
2003,illinois_ex_cook,62,single_all,40
2003,illinois_ex_cook,62,all_observed,62
2003,illinois_ex_cook,63,single_observed,40
2003,illinois_ex_cook,63,single_all,40
2003,illinois_ex_cook,63,all_observed,51
2003,illinois_ex_cook,64,single_observed,20
2003,illinois_ex_cook,64,single_all,20
2003,illinois_ex_cook,64,all_observed,24
2003,illinois_ex_cook,65,single_observed,278
2003,illinois_ex_cook,65,single_all,278
2003,illinois_ex_cook,65,all_observed,374
2003,illinois_ex_cook,66,single_observed,14
2003,illinois_ex_cook,66,single_all,14
2003,illinois_ex_cook,66,all_observed,22
2003,illinois_ex_cook,67,single_observed,22
2003,illinois_ex_cook,67,single_all,22
2003,illinois_ex_cook,67,all_observed,31
2003,illinois_ex_cook,68,single_observed,22
2003,illinois_ex_cook,68,single_all,22
2003,illinois_ex_cook,68,all_observed,34
2003,illinois_ex_cook,69,single_observed,13
2003,illinois_ex_cook,69,single_all,15
2003,illinois_ex_cook,69,all_observed,15
2003,illinois_ex_cook,70,single_observed,418
2003,illinois_ex_cook,70,single_all,418
2003,illinois_ex_cook,70,all_observed,554
2003,illinois_ex_cook,71,single_observed,13
2003,illinois_ex_cook,71,single_all,13
2003,illinois_ex_cook,71,all_observed,13
2003,illinois_ex_cook,72,single_observed,29
2003,illinois_ex_cook,72,single_all,63
2003,illinois_ex_cook,72,all_observed,36
2003,illinois_ex_cook,73,single_observed,17
2003,illinois_ex_cook,73,single_all,17
2003,illinois_ex_cook,73,all_observed,18
2003,illinois_ex_cook,74,single_observed,10
2003,illinois_ex_cook,74,single_all,10
2003,illinois_ex_cook,74,all_observed,13
2003,illinois_ex_cook,75,single_observed,376
2003,illinois_ex_cook,75,single_all,376
2003,illinois_ex_cook,75,all_observed,508
2003,illinois_ex_cook,76,single_observed,13
2003,illinois_ex_cook,76,single_all,13
2003,illinois_ex_cook,76,all_observed,18
2003,illinois_ex_cook,77,single_observed,8
2003,illinois_ex_cook,77,single_all,8
2003,illinois_ex_cook,77,all_observed,11
2003,illinois_ex_cook,78,single_observed,23
2003,illinois_ex_cook,78,single_all,23
2003,illinois_ex_cook,78,all_observed,31
2003,illinois_ex_cook,79,single_observed,10
2003,illinois_ex_cook,79,single_all,10
2003,illinois_ex_cook,79,all_observed,14
2003,illinois_ex_cook,80,single_observed,352
2003,illinois_ex_cook,80,single_all,352
2003,illinois_ex_cook,80,all_observed,486
2004,chicago,20,single_observed,1208
2004,chicago,20,single_all,1271
2004,chicago,20,all_observed,1387
2004,chicago,21,single_observed,96
2004,chicago,21,single_all,97
2004,chicago,21,all_observed,121
2004,chicago,22,single_observed,154
2004,chicago,22,single_all,154
2004,chicago,22,all_observed,208
2004,chicago,23,single_observed,98
2004,chicago,23,single_all,100
2004,chicago,23,all_observed,122
2004,chicago,24,single_observed,93
2004,chicago,24,single_all,94
2004,chicago,24,all_observed,123
2004,chicago,25,single_observed,686
2004,chicago,25,single_all,696
2004,chicago,25,all_observed,808
2004,chicago,26,single_observed,74
2004,chicago,26,single_all,74
2004,chicago,26,all_observed,99
2004,chicago,27,single_observed,66
2004,chicago,27,single_all,66
2004,chicago,27,all_observed,87
2004,chicago,28,single_observed,70
2004,chicago,28,single_all,74
2004,chicago,28,all_observed,97
2004,chicago,29,single_observed,27
2004,chicago,29,single_all,36
2004,chicago,29,all_observed,41
2004,chicago,30,single_observed,673
2004,chicago,30,single_all,675
2004,chicago,30,all_observed,843
2004,chicago,31,single_observed,28
2004,chicago,31,single_all,29
2004,chicago,31,all_observed,37
2004,chicago,32,single_observed,48
2004,chicago,32,single_all,48
2004,chicago,32,all_observed,78
2004,chicago,33,single_observed,31
2004,chicago,33,single_all,31
2004,chicago,33,all_observed,46
2004,chicago,34,single_observed,35
2004,chicago,34,single_all,35
2004,chicago,34,all_observed,46
2004,chicago,35,single_observed,250
2004,chicago,35,single_all,256
2004,chicago,35,all_observed,326
2004,chicago,36,single_observed,28
2004,chicago,36,single_all,28
2004,chicago,36,all_observed,44
2004,chicago,37,single_observed,22
2004,chicago,37,single_all,22
2004,chicago,37,all_observed,28
2004,chicago,38,single_observed,34
2004,chicago,38,single_all,34
2004,chicago,38,all_observed,43
2004,chicago,39,single_observed,16
2004,chicago,39,single_all,16
2004,chicago,39,all_observed,23
2004,chicago,40,single_observed,433
2004,chicago,40,single_all,578
2004,chicago,40,all_observed,539
2004,chicago,41,single_observed,12
2004,chicago,41,single_all,12
2004,chicago,41,all_observed,14
2004,chicago,42,single_observed,36
2004,chicago,42,single_all,36
2004,chicago,42,all_observed,46
2004,chicago,43,single_observed,18
2004,chicago,43,single_all,18
2004,chicago,43,all_observed,23
2004,chicago,44,single_observed,12
2004,chicago,44,single_all,12
2004,chicago,44,all_observed,13
2004,chicago,45,single_observed,149
2004,chicago,45,single_all,149
2004,chicago,45,all_observed,183
2004,chicago,46,single_observed,11
2004,chicago,46,single_all,11
2004,chicago,46,all_observed,13
2004,chicago,47,single_observed,16
2004,chicago,47,single_all,16
2004,chicago,47,all_observed,24
2004,chicago,48,single_observed,25
2004,chicago,48,single_all,83
2004,chicago,48,all_observed,33
2004,chicago,49,single_observed,19
2004,chicago,49,single_all,19
2004,chicago,49,all_observed,19
2004,chicago,50,single_observed,578
2004,chicago,50,single_all,578
2004,chicago,50,all_observed,698
2004,chicago,51,single_observed,13
2004,chicago,51,single_all,13
2004,chicago,51,all_observed,15
2004,chicago,52,single_observed,17
2004,chicago,52,single_all,17
2004,chicago,52,all_observed,25
2004,chicago,53,single_observed,5
2004,chicago,53,single_all,5
2004,chicago,53,all_observed,8
2004,chicago,54,single_observed,16
2004,chicago,54,single_all,16
2004,chicago,54,all_observed,24
2004,chicago,55,single_observed,74
2004,chicago,55,single_all,74
2004,chicago,55,all_observed,106
2004,chicago,56,single_observed,13
2004,chicago,56,single_all,13
2004,chicago,56,all_observed,18
2004,chicago,57,single_observed,10
2004,chicago,57,single_all,10
2004,chicago,57,all_observed,16
2004,chicago,58,single_observed,11
2004,chicago,58,single_all,11
2004,chicago,58,all_observed,15
2004,chicago,59,single_observed,3
2004,chicago,59,single_all,3
2004,chicago,59,all_observed,4
2004,chicago,60,single_observed,252
2004,chicago,60,single_all,252
2004,chicago,60,all_observed,327
2004,chicago,61,single_observed,4
2004,chicago,61,single_all,4
2004,chicago,61,all_observed,6
2004,chicago,62,single_observed,15
2004,chicago,62,single_all,15
2004,chicago,62,all_observed,18
2004,chicago,63,single_observed,5
2004,chicago,63,single_all,5
2004,chicago,63,all_observed,8
2004,chicago,64,single_observed,5
2004,chicago,64,single_all,5
2004,chicago,64,all_observed,7
2004,chicago,65,single_observed,77
2004,chicago,65,single_all,77
2004,chicago,65,all_observed,100
2004,chicago,66,single_observed,5
2004,chicago,66,single_all,5
2004,chicago,66,all_observed,8
2004,chicago,67,single_observed,7
2004,chicago,67,single_all,7
2004,chicago,67,all_observed,12
2004,chicago,68,single_observed,6
2004,chicago,68,single_all,6
2004,chicago,68,all_observed,8
2004,chicago,69,single_observed,2
2004,chicago,69,single_all,2
2004,chicago,69,all_observed,4
2004,chicago,70,single_observed,138
2004,chicago,70,single_all,138
2004,chicago,70,all_observed,172
2004,chicago,71,single_observed,3
2004,chicago,71,single_all,3
2004,chicago,71,all_observed,6
2004,chicago,72,single_observed,10
2004,chicago,72,single_all,10
2004,chicago,72,all_observed,11
2004,chicago,73,single_observed,4
2004,chicago,73,single_all,4
2004,chicago,73,all_observed,6
2004,chicago,74,single_observed,5
2004,chicago,74,single_all,5
2004,chicago,74,all_observed,5
2004,chicago,75,single_observed,136
2004,chicago,75,single_all,137
2004,chicago,75,all_observed,179
2004,chicago,76,single_observed,1
2004,chicago,76,single_all,1
2004,chicago,76,all_observed,3
2004,chicago,77,single_observed,7
2004,chicago,77,single_all,7
2004,chicago,77,all_observed,7
2004,chicago,78,single_observed,13
2004,chicago,78,single_all,13
2004,chicago,78,all_observed,14
2004,chicago,79,single_observed,3
2004,chicago,79,single_all,3
2004,chicago,79,all_observed,5
2004,chicago,80,single_observed,136
2004,chicago,80,single_all,136
2004,chicago,80,all_observed,189
2004,cook_ex_chicago,20,single_observed,1353
2004,cook_ex_chicago,20,single_all,1369
2004,cook_ex_chicago,20,all_observed,1669
2004,cook_ex_chicago,21,single_observed,72
2004,cook_ex_chicago,21,single_all,72
2004,cook_ex_chicago,21,all_observed,115
2004,cook_ex_chicago,22,single_observed,177
2004,cook_ex_chicago,22,single_all,178
2004,cook_ex_chicago,22,all_observed,222
2004,cook_ex_chicago,23,single_observed,113
2004,cook_ex_chicago,23,single_all,114
2004,cook_ex_chicago,23,all_observed,151
2004,cook_ex_chicago,24,single_observed,104
2004,cook_ex_chicago,24,single_all,104
2004,cook_ex_chicago,24,all_observed,145
2004,cook_ex_chicago,25,single_observed,775
2004,cook_ex_chicago,25,single_all,797
2004,cook_ex_chicago,25,all_observed,985
2004,cook_ex_chicago,26,single_observed,81
2004,cook_ex_chicago,26,single_all,81
2004,cook_ex_chicago,26,all_observed,106
2004,cook_ex_chicago,27,single_observed,75
2004,cook_ex_chicago,27,single_all,75
2004,cook_ex_chicago,27,all_observed,106
2004,cook_ex_chicago,28,single_observed,77
2004,cook_ex_chicago,28,single_all,77
2004,cook_ex_chicago,28,all_observed,108
2004,cook_ex_chicago,29,single_observed,25
2004,cook_ex_chicago,29,single_all,36
2004,cook_ex_chicago,29,all_observed,36
2004,cook_ex_chicago,30,single_observed,878
2004,cook_ex_chicago,30,single_all,1022
2004,cook_ex_chicago,30,all_observed,1168
2004,cook_ex_chicago,31,single_observed,31
2004,cook_ex_chicago,31,single_all,33
2004,cook_ex_chicago,31,all_observed,43
2004,cook_ex_chicago,32,single_observed,77
2004,cook_ex_chicago,32,single_all,77
2004,cook_ex_chicago,32,all_observed,118
2004,cook_ex_chicago,33,single_observed,33
2004,cook_ex_chicago,33,single_all,33
2004,cook_ex_chicago,33,all_observed,55
2004,cook_ex_chicago,34,single_observed,29
2004,cook_ex_chicago,34,single_all,29
2004,cook_ex_chicago,34,all_observed,37
2004,cook_ex_chicago,35,single_observed,339
2004,cook_ex_chicago,35,single_all,341
2004,cook_ex_chicago,35,all_observed,476
2004,cook_ex_chicago,36,single_observed,39
2004,cook_ex_chicago,36,single_all,39
2004,cook_ex_chicago,36,all_observed,57
2004,cook_ex_chicago,37,single_observed,20
2004,cook_ex_chicago,37,single_all,20
2004,cook_ex_chicago,37,all_observed,31
2004,cook_ex_chicago,38,single_observed,41
2004,cook_ex_chicago,38,single_all,41
2004,cook_ex_chicago,38,all_observed,58
2004,cook_ex_chicago,39,single_observed,15
2004,cook_ex_chicago,39,single_all,19
2004,cook_ex_chicago,39,all_observed,22
2004,cook_ex_chicago,40,single_observed,471
2004,cook_ex_chicago,40,single_all,544
2004,cook_ex_chicago,40,all_observed,639
2004,cook_ex_chicago,41,single_observed,12
2004,cook_ex_chicago,41,single_all,12
2004,cook_ex_chicago,41,all_observed,17
2004,cook_ex_chicago,42,single_observed,34
2004,cook_ex_chicago,42,single_all,34
2004,cook_ex_chicago,42,all_observed,48
2004,cook_ex_chicago,43,single_observed,20
2004,cook_ex_chicago,43,single_all,20
2004,cook_ex_chicago,43,all_observed,26
2004,cook_ex_chicago,44,single_observed,23
2004,cook_ex_chicago,44,single_all,23
2004,cook_ex_chicago,44,all_observed,30
2004,cook_ex_chicago,45,single_observed,213
2004,cook_ex_chicago,45,single_all,213
2004,cook_ex_chicago,45,all_observed,279
2004,cook_ex_chicago,46,single_observed,13
2004,cook_ex_chicago,46,single_all,13
2004,cook_ex_chicago,46,all_observed,20
2004,cook_ex_chicago,47,single_observed,15
2004,cook_ex_chicago,47,single_all,15
2004,cook_ex_chicago,47,all_observed,26
2004,cook_ex_chicago,48,single_observed,28
2004,cook_ex_chicago,48,single_all,43
2004,cook_ex_chicago,48,all_observed,40
2004,cook_ex_chicago,49,single_observed,24
2004,cook_ex_chicago,49,single_all,24
2004,cook_ex_chicago,49,all_observed,31
2004,cook_ex_chicago,50,single_observed,667
2004,cook_ex_chicago,50,single_all,667
2004,cook_ex_chicago,50,all_observed,861
2004,cook_ex_chicago,51,single_observed,15
2004,cook_ex_chicago,51,single_all,15
2004,cook_ex_chicago,51,all_observed,20
2004,cook_ex_chicago,52,single_observed,27
2004,cook_ex_chicago,52,single_all,28
2004,cook_ex_chicago,52,all_observed,36
2004,cook_ex_chicago,53,single_observed,13
2004,cook_ex_chicago,53,single_all,13
2004,cook_ex_chicago,53,all_observed,19
2004,cook_ex_chicago,54,single_observed,17
2004,cook_ex_chicago,54,single_all,17
2004,cook_ex_chicago,54,all_observed,20
2004,cook_ex_chicago,55,single_observed,94
2004,cook_ex_chicago,55,single_all,94
2004,cook_ex_chicago,55,all_observed,122
2004,cook_ex_chicago,56,single_observed,14
2004,cook_ex_chicago,56,single_all,14
2004,cook_ex_chicago,56,all_observed,18
2004,cook_ex_chicago,57,single_observed,6
2004,cook_ex_chicago,57,single_all,6
2004,cook_ex_chicago,57,all_observed,7
2004,cook_ex_chicago,58,single_observed,17
2004,cook_ex_chicago,58,single_all,17
2004,cook_ex_chicago,58,all_observed,22
2004,cook_ex_chicago,59,single_observed,5
2004,cook_ex_chicago,59,single_all,5
2004,cook_ex_chicago,59,all_observed,6
2004,cook_ex_chicago,60,single_observed,270
2004,cook_ex_chicago,60,single_all,270
2004,cook_ex_chicago,60,all_observed,360
2004,cook_ex_chicago,61,single_observed,7
2004,cook_ex_chicago,61,single_all,7
2004,cook_ex_chicago,61,all_observed,9
2004,cook_ex_chicago,62,single_observed,11
2004,cook_ex_chicago,62,single_all,11
2004,cook_ex_chicago,62,all_observed,15
2004,cook_ex_chicago,63,single_observed,7
2004,cook_ex_chicago,63,single_all,7
2004,cook_ex_chicago,63,all_observed,8
2004,cook_ex_chicago,64,single_observed,8
2004,cook_ex_chicago,64,single_all,8
2004,cook_ex_chicago,64,all_observed,10
2004,cook_ex_chicago,65,single_observed,110
2004,cook_ex_chicago,65,single_all,110
2004,cook_ex_chicago,65,all_observed,149
2004,cook_ex_chicago,66,single_observed,2
2004,cook_ex_chicago,66,single_all,2
2004,cook_ex_chicago,66,all_observed,2
2004,cook_ex_chicago,67,single_observed,9
2004,cook_ex_chicago,67,single_all,9
2004,cook_ex_chicago,67,all_observed,9
2004,cook_ex_chicago,68,single_observed,8
2004,cook_ex_chicago,68,single_all,8
2004,cook_ex_chicago,68,all_observed,11
2004,cook_ex_chicago,69,single_observed,7
2004,cook_ex_chicago,69,single_all,7
2004,cook_ex_chicago,69,all_observed,12
2004,cook_ex_chicago,70,single_observed,188
2004,cook_ex_chicago,70,single_all,188
2004,cook_ex_chicago,70,all_observed,241
2004,cook_ex_chicago,71,single_observed,3
2004,cook_ex_chicago,71,single_all,4
2004,cook_ex_chicago,71,all_observed,3
2004,cook_ex_chicago,72,single_observed,12
2004,cook_ex_chicago,72,single_all,21
2004,cook_ex_chicago,72,all_observed,15
2004,cook_ex_chicago,73,single_observed,7
2004,cook_ex_chicago,73,single_all,7
2004,cook_ex_chicago,73,all_observed,7
2004,cook_ex_chicago,74,single_observed,4
2004,cook_ex_chicago,74,single_all,4
2004,cook_ex_chicago,74,all_observed,4
2004,cook_ex_chicago,75,single_observed,147
2004,cook_ex_chicago,75,single_all,147
2004,cook_ex_chicago,75,all_observed,196
2004,cook_ex_chicago,76,single_observed,4
2004,cook_ex_chicago,76,single_all,4
2004,cook_ex_chicago,76,all_observed,6
2004,cook_ex_chicago,77,single_observed,7
2004,cook_ex_chicago,77,single_all,7
2004,cook_ex_chicago,77,all_observed,7
2004,cook_ex_chicago,78,single_observed,6
2004,cook_ex_chicago,78,single_all,6
2004,cook_ex_chicago,78,all_observed,6
2004,cook_ex_chicago,79,single_observed,3
2004,cook_ex_chicago,79,single_all,3
2004,cook_ex_chicago,79,all_observed,4
2004,cook_ex_chicago,80,single_observed,161
2004,cook_ex_chicago,80,single_all,161
2004,cook_ex_chicago,80,all_observed,211
2004,illinois_ex_cook,20,single_observed,3359
2004,illinois_ex_cook,20,single_all,3417
2004,illinois_ex_cook,20,all_observed,4271
2004,illinois_ex_cook,21,single_observed,329
2004,illinois_ex_cook,21,single_all,330
2004,illinois_ex_cook,21,all_observed,474
2004,illinois_ex_cook,22,single_observed,554
2004,illinois_ex_cook,22,single_all,555
2004,illinois_ex_cook,22,all_observed,772
2004,illinois_ex_cook,23,single_observed,380
2004,illinois_ex_cook,23,single_all,381
2004,illinois_ex_cook,23,all_observed,538
2004,illinois_ex_cook,24,single_observed,374
2004,illinois_ex_cook,24,single_all,374
2004,illinois_ex_cook,24,all_observed,521
2004,illinois_ex_cook,25,single_observed,2146
2004,illinois_ex_cook,25,single_all,2190
2004,illinois_ex_cook,25,all_observed,2721
2004,illinois_ex_cook,26,single_observed,253
2004,illinois_ex_cook,26,single_all,253
2004,illinois_ex_cook,26,all_observed,356
2004,illinois_ex_cook,27,single_observed,255
2004,illinois_ex_cook,27,single_all,255
2004,illinois_ex_cook,27,all_observed,353
2004,illinois_ex_cook,28,single_observed,307
2004,illinois_ex_cook,28,single_all,308
2004,illinois_ex_cook,28,all_observed,416
2004,illinois_ex_cook,29,single_observed,126
2004,illinois_ex_cook,29,single_all,132
2004,illinois_ex_cook,29,all_observed,182
2004,illinois_ex_cook,30,single_observed,2067
2004,illinois_ex_cook,30,single_all,2450
2004,illinois_ex_cook,30,all_observed,2762
2004,illinois_ex_cook,31,single_observed,93
2004,illinois_ex_cook,31,single_all,95
2004,illinois_ex_cook,31,all_observed,142
2004,illinois_ex_cook,32,single_observed,235
2004,illinois_ex_cook,32,single_all,235
2004,illinois_ex_cook,32,all_observed,341
2004,illinois_ex_cook,33,single_observed,129
2004,illinois_ex_cook,33,single_all,129
2004,illinois_ex_cook,33,all_observed,189
2004,illinois_ex_cook,34,single_observed,115
2004,illinois_ex_cook,34,single_all,115
2004,illinois_ex_cook,34,all_observed,153
2004,illinois_ex_cook,35,single_observed,1005
2004,illinois_ex_cook,35,single_all,1009
2004,illinois_ex_cook,35,all_observed,1294
2004,illinois_ex_cook,36,single_observed,130
2004,illinois_ex_cook,36,single_all,130
2004,illinois_ex_cook,36,all_observed,167
2004,illinois_ex_cook,37,single_observed,108
2004,illinois_ex_cook,37,single_all,108
2004,illinois_ex_cook,37,all_observed,143
2004,illinois_ex_cook,38,single_observed,125
2004,illinois_ex_cook,38,single_all,126
2004,illinois_ex_cook,38,all_observed,164
2004,illinois_ex_cook,39,single_observed,74
2004,illinois_ex_cook,39,single_all,79
2004,illinois_ex_cook,39,all_observed,90
2004,illinois_ex_cook,40,single_observed,1243
2004,illinois_ex_cook,40,single_all,1328
2004,illinois_ex_cook,40,all_observed,1659
2004,illinois_ex_cook,41,single_observed,61
2004,illinois_ex_cook,41,single_all,61
2004,illinois_ex_cook,41,all_observed,76
2004,illinois_ex_cook,42,single_observed,114
2004,illinois_ex_cook,42,single_all,114
2004,illinois_ex_cook,42,all_observed,162
2004,illinois_ex_cook,43,single_observed,64
2004,illinois_ex_cook,43,single_all,64
2004,illinois_ex_cook,43,all_observed,101
2004,illinois_ex_cook,44,single_observed,53
2004,illinois_ex_cook,44,single_all,53
2004,illinois_ex_cook,44,all_observed,73
2004,illinois_ex_cook,45,single_observed,549
2004,illinois_ex_cook,45,single_all,550
2004,illinois_ex_cook,45,all_observed,753
2004,illinois_ex_cook,46,single_observed,32
2004,illinois_ex_cook,46,single_all,32
2004,illinois_ex_cook,46,all_observed,47
2004,illinois_ex_cook,47,single_observed,69
2004,illinois_ex_cook,47,single_all,69
2004,illinois_ex_cook,47,all_observed,86
2004,illinois_ex_cook,48,single_observed,95
2004,illinois_ex_cook,48,single_all,107
2004,illinois_ex_cook,48,all_observed,131
2004,illinois_ex_cook,49,single_observed,59
2004,illinois_ex_cook,49,single_all,59
2004,illinois_ex_cook,49,all_observed,80
2004,illinois_ex_cook,50,single_observed,1474
2004,illinois_ex_cook,50,single_all,1474
2004,illinois_ex_cook,50,all_observed,1900
2004,illinois_ex_cook,51,single_observed,36
2004,illinois_ex_cook,51,single_all,36
2004,illinois_ex_cook,51,all_observed,48
2004,illinois_ex_cook,52,single_observed,74
2004,illinois_ex_cook,52,single_all,74
2004,illinois_ex_cook,52,all_observed,107
2004,illinois_ex_cook,53,single_observed,51
2004,illinois_ex_cook,53,single_all,51
2004,illinois_ex_cook,53,all_observed,67
2004,illinois_ex_cook,54,single_observed,61
2004,illinois_ex_cook,54,single_all,61
2004,illinois_ex_cook,54,all_observed,74
2004,illinois_ex_cook,55,single_observed,276
2004,illinois_ex_cook,55,single_all,276
2004,illinois_ex_cook,55,all_observed,368
2004,illinois_ex_cook,56,single_observed,36
2004,illinois_ex_cook,56,single_all,36
2004,illinois_ex_cook,56,all_observed,47
2004,illinois_ex_cook,57,single_observed,27
2004,illinois_ex_cook,57,single_all,28
2004,illinois_ex_cook,57,all_observed,43
2004,illinois_ex_cook,58,single_observed,37
2004,illinois_ex_cook,58,single_all,37
2004,illinois_ex_cook,58,all_observed,49
2004,illinois_ex_cook,59,single_observed,18
2004,illinois_ex_cook,59,single_all,18
2004,illinois_ex_cook,59,all_observed,23
2004,illinois_ex_cook,60,single_observed,700
2004,illinois_ex_cook,60,single_all,700
2004,illinois_ex_cook,60,all_observed,937
2004,illinois_ex_cook,61,single_observed,21
2004,illinois_ex_cook,61,single_all,21
2004,illinois_ex_cook,61,all_observed,26
2004,illinois_ex_cook,62,single_observed,42
2004,illinois_ex_cook,62,single_all,42
2004,illinois_ex_cook,62,all_observed,62
2004,illinois_ex_cook,63,single_observed,36
2004,illinois_ex_cook,63,single_all,37
2004,illinois_ex_cook,63,all_observed,48
2004,illinois_ex_cook,64,single_observed,17
2004,illinois_ex_cook,64,single_all,17
2004,illinois_ex_cook,64,all_observed,23
2004,illinois_ex_cook,65,single_observed,274
2004,illinois_ex_cook,65,single_all,274
2004,illinois_ex_cook,65,all_observed,367
2004,illinois_ex_cook,66,single_observed,21
2004,illinois_ex_cook,66,single_all,21
2004,illinois_ex_cook,66,all_observed,27
2004,illinois_ex_cook,67,single_observed,21
2004,illinois_ex_cook,67,single_all,22
2004,illinois_ex_cook,67,all_observed,29
2004,illinois_ex_cook,68,single_observed,28
2004,illinois_ex_cook,68,single_all,28
2004,illinois_ex_cook,68,all_observed,38
2004,illinois_ex_cook,69,single_observed,13
2004,illinois_ex_cook,69,single_all,14
2004,illinois_ex_cook,69,all_observed,17
2004,illinois_ex_cook,70,single_observed,414
2004,illinois_ex_cook,70,single_all,414
2004,illinois_ex_cook,70,all_observed,559
2004,illinois_ex_cook,71,single_observed,9
2004,illinois_ex_cook,71,single_all,9
2004,illinois_ex_cook,71,all_observed,12
2004,illinois_ex_cook,72,single_observed,34
2004,illinois_ex_cook,72,single_all,70
2004,illinois_ex_cook,72,all_observed,42
2004,illinois_ex_cook,73,single_observed,20
2004,illinois_ex_cook,73,single_all,20
2004,illinois_ex_cook,73,all_observed,20
2004,illinois_ex_cook,74,single_observed,10
2004,illinois_ex_cook,74,single_all,10
2004,illinois_ex_cook,74,all_observed,13
2004,illinois_ex_cook,75,single_observed,368
2004,illinois_ex_cook,75,single_all,368
2004,illinois_ex_cook,75,all_observed,495
2004,illinois_ex_cook,76,single_observed,13
2004,illinois_ex_cook,76,single_all,13
2004,illinois_ex_cook,76,all_observed,17
2004,illinois_ex_cook,77,single_observed,8
2004,illinois_ex_cook,77,single_all,8
2004,illinois_ex_cook,77,all_observed,12
2004,illinois_ex_cook,78,single_observed,17
2004,illinois_ex_cook,78,single_all,17
2004,illinois_ex_cook,78,all_observed,26
2004,illinois_ex_cook,79,single_observed,13
2004,illinois_ex_cook,79,single_all,13
2004,illinois_ex_cook,79,all_observed,17
2004,illinois_ex_cook,80,single_observed,366
2004,illinois_ex_cook,80,single_all,366
2004,illinois_ex_cook,80,all_observed,510
2005,chicago,20,single_observed,1192
2005,chicago,20,single_all,1270
2005,chicago,20,all_observed,1384
2005,chicago,21,single_observed,96
2005,chicago,21,single_all,97
2005,chicago,21,all_observed,120
2005,chicago,22,single_observed,151
2005,chicago,22,single_all,151
2005,chicago,22,all_observed,205
2005,chicago,23,single_observed,98
2005,chicago,23,single_all,102
2005,chicago,23,all_observed,124
2005,chicago,24,single_observed,92
2005,chicago,24,single_all,93
2005,chicago,24,all_observed,125
2005,chicago,25,single_observed,688
2005,chicago,25,single_all,700
2005,chicago,25,all_observed,817
2005,chicago,26,single_observed,74
2005,chicago,26,single_all,74
2005,chicago,26,all_observed,100
2005,chicago,27,single_observed,62
2005,chicago,27,single_all,62
2005,chicago,27,all_observed,83
2005,chicago,28,single_observed,68
2005,chicago,28,single_all,73
2005,chicago,28,all_observed,96
2005,chicago,29,single_observed,28
2005,chicago,29,single_all,37
2005,chicago,29,all_observed,42
2005,chicago,30,single_observed,675
2005,chicago,30,single_all,681
2005,chicago,30,all_observed,850
2005,chicago,31,single_observed,28
2005,chicago,31,single_all,29
2005,chicago,31,all_observed,37
2005,chicago,32,single_observed,51
2005,chicago,32,single_all,51
2005,chicago,32,all_observed,79
2005,chicago,33,single_observed,31
2005,chicago,33,single_all,31
2005,chicago,33,all_observed,48
2005,chicago,34,single_observed,35
2005,chicago,34,single_all,35
2005,chicago,34,all_observed,46
2005,chicago,35,single_observed,243
2005,chicago,35,single_all,248
2005,chicago,35,all_observed,317
2005,chicago,36,single_observed,28
2005,chicago,36,single_all,28
2005,chicago,36,all_observed,41
2005,chicago,37,single_observed,21
2005,chicago,37,single_all,21
2005,chicago,37,all_observed,27
2005,chicago,38,single_observed,33
2005,chicago,38,single_all,33
2005,chicago,38,all_observed,43
2005,chicago,39,single_observed,17
2005,chicago,39,single_all,17
2005,chicago,39,all_observed,24
2005,chicago,40,single_observed,421
2005,chicago,40,single_all,561
2005,chicago,40,all_observed,530
2005,chicago,41,single_observed,12
2005,chicago,41,single_all,12
2005,chicago,41,all_observed,14
2005,chicago,42,single_observed,35
2005,chicago,42,single_all,35
2005,chicago,42,all_observed,45
2005,chicago,43,single_observed,18
2005,chicago,43,single_all,18
2005,chicago,43,all_observed,23
2005,chicago,44,single_observed,11
2005,chicago,44,single_all,11
2005,chicago,44,all_observed,13
2005,chicago,45,single_observed,149
2005,chicago,45,single_all,149
2005,chicago,45,all_observed,181
2005,chicago,46,single_observed,11
2005,chicago,46,single_all,11
2005,chicago,46,all_observed,13
2005,chicago,47,single_observed,15
2005,chicago,47,single_all,15
2005,chicago,47,all_observed,23
2005,chicago,48,single_observed,23
2005,chicago,48,single_all,83
2005,chicago,48,all_observed,34
2005,chicago,49,single_observed,19
2005,chicago,49,single_all,19
2005,chicago,49,all_observed,21
2005,chicago,50,single_observed,574
2005,chicago,50,single_all,574
2005,chicago,50,all_observed,698
2005,chicago,51,single_observed,12
2005,chicago,51,single_all,12
2005,chicago,51,all_observed,14
2005,chicago,52,single_observed,18
2005,chicago,52,single_all,18
2005,chicago,52,all_observed,26
2005,chicago,53,single_observed,4
2005,chicago,53,single_all,4
2005,chicago,53,all_observed,7
2005,chicago,54,single_observed,16
2005,chicago,54,single_all,16
2005,chicago,54,all_observed,24
2005,chicago,55,single_observed,73
2005,chicago,55,single_all,73
2005,chicago,55,all_observed,106
2005,chicago,56,single_observed,13
2005,chicago,56,single_all,13
2005,chicago,56,all_observed,17
2005,chicago,57,single_observed,10
2005,chicago,57,single_all,10
2005,chicago,57,all_observed,16
2005,chicago,58,single_observed,10
2005,chicago,58,single_all,10
2005,chicago,58,all_observed,15
2005,chicago,59,single_observed,3
2005,chicago,59,single_all,3
2005,chicago,59,all_observed,4
2005,chicago,60,single_observed,247
2005,chicago,60,single_all,247
2005,chicago,60,all_observed,320
2005,chicago,61,single_observed,4
2005,chicago,61,single_all,4
2005,chicago,61,all_observed,6
2005,chicago,62,single_observed,15
2005,chicago,62,single_all,15
2005,chicago,62,all_observed,18
2005,chicago,63,single_observed,6
2005,chicago,63,single_all,6
2005,chicago,63,all_observed,9
2005,chicago,64,single_observed,4
2005,chicago,64,single_all,4
2005,chicago,64,all_observed,6
2005,chicago,65,single_observed,77
2005,chicago,65,single_all,77
2005,chicago,65,all_observed,100
2005,chicago,66,single_observed,5
2005,chicago,66,single_all,5
2005,chicago,66,all_observed,7
2005,chicago,67,single_observed,8
2005,chicago,67,single_all,8
2005,chicago,67,all_observed,13
2005,chicago,68,single_observed,6
2005,chicago,68,single_all,6
2005,chicago,68,all_observed,8
2005,chicago,69,single_observed,2
2005,chicago,69,single_all,2
2005,chicago,69,all_observed,4
2005,chicago,70,single_observed,138
2005,chicago,70,single_all,138
2005,chicago,70,all_observed,169
2005,chicago,71,single_observed,3
2005,chicago,71,single_all,3
2005,chicago,71,all_observed,6
2005,chicago,72,single_observed,11
2005,chicago,72,single_all,11
2005,chicago,72,all_observed,12
2005,chicago,73,single_observed,3
2005,chicago,73,single_all,3
2005,chicago,73,all_observed,6
2005,chicago,74,single_observed,6
2005,chicago,74,single_all,6
2005,chicago,74,all_observed,6
2005,chicago,75,single_observed,138
2005,chicago,75,single_all,139
2005,chicago,75,all_observed,180
2005,chicago,76,single_observed,1
2005,chicago,76,single_all,1
2005,chicago,76,all_observed,4
2005,chicago,77,single_observed,7
2005,chicago,77,single_all,7
2005,chicago,77,all_observed,7
2005,chicago,78,single_observed,13
2005,chicago,78,single_all,13
2005,chicago,78,all_observed,14
2005,chicago,79,single_observed,3
2005,chicago,79,single_all,3
2005,chicago,79,all_observed,6
2005,chicago,80,single_observed,136
2005,chicago,80,single_all,136
2005,chicago,80,all_observed,190
2005,cook_ex_chicago,20,single_observed,1358
2005,cook_ex_chicago,20,single_all,1377
2005,cook_ex_chicago,20,all_observed,1683
2005,cook_ex_chicago,21,single_observed,72
2005,cook_ex_chicago,21,single_all,72
2005,cook_ex_chicago,21,all_observed,119
2005,cook_ex_chicago,22,single_observed,179
2005,cook_ex_chicago,22,single_all,180
2005,cook_ex_chicago,22,all_observed,220
2005,cook_ex_chicago,23,single_observed,109
2005,cook_ex_chicago,23,single_all,110
2005,cook_ex_chicago,23,all_observed,153
2005,cook_ex_chicago,24,single_observed,99
2005,cook_ex_chicago,24,single_all,99
2005,cook_ex_chicago,24,all_observed,140
2005,cook_ex_chicago,25,single_observed,770
2005,cook_ex_chicago,25,single_all,800
2005,cook_ex_chicago,25,all_observed,971
2005,cook_ex_chicago,26,single_observed,77
2005,cook_ex_chicago,26,single_all,77
2005,cook_ex_chicago,26,all_observed,103
2005,cook_ex_chicago,27,single_observed,77
2005,cook_ex_chicago,27,single_all,77
2005,cook_ex_chicago,27,all_observed,111
2005,cook_ex_chicago,28,single_observed,71
2005,cook_ex_chicago,28,single_all,71
2005,cook_ex_chicago,28,all_observed,99
2005,cook_ex_chicago,29,single_observed,23
2005,cook_ex_chicago,29,single_all,30
2005,cook_ex_chicago,29,all_observed,35
2005,cook_ex_chicago,30,single_observed,879
2005,cook_ex_chicago,30,single_all,1063
2005,cook_ex_chicago,30,all_observed,1163
2005,cook_ex_chicago,31,single_observed,30
2005,cook_ex_chicago,31,single_all,34
2005,cook_ex_chicago,31,all_observed,44
2005,cook_ex_chicago,32,single_observed,80
2005,cook_ex_chicago,32,single_all,80
2005,cook_ex_chicago,32,all_observed,124
2005,cook_ex_chicago,33,single_observed,36
2005,cook_ex_chicago,33,single_all,36
2005,cook_ex_chicago,33,all_observed,56
2005,cook_ex_chicago,34,single_observed,31
2005,cook_ex_chicago,34,single_all,31
2005,cook_ex_chicago,34,all_observed,40
2005,cook_ex_chicago,35,single_observed,327
2005,cook_ex_chicago,35,single_all,330
2005,cook_ex_chicago,35,all_observed,465
2005,cook_ex_chicago,36,single_observed,36
2005,cook_ex_chicago,36,single_all,37
2005,cook_ex_chicago,36,all_observed,57
2005,cook_ex_chicago,37,single_observed,20
2005,cook_ex_chicago,37,single_all,20
2005,cook_ex_chicago,37,all_observed,31
2005,cook_ex_chicago,38,single_observed,41
2005,cook_ex_chicago,38,single_all,41
2005,cook_ex_chicago,38,all_observed,58
2005,cook_ex_chicago,39,single_observed,13
2005,cook_ex_chicago,39,single_all,19
2005,cook_ex_chicago,39,all_observed,23
2005,cook_ex_chicago,40,single_observed,468
2005,cook_ex_chicago,40,single_all,538
2005,cook_ex_chicago,40,all_observed,645
2005,cook_ex_chicago,41,single_observed,15
2005,cook_ex_chicago,41,single_all,15
2005,cook_ex_chicago,41,all_observed,22
2005,cook_ex_chicago,42,single_observed,31
2005,cook_ex_chicago,42,single_all,31
2005,cook_ex_chicago,42,all_observed,43
2005,cook_ex_chicago,43,single_observed,18
2005,cook_ex_chicago,43,single_all,18
2005,cook_ex_chicago,43,all_observed,26
2005,cook_ex_chicago,44,single_observed,21
2005,cook_ex_chicago,44,single_all,21
2005,cook_ex_chicago,44,all_observed,29
2005,cook_ex_chicago,45,single_observed,201
2005,cook_ex_chicago,45,single_all,201
2005,cook_ex_chicago,45,all_observed,272
2005,cook_ex_chicago,46,single_observed,12
2005,cook_ex_chicago,46,single_all,12
2005,cook_ex_chicago,46,all_observed,18
2005,cook_ex_chicago,47,single_observed,18
2005,cook_ex_chicago,47,single_all,18
2005,cook_ex_chicago,47,all_observed,29
2005,cook_ex_chicago,48,single_observed,28
2005,cook_ex_chicago,48,single_all,44
2005,cook_ex_chicago,48,all_observed,39
2005,cook_ex_chicago,49,single_observed,22
2005,cook_ex_chicago,49,single_all,22
2005,cook_ex_chicago,49,all_observed,31
2005,cook_ex_chicago,50,single_observed,674
2005,cook_ex_chicago,50,single_all,674
2005,cook_ex_chicago,50,all_observed,859
2005,cook_ex_chicago,51,single_observed,16
2005,cook_ex_chicago,51,single_all,16
2005,cook_ex_chicago,51,all_observed,20
2005,cook_ex_chicago,52,single_observed,24
2005,cook_ex_chicago,52,single_all,25
2005,cook_ex_chicago,52,all_observed,34
2005,cook_ex_chicago,53,single_observed,12
2005,cook_ex_chicago,53,single_all,12
2005,cook_ex_chicago,53,all_observed,21
2005,cook_ex_chicago,54,single_observed,17
2005,cook_ex_chicago,54,single_all,17
2005,cook_ex_chicago,54,all_observed,21
2005,cook_ex_chicago,55,single_observed,96
2005,cook_ex_chicago,55,single_all,96
2005,cook_ex_chicago,55,all_observed,125
2005,cook_ex_chicago,56,single_observed,12
2005,cook_ex_chicago,56,single_all,12
2005,cook_ex_chicago,56,all_observed,17
2005,cook_ex_chicago,57,single_observed,4
2005,cook_ex_chicago,57,single_all,4
2005,cook_ex_chicago,57,all_observed,5
2005,cook_ex_chicago,58,single_observed,15
2005,cook_ex_chicago,58,single_all,15
2005,cook_ex_chicago,58,all_observed,20
2005,cook_ex_chicago,59,single_observed,6
2005,cook_ex_chicago,59,single_all,6
2005,cook_ex_chicago,59,all_observed,7
2005,cook_ex_chicago,60,single_observed,266
2005,cook_ex_chicago,60,single_all,266
2005,cook_ex_chicago,60,all_observed,353
2005,cook_ex_chicago,61,single_observed,8
2005,cook_ex_chicago,61,single_all,8
2005,cook_ex_chicago,61,all_observed,10
2005,cook_ex_chicago,62,single_observed,15
2005,cook_ex_chicago,62,single_all,15
2005,cook_ex_chicago,62,all_observed,16
2005,cook_ex_chicago,63,single_observed,5
2005,cook_ex_chicago,63,single_all,5
2005,cook_ex_chicago,63,all_observed,7
2005,cook_ex_chicago,64,single_observed,7
2005,cook_ex_chicago,64,single_all,7
2005,cook_ex_chicago,64,all_observed,10
2005,cook_ex_chicago,65,single_observed,109
2005,cook_ex_chicago,65,single_all,109
2005,cook_ex_chicago,65,all_observed,145
2005,cook_ex_chicago,66,single_observed,2
2005,cook_ex_chicago,66,single_all,2
2005,cook_ex_chicago,66,all_observed,3
2005,cook_ex_chicago,67,single_observed,8
2005,cook_ex_chicago,67,single_all,8
2005,cook_ex_chicago,67,all_observed,8
2005,cook_ex_chicago,68,single_observed,11
2005,cook_ex_chicago,68,single_all,11
2005,cook_ex_chicago,68,all_observed,14
2005,cook_ex_chicago,69,single_observed,5
2005,cook_ex_chicago,69,single_all,5
2005,cook_ex_chicago,69,all_observed,6
2005,cook_ex_chicago,70,single_observed,185
2005,cook_ex_chicago,70,single_all,185
2005,cook_ex_chicago,70,all_observed,240
2005,cook_ex_chicago,71,single_observed,3
2005,cook_ex_chicago,71,single_all,3
2005,cook_ex_chicago,71,all_observed,3
2005,cook_ex_chicago,72,single_observed,12
2005,cook_ex_chicago,72,single_all,19
2005,cook_ex_chicago,72,all_observed,14
2005,cook_ex_chicago,73,single_observed,5
2005,cook_ex_chicago,73,single_all,5
2005,cook_ex_chicago,73,all_observed,5
2005,cook_ex_chicago,74,single_observed,3
2005,cook_ex_chicago,74,single_all,3
2005,cook_ex_chicago,74,all_observed,3
2005,cook_ex_chicago,75,single_observed,140
2005,cook_ex_chicago,75,single_all,140
2005,cook_ex_chicago,75,all_observed,188
2005,cook_ex_chicago,76,single_observed,6
2005,cook_ex_chicago,76,single_all,6
2005,cook_ex_chicago,76,all_observed,8
2005,cook_ex_chicago,77,single_observed,7
2005,cook_ex_chicago,77,single_all,7
2005,cook_ex_chicago,77,all_observed,7
2005,cook_ex_chicago,78,single_observed,7
2005,cook_ex_chicago,78,single_all,7
2005,cook_ex_chicago,78,all_observed,7
2005,cook_ex_chicago,79,single_observed,3
2005,cook_ex_chicago,79,single_all,3
2005,cook_ex_chicago,79,all_observed,4
2005,cook_ex_chicago,80,single_observed,156
2005,cook_ex_chicago,80,single_all,156
2005,cook_ex_chicago,80,all_observed,207
2005,illinois_ex_cook,20,single_observed,3457
2005,illinois_ex_cook,20,single_all,3533
2005,illinois_ex_cook,20,all_observed,4439
2005,illinois_ex_cook,21,single_observed,313
2005,illinois_ex_cook,21,single_all,316
2005,illinois_ex_cook,21,all_observed,474
2005,illinois_ex_cook,22,single_observed,546
2005,illinois_ex_cook,22,single_all,548
2005,illinois_ex_cook,22,all_observed,770
2005,illinois_ex_cook,23,single_observed,358
2005,illinois_ex_cook,23,single_all,359
2005,illinois_ex_cook,23,all_observed,514
2005,illinois_ex_cook,24,single_observed,371
2005,illinois_ex_cook,24,single_all,372
2005,illinois_ex_cook,24,all_observed,508
2005,illinois_ex_cook,25,single_observed,2169
2005,illinois_ex_cook,25,single_all,2228
2005,illinois_ex_cook,25,all_observed,2804
2005,illinois_ex_cook,26,single_observed,247
2005,illinois_ex_cook,26,single_all,248
2005,illinois_ex_cook,26,all_observed,351
2005,illinois_ex_cook,27,single_observed,264
2005,illinois_ex_cook,27,single_all,264
2005,illinois_ex_cook,27,all_observed,357
2005,illinois_ex_cook,28,single_observed,318
2005,illinois_ex_cook,28,single_all,320
2005,illinois_ex_cook,28,all_observed,420
2005,illinois_ex_cook,29,single_observed,111
2005,illinois_ex_cook,29,single_all,116
2005,illinois_ex_cook,29,all_observed,173
2005,illinois_ex_cook,30,single_observed,2120
2005,illinois_ex_cook,30,single_all,2611
2005,illinois_ex_cook,30,all_observed,2803
2005,illinois_ex_cook,31,single_observed,86
2005,illinois_ex_cook,31,single_all,88
2005,illinois_ex_cook,31,all_observed,129
2005,illinois_ex_cook,32,single_observed,219
2005,illinois_ex_cook,32,single_all,219
2005,illinois_ex_cook,32,all_observed,311
2005,illinois_ex_cook,33,single_observed,124
2005,illinois_ex_cook,33,single_all,124
2005,illinois_ex_cook,33,all_observed,172
2005,illinois_ex_cook,34,single_observed,105
2005,illinois_ex_cook,34,single_all,105
2005,illinois_ex_cook,34,all_observed,150
2005,illinois_ex_cook,35,single_observed,1006
2005,illinois_ex_cook,35,single_all,1012
2005,illinois_ex_cook,35,all_observed,1313
2005,illinois_ex_cook,36,single_observed,131
2005,illinois_ex_cook,36,single_all,131
2005,illinois_ex_cook,36,all_observed,172
2005,illinois_ex_cook,37,single_observed,108
2005,illinois_ex_cook,37,single_all,109
2005,illinois_ex_cook,37,all_observed,148
2005,illinois_ex_cook,38,single_observed,116
2005,illinois_ex_cook,38,single_all,117
2005,illinois_ex_cook,38,all_observed,157
2005,illinois_ex_cook,39,single_observed,69
2005,illinois_ex_cook,39,single_all,75
2005,illinois_ex_cook,39,all_observed,86
2005,illinois_ex_cook,40,single_observed,1275
2005,illinois_ex_cook,40,single_all,1381
2005,illinois_ex_cook,40,all_observed,1692
2005,illinois_ex_cook,41,single_observed,62
2005,illinois_ex_cook,41,single_all,62
2005,illinois_ex_cook,41,all_observed,80
2005,illinois_ex_cook,42,single_observed,109
2005,illinois_ex_cook,42,single_all,109
2005,illinois_ex_cook,42,all_observed,153
2005,illinois_ex_cook,43,single_observed,63
2005,illinois_ex_cook,43,single_all,63
2005,illinois_ex_cook,43,all_observed,92
2005,illinois_ex_cook,44,single_observed,54
2005,illinois_ex_cook,44,single_all,54
2005,illinois_ex_cook,44,all_observed,75
2005,illinois_ex_cook,45,single_observed,571
2005,illinois_ex_cook,45,single_all,571
2005,illinois_ex_cook,45,all_observed,769
2005,illinois_ex_cook,46,single_observed,34
2005,illinois_ex_cook,46,single_all,34
2005,illinois_ex_cook,46,all_observed,49
2005,illinois_ex_cook,47,single_observed,70
2005,illinois_ex_cook,47,single_all,70
2005,illinois_ex_cook,47,all_observed,88
2005,illinois_ex_cook,48,single_observed,81
2005,illinois_ex_cook,48,single_all,101
2005,illinois_ex_cook,48,all_observed,116
2005,illinois_ex_cook,49,single_observed,65
2005,illinois_ex_cook,49,single_all,65
2005,illinois_ex_cook,49,all_observed,88
2005,illinois_ex_cook,50,single_observed,1476
2005,illinois_ex_cook,50,single_all,1476
2005,illinois_ex_cook,50,all_observed,1924
2005,illinois_ex_cook,51,single_observed,40
2005,illinois_ex_cook,51,single_all,40
2005,illinois_ex_cook,51,all_observed,55
2005,illinois_ex_cook,52,single_observed,65
2005,illinois_ex_cook,52,single_all,65
2005,illinois_ex_cook,52,all_observed,98
2005,illinois_ex_cook,53,single_observed,48
2005,illinois_ex_cook,53,single_all,48
2005,illinois_ex_cook,53,all_observed,67
2005,illinois_ex_cook,54,single_observed,61
2005,illinois_ex_cook,54,single_all,61
2005,illinois_ex_cook,54,all_observed,74
2005,illinois_ex_cook,55,single_observed,275
2005,illinois_ex_cook,55,single_all,275
2005,illinois_ex_cook,55,all_observed,377
2005,illinois_ex_cook,56,single_observed,39
2005,illinois_ex_cook,56,single_all,39
2005,illinois_ex_cook,56,all_observed,53
2005,illinois_ex_cook,57,single_observed,31
2005,illinois_ex_cook,57,single_all,32
2005,illinois_ex_cook,57,all_observed,48
2005,illinois_ex_cook,58,single_observed,40
2005,illinois_ex_cook,58,single_all,40
2005,illinois_ex_cook,58,all_observed,53
2005,illinois_ex_cook,59,single_observed,21
2005,illinois_ex_cook,59,single_all,21
2005,illinois_ex_cook,59,all_observed,27
2005,illinois_ex_cook,60,single_observed,701
2005,illinois_ex_cook,60,single_all,701
2005,illinois_ex_cook,60,all_observed,943
2005,illinois_ex_cook,61,single_observed,21
2005,illinois_ex_cook,61,single_all,21
2005,illinois_ex_cook,61,all_observed,26
2005,illinois_ex_cook,62,single_observed,40
2005,illinois_ex_cook,62,single_all,40
2005,illinois_ex_cook,62,all_observed,58
2005,illinois_ex_cook,63,single_observed,33
2005,illinois_ex_cook,63,single_all,34
2005,illinois_ex_cook,63,all_observed,45
2005,illinois_ex_cook,64,single_observed,22
2005,illinois_ex_cook,64,single_all,22
2005,illinois_ex_cook,64,all_observed,29
2005,illinois_ex_cook,65,single_observed,272
2005,illinois_ex_cook,65,single_all,272
2005,illinois_ex_cook,65,all_observed,371
2005,illinois_ex_cook,66,single_observed,16
2005,illinois_ex_cook,66,single_all,16
2005,illinois_ex_cook,66,all_observed,22
2005,illinois_ex_cook,67,single_observed,16
2005,illinois_ex_cook,67,single_all,16
2005,illinois_ex_cook,67,all_observed,26
2005,illinois_ex_cook,68,single_observed,26
2005,illinois_ex_cook,68,single_all,26
2005,illinois_ex_cook,68,all_observed,39
2005,illinois_ex_cook,69,single_observed,15
2005,illinois_ex_cook,69,single_all,15
2005,illinois_ex_cook,69,all_observed,18
2005,illinois_ex_cook,70,single_observed,422
2005,illinois_ex_cook,70,single_all,423
2005,illinois_ex_cook,70,all_observed,572
2005,illinois_ex_cook,71,single_observed,11
2005,illinois_ex_cook,71,single_all,11
2005,illinois_ex_cook,71,all_observed,15
2005,illinois_ex_cook,72,single_observed,33
2005,illinois_ex_cook,72,single_all,62
2005,illinois_ex_cook,72,all_observed,42
2005,illinois_ex_cook,73,single_observed,20
2005,illinois_ex_cook,73,single_all,20
2005,illinois_ex_cook,73,all_observed,21
2005,illinois_ex_cook,74,single_observed,11
2005,illinois_ex_cook,74,single_all,11
2005,illinois_ex_cook,74,all_observed,16
2005,illinois_ex_cook,75,single_observed,380
2005,illinois_ex_cook,75,single_all,380
2005,illinois_ex_cook,75,all_observed,509
2005,illinois_ex_cook,76,single_observed,15
2005,illinois_ex_cook,76,single_all,15
2005,illinois_ex_cook,76,all_observed,17
2005,illinois_ex_cook,77,single_observed,11
2005,illinois_ex_cook,77,single_all,11
2005,illinois_ex_cook,77,all_observed,13
2005,illinois_ex_cook,78,single_observed,18
2005,illinois_ex_cook,78,single_all,18
2005,illinois_ex_cook,78,all_observed,28
2005,illinois_ex_cook,79,single_observed,13
2005,illinois_ex_cook,79,single_all,13
2005,illinois_ex_cook,79,all_observed,15
2005,illinois_ex_cook,80,single_observed,370
2005,illinois_ex_cook,80,single_all,370
2005,illinois_ex_cook,80,all_observed,521
2006,chicago,20,single_observed,1213
2006,chicago,20,single_all,1292
2006,chicago,20,all_observed,1416
2006,chicago,21,single_observed,95
2006,chicago,21,single_all,95
2006,chicago,21,all_observed,125
2006,chicago,22,single_observed,160
2006,chicago,22,single_all,160
2006,chicago,22,all_observed,221
2006,chicago,23,single_observed,108
2006,chicago,23,single_all,109
2006,chicago,23,all_observed,148
2006,chicago,24,single_observed,78
2006,chicago,24,single_all,78
2006,chicago,24,all_observed,105
2006,chicago,25,single_observed,685
2006,chicago,25,single_all,695
2006,chicago,25,all_observed,828
2006,chicago,26,single_observed,78
2006,chicago,26,single_all,78
2006,chicago,26,all_observed,105
2006,chicago,27,single_observed,68
2006,chicago,27,single_all,68
2006,chicago,27,all_observed,92
2006,chicago,28,single_observed,79
2006,chicago,28,single_all,81
2006,chicago,28,all_observed,101
2006,chicago,29,single_observed,24
2006,chicago,29,single_all,56
2006,chicago,29,all_observed,37
2006,chicago,30,single_observed,756
2006,chicago,30,single_all,760
2006,chicago,30,all_observed,938
2006,chicago,31,single_observed,25
2006,chicago,31,single_all,29
2006,chicago,31,all_observed,33
2006,chicago,32,single_observed,62
2006,chicago,32,single_all,63
2006,chicago,32,all_observed,82
2006,chicago,33,single_observed,37
2006,chicago,33,single_all,37
2006,chicago,33,all_observed,55
2006,chicago,34,single_observed,21
2006,chicago,34,single_all,21
2006,chicago,34,all_observed,32
2006,chicago,35,single_observed,240
2006,chicago,35,single_all,247
2006,chicago,35,all_observed,325
2006,chicago,36,single_observed,24
2006,chicago,36,single_all,24
2006,chicago,36,all_observed,44
2006,chicago,37,single_observed,20
2006,chicago,37,single_all,20
2006,chicago,37,all_observed,26
2006,chicago,38,single_observed,38
2006,chicago,38,single_all,38
2006,chicago,38,all_observed,53
2006,chicago,39,single_observed,20
2006,chicago,39,single_all,20
2006,chicago,39,all_observed,27
2006,chicago,40,single_observed,444
2006,chicago,40,single_all,639
2006,chicago,40,all_observed,543
2006,chicago,41,single_observed,14
2006,chicago,41,single_all,14
2006,chicago,41,all_observed,17
2006,chicago,42,single_observed,33
2006,chicago,42,single_all,33
2006,chicago,42,all_observed,43
2006,chicago,43,single_observed,21
2006,chicago,43,single_all,21
2006,chicago,43,all_observed,26
2006,chicago,44,single_observed,13
2006,chicago,44,single_all,13
2006,chicago,44,all_observed,15
2006,chicago,45,single_observed,143
2006,chicago,45,single_all,143
2006,chicago,45,all_observed,181
2006,chicago,46,single_observed,10
2006,chicago,46,single_all,10
2006,chicago,46,all_observed,12
2006,chicago,47,single_observed,18
2006,chicago,47,single_all,18
2006,chicago,47,all_observed,26
2006,chicago,48,single_observed,20
2006,chicago,48,single_all,77
2006,chicago,48,all_observed,32
2006,chicago,49,single_observed,19
2006,chicago,49,single_all,19
2006,chicago,49,all_observed,22
2006,chicago,50,single_observed,579
2006,chicago,50,single_all,579
2006,chicago,50,all_observed,716
2006,chicago,51,single_observed,12
2006,chicago,51,single_all,12
2006,chicago,51,all_observed,15
2006,chicago,52,single_observed,16
2006,chicago,52,single_all,16
2006,chicago,52,all_observed,24
2006,chicago,53,single_observed,5
2006,chicago,53,single_all,5
2006,chicago,53,all_observed,6
2006,chicago,54,single_observed,14
2006,chicago,54,single_all,14
2006,chicago,54,all_observed,25
2006,chicago,55,single_observed,84
2006,chicago,55,single_all,84
2006,chicago,55,all_observed,118
2006,chicago,56,single_observed,15
2006,chicago,56,single_all,15
2006,chicago,56,all_observed,25
2006,chicago,57,single_observed,12
2006,chicago,57,single_all,12
2006,chicago,57,all_observed,15
2006,chicago,58,single_observed,9
2006,chicago,58,single_all,9
2006,chicago,58,all_observed,15
2006,chicago,59,single_observed,2
2006,chicago,59,single_all,2
2006,chicago,59,all_observed,3
2006,chicago,60,single_observed,265
2006,chicago,60,single_all,265
2006,chicago,60,all_observed,337
2006,chicago,61,single_observed,4
2006,chicago,61,single_all,4
2006,chicago,61,all_observed,8
2006,chicago,62,single_observed,15
2006,chicago,62,single_all,15
2006,chicago,62,all_observed,21
2006,chicago,63,single_observed,7
2006,chicago,63,single_all,7
2006,chicago,63,all_observed,8
2006,chicago,64,single_observed,3
2006,chicago,64,single_all,3
2006,chicago,64,all_observed,6
2006,chicago,65,single_observed,70
2006,chicago,65,single_all,70
2006,chicago,65,all_observed,105
2006,chicago,66,single_observed,5
2006,chicago,66,single_all,5
2006,chicago,66,all_observed,6
2006,chicago,67,single_observed,14
2006,chicago,67,single_all,14
2006,chicago,67,all_observed,20
2006,chicago,68,single_observed,6
2006,chicago,68,single_all,6
2006,chicago,68,all_observed,7
2006,chicago,69,single_observed,4
2006,chicago,69,single_all,4
2006,chicago,69,all_observed,7
2006,chicago,70,single_observed,137
2006,chicago,70,single_all,137
2006,chicago,70,all_observed,176
2006,chicago,71,single_observed,4
2006,chicago,71,single_all,4
2006,chicago,71,all_observed,6
2006,chicago,72,single_observed,10
2006,chicago,72,single_all,10
2006,chicago,72,all_observed,11
2006,chicago,73,single_observed,4
2006,chicago,73,single_all,4
2006,chicago,73,all_observed,6
2006,chicago,74,single_observed,6
2006,chicago,74,single_all,6
2006,chicago,74,all_observed,6
2006,chicago,75,single_observed,143
2006,chicago,75,single_all,144
2006,chicago,75,all_observed,186
2006,chicago,76,single_observed,4
2006,chicago,76,single_all,4
2006,chicago,76,all_observed,6
2006,chicago,77,single_observed,5
2006,chicago,77,single_all,5
2006,chicago,77,all_observed,5
2006,chicago,78,single_observed,6
2006,chicago,78,single_all,6
2006,chicago,78,all_observed,8
2006,chicago,79,single_observed,5
2006,chicago,79,single_all,5
2006,chicago,79,all_observed,7
2006,chicago,80,single_observed,137
2006,chicago,80,single_all,137
2006,chicago,80,all_observed,202
2006,cook_ex_chicago,20,single_observed,1329
2006,cook_ex_chicago,20,single_all,1389
2006,cook_ex_chicago,20,all_observed,1670
2006,cook_ex_chicago,21,single_observed,76
2006,cook_ex_chicago,21,single_all,77
2006,cook_ex_chicago,21,all_observed,123
2006,cook_ex_chicago,22,single_observed,172
2006,cook_ex_chicago,22,single_all,173
2006,cook_ex_chicago,22,all_observed,214
2006,cook_ex_chicago,23,single_observed,108
2006,cook_ex_chicago,23,single_all,109
2006,cook_ex_chicago,23,all_observed,156
2006,cook_ex_chicago,24,single_observed,93
2006,cook_ex_chicago,24,single_all,93
2006,cook_ex_chicago,24,all_observed,130
2006,cook_ex_chicago,25,single_observed,755
2006,cook_ex_chicago,25,single_all,783
2006,cook_ex_chicago,25,all_observed,965
2006,cook_ex_chicago,26,single_observed,70
2006,cook_ex_chicago,26,single_all,70
2006,cook_ex_chicago,26,all_observed,93
2006,cook_ex_chicago,27,single_observed,60
2006,cook_ex_chicago,27,single_all,60
2006,cook_ex_chicago,27,all_observed,89
2006,cook_ex_chicago,28,single_observed,63
2006,cook_ex_chicago,28,single_all,63
2006,cook_ex_chicago,28,all_observed,97
2006,cook_ex_chicago,29,single_observed,24
2006,cook_ex_chicago,29,single_all,32
2006,cook_ex_chicago,29,all_observed,38
2006,cook_ex_chicago,30,single_observed,853
2006,cook_ex_chicago,30,single_all,1030
2006,cook_ex_chicago,30,all_observed,1146
2006,cook_ex_chicago,31,single_observed,28
2006,cook_ex_chicago,31,single_all,31
2006,cook_ex_chicago,31,all_observed,44
2006,cook_ex_chicago,32,single_observed,76
2006,cook_ex_chicago,32,single_all,76
2006,cook_ex_chicago,32,all_observed,117
2006,cook_ex_chicago,33,single_observed,36
2006,cook_ex_chicago,33,single_all,36
2006,cook_ex_chicago,33,all_observed,55
2006,cook_ex_chicago,34,single_observed,32
2006,cook_ex_chicago,34,single_all,32
2006,cook_ex_chicago,34,all_observed,45
2006,cook_ex_chicago,35,single_observed,324
2006,cook_ex_chicago,35,single_all,325
2006,cook_ex_chicago,35,all_observed,450
2006,cook_ex_chicago,36,single_observed,35
2006,cook_ex_chicago,36,single_all,35
2006,cook_ex_chicago,36,all_observed,59
2006,cook_ex_chicago,37,single_observed,17
2006,cook_ex_chicago,37,single_all,17
2006,cook_ex_chicago,37,all_observed,28
2006,cook_ex_chicago,38,single_observed,36
2006,cook_ex_chicago,38,single_all,36
2006,cook_ex_chicago,38,all_observed,53
2006,cook_ex_chicago,39,single_observed,17
2006,cook_ex_chicago,39,single_all,20
2006,cook_ex_chicago,39,all_observed,29
2006,cook_ex_chicago,40,single_observed,469
2006,cook_ex_chicago,40,single_all,545
2006,cook_ex_chicago,40,all_observed,637
2006,cook_ex_chicago,41,single_observed,23
2006,cook_ex_chicago,41,single_all,23
2006,cook_ex_chicago,41,all_observed,31
2006,cook_ex_chicago,42,single_observed,31
2006,cook_ex_chicago,42,single_all,32
2006,cook_ex_chicago,42,all_observed,42
2006,cook_ex_chicago,43,single_observed,17
2006,cook_ex_chicago,43,single_all,17
2006,cook_ex_chicago,43,all_observed,30
2006,cook_ex_chicago,44,single_observed,20
2006,cook_ex_chicago,44,single_all,20
2006,cook_ex_chicago,44,all_observed,27
2006,cook_ex_chicago,45,single_observed,192
2006,cook_ex_chicago,45,single_all,192
2006,cook_ex_chicago,45,all_observed,264
2006,cook_ex_chicago,46,single_observed,13
2006,cook_ex_chicago,46,single_all,13
2006,cook_ex_chicago,46,all_observed,18
2006,cook_ex_chicago,47,single_observed,16
2006,cook_ex_chicago,47,single_all,16
2006,cook_ex_chicago,47,all_observed,25
2006,cook_ex_chicago,48,single_observed,22
2006,cook_ex_chicago,48,single_all,46
2006,cook_ex_chicago,48,all_observed,35
2006,cook_ex_chicago,49,single_observed,25
2006,cook_ex_chicago,49,single_all,25
2006,cook_ex_chicago,49,all_observed,36
2006,cook_ex_chicago,50,single_observed,657
2006,cook_ex_chicago,50,single_all,657
2006,cook_ex_chicago,50,all_observed,862
2006,cook_ex_chicago,51,single_observed,14
2006,cook_ex_chicago,51,single_all,14
2006,cook_ex_chicago,51,all_observed,18
2006,cook_ex_chicago,52,single_observed,22
2006,cook_ex_chicago,52,single_all,23
2006,cook_ex_chicago,52,all_observed,34
2006,cook_ex_chicago,53,single_observed,14
2006,cook_ex_chicago,53,single_all,14
2006,cook_ex_chicago,53,all_observed,22
2006,cook_ex_chicago,54,single_observed,18
2006,cook_ex_chicago,54,single_all,18
2006,cook_ex_chicago,54,all_observed,21
2006,cook_ex_chicago,55,single_observed,97
2006,cook_ex_chicago,55,single_all,97
2006,cook_ex_chicago,55,all_observed,131
2006,cook_ex_chicago,56,single_observed,12
2006,cook_ex_chicago,56,single_all,12
2006,cook_ex_chicago,56,all_observed,18
2006,cook_ex_chicago,57,single_observed,5
2006,cook_ex_chicago,57,single_all,5
2006,cook_ex_chicago,57,all_observed,8
2006,cook_ex_chicago,58,single_observed,9
2006,cook_ex_chicago,58,single_all,9
2006,cook_ex_chicago,58,all_observed,13
2006,cook_ex_chicago,59,single_observed,6
2006,cook_ex_chicago,59,single_all,6
2006,cook_ex_chicago,59,all_observed,8
2006,cook_ex_chicago,60,single_observed,268
2006,cook_ex_chicago,60,single_all,268
2006,cook_ex_chicago,60,all_observed,368
2006,cook_ex_chicago,61,single_observed,7
2006,cook_ex_chicago,61,single_all,7
2006,cook_ex_chicago,61,all_observed,9
2006,cook_ex_chicago,62,single_observed,14
2006,cook_ex_chicago,62,single_all,14
2006,cook_ex_chicago,62,all_observed,15
2006,cook_ex_chicago,63,single_observed,2
2006,cook_ex_chicago,63,single_all,2
2006,cook_ex_chicago,63,all_observed,4
2006,cook_ex_chicago,64,single_observed,9
2006,cook_ex_chicago,64,single_all,9
2006,cook_ex_chicago,64,all_observed,11
2006,cook_ex_chicago,65,single_observed,102
2006,cook_ex_chicago,65,single_all,102
2006,cook_ex_chicago,65,all_observed,144
2006,cook_ex_chicago,66,single_observed,3
2006,cook_ex_chicago,66,single_all,3
2006,cook_ex_chicago,66,all_observed,4
2006,cook_ex_chicago,67,single_observed,10
2006,cook_ex_chicago,67,single_all,10
2006,cook_ex_chicago,67,all_observed,10
2006,cook_ex_chicago,68,single_observed,8
2006,cook_ex_chicago,68,single_all,8
2006,cook_ex_chicago,68,all_observed,11
2006,cook_ex_chicago,69,single_observed,7
2006,cook_ex_chicago,69,single_all,7
2006,cook_ex_chicago,69,all_observed,7
2006,cook_ex_chicago,70,single_observed,175
2006,cook_ex_chicago,70,single_all,175
2006,cook_ex_chicago,70,all_observed,237
2006,cook_ex_chicago,71,single_observed,2
2006,cook_ex_chicago,71,single_all,2
2006,cook_ex_chicago,71,all_observed,3
2006,cook_ex_chicago,72,single_observed,10
2006,cook_ex_chicago,72,single_all,22
2006,cook_ex_chicago,72,all_observed,12
2006,cook_ex_chicago,73,single_observed,6
2006,cook_ex_chicago,73,single_all,6
2006,cook_ex_chicago,73,all_observed,6
2006,cook_ex_chicago,74,single_observed,3
2006,cook_ex_chicago,74,single_all,3
2006,cook_ex_chicago,74,all_observed,4
2006,cook_ex_chicago,75,single_observed,132
2006,cook_ex_chicago,75,single_all,132
2006,cook_ex_chicago,75,all_observed,180
2006,cook_ex_chicago,76,single_observed,7
2006,cook_ex_chicago,76,single_all,7
2006,cook_ex_chicago,76,all_observed,9
2006,cook_ex_chicago,77,single_observed,6
2006,cook_ex_chicago,77,single_all,6
2006,cook_ex_chicago,77,all_observed,6
2006,cook_ex_chicago,78,single_observed,6
2006,cook_ex_chicago,78,single_all,6
2006,cook_ex_chicago,78,all_observed,6
2006,cook_ex_chicago,79,single_observed,3
2006,cook_ex_chicago,79,single_all,3
2006,cook_ex_chicago,79,all_observed,4
2006,cook_ex_chicago,80,single_observed,164
2006,cook_ex_chicago,80,single_all,164
2006,cook_ex_chicago,80,all_observed,219
2006,illinois_ex_cook,20,single_observed,3468
2006,illinois_ex_cook,20,single_all,3583
2006,illinois_ex_cook,20,all_observed,4519
2006,illinois_ex_cook,21,single_observed,300
2006,illinois_ex_cook,21,single_all,302
2006,illinois_ex_cook,21,all_observed,453
2006,illinois_ex_cook,22,single_observed,531
2006,illinois_ex_cook,22,single_all,531
2006,illinois_ex_cook,22,all_observed,768
2006,illinois_ex_cook,23,single_observed,362
2006,illinois_ex_cook,23,single_all,364
2006,illinois_ex_cook,23,all_observed,526
2006,illinois_ex_cook,24,single_observed,341
2006,illinois_ex_cook,24,single_all,341
2006,illinois_ex_cook,24,all_observed,484
2006,illinois_ex_cook,25,single_observed,2183
2006,illinois_ex_cook,25,single_all,2232
2006,illinois_ex_cook,25,all_observed,2874
2006,illinois_ex_cook,26,single_observed,242
2006,illinois_ex_cook,26,single_all,243
2006,illinois_ex_cook,26,all_observed,337
2006,illinois_ex_cook,27,single_observed,247
2006,illinois_ex_cook,27,single_all,247
2006,illinois_ex_cook,27,all_observed,342
2006,illinois_ex_cook,28,single_observed,293
2006,illinois_ex_cook,28,single_all,297
2006,illinois_ex_cook,28,all_observed,398
2006,illinois_ex_cook,29,single_observed,113
2006,illinois_ex_cook,29,single_all,118
2006,illinois_ex_cook,29,all_observed,170
2006,illinois_ex_cook,30,single_observed,2178
2006,illinois_ex_cook,30,single_all,2755
2006,illinois_ex_cook,30,all_observed,2907
2006,illinois_ex_cook,31,single_observed,90
2006,illinois_ex_cook,31,single_all,94
2006,illinois_ex_cook,31,all_observed,128
2006,illinois_ex_cook,32,single_observed,226
2006,illinois_ex_cook,32,single_all,226
2006,illinois_ex_cook,32,all_observed,325
2006,illinois_ex_cook,33,single_observed,115
2006,illinois_ex_cook,33,single_all,115
2006,illinois_ex_cook,33,all_observed,170
2006,illinois_ex_cook,34,single_observed,107
2006,illinois_ex_cook,34,single_all,107
2006,illinois_ex_cook,34,all_observed,150
2006,illinois_ex_cook,35,single_observed,949
2006,illinois_ex_cook,35,single_all,956
2006,illinois_ex_cook,35,all_observed,1254
2006,illinois_ex_cook,36,single_observed,129
2006,illinois_ex_cook,36,single_all,129
2006,illinois_ex_cook,36,all_observed,177
2006,illinois_ex_cook,37,single_observed,118
2006,illinois_ex_cook,37,single_all,118
2006,illinois_ex_cook,37,all_observed,159
2006,illinois_ex_cook,38,single_observed,112
2006,illinois_ex_cook,38,single_all,113
2006,illinois_ex_cook,38,all_observed,161
2006,illinois_ex_cook,39,single_observed,62
2006,illinois_ex_cook,39,single_all,66
2006,illinois_ex_cook,39,all_observed,79
2006,illinois_ex_cook,40,single_observed,1289
2006,illinois_ex_cook,40,single_all,1468
2006,illinois_ex_cook,40,all_observed,1742
2006,illinois_ex_cook,41,single_observed,64
2006,illinois_ex_cook,41,single_all,64
2006,illinois_ex_cook,41,all_observed,80
2006,illinois_ex_cook,42,single_observed,112
2006,illinois_ex_cook,42,single_all,112
2006,illinois_ex_cook,42,all_observed,158
2006,illinois_ex_cook,43,single_observed,59
2006,illinois_ex_cook,43,single_all,59
2006,illinois_ex_cook,43,all_observed,85
2006,illinois_ex_cook,44,single_observed,45
2006,illinois_ex_cook,44,single_all,45
2006,illinois_ex_cook,44,all_observed,70
2006,illinois_ex_cook,45,single_observed,555
2006,illinois_ex_cook,45,single_all,555
2006,illinois_ex_cook,45,all_observed,757
2006,illinois_ex_cook,46,single_observed,35
2006,illinois_ex_cook,46,single_all,35
2006,illinois_ex_cook,46,all_observed,50
2006,illinois_ex_cook,47,single_observed,66
2006,illinois_ex_cook,47,single_all,66
2006,illinois_ex_cook,47,all_observed,83
2006,illinois_ex_cook,48,single_observed,83
2006,illinois_ex_cook,48,single_all,104
2006,illinois_ex_cook,48,all_observed,123
2006,illinois_ex_cook,49,single_observed,61
2006,illinois_ex_cook,49,single_all,61
2006,illinois_ex_cook,49,all_observed,81
2006,illinois_ex_cook,50,single_observed,1533
2006,illinois_ex_cook,50,single_all,1533
2006,illinois_ex_cook,50,all_observed,2017
2006,illinois_ex_cook,51,single_observed,35
2006,illinois_ex_cook,51,single_all,35
2006,illinois_ex_cook,51,all_observed,50
2006,illinois_ex_cook,52,single_observed,67
2006,illinois_ex_cook,52,single_all,67
2006,illinois_ex_cook,52,all_observed,99
2006,illinois_ex_cook,53,single_observed,50
2006,illinois_ex_cook,53,single_all,50
2006,illinois_ex_cook,53,all_observed,68
2006,illinois_ex_cook,54,single_observed,59
2006,illinois_ex_cook,54,single_all,59
2006,illinois_ex_cook,54,all_observed,76
2006,illinois_ex_cook,55,single_observed,274
2006,illinois_ex_cook,55,single_all,274
2006,illinois_ex_cook,55,all_observed,391
2006,illinois_ex_cook,56,single_observed,37
2006,illinois_ex_cook,56,single_all,37
2006,illinois_ex_cook,56,all_observed,52
2006,illinois_ex_cook,57,single_observed,33
2006,illinois_ex_cook,57,single_all,34
2006,illinois_ex_cook,57,all_observed,46
2006,illinois_ex_cook,58,single_observed,45
2006,illinois_ex_cook,58,single_all,45
2006,illinois_ex_cook,58,all_observed,58
2006,illinois_ex_cook,59,single_observed,18
2006,illinois_ex_cook,59,single_all,18
2006,illinois_ex_cook,59,all_observed,25
2006,illinois_ex_cook,60,single_observed,730
2006,illinois_ex_cook,60,single_all,730
2006,illinois_ex_cook,60,all_observed,1007
2006,illinois_ex_cook,61,single_observed,21
2006,illinois_ex_cook,61,single_all,21
2006,illinois_ex_cook,61,all_observed,25
2006,illinois_ex_cook,62,single_observed,42
2006,illinois_ex_cook,62,single_all,42
2006,illinois_ex_cook,62,all_observed,63
2006,illinois_ex_cook,63,single_observed,34
2006,illinois_ex_cook,63,single_all,34
2006,illinois_ex_cook,63,all_observed,47
2006,illinois_ex_cook,64,single_observed,20
2006,illinois_ex_cook,64,single_all,20
2006,illinois_ex_cook,64,all_observed,26
2006,illinois_ex_cook,65,single_observed,268
2006,illinois_ex_cook,65,single_all,268
2006,illinois_ex_cook,65,all_observed,368
2006,illinois_ex_cook,66,single_observed,17
2006,illinois_ex_cook,66,single_all,17
2006,illinois_ex_cook,66,all_observed,20
2006,illinois_ex_cook,67,single_observed,17
2006,illinois_ex_cook,67,single_all,17
2006,illinois_ex_cook,67,all_observed,25
2006,illinois_ex_cook,68,single_observed,30
2006,illinois_ex_cook,68,single_all,30
2006,illinois_ex_cook,68,all_observed,45
2006,illinois_ex_cook,69,single_observed,9
2006,illinois_ex_cook,69,single_all,9
2006,illinois_ex_cook,69,all_observed,11
2006,illinois_ex_cook,70,single_observed,423
2006,illinois_ex_cook,70,single_all,425
2006,illinois_ex_cook,70,all_observed,583
2006,illinois_ex_cook,71,single_observed,11
2006,illinois_ex_cook,71,single_all,11
2006,illinois_ex_cook,71,all_observed,17
2006,illinois_ex_cook,72,single_observed,35
2006,illinois_ex_cook,72,single_all,63
2006,illinois_ex_cook,72,all_observed,45
2006,illinois_ex_cook,73,single_observed,18
2006,illinois_ex_cook,73,single_all,18
2006,illinois_ex_cook,73,all_observed,22
2006,illinois_ex_cook,74,single_observed,13
2006,illinois_ex_cook,74,single_all,13
2006,illinois_ex_cook,74,all_observed,21
2006,illinois_ex_cook,75,single_observed,390
2006,illinois_ex_cook,75,single_all,390
2006,illinois_ex_cook,75,all_observed,544
2006,illinois_ex_cook,76,single_observed,15
2006,illinois_ex_cook,76,single_all,15
2006,illinois_ex_cook,76,all_observed,18
2006,illinois_ex_cook,77,single_observed,9
2006,illinois_ex_cook,77,single_all,9
2006,illinois_ex_cook,77,all_observed,10
2006,illinois_ex_cook,78,single_observed,17
2006,illinois_ex_cook,78,single_all,17
2006,illinois_ex_cook,78,all_observed,25
2006,illinois_ex_cook,79,single_observed,8
2006,illinois_ex_cook,79,single_all,8
2006,illinois_ex_cook,79,all_observed,11
2006,illinois_ex_cook,80,single_observed,382
2006,illinois_ex_cook,80,single_all,382
2006,illinois_ex_cook,80,all_observed,536
2007,chicago,20,single_observed,1228
2007,chicago,20,single_all,1239
2007,chicago,20,all_observed,1448
2007,chicago,21,single_observed,94
2007,chicago,21,single_all,101
2007,chicago,21,all_observed,124
2007,chicago,22,single_observed,164
2007,chicago,22,single_all,173
2007,chicago,22,all_observed,227
2007,chicago,23,single_observed,108
2007,chicago,23,single_all,108
2007,chicago,23,all_observed,147
2007,chicago,24,single_observed,76
2007,chicago,24,single_all,82
2007,chicago,24,all_observed,106
2007,chicago,25,single_observed,678
2007,chicago,25,single_all,686
2007,chicago,25,all_observed,828
2007,chicago,26,single_observed,76
2007,chicago,26,single_all,85
2007,chicago,26,all_observed,103
2007,chicago,27,single_observed,67
2007,chicago,27,single_all,67
2007,chicago,27,all_observed,90
2007,chicago,28,single_observed,76
2007,chicago,28,single_all,76
2007,chicago,28,all_observed,102
2007,chicago,29,single_observed,24
2007,chicago,29,single_all,24
2007,chicago,29,all_observed,38
2007,chicago,30,single_observed,762
2007,chicago,30,single_all,765
2007,chicago,30,all_observed,955
2007,chicago,31,single_observed,24
2007,chicago,31,single_all,24
2007,chicago,31,all_observed,33
2007,chicago,32,single_observed,63
2007,chicago,32,single_all,66
2007,chicago,32,all_observed,83
2007,chicago,33,single_observed,36
2007,chicago,33,single_all,36
2007,chicago,33,all_observed,52
2007,chicago,34,single_observed,22
2007,chicago,34,single_all,22
2007,chicago,34,all_observed,35
2007,chicago,35,single_observed,236
2007,chicago,35,single_all,241
2007,chicago,35,all_observed,324
2007,chicago,36,single_observed,26
2007,chicago,36,single_all,34
2007,chicago,36,all_observed,44
2007,chicago,37,single_observed,19
2007,chicago,37,single_all,19
2007,chicago,37,all_observed,26
2007,chicago,38,single_observed,39
2007,chicago,38,single_all,47
2007,chicago,38,all_observed,53
2007,chicago,39,single_observed,20
2007,chicago,39,single_all,20
2007,chicago,39,all_observed,26
2007,chicago,40,single_observed,444
2007,chicago,40,single_all,475
2007,chicago,40,all_observed,556
2007,chicago,41,single_observed,13
2007,chicago,41,single_all,13
2007,chicago,41,all_observed,17
2007,chicago,42,single_observed,35
2007,chicago,42,single_all,35
2007,chicago,42,all_observed,45
2007,chicago,43,single_observed,20
2007,chicago,43,single_all,24
2007,chicago,43,all_observed,26
2007,chicago,44,single_observed,12
2007,chicago,44,single_all,12
2007,chicago,44,all_observed,14
2007,chicago,45,single_observed,144
2007,chicago,45,single_all,274
2007,chicago,45,all_observed,181
2007,chicago,46,single_observed,9
2007,chicago,46,single_all,9
2007,chicago,46,all_observed,11
2007,chicago,47,single_observed,19
2007,chicago,47,single_all,19
2007,chicago,47,all_observed,27
2007,chicago,48,single_observed,19
2007,chicago,48,single_all,26
2007,chicago,48,all_observed,32
2007,chicago,49,single_observed,20
2007,chicago,49,single_all,20
2007,chicago,49,all_observed,24
2007,chicago,50,single_observed,587
2007,chicago,50,single_all,587
2007,chicago,50,all_observed,733
2007,chicago,51,single_observed,13
2007,chicago,51,single_all,13
2007,chicago,51,all_observed,16
2007,chicago,52,single_observed,14
2007,chicago,52,single_all,14
2007,chicago,52,all_observed,22
2007,chicago,53,single_observed,6
2007,chicago,53,single_all,6
2007,chicago,53,all_observed,7
2007,chicago,54,single_observed,15
2007,chicago,54,single_all,15
2007,chicago,54,all_observed,27
2007,chicago,55,single_observed,81
2007,chicago,55,single_all,83
2007,chicago,55,all_observed,117
2007,chicago,56,single_observed,15
2007,chicago,56,single_all,15
2007,chicago,56,all_observed,26
2007,chicago,57,single_observed,12
2007,chicago,57,single_all,12
2007,chicago,57,all_observed,15
2007,chicago,58,single_observed,9
2007,chicago,58,single_all,9
2007,chicago,58,all_observed,15
2007,chicago,59,single_observed,3
2007,chicago,59,single_all,3
2007,chicago,59,all_observed,4
2007,chicago,60,single_observed,263
2007,chicago,60,single_all,263
2007,chicago,60,all_observed,340
2007,chicago,61,single_observed,4
2007,chicago,61,single_all,5
2007,chicago,61,all_observed,8
2007,chicago,62,single_observed,13
2007,chicago,62,single_all,13
2007,chicago,62,all_observed,19
2007,chicago,63,single_observed,7
2007,chicago,63,single_all,7
2007,chicago,63,all_observed,8
2007,chicago,64,single_observed,3
2007,chicago,64,single_all,3
2007,chicago,64,all_observed,6
2007,chicago,65,single_observed,67
2007,chicago,65,single_all,144
2007,chicago,65,all_observed,104
2007,chicago,66,single_observed,4
2007,chicago,66,single_all,4
2007,chicago,66,all_observed,5
2007,chicago,67,single_observed,13
2007,chicago,67,single_all,13
2007,chicago,67,all_observed,20
2007,chicago,68,single_observed,6
2007,chicago,68,single_all,6
2007,chicago,68,all_observed,7
2007,chicago,69,single_observed,4
2007,chicago,69,single_all,4
2007,chicago,69,all_observed,7
2007,chicago,70,single_observed,137
2007,chicago,70,single_all,138
2007,chicago,70,all_observed,182
2007,chicago,71,single_observed,4
2007,chicago,71,single_all,4
2007,chicago,71,all_observed,6
2007,chicago,72,single_observed,10
2007,chicago,72,single_all,10
2007,chicago,72,all_observed,11
2007,chicago,73,single_observed,3
2007,chicago,73,single_all,3
2007,chicago,73,all_observed,6
2007,chicago,74,single_observed,5
2007,chicago,74,single_all,5
2007,chicago,74,all_observed,6
2007,chicago,75,single_observed,144
2007,chicago,75,single_all,145
2007,chicago,75,all_observed,187
2007,chicago,76,single_observed,4
2007,chicago,76,single_all,4
2007,chicago,76,all_observed,6
2007,chicago,77,single_observed,5
2007,chicago,77,single_all,5
2007,chicago,77,all_observed,5
2007,chicago,78,single_observed,6
2007,chicago,78,single_all,6
2007,chicago,78,all_observed,8
2007,chicago,79,single_observed,5
2007,chicago,79,single_all,5
2007,chicago,79,all_observed,7
2007,chicago,80,single_observed,140
2007,chicago,80,single_all,140
2007,chicago,80,all_observed,206
2007,cook_ex_chicago,20,single_observed,1384
2007,cook_ex_chicago,20,single_all,1421
2007,cook_ex_chicago,20,all_observed,1753
2007,cook_ex_chicago,21,single_observed,79
2007,cook_ex_chicago,21,single_all,113
2007,cook_ex_chicago,21,all_observed,122
2007,cook_ex_chicago,22,single_observed,181
2007,cook_ex_chicago,22,single_all,184
2007,cook_ex_chicago,22,all_observed,231
2007,cook_ex_chicago,23,single_observed,105
2007,cook_ex_chicago,23,single_all,105
2007,cook_ex_chicago,23,all_observed,155
2007,cook_ex_chicago,24,single_observed,99
2007,cook_ex_chicago,24,single_all,105
2007,cook_ex_chicago,24,all_observed,137
2007,cook_ex_chicago,25,single_observed,801
2007,cook_ex_chicago,25,single_all,825
2007,cook_ex_chicago,25,all_observed,1022
2007,cook_ex_chicago,26,single_observed,74
2007,cook_ex_chicago,26,single_all,80
2007,cook_ex_chicago,26,all_observed,105
2007,cook_ex_chicago,27,single_observed,67
2007,cook_ex_chicago,27,single_all,67
2007,cook_ex_chicago,27,all_observed,93
2007,cook_ex_chicago,28,single_observed,65
2007,cook_ex_chicago,28,single_all,66
2007,cook_ex_chicago,28,all_observed,99
2007,cook_ex_chicago,29,single_observed,29
2007,cook_ex_chicago,29,single_all,29
2007,cook_ex_chicago,29,all_observed,50
2007,cook_ex_chicago,30,single_observed,895
2007,cook_ex_chicago,30,single_all,902
2007,cook_ex_chicago,30,all_observed,1201
2007,cook_ex_chicago,31,single_observed,33
2007,cook_ex_chicago,31,single_all,33
2007,cook_ex_chicago,31,all_observed,46
2007,cook_ex_chicago,32,single_observed,77
2007,cook_ex_chicago,32,single_all,77
2007,cook_ex_chicago,32,all_observed,111
2007,cook_ex_chicago,33,single_observed,35
2007,cook_ex_chicago,33,single_all,38
2007,cook_ex_chicago,33,all_observed,51
2007,cook_ex_chicago,34,single_observed,32
2007,cook_ex_chicago,34,single_all,32
2007,cook_ex_chicago,34,all_observed,44
2007,cook_ex_chicago,35,single_observed,327
2007,cook_ex_chicago,35,single_all,354
2007,cook_ex_chicago,35,all_observed,451
2007,cook_ex_chicago,36,single_observed,30
2007,cook_ex_chicago,36,single_all,36
2007,cook_ex_chicago,36,all_observed,49
2007,cook_ex_chicago,37,single_observed,22
2007,cook_ex_chicago,37,single_all,23
2007,cook_ex_chicago,37,all_observed,33
2007,cook_ex_chicago,38,single_observed,34
2007,cook_ex_chicago,38,single_all,47
2007,cook_ex_chicago,38,all_observed,52
2007,cook_ex_chicago,39,single_observed,16
2007,cook_ex_chicago,39,single_all,16
2007,cook_ex_chicago,39,all_observed,28
2007,cook_ex_chicago,40,single_observed,486
2007,cook_ex_chicago,40,single_all,558
2007,cook_ex_chicago,40,all_observed,650
2007,cook_ex_chicago,41,single_observed,22
2007,cook_ex_chicago,41,single_all,22
2007,cook_ex_chicago,41,all_observed,32
2007,cook_ex_chicago,42,single_observed,32
2007,cook_ex_chicago,42,single_all,32
2007,cook_ex_chicago,42,all_observed,48
2007,cook_ex_chicago,43,single_observed,18
2007,cook_ex_chicago,43,single_all,23
2007,cook_ex_chicago,43,all_observed,32
2007,cook_ex_chicago,44,single_observed,18
2007,cook_ex_chicago,44,single_all,19
2007,cook_ex_chicago,44,all_observed,26
2007,cook_ex_chicago,45,single_observed,192
2007,cook_ex_chicago,45,single_all,310
2007,cook_ex_chicago,45,all_observed,264
2007,cook_ex_chicago,46,single_observed,12
2007,cook_ex_chicago,46,single_all,12
2007,cook_ex_chicago,46,all_observed,18
2007,cook_ex_chicago,47,single_observed,18
2007,cook_ex_chicago,47,single_all,18
2007,cook_ex_chicago,47,all_observed,26
2007,cook_ex_chicago,48,single_observed,21
2007,cook_ex_chicago,48,single_all,21
2007,cook_ex_chicago,48,all_observed,31
2007,cook_ex_chicago,49,single_observed,32
2007,cook_ex_chicago,49,single_all,32
2007,cook_ex_chicago,49,all_observed,39
2007,cook_ex_chicago,50,single_observed,696
2007,cook_ex_chicago,50,single_all,705
2007,cook_ex_chicago,50,all_observed,913
2007,cook_ex_chicago,51,single_observed,13
2007,cook_ex_chicago,51,single_all,13
2007,cook_ex_chicago,51,all_observed,17
2007,cook_ex_chicago,52,single_observed,32
2007,cook_ex_chicago,52,single_all,32
2007,cook_ex_chicago,52,all_observed,45
2007,cook_ex_chicago,53,single_observed,14
2007,cook_ex_chicago,53,single_all,14
2007,cook_ex_chicago,53,all_observed,23
2007,cook_ex_chicago,54,single_observed,15
2007,cook_ex_chicago,54,single_all,15
2007,cook_ex_chicago,54,all_observed,20
2007,cook_ex_chicago,55,single_observed,94
2007,cook_ex_chicago,55,single_all,106
2007,cook_ex_chicago,55,all_observed,130
2007,cook_ex_chicago,56,single_observed,10
2007,cook_ex_chicago,56,single_all,10
2007,cook_ex_chicago,56,all_observed,17
2007,cook_ex_chicago,57,single_observed,5
2007,cook_ex_chicago,57,single_all,5
2007,cook_ex_chicago,57,all_observed,12
2007,cook_ex_chicago,58,single_observed,8
2007,cook_ex_chicago,58,single_all,8
2007,cook_ex_chicago,58,all_observed,14
2007,cook_ex_chicago,59,single_observed,6
2007,cook_ex_chicago,59,single_all,6
2007,cook_ex_chicago,59,all_observed,8
2007,cook_ex_chicago,60,single_observed,285
2007,cook_ex_chicago,60,single_all,287
2007,cook_ex_chicago,60,all_observed,387
2007,cook_ex_chicago,61,single_observed,6
2007,cook_ex_chicago,61,single_all,7
2007,cook_ex_chicago,61,all_observed,8
2007,cook_ex_chicago,62,single_observed,15
2007,cook_ex_chicago,62,single_all,15
2007,cook_ex_chicago,62,all_observed,17
2007,cook_ex_chicago,63,single_observed,2
2007,cook_ex_chicago,63,single_all,2
2007,cook_ex_chicago,63,all_observed,4
2007,cook_ex_chicago,64,single_observed,6
2007,cook_ex_chicago,64,single_all,6
2007,cook_ex_chicago,64,all_observed,7
2007,cook_ex_chicago,65,single_observed,97
2007,cook_ex_chicago,65,single_all,148
2007,cook_ex_chicago,65,all_observed,145
2007,cook_ex_chicago,66,single_observed,6
2007,cook_ex_chicago,66,single_all,6
2007,cook_ex_chicago,66,all_observed,7
2007,cook_ex_chicago,67,single_observed,9
2007,cook_ex_chicago,67,single_all,9
2007,cook_ex_chicago,67,all_observed,9
2007,cook_ex_chicago,68,single_observed,8
2007,cook_ex_chicago,68,single_all,8
2007,cook_ex_chicago,68,all_observed,11
2007,cook_ex_chicago,69,single_observed,7
2007,cook_ex_chicago,69,single_all,7
2007,cook_ex_chicago,69,all_observed,8
2007,cook_ex_chicago,70,single_observed,188
2007,cook_ex_chicago,70,single_all,192
2007,cook_ex_chicago,70,all_observed,255
2007,cook_ex_chicago,71,single_observed,3
2007,cook_ex_chicago,71,single_all,3
2007,cook_ex_chicago,71,all_observed,5
2007,cook_ex_chicago,72,single_observed,11
2007,cook_ex_chicago,72,single_all,11
2007,cook_ex_chicago,72,all_observed,12
2007,cook_ex_chicago,73,single_observed,9
2007,cook_ex_chicago,73,single_all,9
2007,cook_ex_chicago,73,all_observed,10
2007,cook_ex_chicago,74,single_observed,4
2007,cook_ex_chicago,74,single_all,4
2007,cook_ex_chicago,74,all_observed,6
2007,cook_ex_chicago,75,single_observed,132
2007,cook_ex_chicago,75,single_all,132
2007,cook_ex_chicago,75,all_observed,180
2007,cook_ex_chicago,76,single_observed,6
2007,cook_ex_chicago,76,single_all,6
2007,cook_ex_chicago,76,all_observed,6
2007,cook_ex_chicago,77,single_observed,7
2007,cook_ex_chicago,77,single_all,9
2007,cook_ex_chicago,77,all_observed,7
2007,cook_ex_chicago,78,single_observed,7
2007,cook_ex_chicago,78,single_all,7
2007,cook_ex_chicago,78,all_observed,7
2007,cook_ex_chicago,79,single_observed,1
2007,cook_ex_chicago,79,single_all,1
2007,cook_ex_chicago,79,all_observed,5
2007,cook_ex_chicago,80,single_observed,166
2007,cook_ex_chicago,80,single_all,166
2007,cook_ex_chicago,80,all_observed,225
2007,illinois_ex_cook,20,single_observed,3519
2007,illinois_ex_cook,20,single_all,4289
2007,illinois_ex_cook,20,all_observed,4624
2007,illinois_ex_cook,21,single_observed,319
2007,illinois_ex_cook,21,single_all,385
2007,illinois_ex_cook,21,all_observed,469
2007,illinois_ex_cook,22,single_observed,540
2007,illinois_ex_cook,22,single_all,558
2007,illinois_ex_cook,22,all_observed,767
2007,illinois_ex_cook,23,single_observed,365
2007,illinois_ex_cook,23,single_all,365
2007,illinois_ex_cook,23,all_observed,542
2007,illinois_ex_cook,24,single_observed,352
2007,illinois_ex_cook,24,single_all,358
2007,illinois_ex_cook,24,all_observed,510
2007,illinois_ex_cook,25,single_observed,2196
2007,illinois_ex_cook,25,single_all,2231
2007,illinois_ex_cook,25,all_observed,2871
2007,illinois_ex_cook,26,single_observed,243
2007,illinois_ex_cook,26,single_all,279
2007,illinois_ex_cook,26,all_observed,347
2007,illinois_ex_cook,27,single_observed,254
2007,illinois_ex_cook,27,single_all,256
2007,illinois_ex_cook,27,all_observed,352
2007,illinois_ex_cook,28,single_observed,285
2007,illinois_ex_cook,28,single_all,285
2007,illinois_ex_cook,28,all_observed,404
2007,illinois_ex_cook,29,single_observed,114
2007,illinois_ex_cook,29,single_all,114
2007,illinois_ex_cook,29,all_observed,173
2007,illinois_ex_cook,30,single_observed,2250
2007,illinois_ex_cook,30,single_all,2257
2007,illinois_ex_cook,30,all_observed,3010
2007,illinois_ex_cook,31,single_observed,86
2007,illinois_ex_cook,31,single_all,86
2007,illinois_ex_cook,31,all_observed,126
2007,illinois_ex_cook,32,single_observed,234
2007,illinois_ex_cook,32,single_all,253
2007,illinois_ex_cook,32,all_observed,337
2007,illinois_ex_cook,33,single_observed,116
2007,illinois_ex_cook,33,single_all,121
2007,illinois_ex_cook,33,all_observed,173
2007,illinois_ex_cook,34,single_observed,106
2007,illinois_ex_cook,34,single_all,106
2007,illinois_ex_cook,34,all_observed,160
2007,illinois_ex_cook,35,single_observed,980
2007,illinois_ex_cook,35,single_all,1066
2007,illinois_ex_cook,35,all_observed,1292
2007,illinois_ex_cook,36,single_observed,126
2007,illinois_ex_cook,36,single_all,140
2007,illinois_ex_cook,36,all_observed,171
2007,illinois_ex_cook,37,single_observed,110
2007,illinois_ex_cook,37,single_all,115
2007,illinois_ex_cook,37,all_observed,150
2007,illinois_ex_cook,38,single_observed,123
2007,illinois_ex_cook,38,single_all,157
2007,illinois_ex_cook,38,all_observed,168
2007,illinois_ex_cook,39,single_observed,61
2007,illinois_ex_cook,39,single_all,65
2007,illinois_ex_cook,39,all_observed,83
2007,illinois_ex_cook,40,single_observed,1288
2007,illinois_ex_cook,40,single_all,1387
2007,illinois_ex_cook,40,all_observed,1732
2007,illinois_ex_cook,41,single_observed,69
2007,illinois_ex_cook,41,single_all,69
2007,illinois_ex_cook,41,all_observed,83
2007,illinois_ex_cook,42,single_observed,112
2007,illinois_ex_cook,42,single_all,112
2007,illinois_ex_cook,42,all_observed,160
2007,illinois_ex_cook,43,single_observed,64
2007,illinois_ex_cook,43,single_all,68
2007,illinois_ex_cook,43,all_observed,93
2007,illinois_ex_cook,44,single_observed,43
2007,illinois_ex_cook,44,single_all,49
2007,illinois_ex_cook,44,all_observed,65
2007,illinois_ex_cook,45,single_observed,527
2007,illinois_ex_cook,45,single_all,777
2007,illinois_ex_cook,45,all_observed,724
2007,illinois_ex_cook,46,single_observed,36
2007,illinois_ex_cook,46,single_all,36
2007,illinois_ex_cook,46,all_observed,52
2007,illinois_ex_cook,47,single_observed,66
2007,illinois_ex_cook,47,single_all,66
2007,illinois_ex_cook,47,all_observed,87
2007,illinois_ex_cook,48,single_observed,93
2007,illinois_ex_cook,48,single_all,93
2007,illinois_ex_cook,48,all_observed,132
2007,illinois_ex_cook,49,single_observed,64
2007,illinois_ex_cook,49,single_all,64
2007,illinois_ex_cook,49,all_observed,89
2007,illinois_ex_cook,50,single_observed,1591
2007,illinois_ex_cook,50,single_all,1610
2007,illinois_ex_cook,50,all_observed,2067
2007,illinois_ex_cook,51,single_observed,32
2007,illinois_ex_cook,51,single_all,34
2007,illinois_ex_cook,51,all_observed,49
2007,illinois_ex_cook,52,single_observed,66
2007,illinois_ex_cook,52,single_all,66
2007,illinois_ex_cook,52,all_observed,100
2007,illinois_ex_cook,53,single_observed,54
2007,illinois_ex_cook,53,single_all,61
2007,illinois_ex_cook,53,all_observed,76
2007,illinois_ex_cook,54,single_observed,56
2007,illinois_ex_cook,54,single_all,56
2007,illinois_ex_cook,54,all_observed,80
2007,illinois_ex_cook,55,single_observed,281
2007,illinois_ex_cook,55,single_all,313
2007,illinois_ex_cook,55,all_observed,406
2007,illinois_ex_cook,56,single_observed,41
2007,illinois_ex_cook,56,single_all,41
2007,illinois_ex_cook,56,all_observed,55
2007,illinois_ex_cook,57,single_observed,34
2007,illinois_ex_cook,57,single_all,34
2007,illinois_ex_cook,57,all_observed,53
2007,illinois_ex_cook,58,single_observed,47
2007,illinois_ex_cook,58,single_all,47
2007,illinois_ex_cook,58,all_observed,58
2007,illinois_ex_cook,59,single_observed,18
2007,illinois_ex_cook,59,single_all,18
2007,illinois_ex_cook,59,all_observed,26
2007,illinois_ex_cook,60,single_observed,757
2007,illinois_ex_cook,60,single_all,766
2007,illinois_ex_cook,60,all_observed,1041
2007,illinois_ex_cook,61,single_observed,22
2007,illinois_ex_cook,61,single_all,22
2007,illinois_ex_cook,61,all_observed,26
2007,illinois_ex_cook,62,single_observed,49
2007,illinois_ex_cook,62,single_all,49
2007,illinois_ex_cook,62,all_observed,71
2007,illinois_ex_cook,63,single_observed,35
2007,illinois_ex_cook,63,single_all,35
2007,illinois_ex_cook,63,all_observed,52
2007,illinois_ex_cook,64,single_observed,19
2007,illinois_ex_cook,64,single_all,19
2007,illinois_ex_cook,64,all_observed,28
2007,illinois_ex_cook,65,single_observed,269
2007,illinois_ex_cook,65,single_all,351
2007,illinois_ex_cook,65,all_observed,378
2007,illinois_ex_cook,66,single_observed,17
2007,illinois_ex_cook,66,single_all,17
2007,illinois_ex_cook,66,all_observed,19
2007,illinois_ex_cook,67,single_observed,20
2007,illinois_ex_cook,67,single_all,20
2007,illinois_ex_cook,67,all_observed,29
2007,illinois_ex_cook,68,single_observed,30
2007,illinois_ex_cook,68,single_all,30
2007,illinois_ex_cook,68,all_observed,48
2007,illinois_ex_cook,69,single_observed,11
2007,illinois_ex_cook,69,single_all,11
2007,illinois_ex_cook,69,all_observed,14
2007,illinois_ex_cook,70,single_observed,454
2007,illinois_ex_cook,70,single_all,468
2007,illinois_ex_cook,70,all_observed,627
2007,illinois_ex_cook,71,single_observed,9
2007,illinois_ex_cook,71,single_all,9
2007,illinois_ex_cook,71,all_observed,14
2007,illinois_ex_cook,72,single_observed,36
2007,illinois_ex_cook,72,single_all,36
2007,illinois_ex_cook,72,all_observed,46
2007,illinois_ex_cook,73,single_observed,19
2007,illinois_ex_cook,73,single_all,19
2007,illinois_ex_cook,73,all_observed,25
2007,illinois_ex_cook,74,single_observed,12
2007,illinois_ex_cook,74,single_all,12
2007,illinois_ex_cook,74,all_observed,20
2007,illinois_ex_cook,75,single_observed,408
2007,illinois_ex_cook,75,single_all,408
2007,illinois_ex_cook,75,all_observed,562
2007,illinois_ex_cook,76,single_observed,14
2007,illinois_ex_cook,76,single_all,14
2007,illinois_ex_cook,76,all_observed,17
2007,illinois_ex_cook,77,single_observed,9
2007,illinois_ex_cook,77,single_all,10
2007,illinois_ex_cook,77,all_observed,10
2007,illinois_ex_cook,78,single_observed,17
2007,illinois_ex_cook,78,single_all,17
2007,illinois_ex_cook,78,all_observed,22
2007,illinois_ex_cook,79,single_observed,9
2007,illinois_ex_cook,79,single_all,9
2007,illinois_ex_cook,79,all_observed,11
2007,illinois_ex_cook,80,single_observed,401
2007,illinois_ex_cook,80,single_all,401
2007,illinois_ex_cook,80,all_observed,562
2008,chicago,20,single_observed,1343
2008,chicago,20,single_all,1361
2008,chicago,20,all_observed,1595
2008,chicago,21,single_observed,94
2008,chicago,21,single_all,100
2008,chicago,21,all_observed,120
2008,chicago,22,single_observed,151
2008,chicago,22,single_all,158
2008,chicago,22,all_observed,214
2008,chicago,23,single_observed,92
2008,chicago,23,single_all,92
2008,chicago,23,all_observed,136
2008,chicago,24,single_observed,80
2008,chicago,24,single_all,84
2008,chicago,24,all_observed,109
2008,chicago,25,single_observed,697
2008,chicago,25,single_all,710
2008,chicago,25,all_observed,832
2008,chicago,26,single_observed,60
2008,chicago,26,single_all,68
2008,chicago,26,all_observed,82
2008,chicago,27,single_observed,61
2008,chicago,27,single_all,61
2008,chicago,27,all_observed,81
2008,chicago,28,single_observed,59
2008,chicago,28,single_all,59
2008,chicago,28,all_observed,85
2008,chicago,29,single_observed,22
2008,chicago,29,single_all,28
2008,chicago,29,all_observed,38
2008,chicago,30,single_observed,818
2008,chicago,30,single_all,822
2008,chicago,30,all_observed,1030
2008,chicago,31,single_observed,28
2008,chicago,31,single_all,28
2008,chicago,31,all_observed,37
2008,chicago,32,single_observed,58
2008,chicago,32,single_all,64
2008,chicago,32,all_observed,75
2008,chicago,33,single_observed,39
2008,chicago,33,single_all,39
2008,chicago,33,all_observed,50
2008,chicago,34,single_observed,26
2008,chicago,34,single_all,26
2008,chicago,34,all_observed,35
2008,chicago,35,single_observed,246
2008,chicago,35,single_all,250
2008,chicago,35,all_observed,328
2008,chicago,36,single_observed,24
2008,chicago,36,single_all,27
2008,chicago,36,all_observed,44
2008,chicago,37,single_observed,12
2008,chicago,37,single_all,12
2008,chicago,37,all_observed,18
2008,chicago,38,single_observed,29
2008,chicago,38,single_all,32
2008,chicago,38,all_observed,39
2008,chicago,39,single_observed,23
2008,chicago,39,single_all,23
2008,chicago,39,all_observed,30
2008,chicago,40,single_observed,471
2008,chicago,40,single_all,493
2008,chicago,40,all_observed,578
2008,chicago,41,single_observed,15
2008,chicago,41,single_all,15
2008,chicago,41,all_observed,20
2008,chicago,42,single_observed,26
2008,chicago,42,single_all,26
2008,chicago,42,all_observed,36
2008,chicago,43,single_observed,16
2008,chicago,43,single_all,18
2008,chicago,43,all_observed,21
2008,chicago,44,single_observed,12
2008,chicago,44,single_all,12
2008,chicago,44,all_observed,16
2008,chicago,45,single_observed,151
2008,chicago,45,single_all,295
2008,chicago,45,all_observed,190
2008,chicago,46,single_observed,7
2008,chicago,46,single_all,7
2008,chicago,46,all_observed,9
2008,chicago,47,single_observed,12
2008,chicago,47,single_all,12
2008,chicago,47,all_observed,19
2008,chicago,48,single_observed,24
2008,chicago,48,single_all,25
2008,chicago,48,all_observed,34
2008,chicago,49,single_observed,27
2008,chicago,49,single_all,27
2008,chicago,49,all_observed,30
2008,chicago,50,single_observed,623
2008,chicago,50,single_all,624
2008,chicago,50,all_observed,769
2008,chicago,51,single_observed,11
2008,chicago,51,single_all,11
2008,chicago,51,all_observed,14
2008,chicago,52,single_observed,13
2008,chicago,52,single_all,13
2008,chicago,52,all_observed,20
2008,chicago,53,single_observed,4
2008,chicago,53,single_all,5
2008,chicago,53,all_observed,6
2008,chicago,54,single_observed,13
2008,chicago,54,single_all,13
2008,chicago,54,all_observed,24
2008,chicago,55,single_observed,87
2008,chicago,55,single_all,89
2008,chicago,55,all_observed,116
2008,chicago,56,single_observed,11
2008,chicago,56,single_all,11
2008,chicago,56,all_observed,21
2008,chicago,57,single_observed,11
2008,chicago,57,single_all,11
2008,chicago,57,all_observed,15
2008,chicago,58,single_observed,11
2008,chicago,58,single_all,11
2008,chicago,58,all_observed,17
2008,chicago,59,single_observed,4
2008,chicago,59,single_all,4
2008,chicago,59,all_observed,5
2008,chicago,60,single_observed,277
2008,chicago,60,single_all,277
2008,chicago,60,all_observed,362
2008,chicago,61,single_observed,4
2008,chicago,61,single_all,5
2008,chicago,61,all_observed,8
2008,chicago,62,single_observed,14
2008,chicago,62,single_all,14
2008,chicago,62,all_observed,19
2008,chicago,63,single_observed,7
2008,chicago,63,single_all,7
2008,chicago,63,all_observed,8
2008,chicago,64,single_observed,5
2008,chicago,64,single_all,5
2008,chicago,64,all_observed,8
2008,chicago,65,single_observed,75
2008,chicago,65,single_all,138
2008,chicago,65,all_observed,111
2008,chicago,66,single_observed,3
2008,chicago,66,single_all,3
2008,chicago,66,all_observed,5
2008,chicago,67,single_observed,8
2008,chicago,67,single_all,8
2008,chicago,67,all_observed,11
2008,chicago,68,single_observed,7
2008,chicago,68,single_all,7
2008,chicago,68,all_observed,9
2008,chicago,69,single_observed,2
2008,chicago,69,single_all,2
2008,chicago,69,all_observed,5
2008,chicago,70,single_observed,131
2008,chicago,70,single_all,132
2008,chicago,70,all_observed,173
2008,chicago,71,single_observed,5
2008,chicago,71,single_all,5
2008,chicago,71,all_observed,7
2008,chicago,72,single_observed,12
2008,chicago,72,single_all,12
2008,chicago,72,all_observed,13
2008,chicago,73,single_observed,5
2008,chicago,73,single_all,5
2008,chicago,73,all_observed,7
2008,chicago,74,single_observed,4
2008,chicago,74,single_all,4
2008,chicago,74,all_observed,5
2008,chicago,75,single_observed,149
2008,chicago,75,single_all,149
2008,chicago,75,all_observed,191
2008,chicago,76,single_observed,4
2008,chicago,76,single_all,4
2008,chicago,76,all_observed,6
2008,chicago,77,single_observed,6
2008,chicago,77,single_all,7
2008,chicago,77,all_observed,7
2008,chicago,78,single_observed,8
2008,chicago,78,single_all,8
2008,chicago,78,all_observed,12
2008,chicago,79,single_observed,4
2008,chicago,79,single_all,4
2008,chicago,79,all_observed,6
2008,chicago,80,single_observed,156
2008,chicago,80,single_all,156
2008,chicago,80,all_observed,213
2008,cook_ex_chicago,20,single_observed,1398
2008,cook_ex_chicago,20,single_all,1447
2008,cook_ex_chicago,20,all_observed,1768
2008,cook_ex_chicago,21,single_observed,77
2008,cook_ex_chicago,21,single_all,117
2008,cook_ex_chicago,21,all_observed,121
2008,cook_ex_chicago,22,single_observed,170
2008,cook_ex_chicago,22,single_all,174
2008,cook_ex_chicago,22,all_observed,222
2008,cook_ex_chicago,23,single_observed,97
2008,cook_ex_chicago,23,single_all,97
2008,cook_ex_chicago,23,all_observed,147
2008,cook_ex_chicago,24,single_observed,100
2008,cook_ex_chicago,24,single_all,103
2008,cook_ex_chicago,24,all_observed,138
2008,cook_ex_chicago,25,single_observed,819
2008,cook_ex_chicago,25,single_all,847
2008,cook_ex_chicago,25,all_observed,1039
2008,cook_ex_chicago,26,single_observed,71
2008,cook_ex_chicago,26,single_all,77
2008,cook_ex_chicago,26,all_observed,100
2008,cook_ex_chicago,27,single_observed,66
2008,cook_ex_chicago,27,single_all,66
2008,cook_ex_chicago,27,all_observed,90
2008,cook_ex_chicago,28,single_observed,60
2008,cook_ex_chicago,28,single_all,61
2008,cook_ex_chicago,28,all_observed,93
2008,cook_ex_chicago,29,single_observed,28
2008,cook_ex_chicago,29,single_all,28
2008,cook_ex_chicago,29,all_observed,49
2008,cook_ex_chicago,30,single_observed,918
2008,cook_ex_chicago,30,single_all,922
2008,cook_ex_chicago,30,all_observed,1212
2008,cook_ex_chicago,31,single_observed,36
2008,cook_ex_chicago,31,single_all,36
2008,cook_ex_chicago,31,all_observed,48
2008,cook_ex_chicago,32,single_observed,64
2008,cook_ex_chicago,32,single_all,65
2008,cook_ex_chicago,32,all_observed,95
2008,cook_ex_chicago,33,single_observed,39
2008,cook_ex_chicago,33,single_all,41
2008,cook_ex_chicago,33,all_observed,56
2008,cook_ex_chicago,34,single_observed,27
2008,cook_ex_chicago,34,single_all,27
2008,cook_ex_chicago,34,all_observed,38
2008,cook_ex_chicago,35,single_observed,326
2008,cook_ex_chicago,35,single_all,342
2008,cook_ex_chicago,35,all_observed,445
2008,cook_ex_chicago,36,single_observed,29
2008,cook_ex_chicago,36,single_all,31
2008,cook_ex_chicago,36,all_observed,49
2008,cook_ex_chicago,37,single_observed,21
2008,cook_ex_chicago,37,single_all,23
2008,cook_ex_chicago,37,all_observed,29
2008,cook_ex_chicago,38,single_observed,34
2008,cook_ex_chicago,38,single_all,59
2008,cook_ex_chicago,38,all_observed,51
2008,cook_ex_chicago,39,single_observed,12
2008,cook_ex_chicago,39,single_all,12
2008,cook_ex_chicago,39,all_observed,25
2008,cook_ex_chicago,40,single_observed,494
2008,cook_ex_chicago,40,single_all,560
2008,cook_ex_chicago,40,all_observed,663
2008,cook_ex_chicago,41,single_observed,19
2008,cook_ex_chicago,41,single_all,19
2008,cook_ex_chicago,41,all_observed,30
2008,cook_ex_chicago,42,single_observed,30
2008,cook_ex_chicago,42,single_all,30
2008,cook_ex_chicago,42,all_observed,45
2008,cook_ex_chicago,43,single_observed,16
2008,cook_ex_chicago,43,single_all,22
2008,cook_ex_chicago,43,all_observed,30
2008,cook_ex_chicago,44,single_observed,18
2008,cook_ex_chicago,44,single_all,19
2008,cook_ex_chicago,44,all_observed,27
2008,cook_ex_chicago,45,single_observed,174
2008,cook_ex_chicago,45,single_all,301
2008,cook_ex_chicago,45,all_observed,247
2008,cook_ex_chicago,46,single_observed,13
2008,cook_ex_chicago,46,single_all,13
2008,cook_ex_chicago,46,all_observed,17
2008,cook_ex_chicago,47,single_observed,17
2008,cook_ex_chicago,47,single_all,17
2008,cook_ex_chicago,47,all_observed,24
2008,cook_ex_chicago,48,single_observed,21
2008,cook_ex_chicago,48,single_all,22
2008,cook_ex_chicago,48,all_observed,30
2008,cook_ex_chicago,49,single_observed,30
2008,cook_ex_chicago,49,single_all,30
2008,cook_ex_chicago,49,all_observed,36
2008,cook_ex_chicago,50,single_observed,749
2008,cook_ex_chicago,50,single_all,756
2008,cook_ex_chicago,50,all_observed,978
2008,cook_ex_chicago,51,single_observed,15
2008,cook_ex_chicago,51,single_all,15
2008,cook_ex_chicago,51,all_observed,19
2008,cook_ex_chicago,52,single_observed,33
2008,cook_ex_chicago,52,single_all,33
2008,cook_ex_chicago,52,all_observed,46
2008,cook_ex_chicago,53,single_observed,13
2008,cook_ex_chicago,53,single_all,13
2008,cook_ex_chicago,53,all_observed,22
2008,cook_ex_chicago,54,single_observed,12
2008,cook_ex_chicago,54,single_all,12
2008,cook_ex_chicago,54,all_observed,17
2008,cook_ex_chicago,55,single_observed,88
2008,cook_ex_chicago,55,single_all,105
2008,cook_ex_chicago,55,all_observed,121
2008,cook_ex_chicago,56,single_observed,9
2008,cook_ex_chicago,56,single_all,9
2008,cook_ex_chicago,56,all_observed,17
2008,cook_ex_chicago,57,single_observed,8
2008,cook_ex_chicago,57,single_all,8
2008,cook_ex_chicago,57,all_observed,14
2008,cook_ex_chicago,58,single_observed,9
2008,cook_ex_chicago,58,single_all,9
2008,cook_ex_chicago,58,all_observed,15
2008,cook_ex_chicago,59,single_observed,8
2008,cook_ex_chicago,59,single_all,8
2008,cook_ex_chicago,59,all_observed,10
2008,cook_ex_chicago,60,single_observed,305
2008,cook_ex_chicago,60,single_all,309
2008,cook_ex_chicago,60,all_observed,422
2008,cook_ex_chicago,61,single_observed,5
2008,cook_ex_chicago,61,single_all,5
2008,cook_ex_chicago,61,all_observed,7
2008,cook_ex_chicago,62,single_observed,14
2008,cook_ex_chicago,62,single_all,14
2008,cook_ex_chicago,62,all_observed,16
2008,cook_ex_chicago,63,single_observed,1
2008,cook_ex_chicago,63,single_all,1
2008,cook_ex_chicago,63,all_observed,4
2008,cook_ex_chicago,64,single_observed,7
2008,cook_ex_chicago,64,single_all,7
2008,cook_ex_chicago,64,all_observed,9
2008,cook_ex_chicago,65,single_observed,94
2008,cook_ex_chicago,65,single_all,151
2008,cook_ex_chicago,65,all_observed,143
2008,cook_ex_chicago,66,single_observed,8
2008,cook_ex_chicago,66,single_all,8
2008,cook_ex_chicago,66,all_observed,10
2008,cook_ex_chicago,67,single_observed,8
2008,cook_ex_chicago,67,single_all,8
2008,cook_ex_chicago,67,all_observed,9
2008,cook_ex_chicago,68,single_observed,8
2008,cook_ex_chicago,68,single_all,8
2008,cook_ex_chicago,68,all_observed,11
2008,cook_ex_chicago,69,single_observed,8
2008,cook_ex_chicago,69,single_all,8
2008,cook_ex_chicago,69,all_observed,9
2008,cook_ex_chicago,70,single_observed,192
2008,cook_ex_chicago,70,single_all,195
2008,cook_ex_chicago,70,all_observed,257
2008,cook_ex_chicago,71,single_observed,4
2008,cook_ex_chicago,71,single_all,4
2008,cook_ex_chicago,71,all_observed,6
2008,cook_ex_chicago,72,single_observed,12
2008,cook_ex_chicago,72,single_all,12
2008,cook_ex_chicago,72,all_observed,15
2008,cook_ex_chicago,73,single_observed,9
2008,cook_ex_chicago,73,single_all,9
2008,cook_ex_chicago,73,all_observed,10
2008,cook_ex_chicago,74,single_observed,5
2008,cook_ex_chicago,74,single_all,5
2008,cook_ex_chicago,74,all_observed,7
2008,cook_ex_chicago,75,single_observed,146
2008,cook_ex_chicago,75,single_all,146
2008,cook_ex_chicago,75,all_observed,193
2008,cook_ex_chicago,76,single_observed,6
2008,cook_ex_chicago,76,single_all,6
2008,cook_ex_chicago,76,all_observed,6
2008,cook_ex_chicago,77,single_observed,6
2008,cook_ex_chicago,77,single_all,6
2008,cook_ex_chicago,77,all_observed,6
2008,cook_ex_chicago,78,single_observed,7
2008,cook_ex_chicago,78,single_all,7
2008,cook_ex_chicago,78,all_observed,8
2008,cook_ex_chicago,79,single_observed,1
2008,cook_ex_chicago,79,single_all,1
2008,cook_ex_chicago,79,all_observed,3
2008,cook_ex_chicago,80,single_observed,164
2008,cook_ex_chicago,80,single_all,164
2008,cook_ex_chicago,80,all_observed,232
2008,illinois_ex_cook,20,single_observed,3650
2008,illinois_ex_cook,20,single_all,4399
2008,illinois_ex_cook,20,all_observed,4801
2008,illinois_ex_cook,21,single_observed,315
2008,illinois_ex_cook,21,single_all,387
2008,illinois_ex_cook,21,all_observed,462
2008,illinois_ex_cook,22,single_observed,523
2008,illinois_ex_cook,22,single_all,537
2008,illinois_ex_cook,22,all_observed,755
2008,illinois_ex_cook,23,single_observed,360
2008,illinois_ex_cook,23,single_all,360
2008,illinois_ex_cook,23,all_observed,538
2008,illinois_ex_cook,24,single_observed,358
2008,illinois_ex_cook,24,single_all,366
2008,illinois_ex_cook,24,all_observed,517
2008,illinois_ex_cook,25,single_observed,2237
2008,illinois_ex_cook,25,single_all,2266
2008,illinois_ex_cook,25,all_observed,2958
2008,illinois_ex_cook,26,single_observed,233
2008,illinois_ex_cook,26,single_all,263
2008,illinois_ex_cook,26,all_observed,343
2008,illinois_ex_cook,27,single_observed,244
2008,illinois_ex_cook,27,single_all,245
2008,illinois_ex_cook,27,all_observed,341
2008,illinois_ex_cook,28,single_observed,281
2008,illinois_ex_cook,28,single_all,281
2008,illinois_ex_cook,28,all_observed,401
2008,illinois_ex_cook,29,single_observed,122
2008,illinois_ex_cook,29,single_all,122
2008,illinois_ex_cook,29,all_observed,179
2008,illinois_ex_cook,30,single_observed,2299
2008,illinois_ex_cook,30,single_all,2305
2008,illinois_ex_cook,30,all_observed,3078
2008,illinois_ex_cook,31,single_observed,80
2008,illinois_ex_cook,31,single_all,80
2008,illinois_ex_cook,31,all_observed,120
2008,illinois_ex_cook,32,single_observed,231
2008,illinois_ex_cook,32,single_all,248
2008,illinois_ex_cook,32,all_observed,338
2008,illinois_ex_cook,33,single_observed,109
2008,illinois_ex_cook,33,single_all,112
2008,illinois_ex_cook,33,all_observed,162
2008,illinois_ex_cook,34,single_observed,101
2008,illinois_ex_cook,34,single_all,101
2008,illinois_ex_cook,34,all_observed,148
2008,illinois_ex_cook,35,single_observed,970
2008,illinois_ex_cook,35,single_all,1009
2008,illinois_ex_cook,35,all_observed,1272
2008,illinois_ex_cook,36,single_observed,120
2008,illinois_ex_cook,36,single_all,132
2008,illinois_ex_cook,36,all_observed,166
2008,illinois_ex_cook,37,single_observed,109
2008,illinois_ex_cook,37,single_all,110
2008,illinois_ex_cook,37,all_observed,149
2008,illinois_ex_cook,38,single_observed,113
2008,illinois_ex_cook,38,single_all,142
2008,illinois_ex_cook,38,all_observed,159
2008,illinois_ex_cook,39,single_observed,58
2008,illinois_ex_cook,39,single_all,62
2008,illinois_ex_cook,39,all_observed,79
2008,illinois_ex_cook,40,single_observed,1315
2008,illinois_ex_cook,40,single_all,1424
2008,illinois_ex_cook,40,all_observed,1768
2008,illinois_ex_cook,41,single_observed,65
2008,illinois_ex_cook,41,single_all,65
2008,illinois_ex_cook,41,all_observed,80
2008,illinois_ex_cook,42,single_observed,110
2008,illinois_ex_cook,42,single_all,110
2008,illinois_ex_cook,42,all_observed,159
2008,illinois_ex_cook,43,single_observed,65
2008,illinois_ex_cook,43,single_all,69
2008,illinois_ex_cook,43,all_observed,92
2008,illinois_ex_cook,44,single_observed,42
2008,illinois_ex_cook,44,single_all,45
2008,illinois_ex_cook,44,all_observed,64
2008,illinois_ex_cook,45,single_observed,538
2008,illinois_ex_cook,45,single_all,845
2008,illinois_ex_cook,45,all_observed,729
2008,illinois_ex_cook,46,single_observed,33
2008,illinois_ex_cook,46,single_all,33
2008,illinois_ex_cook,46,all_observed,53
2008,illinois_ex_cook,47,single_observed,67
2008,illinois_ex_cook,47,single_all,67
2008,illinois_ex_cook,47,all_observed,87
2008,illinois_ex_cook,48,single_observed,84
2008,illinois_ex_cook,48,single_all,85
2008,illinois_ex_cook,48,all_observed,123
2008,illinois_ex_cook,49,single_observed,60
2008,illinois_ex_cook,49,single_all,60
2008,illinois_ex_cook,49,all_observed,83
2008,illinois_ex_cook,50,single_observed,1685
2008,illinois_ex_cook,50,single_all,1698
2008,illinois_ex_cook,50,all_observed,2198
2008,illinois_ex_cook,51,single_observed,35
2008,illinois_ex_cook,51,single_all,35
2008,illinois_ex_cook,51,all_observed,51
2008,illinois_ex_cook,52,single_observed,70
2008,illinois_ex_cook,52,single_all,70
2008,illinois_ex_cook,52,all_observed,102
2008,illinois_ex_cook,53,single_observed,48
2008,illinois_ex_cook,53,single_all,56
2008,illinois_ex_cook,53,all_observed,65
2008,illinois_ex_cook,54,single_observed,52
2008,illinois_ex_cook,54,single_all,52
2008,illinois_ex_cook,54,all_observed,77
2008,illinois_ex_cook,55,single_observed,276
2008,illinois_ex_cook,55,single_all,304
2008,illinois_ex_cook,55,all_observed,406
2008,illinois_ex_cook,56,single_observed,38
2008,illinois_ex_cook,56,single_all,38
2008,illinois_ex_cook,56,all_observed,55
2008,illinois_ex_cook,57,single_observed,36
2008,illinois_ex_cook,57,single_all,36
2008,illinois_ex_cook,57,all_observed,52
2008,illinois_ex_cook,58,single_observed,44
2008,illinois_ex_cook,58,single_all,44
2008,illinois_ex_cook,58,all_observed,53
2008,illinois_ex_cook,59,single_observed,21
2008,illinois_ex_cook,59,single_all,21
2008,illinois_ex_cook,59,all_observed,28
2008,illinois_ex_cook,60,single_observed,769
2008,illinois_ex_cook,60,single_all,782
2008,illinois_ex_cook,60,all_observed,1067
2008,illinois_ex_cook,61,single_observed,24
2008,illinois_ex_cook,61,single_all,24
2008,illinois_ex_cook,61,all_observed,28
2008,illinois_ex_cook,62,single_observed,46
2008,illinois_ex_cook,62,single_all,46
2008,illinois_ex_cook,62,all_observed,66
2008,illinois_ex_cook,63,single_observed,38
2008,illinois_ex_cook,63,single_all,38
2008,illinois_ex_cook,63,all_observed,52
2008,illinois_ex_cook,64,single_observed,17
2008,illinois_ex_cook,64,single_all,17
2008,illinois_ex_cook,64,all_observed,26
2008,illinois_ex_cook,65,single_observed,276
2008,illinois_ex_cook,65,single_all,347
2008,illinois_ex_cook,65,all_observed,388
2008,illinois_ex_cook,66,single_observed,20
2008,illinois_ex_cook,66,single_all,20
2008,illinois_ex_cook,66,all_observed,23
2008,illinois_ex_cook,67,single_observed,23
2008,illinois_ex_cook,67,single_all,23
2008,illinois_ex_cook,67,all_observed,33
2008,illinois_ex_cook,68,single_observed,29
2008,illinois_ex_cook,68,single_all,29
2008,illinois_ex_cook,68,all_observed,44
2008,illinois_ex_cook,69,single_observed,15
2008,illinois_ex_cook,69,single_all,15
2008,illinois_ex_cook,69,all_observed,17
2008,illinois_ex_cook,70,single_observed,467
2008,illinois_ex_cook,70,single_all,486
2008,illinois_ex_cook,70,all_observed,650
2008,illinois_ex_cook,71,single_observed,10
2008,illinois_ex_cook,71,single_all,10
2008,illinois_ex_cook,71,all_observed,14
2008,illinois_ex_cook,72,single_observed,33
2008,illinois_ex_cook,72,single_all,33
2008,illinois_ex_cook,72,all_observed,42
2008,illinois_ex_cook,73,single_observed,21
2008,illinois_ex_cook,73,single_all,21
2008,illinois_ex_cook,73,all_observed,28
2008,illinois_ex_cook,74,single_observed,13
2008,illinois_ex_cook,74,single_all,13
2008,illinois_ex_cook,74,all_observed,20
2008,illinois_ex_cook,75,single_observed,421
2008,illinois_ex_cook,75,single_all,422
2008,illinois_ex_cook,75,all_observed,571
2008,illinois_ex_cook,76,single_observed,16
2008,illinois_ex_cook,76,single_all,16
2008,illinois_ex_cook,76,all_observed,19
2008,illinois_ex_cook,77,single_observed,8
2008,illinois_ex_cook,77,single_all,10
2008,illinois_ex_cook,77,all_observed,12
2008,illinois_ex_cook,78,single_observed,18
2008,illinois_ex_cook,78,single_all,18
2008,illinois_ex_cook,78,all_observed,25
2008,illinois_ex_cook,79,single_observed,10
2008,illinois_ex_cook,79,single_all,10
2008,illinois_ex_cook,79,all_observed,11
2008,illinois_ex_cook,80,single_observed,431
2008,illinois_ex_cook,80,single_all,431
2008,illinois_ex_cook,80,all_observed,590
2009,chicago,20,single_observed,1265
2009,chicago,20,single_all,1281
2009,chicago,20,all_observed,1525
2009,chicago,21,single_observed,94
2009,chicago,21,single_all,97
2009,chicago,21,all_observed,121
2009,chicago,22,single_observed,133
2009,chicago,22,single_all,141
2009,chicago,22,all_observed,189
2009,chicago,23,single_observed,89
2009,chicago,23,single_all,89
2009,chicago,23,all_observed,134
2009,chicago,24,single_observed,82
2009,chicago,24,single_all,86
2009,chicago,24,all_observed,109
2009,chicago,25,single_observed,646
2009,chicago,25,single_all,653
2009,chicago,25,all_observed,779
2009,chicago,26,single_observed,56
2009,chicago,26,single_all,64
2009,chicago,26,all_observed,79
2009,chicago,27,single_observed,62
2009,chicago,27,single_all,62
2009,chicago,27,all_observed,81
2009,chicago,28,single_observed,56
2009,chicago,28,single_all,56
2009,chicago,28,all_observed,85
2009,chicago,29,single_observed,27
2009,chicago,29,single_all,27
2009,chicago,29,all_observed,43
2009,chicago,30,single_observed,782
2009,chicago,30,single_all,786
2009,chicago,30,all_observed,976
2009,chicago,31,single_observed,26
2009,chicago,31,single_all,26
2009,chicago,31,all_observed,36
2009,chicago,32,single_observed,56
2009,chicago,32,single_all,61
2009,chicago,32,all_observed,71
2009,chicago,33,single_observed,34
2009,chicago,33,single_all,35
2009,chicago,33,all_observed,42
2009,chicago,34,single_observed,24
2009,chicago,34,single_all,24
2009,chicago,34,all_observed,34
2009,chicago,35,single_observed,238
2009,chicago,35,single_all,240
2009,chicago,35,all_observed,319
2009,chicago,36,single_observed,23
2009,chicago,36,single_all,27
2009,chicago,36,all_observed,42
2009,chicago,37,single_observed,9
2009,chicago,37,single_all,9
2009,chicago,37,all_observed,15
2009,chicago,38,single_observed,28
2009,chicago,38,single_all,33
2009,chicago,38,all_observed,38
2009,chicago,39,single_observed,23
2009,chicago,39,single_all,24
2009,chicago,39,all_observed,32
2009,chicago,40,single_observed,443
2009,chicago,40,single_all,474
2009,chicago,40,all_observed,557
2009,chicago,41,single_observed,14
2009,chicago,41,single_all,14
2009,chicago,41,all_observed,20
2009,chicago,42,single_observed,29
2009,chicago,42,single_all,29
2009,chicago,42,all_observed,38
2009,chicago,43,single_observed,16
2009,chicago,43,single_all,19
2009,chicago,43,all_observed,21
2009,chicago,44,single_observed,9
2009,chicago,44,single_all,9
2009,chicago,44,all_observed,14
2009,chicago,45,single_observed,137
2009,chicago,45,single_all,269
2009,chicago,45,all_observed,177
2009,chicago,46,single_observed,7
2009,chicago,46,single_all,7
2009,chicago,46,all_observed,8
2009,chicago,47,single_observed,9
2009,chicago,47,single_all,9
2009,chicago,47,all_observed,18
2009,chicago,48,single_observed,25
2009,chicago,48,single_all,26
2009,chicago,48,all_observed,35
2009,chicago,49,single_observed,27
2009,chicago,49,single_all,27
2009,chicago,49,all_observed,31
2009,chicago,50,single_observed,604
2009,chicago,50,single_all,608
2009,chicago,50,all_observed,747
2009,chicago,51,single_observed,11
2009,chicago,51,single_all,11
2009,chicago,51,all_observed,13
2009,chicago,52,single_observed,13
2009,chicago,52,single_all,13
2009,chicago,52,all_observed,23
2009,chicago,53,single_observed,6
2009,chicago,53,single_all,7
2009,chicago,53,all_observed,8
2009,chicago,54,single_observed,12
2009,chicago,54,single_all,12
2009,chicago,54,all_observed,21
2009,chicago,55,single_observed,82
2009,chicago,55,single_all,83
2009,chicago,55,all_observed,110
2009,chicago,56,single_observed,11
2009,chicago,56,single_all,11
2009,chicago,56,all_observed,20
2009,chicago,57,single_observed,11
2009,chicago,57,single_all,11
2009,chicago,57,all_observed,15
2009,chicago,58,single_observed,12
2009,chicago,58,single_all,12
2009,chicago,58,all_observed,19
2009,chicago,59,single_observed,3
2009,chicago,59,single_all,3
2009,chicago,59,all_observed,4
2009,chicago,60,single_observed,269
2009,chicago,60,single_all,270
2009,chicago,60,all_observed,352
2009,chicago,61,single_observed,4
2009,chicago,61,single_all,5
2009,chicago,61,all_observed,8
2009,chicago,62,single_observed,12
2009,chicago,62,single_all,12
2009,chicago,62,all_observed,15
2009,chicago,63,single_observed,7
2009,chicago,63,single_all,7
2009,chicago,63,all_observed,9
2009,chicago,64,single_observed,3
2009,chicago,64,single_all,3
2009,chicago,64,all_observed,5
2009,chicago,65,single_observed,75
2009,chicago,65,single_all,137
2009,chicago,65,all_observed,109
2009,chicago,66,single_observed,3
2009,chicago,66,single_all,3
2009,chicago,66,all_observed,4
2009,chicago,67,single_observed,8
2009,chicago,67,single_all,8
2009,chicago,67,all_observed,10
2009,chicago,68,single_observed,9
2009,chicago,68,single_all,9
2009,chicago,68,all_observed,10
2009,chicago,69,single_observed,2
2009,chicago,69,single_all,2
2009,chicago,69,all_observed,5
2009,chicago,70,single_observed,126
2009,chicago,70,single_all,127
2009,chicago,70,all_observed,170
2009,chicago,71,single_observed,6
2009,chicago,71,single_all,6
2009,chicago,71,all_observed,9
2009,chicago,72,single_observed,10
2009,chicago,72,single_all,10
2009,chicago,72,all_observed,12
2009,chicago,73,single_observed,5
2009,chicago,73,single_all,5
2009,chicago,73,all_observed,7
2009,chicago,74,single_observed,4
2009,chicago,74,single_all,4
2009,chicago,74,all_observed,5
2009,chicago,75,single_observed,147
2009,chicago,75,single_all,147
2009,chicago,75,all_observed,186
2009,chicago,76,single_observed,4
2009,chicago,76,single_all,4
2009,chicago,76,all_observed,7
2009,chicago,77,single_observed,5
2009,chicago,77,single_all,5
2009,chicago,77,all_observed,6
2009,chicago,78,single_observed,8
2009,chicago,78,single_all,8
2009,chicago,78,all_observed,11
2009,chicago,79,single_observed,5
2009,chicago,79,single_all,5
2009,chicago,79,all_observed,7
2009,chicago,80,single_observed,147
2009,chicago,80,single_all,147
2009,chicago,80,all_observed,210
2009,cook_ex_chicago,20,single_observed,1352
2009,cook_ex_chicago,20,single_all,1381
2009,cook_ex_chicago,20,all_observed,1717
2009,cook_ex_chicago,21,single_observed,78
2009,cook_ex_chicago,21,single_all,119
2009,cook_ex_chicago,21,all_observed,120
2009,cook_ex_chicago,22,single_observed,148
2009,cook_ex_chicago,22,single_all,152
2009,cook_ex_chicago,22,all_observed,197
2009,cook_ex_chicago,23,single_observed,83
2009,cook_ex_chicago,23,single_all,83
2009,cook_ex_chicago,23,all_observed,128
2009,cook_ex_chicago,24,single_observed,92
2009,cook_ex_chicago,24,single_all,93
2009,cook_ex_chicago,24,all_observed,139
2009,cook_ex_chicago,25,single_observed,767
2009,cook_ex_chicago,25,single_all,791
2009,cook_ex_chicago,25,all_observed,996
2009,cook_ex_chicago,26,single_observed,62
2009,cook_ex_chicago,26,single_all,66
2009,cook_ex_chicago,26,all_observed,89
2009,cook_ex_chicago,27,single_observed,65
2009,cook_ex_chicago,27,single_all,65
2009,cook_ex_chicago,27,all_observed,85
2009,cook_ex_chicago,28,single_observed,63
2009,cook_ex_chicago,28,single_all,64
2009,cook_ex_chicago,28,all_observed,91
2009,cook_ex_chicago,29,single_observed,27
2009,cook_ex_chicago,29,single_all,27
2009,cook_ex_chicago,29,all_observed,46
2009,cook_ex_chicago,30,single_observed,871
2009,cook_ex_chicago,30,single_all,874
2009,cook_ex_chicago,30,all_observed,1158
2009,cook_ex_chicago,31,single_observed,28
2009,cook_ex_chicago,31,single_all,28
2009,cook_ex_chicago,31,all_observed,36
2009,cook_ex_chicago,32,single_observed,58
2009,cook_ex_chicago,32,single_all,58
2009,cook_ex_chicago,32,all_observed,91
2009,cook_ex_chicago,33,single_observed,33
2009,cook_ex_chicago,33,single_all,33
2009,cook_ex_chicago,33,all_observed,48
2009,cook_ex_chicago,34,single_observed,28
2009,cook_ex_chicago,34,single_all,28
2009,cook_ex_chicago,34,all_observed,37
2009,cook_ex_chicago,35,single_observed,303
2009,cook_ex_chicago,35,single_all,313
2009,cook_ex_chicago,35,all_observed,414
2009,cook_ex_chicago,36,single_observed,28
2009,cook_ex_chicago,36,single_all,30
2009,cook_ex_chicago,36,all_observed,43
2009,cook_ex_chicago,37,single_observed,24
2009,cook_ex_chicago,37,single_all,25
2009,cook_ex_chicago,37,all_observed,33
2009,cook_ex_chicago,38,single_observed,34
2009,cook_ex_chicago,38,single_all,55
2009,cook_ex_chicago,38,all_observed,48
2009,cook_ex_chicago,39,single_observed,15
2009,cook_ex_chicago,39,single_all,15
2009,cook_ex_chicago,39,all_observed,28
2009,cook_ex_chicago,40,single_observed,453
2009,cook_ex_chicago,40,single_all,519
2009,cook_ex_chicago,40,all_observed,624
2009,cook_ex_chicago,41,single_observed,17
2009,cook_ex_chicago,41,single_all,17
2009,cook_ex_chicago,41,all_observed,31
2009,cook_ex_chicago,42,single_observed,28
2009,cook_ex_chicago,42,single_all,28
2009,cook_ex_chicago,42,all_observed,48
2009,cook_ex_chicago,43,single_observed,15
2009,cook_ex_chicago,43,single_all,18
2009,cook_ex_chicago,43,all_observed,27
2009,cook_ex_chicago,44,single_observed,12
2009,cook_ex_chicago,44,single_all,13
2009,cook_ex_chicago,44,all_observed,20
2009,cook_ex_chicago,45,single_observed,165
2009,cook_ex_chicago,45,single_all,272
2009,cook_ex_chicago,45,all_observed,231
2009,cook_ex_chicago,46,single_observed,11
2009,cook_ex_chicago,46,single_all,11
2009,cook_ex_chicago,46,all_observed,14
2009,cook_ex_chicago,47,single_observed,15
2009,cook_ex_chicago,47,single_all,15
2009,cook_ex_chicago,47,all_observed,23
2009,cook_ex_chicago,48,single_observed,16
2009,cook_ex_chicago,48,single_all,16
2009,cook_ex_chicago,48,all_observed,22
2009,cook_ex_chicago,49,single_observed,24
2009,cook_ex_chicago,49,single_all,24
2009,cook_ex_chicago,49,all_observed,29
2009,cook_ex_chicago,50,single_observed,730
2009,cook_ex_chicago,50,single_all,738
2009,cook_ex_chicago,50,all_observed,958
2009,cook_ex_chicago,51,single_observed,19
2009,cook_ex_chicago,51,single_all,19
2009,cook_ex_chicago,51,all_observed,24
2009,cook_ex_chicago,52,single_observed,32
2009,cook_ex_chicago,52,single_all,32
2009,cook_ex_chicago,52,all_observed,42
2009,cook_ex_chicago,53,single_observed,13
2009,cook_ex_chicago,53,single_all,13
2009,cook_ex_chicago,53,all_observed,20
2009,cook_ex_chicago,54,single_observed,12
2009,cook_ex_chicago,54,single_all,12
2009,cook_ex_chicago,54,all_observed,15
2009,cook_ex_chicago,55,single_observed,84
2009,cook_ex_chicago,55,single_all,93
2009,cook_ex_chicago,55,all_observed,114
2009,cook_ex_chicago,56,single_observed,12
2009,cook_ex_chicago,56,single_all,12
2009,cook_ex_chicago,56,all_observed,18
2009,cook_ex_chicago,57,single_observed,5
2009,cook_ex_chicago,57,single_all,5
2009,cook_ex_chicago,57,all_observed,9
2009,cook_ex_chicago,58,single_observed,10
2009,cook_ex_chicago,58,single_all,10
2009,cook_ex_chicago,58,all_observed,17
2009,cook_ex_chicago,59,single_observed,7
2009,cook_ex_chicago,59,single_all,7
2009,cook_ex_chicago,59,all_observed,8
2009,cook_ex_chicago,60,single_observed,305
2009,cook_ex_chicago,60,single_all,306
2009,cook_ex_chicago,60,all_observed,413
2009,cook_ex_chicago,61,single_observed,5
2009,cook_ex_chicago,61,single_all,5
2009,cook_ex_chicago,61,all_observed,7
2009,cook_ex_chicago,62,single_observed,12
2009,cook_ex_chicago,62,single_all,12
2009,cook_ex_chicago,62,all_observed,15
2009,cook_ex_chicago,63,single_observed,0
2009,cook_ex_chicago,63,single_all,0
2009,cook_ex_chicago,63,all_observed,0
2009,cook_ex_chicago,64,single_observed,7
2009,cook_ex_chicago,64,single_all,7
2009,cook_ex_chicago,64,all_observed,9
2009,cook_ex_chicago,65,single_observed,87
2009,cook_ex_chicago,65,single_all,138
2009,cook_ex_chicago,65,all_observed,130
2009,cook_ex_chicago,66,single_observed,6
2009,cook_ex_chicago,66,single_all,6
2009,cook_ex_chicago,66,all_observed,8
2009,cook_ex_chicago,67,single_observed,8
2009,cook_ex_chicago,67,single_all,8
2009,cook_ex_chicago,67,all_observed,10
2009,cook_ex_chicago,68,single_observed,8
2009,cook_ex_chicago,68,single_all,8
2009,cook_ex_chicago,68,all_observed,10
2009,cook_ex_chicago,69,single_observed,6
2009,cook_ex_chicago,69,single_all,6
2009,cook_ex_chicago,69,all_observed,9
2009,cook_ex_chicago,70,single_observed,181
2009,cook_ex_chicago,70,single_all,182
2009,cook_ex_chicago,70,all_observed,242
2009,cook_ex_chicago,71,single_observed,7
2009,cook_ex_chicago,71,single_all,7
2009,cook_ex_chicago,71,all_observed,8
2009,cook_ex_chicago,72,single_observed,9
2009,cook_ex_chicago,72,single_all,9
2009,cook_ex_chicago,72,all_observed,13
2009,cook_ex_chicago,73,single_observed,5
2009,cook_ex_chicago,73,single_all,5
2009,cook_ex_chicago,73,all_observed,7
2009,cook_ex_chicago,74,single_observed,5
2009,cook_ex_chicago,74,single_all,5
2009,cook_ex_chicago,74,all_observed,6
2009,cook_ex_chicago,75,single_observed,139
2009,cook_ex_chicago,75,single_all,139
2009,cook_ex_chicago,75,all_observed,189
2009,cook_ex_chicago,76,single_observed,6
2009,cook_ex_chicago,76,single_all,6
2009,cook_ex_chicago,76,all_observed,7
2009,cook_ex_chicago,77,single_observed,6
2009,cook_ex_chicago,77,single_all,6
2009,cook_ex_chicago,77,all_observed,6
2009,cook_ex_chicago,78,single_observed,7
2009,cook_ex_chicago,78,single_all,7
2009,cook_ex_chicago,78,all_observed,8
2009,cook_ex_chicago,79,single_observed,2
2009,cook_ex_chicago,79,single_all,2
2009,cook_ex_chicago,79,all_observed,3
2009,cook_ex_chicago,80,single_observed,162
2009,cook_ex_chicago,80,single_all,162
2009,cook_ex_chicago,80,all_observed,221
2009,illinois_ex_cook,20,single_observed,3569
2009,illinois_ex_cook,20,single_all,4274
2009,illinois_ex_cook,20,all_observed,4752
2009,illinois_ex_cook,21,single_observed,291
2009,illinois_ex_cook,21,single_all,366
2009,illinois_ex_cook,21,all_observed,443
2009,illinois_ex_cook,22,single_observed,489
2009,illinois_ex_cook,22,single_all,503
2009,illinois_ex_cook,22,all_observed,710
2009,illinois_ex_cook,23,single_observed,340
2009,illinois_ex_cook,23,single_all,340
2009,illinois_ex_cook,23,all_observed,516
2009,illinois_ex_cook,24,single_observed,343
2009,illinois_ex_cook,24,single_all,352
2009,illinois_ex_cook,24,all_observed,502
2009,illinois_ex_cook,25,single_observed,2151
2009,illinois_ex_cook,25,single_all,2187
2009,illinois_ex_cook,25,all_observed,2863
2009,illinois_ex_cook,26,single_observed,238
2009,illinois_ex_cook,26,single_all,268
2009,illinois_ex_cook,26,all_observed,331
2009,illinois_ex_cook,27,single_observed,246
2009,illinois_ex_cook,27,single_all,249
2009,illinois_ex_cook,27,all_observed,337
2009,illinois_ex_cook,28,single_observed,267
2009,illinois_ex_cook,28,single_all,268
2009,illinois_ex_cook,28,all_observed,373
2009,illinois_ex_cook,29,single_observed,116
2009,illinois_ex_cook,29,single_all,117
2009,illinois_ex_cook,29,all_observed,167
2009,illinois_ex_cook,30,single_observed,2277
2009,illinois_ex_cook,30,single_all,2283
2009,illinois_ex_cook,30,all_observed,3023
2009,illinois_ex_cook,31,single_observed,72
2009,illinois_ex_cook,31,single_all,72
2009,illinois_ex_cook,31,all_observed,110
2009,illinois_ex_cook,32,single_observed,220
2009,illinois_ex_cook,32,single_all,237
2009,illinois_ex_cook,32,all_observed,320
2009,illinois_ex_cook,33,single_observed,102
2009,illinois_ex_cook,33,single_all,107
2009,illinois_ex_cook,33,all_observed,150
2009,illinois_ex_cook,34,single_observed,92
2009,illinois_ex_cook,34,single_all,92
2009,illinois_ex_cook,34,all_observed,141
2009,illinois_ex_cook,35,single_observed,936
2009,illinois_ex_cook,35,single_all,957
2009,illinois_ex_cook,35,all_observed,1233
2009,illinois_ex_cook,36,single_observed,117
2009,illinois_ex_cook,36,single_all,129
2009,illinois_ex_cook,36,all_observed,157
2009,illinois_ex_cook,37,single_observed,107
2009,illinois_ex_cook,37,single_all,110
2009,illinois_ex_cook,37,all_observed,147
2009,illinois_ex_cook,38,single_observed,107
2009,illinois_ex_cook,38,single_all,132
2009,illinois_ex_cook,38,all_observed,148
2009,illinois_ex_cook,39,single_observed,51
2009,illinois_ex_cook,39,single_all,55
2009,illinois_ex_cook,39,all_observed,72
2009,illinois_ex_cook,40,single_observed,1270
2009,illinois_ex_cook,40,single_all,1367
2009,illinois_ex_cook,40,all_observed,1736
2009,illinois_ex_cook,41,single_observed,59
2009,illinois_ex_cook,41,single_all,59
2009,illinois_ex_cook,41,all_observed,76
2009,illinois_ex_cook,42,single_observed,108
2009,illinois_ex_cook,42,single_all,108
2009,illinois_ex_cook,42,all_observed,153
2009,illinois_ex_cook,43,single_observed,56
2009,illinois_ex_cook,43,single_all,60
2009,illinois_ex_cook,43,all_observed,83
2009,illinois_ex_cook,44,single_observed,38
2009,illinois_ex_cook,44,single_all,41
2009,illinois_ex_cook,44,all_observed,58
2009,illinois_ex_cook,45,single_observed,501
2009,illinois_ex_cook,45,single_all,767
2009,illinois_ex_cook,45,all_observed,686
2009,illinois_ex_cook,46,single_observed,33
2009,illinois_ex_cook,46,single_all,33
2009,illinois_ex_cook,46,all_observed,58
2009,illinois_ex_cook,47,single_observed,59
2009,illinois_ex_cook,47,single_all,59
2009,illinois_ex_cook,47,all_observed,77
2009,illinois_ex_cook,48,single_observed,72
2009,illinois_ex_cook,48,single_all,72
2009,illinois_ex_cook,48,all_observed,111
2009,illinois_ex_cook,49,single_observed,55
2009,illinois_ex_cook,49,single_all,55
2009,illinois_ex_cook,49,all_observed,79
2009,illinois_ex_cook,50,single_observed,1698
2009,illinois_ex_cook,50,single_all,1710
2009,illinois_ex_cook,50,all_observed,2237
2009,illinois_ex_cook,51,single_observed,33
2009,illinois_ex_cook,51,single_all,34
2009,illinois_ex_cook,51,all_observed,51
2009,illinois_ex_cook,52,single_observed,71
2009,illinois_ex_cook,52,single_all,71
2009,illinois_ex_cook,52,all_observed,100
2009,illinois_ex_cook,53,single_observed,42
2009,illinois_ex_cook,53,single_all,48
2009,illinois_ex_cook,53,all_observed,58
2009,illinois_ex_cook,54,single_observed,44
2009,illinois_ex_cook,54,single_all,44
2009,illinois_ex_cook,54,all_observed,67
2009,illinois_ex_cook,55,single_observed,267
2009,illinois_ex_cook,55,single_all,304
2009,illinois_ex_cook,55,all_observed,393
2009,illinois_ex_cook,56,single_observed,37
2009,illinois_ex_cook,56,single_all,37
2009,illinois_ex_cook,56,all_observed,52
2009,illinois_ex_cook,57,single_observed,31
2009,illinois_ex_cook,57,single_all,31
2009,illinois_ex_cook,57,all_observed,48
2009,illinois_ex_cook,58,single_observed,38
2009,illinois_ex_cook,58,single_all,38
2009,illinois_ex_cook,58,all_observed,46
2009,illinois_ex_cook,59,single_observed,21
2009,illinois_ex_cook,59,single_all,21
2009,illinois_ex_cook,59,all_observed,27
2009,illinois_ex_cook,60,single_observed,738
2009,illinois_ex_cook,60,single_all,752
2009,illinois_ex_cook,60,all_observed,1032
2009,illinois_ex_cook,61,single_observed,25
2009,illinois_ex_cook,61,single_all,25
2009,illinois_ex_cook,61,all_observed,29
2009,illinois_ex_cook,62,single_observed,41
2009,illinois_ex_cook,62,single_all,41
2009,illinois_ex_cook,62,all_observed,62
2009,illinois_ex_cook,63,single_observed,33
2009,illinois_ex_cook,63,single_all,33
2009,illinois_ex_cook,63,all_observed,47
2009,illinois_ex_cook,64,single_observed,15
2009,illinois_ex_cook,64,single_all,15
2009,illinois_ex_cook,64,all_observed,25
2009,illinois_ex_cook,65,single_observed,277
2009,illinois_ex_cook,65,single_all,360
2009,illinois_ex_cook,65,all_observed,388
2009,illinois_ex_cook,66,single_observed,15
2009,illinois_ex_cook,66,single_all,15
2009,illinois_ex_cook,66,all_observed,17
2009,illinois_ex_cook,67,single_observed,23
2009,illinois_ex_cook,67,single_all,23
2009,illinois_ex_cook,67,all_observed,33
2009,illinois_ex_cook,68,single_observed,29
2009,illinois_ex_cook,68,single_all,29
2009,illinois_ex_cook,68,all_observed,43
2009,illinois_ex_cook,69,single_observed,14
2009,illinois_ex_cook,69,single_all,14
2009,illinois_ex_cook,69,all_observed,17
2009,illinois_ex_cook,70,single_observed,450
2009,illinois_ex_cook,70,single_all,474
2009,illinois_ex_cook,70,all_observed,633
2009,illinois_ex_cook,71,single_observed,9
2009,illinois_ex_cook,71,single_all,9
2009,illinois_ex_cook,71,all_observed,12
2009,illinois_ex_cook,72,single_observed,35
2009,illinois_ex_cook,72,single_all,36
2009,illinois_ex_cook,72,all_observed,45
2009,illinois_ex_cook,73,single_observed,25
2009,illinois_ex_cook,73,single_all,25
2009,illinois_ex_cook,73,all_observed,33
2009,illinois_ex_cook,74,single_observed,15
2009,illinois_ex_cook,74,single_all,15
2009,illinois_ex_cook,74,all_observed,20
2009,illinois_ex_cook,75,single_observed,406
2009,illinois_ex_cook,75,single_all,406
2009,illinois_ex_cook,75,all_observed,558
2009,illinois_ex_cook,76,single_observed,17
2009,illinois_ex_cook,76,single_all,17
2009,illinois_ex_cook,76,all_observed,21
2009,illinois_ex_cook,77,single_observed,8
2009,illinois_ex_cook,77,single_all,10
2009,illinois_ex_cook,77,all_observed,11
2009,illinois_ex_cook,78,single_observed,21
2009,illinois_ex_cook,78,single_all,21
2009,illinois_ex_cook,78,all_observed,28
2009,illinois_ex_cook,79,single_observed,10
2009,illinois_ex_cook,79,single_all,10
2009,illinois_ex_cook,79,all_observed,13
2009,illinois_ex_cook,80,single_observed,408
2009,illinois_ex_cook,80,single_all,408
2009,illinois_ex_cook,80,all_observed,583
2010,chicago,20,single_observed,1221
2010,chicago,20,single_all,1236
2010,chicago,20,all_observed,1476
2010,chicago,21,single_observed,90
2010,chicago,21,single_all,96
2010,chicago,21,all_observed,119
2010,chicago,22,single_observed,123
2010,chicago,22,single_all,134
2010,chicago,22,all_observed,177
2010,chicago,23,single_observed,79
2010,chicago,23,single_all,79
2010,chicago,23,all_observed,119
2010,chicago,24,single_observed,76
2010,chicago,24,single_all,80
2010,chicago,24,all_observed,102
2010,chicago,25,single_observed,611
2010,chicago,25,single_all,615
2010,chicago,25,all_observed,751
2010,chicago,26,single_observed,58
2010,chicago,26,single_all,66
2010,chicago,26,all_observed,80
2010,chicago,27,single_observed,56
2010,chicago,27,single_all,56
2010,chicago,27,all_observed,75
2010,chicago,28,single_observed,53
2010,chicago,28,single_all,53
2010,chicago,28,all_observed,80
2010,chicago,29,single_observed,24
2010,chicago,29,single_all,24
2010,chicago,29,all_observed,38
2010,chicago,30,single_observed,738
2010,chicago,30,single_all,741
2010,chicago,30,all_observed,934
2010,chicago,31,single_observed,21
2010,chicago,31,single_all,21
2010,chicago,31,all_observed,33
2010,chicago,32,single_observed,52
2010,chicago,32,single_all,57
2010,chicago,32,all_observed,67
2010,chicago,33,single_observed,31
2010,chicago,33,single_all,32
2010,chicago,33,all_observed,40
2010,chicago,34,single_observed,24
2010,chicago,34,single_all,24
2010,chicago,34,all_observed,33
2010,chicago,35,single_observed,230
2010,chicago,35,single_all,232
2010,chicago,35,all_observed,308
2010,chicago,36,single_observed,25
2010,chicago,36,single_all,29
2010,chicago,36,all_observed,44
2010,chicago,37,single_observed,10
2010,chicago,37,single_all,10
2010,chicago,37,all_observed,16
2010,chicago,38,single_observed,26
2010,chicago,38,single_all,31
2010,chicago,38,all_observed,37
2010,chicago,39,single_observed,24
2010,chicago,39,single_all,25
2010,chicago,39,all_observed,33
2010,chicago,40,single_observed,433
2010,chicago,40,single_all,461
2010,chicago,40,all_observed,540
2010,chicago,41,single_observed,13
2010,chicago,41,single_all,13
2010,chicago,41,all_observed,19
2010,chicago,42,single_observed,29
2010,chicago,42,single_all,29
2010,chicago,42,all_observed,38
2010,chicago,43,single_observed,15
2010,chicago,43,single_all,17
2010,chicago,43,all_observed,21
2010,chicago,44,single_observed,10
2010,chicago,44,single_all,10
2010,chicago,44,all_observed,14
2010,chicago,45,single_observed,127
2010,chicago,45,single_all,275
2010,chicago,45,all_observed,167
2010,chicago,46,single_observed,8
2010,chicago,46,single_all,8
2010,chicago,46,all_observed,9
2010,chicago,47,single_observed,9
2010,chicago,47,single_all,9
2010,chicago,47,all_observed,18
2010,chicago,48,single_observed,24
2010,chicago,48,single_all,24
2010,chicago,48,all_observed,33
2010,chicago,49,single_observed,30
2010,chicago,49,single_all,30
2010,chicago,49,all_observed,33
2010,chicago,50,single_observed,600
2010,chicago,50,single_all,602
2010,chicago,50,all_observed,751
2010,chicago,51,single_observed,12
2010,chicago,51,single_all,12
2010,chicago,51,all_observed,14
2010,chicago,52,single_observed,12
2010,chicago,52,single_all,12
2010,chicago,52,all_observed,21
2010,chicago,53,single_observed,5
2010,chicago,53,single_all,6
2010,chicago,53,all_observed,7
2010,chicago,54,single_observed,11
2010,chicago,54,single_all,11
2010,chicago,54,all_observed,20
2010,chicago,55,single_observed,75
2010,chicago,55,single_all,77
2010,chicago,55,all_observed,103
2010,chicago,56,single_observed,10
2010,chicago,56,single_all,10
2010,chicago,56,all_observed,17
2010,chicago,57,single_observed,10
2010,chicago,57,single_all,10
2010,chicago,57,all_observed,14
2010,chicago,58,single_observed,11
2010,chicago,58,single_all,11
2010,chicago,58,all_observed,19
2010,chicago,59,single_observed,3
2010,chicago,59,single_all,3
2010,chicago,59,all_observed,4
2010,chicago,60,single_observed,248
2010,chicago,60,single_all,248
2010,chicago,60,all_observed,333
2010,chicago,61,single_observed,4
2010,chicago,61,single_all,5
2010,chicago,61,all_observed,8
2010,chicago,62,single_observed,10
2010,chicago,62,single_all,10
2010,chicago,62,all_observed,13
2010,chicago,63,single_observed,8
2010,chicago,63,single_all,8
2010,chicago,63,all_observed,11
2010,chicago,64,single_observed,3
2010,chicago,64,single_all,3
2010,chicago,64,all_observed,5
2010,chicago,65,single_observed,72
2010,chicago,65,single_all,124
2010,chicago,65,all_observed,105
2010,chicago,66,single_observed,2
2010,chicago,66,single_all,2
2010,chicago,66,all_observed,3
2010,chicago,67,single_observed,8
2010,chicago,67,single_all,8
2010,chicago,67,all_observed,10
2010,chicago,68,single_observed,9
2010,chicago,68,single_all,9
2010,chicago,68,all_observed,10
2010,chicago,69,single_observed,2
2010,chicago,69,single_all,2
2010,chicago,69,all_observed,6
2010,chicago,70,single_observed,125
2010,chicago,70,single_all,126
2010,chicago,70,all_observed,166
2010,chicago,71,single_observed,6
2010,chicago,71,single_all,6
2010,chicago,71,all_observed,9
2010,chicago,72,single_observed,9
2010,chicago,72,single_all,9
2010,chicago,72,all_observed,11
2010,chicago,73,single_observed,6
2010,chicago,73,single_all,6
2010,chicago,73,all_observed,8
2010,chicago,74,single_observed,5
2010,chicago,74,single_all,5
2010,chicago,74,all_observed,5
2010,chicago,75,single_observed,144
2010,chicago,75,single_all,144
2010,chicago,75,all_observed,186
2010,chicago,76,single_observed,3
2010,chicago,76,single_all,3
2010,chicago,76,all_observed,6
2010,chicago,77,single_observed,4
2010,chicago,77,single_all,4
2010,chicago,77,all_observed,5
2010,chicago,78,single_observed,8
2010,chicago,78,single_all,8
2010,chicago,78,all_observed,11
2010,chicago,79,single_observed,5
2010,chicago,79,single_all,5
2010,chicago,79,all_observed,7
2010,chicago,80,single_observed,139
2010,chicago,80,single_all,139
2010,chicago,80,all_observed,202
2010,cook_ex_chicago,20,single_observed,1314
2010,cook_ex_chicago,20,single_all,1344
2010,cook_ex_chicago,20,all_observed,1684
2010,cook_ex_chicago,21,single_observed,78
2010,cook_ex_chicago,21,single_all,125
2010,cook_ex_chicago,21,all_observed,117
2010,cook_ex_chicago,22,single_observed,142
2010,cook_ex_chicago,22,single_all,145
2010,cook_ex_chicago,22,all_observed,193
2010,cook_ex_chicago,23,single_observed,87
2010,cook_ex_chicago,23,single_all,87
2010,cook_ex_chicago,23,all_observed,130
2010,cook_ex_chicago,24,single_observed,96
2010,cook_ex_chicago,24,single_all,100
2010,cook_ex_chicago,24,all_observed,138
2010,cook_ex_chicago,25,single_observed,735
2010,cook_ex_chicago,25,single_all,754
2010,cook_ex_chicago,25,all_observed,948
2010,cook_ex_chicago,26,single_observed,57
2010,cook_ex_chicago,26,single_all,65
2010,cook_ex_chicago,26,all_observed,82
2010,cook_ex_chicago,27,single_observed,63
2010,cook_ex_chicago,27,single_all,63
2010,cook_ex_chicago,27,all_observed,83
2010,cook_ex_chicago,28,single_observed,63
2010,cook_ex_chicago,28,single_all,65
2010,cook_ex_chicago,28,all_observed,93
2010,cook_ex_chicago,29,single_observed,28
2010,cook_ex_chicago,29,single_all,28
2010,cook_ex_chicago,29,all_observed,44
2010,cook_ex_chicago,30,single_observed,845
2010,cook_ex_chicago,30,single_all,850
2010,cook_ex_chicago,30,all_observed,1140
2010,cook_ex_chicago,31,single_observed,24
2010,cook_ex_chicago,31,single_all,24
2010,cook_ex_chicago,31,all_observed,31
2010,cook_ex_chicago,32,single_observed,53
2010,cook_ex_chicago,32,single_all,54
2010,cook_ex_chicago,32,all_observed,83
2010,cook_ex_chicago,33,single_observed,29
2010,cook_ex_chicago,33,single_all,30
2010,cook_ex_chicago,33,all_observed,45
2010,cook_ex_chicago,34,single_observed,25
2010,cook_ex_chicago,34,single_all,25
2010,cook_ex_chicago,34,all_observed,34
2010,cook_ex_chicago,35,single_observed,286
2010,cook_ex_chicago,35,single_all,290
2010,cook_ex_chicago,35,all_observed,399
2010,cook_ex_chicago,36,single_observed,26
2010,cook_ex_chicago,36,single_all,28
2010,cook_ex_chicago,36,all_observed,41
2010,cook_ex_chicago,37,single_observed,19
2010,cook_ex_chicago,37,single_all,21
2010,cook_ex_chicago,37,all_observed,29
2010,cook_ex_chicago,38,single_observed,29
2010,cook_ex_chicago,38,single_all,56
2010,cook_ex_chicago,38,all_observed,44
2010,cook_ex_chicago,39,single_observed,16
2010,cook_ex_chicago,39,single_all,16
2010,cook_ex_chicago,39,all_observed,28
2010,cook_ex_chicago,40,single_observed,442
2010,cook_ex_chicago,40,single_all,510
2010,cook_ex_chicago,40,all_observed,602
2010,cook_ex_chicago,41,single_observed,18
2010,cook_ex_chicago,41,single_all,18
2010,cook_ex_chicago,41,all_observed,30
2010,cook_ex_chicago,42,single_observed,29
2010,cook_ex_chicago,42,single_all,29
2010,cook_ex_chicago,42,all_observed,49
2010,cook_ex_chicago,43,single_observed,13
2010,cook_ex_chicago,43,single_all,19
2010,cook_ex_chicago,43,all_observed,27
2010,cook_ex_chicago,44,single_observed,10
2010,cook_ex_chicago,44,single_all,10
2010,cook_ex_chicago,44,all_observed,18
2010,cook_ex_chicago,45,single_observed,155
2010,cook_ex_chicago,45,single_all,287
2010,cook_ex_chicago,45,all_observed,218
2010,cook_ex_chicago,46,single_observed,11
2010,cook_ex_chicago,46,single_all,11
2010,cook_ex_chicago,46,all_observed,15
2010,cook_ex_chicago,47,single_observed,11
2010,cook_ex_chicago,47,single_all,11
2010,cook_ex_chicago,47,all_observed,19
2010,cook_ex_chicago,48,single_observed,18
2010,cook_ex_chicago,48,single_all,18
2010,cook_ex_chicago,48,all_observed,23
2010,cook_ex_chicago,49,single_observed,23
2010,cook_ex_chicago,49,single_all,23
2010,cook_ex_chicago,49,all_observed,28
2010,cook_ex_chicago,50,single_observed,703
2010,cook_ex_chicago,50,single_all,709
2010,cook_ex_chicago,50,all_observed,942
2010,cook_ex_chicago,51,single_observed,18
2010,cook_ex_chicago,51,single_all,18
2010,cook_ex_chicago,51,all_observed,24
2010,cook_ex_chicago,52,single_observed,31
2010,cook_ex_chicago,52,single_all,31
2010,cook_ex_chicago,52,all_observed,42
2010,cook_ex_chicago,53,single_observed,12
2010,cook_ex_chicago,53,single_all,12
2010,cook_ex_chicago,53,all_observed,18
2010,cook_ex_chicago,54,single_observed,13
2010,cook_ex_chicago,54,single_all,13
2010,cook_ex_chicago,54,all_observed,15
2010,cook_ex_chicago,55,single_observed,78
2010,cook_ex_chicago,55,single_all,90
2010,cook_ex_chicago,55,all_observed,107
2010,cook_ex_chicago,56,single_observed,10
2010,cook_ex_chicago,56,single_all,10
2010,cook_ex_chicago,56,all_observed,17
2010,cook_ex_chicago,57,single_observed,4
2010,cook_ex_chicago,57,single_all,4
2010,cook_ex_chicago,57,all_observed,6
2010,cook_ex_chicago,58,single_observed,10
2010,cook_ex_chicago,58,single_all,10
2010,cook_ex_chicago,58,all_observed,17
2010,cook_ex_chicago,59,single_observed,6
2010,cook_ex_chicago,59,single_all,6
2010,cook_ex_chicago,59,all_observed,7
2010,cook_ex_chicago,60,single_observed,298
2010,cook_ex_chicago,60,single_all,299
2010,cook_ex_chicago,60,all_observed,405
2010,cook_ex_chicago,61,single_observed,6
2010,cook_ex_chicago,61,single_all,7
2010,cook_ex_chicago,61,all_observed,8
2010,cook_ex_chicago,62,single_observed,10
2010,cook_ex_chicago,62,single_all,10
2010,cook_ex_chicago,62,all_observed,14
2010,cook_ex_chicago,63,single_observed,1
2010,cook_ex_chicago,63,single_all,1
2010,cook_ex_chicago,63,all_observed,2
2010,cook_ex_chicago,64,single_observed,6
2010,cook_ex_chicago,64,single_all,6
2010,cook_ex_chicago,64,all_observed,9
2010,cook_ex_chicago,65,single_observed,87
2010,cook_ex_chicago,65,single_all,143
2010,cook_ex_chicago,65,all_observed,130
2010,cook_ex_chicago,66,single_observed,7
2010,cook_ex_chicago,66,single_all,7
2010,cook_ex_chicago,66,all_observed,8
2010,cook_ex_chicago,67,single_observed,8
2010,cook_ex_chicago,67,single_all,8
2010,cook_ex_chicago,67,all_observed,9
2010,cook_ex_chicago,68,single_observed,8
2010,cook_ex_chicago,68,single_all,8
2010,cook_ex_chicago,68,all_observed,10
2010,cook_ex_chicago,69,single_observed,6
2010,cook_ex_chicago,69,single_all,6
2010,cook_ex_chicago,69,all_observed,9
2010,cook_ex_chicago,70,single_observed,174
2010,cook_ex_chicago,70,single_all,176
2010,cook_ex_chicago,70,all_observed,236
2010,cook_ex_chicago,71,single_observed,6
2010,cook_ex_chicago,71,single_all,6
2010,cook_ex_chicago,71,all_observed,7
2010,cook_ex_chicago,72,single_observed,9
2010,cook_ex_chicago,72,single_all,9
2010,cook_ex_chicago,72,all_observed,14
2010,cook_ex_chicago,73,single_observed,5
2010,cook_ex_chicago,73,single_all,5
2010,cook_ex_chicago,73,all_observed,7
2010,cook_ex_chicago,74,single_observed,5
2010,cook_ex_chicago,74,single_all,5
2010,cook_ex_chicago,74,all_observed,7
2010,cook_ex_chicago,75,single_observed,140
2010,cook_ex_chicago,75,single_all,140
2010,cook_ex_chicago,75,all_observed,191
2010,cook_ex_chicago,76,single_observed,6
2010,cook_ex_chicago,76,single_all,6
2010,cook_ex_chicago,76,all_observed,7
2010,cook_ex_chicago,77,single_observed,6
2010,cook_ex_chicago,77,single_all,6
2010,cook_ex_chicago,77,all_observed,6
2010,cook_ex_chicago,78,single_observed,7
2010,cook_ex_chicago,78,single_all,7
2010,cook_ex_chicago,78,all_observed,8
2010,cook_ex_chicago,79,single_observed,2
2010,cook_ex_chicago,79,single_all,2
2010,cook_ex_chicago,79,all_observed,3
2010,cook_ex_chicago,80,single_observed,161
2010,cook_ex_chicago,80,single_all,161
2010,cook_ex_chicago,80,all_observed,223
2010,illinois_ex_cook,20,single_observed,3501
2010,illinois_ex_cook,20,single_all,4203
2010,illinois_ex_cook,20,all_observed,4687
2010,illinois_ex_cook,21,single_observed,275
2010,illinois_ex_cook,21,single_all,351
2010,illinois_ex_cook,21,all_observed,427
2010,illinois_ex_cook,22,single_observed,461
2010,illinois_ex_cook,22,single_all,478
2010,illinois_ex_cook,22,all_observed,680
2010,illinois_ex_cook,23,single_observed,307
2010,illinois_ex_cook,23,single_all,307
2010,illinois_ex_cook,23,all_observed,485
2010,illinois_ex_cook,24,single_observed,331
2010,illinois_ex_cook,24,single_all,341
2010,illinois_ex_cook,24,all_observed,486
2010,illinois_ex_cook,25,single_observed,2069
2010,illinois_ex_cook,25,single_all,2106
2010,illinois_ex_cook,25,all_observed,2760
2010,illinois_ex_cook,26,single_observed,218
2010,illinois_ex_cook,26,single_all,251
2010,illinois_ex_cook,26,all_observed,307
2010,illinois_ex_cook,27,single_observed,229
2010,illinois_ex_cook,27,single_all,233
2010,illinois_ex_cook,27,all_observed,320
2010,illinois_ex_cook,28,single_observed,270
2010,illinois_ex_cook,28,single_all,271
2010,illinois_ex_cook,28,all_observed,375
2010,illinois_ex_cook,29,single_observed,102
2010,illinois_ex_cook,29,single_all,103
2010,illinois_ex_cook,29,all_observed,153
2010,illinois_ex_cook,30,single_observed,2199
2010,illinois_ex_cook,30,single_all,2205
2010,illinois_ex_cook,30,all_observed,2966
2010,illinois_ex_cook,31,single_observed,74
2010,illinois_ex_cook,31,single_all,74
2010,illinois_ex_cook,31,all_observed,113
2010,illinois_ex_cook,32,single_observed,193
2010,illinois_ex_cook,32,single_all,209
2010,illinois_ex_cook,32,all_observed,288
2010,illinois_ex_cook,33,single_observed,91
2010,illinois_ex_cook,33,single_all,97
2010,illinois_ex_cook,33,all_observed,141
2010,illinois_ex_cook,34,single_observed,88
2010,illinois_ex_cook,34,single_all,88
2010,illinois_ex_cook,34,all_observed,135
2010,illinois_ex_cook,35,single_observed,921
2010,illinois_ex_cook,35,single_all,927
2010,illinois_ex_cook,35,all_observed,1221
2010,illinois_ex_cook,36,single_observed,109
2010,illinois_ex_cook,36,single_all,122
2010,illinois_ex_cook,36,all_observed,151
2010,illinois_ex_cook,37,single_observed,94
2010,illinois_ex_cook,37,single_all,98
2010,illinois_ex_cook,37,all_observed,133
2010,illinois_ex_cook,38,single_observed,103
2010,illinois_ex_cook,38,single_all,134
2010,illinois_ex_cook,38,all_observed,145
2010,illinois_ex_cook,39,single_observed,49
2010,illinois_ex_cook,39,single_all,52
2010,illinois_ex_cook,39,all_observed,72
2010,illinois_ex_cook,40,single_observed,1241
2010,illinois_ex_cook,40,single_all,1363
2010,illinois_ex_cook,40,all_observed,1702
2010,illinois_ex_cook,41,single_observed,63
2010,illinois_ex_cook,41,single_all,63
2010,illinois_ex_cook,41,all_observed,77
2010,illinois_ex_cook,42,single_observed,104
2010,illinois_ex_cook,42,single_all,104
2010,illinois_ex_cook,42,all_observed,151
2010,illinois_ex_cook,43,single_observed,58
2010,illinois_ex_cook,43,single_all,63
2010,illinois_ex_cook,43,all_observed,79
2010,illinois_ex_cook,44,single_observed,37
2010,illinois_ex_cook,44,single_all,39
2010,illinois_ex_cook,44,all_observed,55
2010,illinois_ex_cook,45,single_observed,499
2010,illinois_ex_cook,45,single_all,819
2010,illinois_ex_cook,45,all_observed,677
2010,illinois_ex_cook,46,single_observed,33
2010,illinois_ex_cook,46,single_all,33
2010,illinois_ex_cook,46,all_observed,56
2010,illinois_ex_cook,47,single_observed,59
2010,illinois_ex_cook,47,single_all,59
2010,illinois_ex_cook,47,all_observed,77
2010,illinois_ex_cook,48,single_observed,67
2010,illinois_ex_cook,48,single_all,67
2010,illinois_ex_cook,48,all_observed,108
2010,illinois_ex_cook,49,single_observed,57
2010,illinois_ex_cook,49,single_all,57
2010,illinois_ex_cook,49,all_observed,82
2010,illinois_ex_cook,50,single_observed,1654
2010,illinois_ex_cook,50,single_all,1673
2010,illinois_ex_cook,50,all_observed,2165
2010,illinois_ex_cook,51,single_observed,31
2010,illinois_ex_cook,51,single_all,34
2010,illinois_ex_cook,51,all_observed,49
2010,illinois_ex_cook,52,single_observed,64
2010,illinois_ex_cook,52,single_all,64
2010,illinois_ex_cook,52,all_observed,93
2010,illinois_ex_cook,53,single_observed,38
2010,illinois_ex_cook,53,single_all,46
2010,illinois_ex_cook,53,all_observed,54
2010,illinois_ex_cook,54,single_observed,43
2010,illinois_ex_cook,54,single_all,43
2010,illinois_ex_cook,54,all_observed,67
2010,illinois_ex_cook,55,single_observed,258
2010,illinois_ex_cook,55,single_all,289
2010,illinois_ex_cook,55,all_observed,371
2010,illinois_ex_cook,56,single_observed,38
2010,illinois_ex_cook,56,single_all,38
2010,illinois_ex_cook,56,all_observed,54
2010,illinois_ex_cook,57,single_observed,28
2010,illinois_ex_cook,57,single_all,28
2010,illinois_ex_cook,57,all_observed,45
2010,illinois_ex_cook,58,single_observed,40
2010,illinois_ex_cook,58,single_all,40
2010,illinois_ex_cook,58,all_observed,48
2010,illinois_ex_cook,59,single_observed,20
2010,illinois_ex_cook,59,single_all,20
2010,illinois_ex_cook,59,all_observed,27
2010,illinois_ex_cook,60,single_observed,713
2010,illinois_ex_cook,60,single_all,725
2010,illinois_ex_cook,60,all_observed,1002
2010,illinois_ex_cook,61,single_observed,25
2010,illinois_ex_cook,61,single_all,25
2010,illinois_ex_cook,61,all_observed,29
2010,illinois_ex_cook,62,single_observed,43
2010,illinois_ex_cook,62,single_all,43
2010,illinois_ex_cook,62,all_observed,65
2010,illinois_ex_cook,63,single_observed,30
2010,illinois_ex_cook,63,single_all,30
2010,illinois_ex_cook,63,all_observed,45
2010,illinois_ex_cook,64,single_observed,15
2010,illinois_ex_cook,64,single_all,15
2010,illinois_ex_cook,64,all_observed,27
2010,illinois_ex_cook,65,single_observed,269
2010,illinois_ex_cook,65,single_all,358
2010,illinois_ex_cook,65,all_observed,373
2010,illinois_ex_cook,66,single_observed,16
2010,illinois_ex_cook,66,single_all,16
2010,illinois_ex_cook,66,all_observed,18
2010,illinois_ex_cook,67,single_observed,21
2010,illinois_ex_cook,67,single_all,21
2010,illinois_ex_cook,67,all_observed,33
2010,illinois_ex_cook,68,single_observed,27
2010,illinois_ex_cook,68,single_all,27
2010,illinois_ex_cook,68,all_observed,39
2010,illinois_ex_cook,69,single_observed,12
2010,illinois_ex_cook,69,single_all,12
2010,illinois_ex_cook,69,all_observed,16
2010,illinois_ex_cook,70,single_observed,433
2010,illinois_ex_cook,70,single_all,453
2010,illinois_ex_cook,70,all_observed,618
2010,illinois_ex_cook,71,single_observed,10
2010,illinois_ex_cook,71,single_all,10
2010,illinois_ex_cook,71,all_observed,12
2010,illinois_ex_cook,72,single_observed,31
2010,illinois_ex_cook,72,single_all,31
2010,illinois_ex_cook,72,all_observed,42
2010,illinois_ex_cook,73,single_observed,20
2010,illinois_ex_cook,73,single_all,20
2010,illinois_ex_cook,73,all_observed,27
2010,illinois_ex_cook,74,single_observed,14
2010,illinois_ex_cook,74,single_all,14
2010,illinois_ex_cook,74,all_observed,19
2010,illinois_ex_cook,75,single_observed,393
2010,illinois_ex_cook,75,single_all,393
2010,illinois_ex_cook,75,all_observed,546
2010,illinois_ex_cook,76,single_observed,16
2010,illinois_ex_cook,76,single_all,16
2010,illinois_ex_cook,76,all_observed,20
2010,illinois_ex_cook,77,single_observed,8
2010,illinois_ex_cook,77,single_all,10
2010,illinois_ex_cook,77,all_observed,11
2010,illinois_ex_cook,78,single_observed,24
2010,illinois_ex_cook,78,single_all,24
2010,illinois_ex_cook,78,all_observed,32
2010,illinois_ex_cook,79,single_observed,12
2010,illinois_ex_cook,79,single_all,12
2010,illinois_ex_cook,79,all_observed,16
2010,illinois_ex_cook,80,single_observed,406
2010,illinois_ex_cook,80,single_all,406
2010,illinois_ex_cook,80,all_observed,585
2011,chicago,20,single_observed,1141
2011,chicago,20,single_all,1165
2011,chicago,20,all_observed,1398
2011,chicago,21,single_observed,90
2011,chicago,21,single_all,97
2011,chicago,21,all_observed,119
2011,chicago,22,single_observed,125
2011,chicago,22,single_all,132
2011,chicago,22,all_observed,178
2011,chicago,23,single_observed,77
2011,chicago,23,single_all,77
2011,chicago,23,all_observed,119
2011,chicago,24,single_observed,73
2011,chicago,24,single_all,75
2011,chicago,24,all_observed,98
2011,chicago,25,single_observed,580
2011,chicago,25,single_all,584
2011,chicago,25,all_observed,718
2011,chicago,26,single_observed,57
2011,chicago,26,single_all,64
2011,chicago,26,all_observed,79
2011,chicago,27,single_observed,50
2011,chicago,27,single_all,50
2011,chicago,27,all_observed,71
2011,chicago,28,single_observed,48
2011,chicago,28,single_all,48
2011,chicago,28,all_observed,77
2011,chicago,29,single_observed,26
2011,chicago,29,single_all,27
2011,chicago,29,all_observed,41
2011,chicago,30,single_observed,692
2011,chicago,30,single_all,697
2011,chicago,30,all_observed,894
2011,chicago,31,single_observed,19
2011,chicago,31,single_all,19
2011,chicago,31,all_observed,32
2011,chicago,32,single_observed,51
2011,chicago,32,single_all,55
2011,chicago,32,all_observed,63
2011,chicago,33,single_observed,34
2011,chicago,33,single_all,34
2011,chicago,33,all_observed,43
2011,chicago,34,single_observed,23
2011,chicago,34,single_all,23
2011,chicago,34,all_observed,31
2011,chicago,35,single_observed,208
2011,chicago,35,single_all,211
2011,chicago,35,all_observed,292
2011,chicago,36,single_observed,23
2011,chicago,36,single_all,26
2011,chicago,36,all_observed,43
2011,chicago,37,single_observed,9
2011,chicago,37,single_all,9
2011,chicago,37,all_observed,15
2011,chicago,38,single_observed,26
2011,chicago,38,single_all,32
2011,chicago,38,all_observed,36
2011,chicago,39,single_observed,22
2011,chicago,39,single_all,22
2011,chicago,39,all_observed,33
2011,chicago,40,single_observed,410
2011,chicago,40,single_all,432
2011,chicago,40,all_observed,527
2011,chicago,41,single_observed,12
2011,chicago,41,single_all,12
2011,chicago,41,all_observed,17
2011,chicago,42,single_observed,28
2011,chicago,42,single_all,28
2011,chicago,42,all_observed,38
2011,chicago,43,single_observed,16
2011,chicago,43,single_all,18
2011,chicago,43,all_observed,22
2011,chicago,44,single_observed,10
2011,chicago,44,single_all,10
2011,chicago,44,all_observed,14
2011,chicago,45,single_observed,128
2011,chicago,45,single_all,281
2011,chicago,45,all_observed,171
2011,chicago,46,single_observed,7
2011,chicago,46,single_all,7
2011,chicago,46,all_observed,8
2011,chicago,47,single_observed,10
2011,chicago,47,single_all,10
2011,chicago,47,all_observed,19
2011,chicago,48,single_observed,21
2011,chicago,48,single_all,21
2011,chicago,48,all_observed,31
2011,chicago,49,single_observed,30
2011,chicago,49,single_all,30
2011,chicago,49,all_observed,33
2011,chicago,50,single_observed,564
2011,chicago,50,single_all,567
2011,chicago,50,all_observed,721
2011,chicago,51,single_observed,10
2011,chicago,51,single_all,10
2011,chicago,51,all_observed,13
2011,chicago,52,single_observed,12
2011,chicago,52,single_all,12
2011,chicago,52,all_observed,20
2011,chicago,53,single_observed,6
2011,chicago,53,single_all,7
2011,chicago,53,all_observed,8
2011,chicago,54,single_observed,11
2011,chicago,54,single_all,11
2011,chicago,54,all_observed,19
2011,chicago,55,single_observed,74
2011,chicago,55,single_all,78
2011,chicago,55,all_observed,100
2011,chicago,56,single_observed,9
2011,chicago,56,single_all,9
2011,chicago,56,all_observed,16
2011,chicago,57,single_observed,9
2011,chicago,57,single_all,9
2011,chicago,57,all_observed,13
2011,chicago,58,single_observed,10
2011,chicago,58,single_all,10
2011,chicago,58,all_observed,14
2011,chicago,59,single_observed,2
2011,chicago,59,single_all,2
2011,chicago,59,all_observed,3
2011,chicago,60,single_observed,229
2011,chicago,60,single_all,229
2011,chicago,60,all_observed,320
2011,chicago,61,single_observed,5
2011,chicago,61,single_all,6
2011,chicago,61,all_observed,9
2011,chicago,62,single_observed,9
2011,chicago,62,single_all,9
2011,chicago,62,all_observed,12
2011,chicago,63,single_observed,8
2011,chicago,63,single_all,8
2011,chicago,63,all_observed,11
2011,chicago,64,single_observed,3
2011,chicago,64,single_all,3
2011,chicago,64,all_observed,6
2011,chicago,65,single_observed,67
2011,chicago,65,single_all,119
2011,chicago,65,all_observed,97
2011,chicago,66,single_observed,2
2011,chicago,66,single_all,2
2011,chicago,66,all_observed,3
2011,chicago,67,single_observed,7
2011,chicago,67,single_all,7
2011,chicago,67,all_observed,9
2011,chicago,68,single_observed,7
2011,chicago,68,single_all,7
2011,chicago,68,all_observed,8
2011,chicago,69,single_observed,2
2011,chicago,69,single_all,2
2011,chicago,69,all_observed,6
2011,chicago,70,single_observed,120
2011,chicago,70,single_all,121
2011,chicago,70,all_observed,164
2011,chicago,71,single_observed,6
2011,chicago,71,single_all,6
2011,chicago,71,all_observed,8
2011,chicago,72,single_observed,8
2011,chicago,72,single_all,8
2011,chicago,72,all_observed,12
2011,chicago,73,single_observed,4
2011,chicago,73,single_all,4
2011,chicago,73,all_observed,6
2011,chicago,74,single_observed,5
2011,chicago,74,single_all,5
2011,chicago,74,all_observed,5
2011,chicago,75,single_observed,135
2011,chicago,75,single_all,135
2011,chicago,75,all_observed,182
2011,chicago,76,single_observed,3
2011,chicago,76,single_all,3
2011,chicago,76,all_observed,6
2011,chicago,77,single_observed,4
2011,chicago,77,single_all,5
2011,chicago,77,all_observed,5
2011,chicago,78,single_observed,8
2011,chicago,78,single_all,8
2011,chicago,78,all_observed,11
2011,chicago,79,single_observed,5
2011,chicago,79,single_all,5
2011,chicago,79,all_observed,7
2011,chicago,80,single_observed,134
2011,chicago,80,single_all,134
2011,chicago,80,all_observed,191
2011,cook_ex_chicago,20,single_observed,1246
2011,cook_ex_chicago,20,single_all,1268
2011,cook_ex_chicago,20,all_observed,1616
2011,cook_ex_chicago,21,single_observed,64
2011,cook_ex_chicago,21,single_all,113
2011,cook_ex_chicago,21,all_observed,110
2011,cook_ex_chicago,22,single_observed,142
2011,cook_ex_chicago,22,single_all,142
2011,cook_ex_chicago,22,all_observed,193
2011,cook_ex_chicago,23,single_observed,83
2011,cook_ex_chicago,23,single_all,83
2011,cook_ex_chicago,23,all_observed,125
2011,cook_ex_chicago,24,single_observed,90
2011,cook_ex_chicago,24,single_all,94
2011,cook_ex_chicago,24,all_observed,136
2011,cook_ex_chicago,25,single_observed,689
2011,cook_ex_chicago,25,single_all,704
2011,cook_ex_chicago,25,all_observed,905
2011,cook_ex_chicago,26,single_observed,55
2011,cook_ex_chicago,26,single_all,68
2011,cook_ex_chicago,26,all_observed,81
2011,cook_ex_chicago,27,single_observed,62
2011,cook_ex_chicago,27,single_all,62
2011,cook_ex_chicago,27,all_observed,83
2011,cook_ex_chicago,28,single_observed,61
2011,cook_ex_chicago,28,single_all,62
2011,cook_ex_chicago,28,all_observed,90
2011,cook_ex_chicago,29,single_observed,22
2011,cook_ex_chicago,29,single_all,22
2011,cook_ex_chicago,29,all_observed,38
2011,cook_ex_chicago,30,single_observed,803
2011,cook_ex_chicago,30,single_all,806
2011,cook_ex_chicago,30,all_observed,1093
2011,cook_ex_chicago,31,single_observed,23
2011,cook_ex_chicago,31,single_all,23
2011,cook_ex_chicago,31,all_observed,29
2011,cook_ex_chicago,32,single_observed,49
2011,cook_ex_chicago,32,single_all,49
2011,cook_ex_chicago,32,all_observed,78
2011,cook_ex_chicago,33,single_observed,26
2011,cook_ex_chicago,33,single_all,26
2011,cook_ex_chicago,33,all_observed,43
2011,cook_ex_chicago,34,single_observed,26
2011,cook_ex_chicago,34,single_all,26
2011,cook_ex_chicago,34,all_observed,34
2011,cook_ex_chicago,35,single_observed,272
2011,cook_ex_chicago,35,single_all,275
2011,cook_ex_chicago,35,all_observed,383
2011,cook_ex_chicago,36,single_observed,23
2011,cook_ex_chicago,36,single_all,25
2011,cook_ex_chicago,36,all_observed,36
2011,cook_ex_chicago,37,single_observed,16
2011,cook_ex_chicago,37,single_all,16
2011,cook_ex_chicago,37,all_observed,23
2011,cook_ex_chicago,38,single_observed,27
2011,cook_ex_chicago,38,single_all,56
2011,cook_ex_chicago,38,all_observed,43
2011,cook_ex_chicago,39,single_observed,16
2011,cook_ex_chicago,39,single_all,16
2011,cook_ex_chicago,39,all_observed,28
2011,cook_ex_chicago,40,single_observed,416
2011,cook_ex_chicago,40,single_all,484
2011,cook_ex_chicago,40,all_observed,570
2011,cook_ex_chicago,41,single_observed,19
2011,cook_ex_chicago,41,single_all,19
2011,cook_ex_chicago,41,all_observed,32
2011,cook_ex_chicago,42,single_observed,25
2011,cook_ex_chicago,42,single_all,25
2011,cook_ex_chicago,42,all_observed,44
2011,cook_ex_chicago,43,single_observed,8
2011,cook_ex_chicago,43,single_all,13
2011,cook_ex_chicago,43,all_observed,23
2011,cook_ex_chicago,44,single_observed,12
2011,cook_ex_chicago,44,single_all,13
2011,cook_ex_chicago,44,all_observed,20
2011,cook_ex_chicago,45,single_observed,147
2011,cook_ex_chicago,45,single_all,260
2011,cook_ex_chicago,45,all_observed,215
2011,cook_ex_chicago,46,single_observed,12
2011,cook_ex_chicago,46,single_all,12
2011,cook_ex_chicago,46,all_observed,17
2011,cook_ex_chicago,47,single_observed,10
2011,cook_ex_chicago,47,single_all,10
2011,cook_ex_chicago,47,all_observed,18
2011,cook_ex_chicago,48,single_observed,15
2011,cook_ex_chicago,48,single_all,15
2011,cook_ex_chicago,48,all_observed,20
2011,cook_ex_chicago,49,single_observed,25
2011,cook_ex_chicago,49,single_all,25
2011,cook_ex_chicago,49,all_observed,30
2011,cook_ex_chicago,50,single_observed,675
2011,cook_ex_chicago,50,single_all,683
2011,cook_ex_chicago,50,all_observed,901
2011,cook_ex_chicago,51,single_observed,16
2011,cook_ex_chicago,51,single_all,17
2011,cook_ex_chicago,51,all_observed,21
2011,cook_ex_chicago,52,single_observed,29
2011,cook_ex_chicago,52,single_all,29
2011,cook_ex_chicago,52,all_observed,41
2011,cook_ex_chicago,53,single_observed,13
2011,cook_ex_chicago,53,single_all,14
2011,cook_ex_chicago,53,all_observed,19
2011,cook_ex_chicago,54,single_observed,13
2011,cook_ex_chicago,54,single_all,13
2011,cook_ex_chicago,54,all_observed,15
2011,cook_ex_chicago,55,single_observed,80
2011,cook_ex_chicago,55,single_all,89
2011,cook_ex_chicago,55,all_observed,108
2011,cook_ex_chicago,56,single_observed,9
2011,cook_ex_chicago,56,single_all,9
2011,cook_ex_chicago,56,all_observed,16
2011,cook_ex_chicago,57,single_observed,5
2011,cook_ex_chicago,57,single_all,5
2011,cook_ex_chicago,57,all_observed,8
2011,cook_ex_chicago,58,single_observed,8
2011,cook_ex_chicago,58,single_all,8
2011,cook_ex_chicago,58,all_observed,15
2011,cook_ex_chicago,59,single_observed,6
2011,cook_ex_chicago,59,single_all,6
2011,cook_ex_chicago,59,all_observed,7
2011,cook_ex_chicago,60,single_observed,280
2011,cook_ex_chicago,60,single_all,281
2011,cook_ex_chicago,60,all_observed,382
2011,cook_ex_chicago,61,single_observed,6
2011,cook_ex_chicago,61,single_all,8
2011,cook_ex_chicago,61,all_observed,8
2011,cook_ex_chicago,62,single_observed,10
2011,cook_ex_chicago,62,single_all,10
2011,cook_ex_chicago,62,all_observed,14
2011,cook_ex_chicago,63,single_observed,1
2011,cook_ex_chicago,63,single_all,1
2011,cook_ex_chicago,63,all_observed,3
2011,cook_ex_chicago,64,single_observed,7
2011,cook_ex_chicago,64,single_all,7
2011,cook_ex_chicago,64,all_observed,9
2011,cook_ex_chicago,65,single_observed,82
2011,cook_ex_chicago,65,single_all,144
2011,cook_ex_chicago,65,all_observed,122
2011,cook_ex_chicago,66,single_observed,7
2011,cook_ex_chicago,66,single_all,7
2011,cook_ex_chicago,66,all_observed,8
2011,cook_ex_chicago,67,single_observed,6
2011,cook_ex_chicago,67,single_all,6
2011,cook_ex_chicago,67,all_observed,9
2011,cook_ex_chicago,68,single_observed,9
2011,cook_ex_chicago,68,single_all,9
2011,cook_ex_chicago,68,all_observed,10
2011,cook_ex_chicago,69,single_observed,5
2011,cook_ex_chicago,69,single_all,5
2011,cook_ex_chicago,69,all_observed,6
2011,cook_ex_chicago,70,single_observed,155
2011,cook_ex_chicago,70,single_all,158
2011,cook_ex_chicago,70,all_observed,228
2011,cook_ex_chicago,71,single_observed,4
2011,cook_ex_chicago,71,single_all,4
2011,cook_ex_chicago,71,all_observed,5
2011,cook_ex_chicago,72,single_observed,8
2011,cook_ex_chicago,72,single_all,8
2011,cook_ex_chicago,72,all_observed,13
2011,cook_ex_chicago,73,single_observed,4
2011,cook_ex_chicago,73,single_all,4
2011,cook_ex_chicago,73,all_observed,5
2011,cook_ex_chicago,74,single_observed,5
2011,cook_ex_chicago,74,single_all,5
2011,cook_ex_chicago,74,all_observed,6
2011,cook_ex_chicago,75,single_observed,135
2011,cook_ex_chicago,75,single_all,135
2011,cook_ex_chicago,75,all_observed,191
2011,cook_ex_chicago,76,single_observed,5
2011,cook_ex_chicago,76,single_all,5
2011,cook_ex_chicago,76,all_observed,6
2011,cook_ex_chicago,77,single_observed,6
2011,cook_ex_chicago,77,single_all,6
2011,cook_ex_chicago,77,all_observed,6
2011,cook_ex_chicago,78,single_observed,7
2011,cook_ex_chicago,78,single_all,7
2011,cook_ex_chicago,78,all_observed,9
2011,cook_ex_chicago,79,single_observed,2
2011,cook_ex_chicago,79,single_all,2
2011,cook_ex_chicago,79,all_observed,3
2011,cook_ex_chicago,80,single_observed,147
2011,cook_ex_chicago,80,single_all,147
2011,cook_ex_chicago,80,all_observed,211
2011,illinois_ex_cook,20,single_observed,3315
2011,illinois_ex_cook,20,single_all,3995
2011,illinois_ex_cook,20,all_observed,4489
2011,illinois_ex_cook,21,single_observed,252
2011,illinois_ex_cook,21,single_all,335
2011,illinois_ex_cook,21,all_observed,404
2011,illinois_ex_cook,22,single_observed,447
2011,illinois_ex_cook,22,single_all,467
2011,illinois_ex_cook,22,all_observed,661
2011,illinois_ex_cook,23,single_observed,292
2011,illinois_ex_cook,23,single_all,292
2011,illinois_ex_cook,23,all_observed,464
2011,illinois_ex_cook,24,single_observed,321
2011,illinois_ex_cook,24,single_all,329
2011,illinois_ex_cook,24,all_observed,462
2011,illinois_ex_cook,25,single_observed,1976
2011,illinois_ex_cook,25,single_all,2019
2011,illinois_ex_cook,25,all_observed,2650
2011,illinois_ex_cook,26,single_observed,211
2011,illinois_ex_cook,26,single_all,246
2011,illinois_ex_cook,26,all_observed,300
2011,illinois_ex_cook,27,single_observed,221
2011,illinois_ex_cook,27,single_all,223
2011,illinois_ex_cook,27,all_observed,315
2011,illinois_ex_cook,28,single_observed,255
2011,illinois_ex_cook,28,single_all,256
2011,illinois_ex_cook,28,all_observed,358
2011,illinois_ex_cook,29,single_observed,96
2011,illinois_ex_cook,29,single_all,96
2011,illinois_ex_cook,29,all_observed,152
2011,illinois_ex_cook,30,single_observed,2101
2011,illinois_ex_cook,30,single_all,2110
2011,illinois_ex_cook,30,all_observed,2863
2011,illinois_ex_cook,31,single_observed,75
2011,illinois_ex_cook,31,single_all,75
2011,illinois_ex_cook,31,all_observed,117
2011,illinois_ex_cook,32,single_observed,185
2011,illinois_ex_cook,32,single_all,199
2011,illinois_ex_cook,32,all_observed,276
2011,illinois_ex_cook,33,single_observed,89
2011,illinois_ex_cook,33,single_all,103
2011,illinois_ex_cook,33,all_observed,137
2011,illinois_ex_cook,34,single_observed,90
2011,illinois_ex_cook,34,single_all,90
2011,illinois_ex_cook,34,all_observed,136
2011,illinois_ex_cook,35,single_observed,872
2011,illinois_ex_cook,35,single_all,880
2011,illinois_ex_cook,35,all_observed,1180
2011,illinois_ex_cook,36,single_observed,96
2011,illinois_ex_cook,36,single_all,106
2011,illinois_ex_cook,36,all_observed,136
2011,illinois_ex_cook,37,single_observed,88
2011,illinois_ex_cook,37,single_all,88
2011,illinois_ex_cook,37,all_observed,127
2011,illinois_ex_cook,38,single_observed,101
2011,illinois_ex_cook,38,single_all,128
2011,illinois_ex_cook,38,all_observed,142
2011,illinois_ex_cook,39,single_observed,50
2011,illinois_ex_cook,39,single_all,52
2011,illinois_ex_cook,39,all_observed,72
2011,illinois_ex_cook,40,single_observed,1155
2011,illinois_ex_cook,40,single_all,1295
2011,illinois_ex_cook,40,all_observed,1615
2011,illinois_ex_cook,41,single_observed,54
2011,illinois_ex_cook,41,single_all,54
2011,illinois_ex_cook,41,all_observed,70
2011,illinois_ex_cook,42,single_observed,104
2011,illinois_ex_cook,42,single_all,104
2011,illinois_ex_cook,42,all_observed,152
2011,illinois_ex_cook,43,single_observed,56
2011,illinois_ex_cook,43,single_all,63
2011,illinois_ex_cook,43,all_observed,76
2011,illinois_ex_cook,44,single_observed,37
2011,illinois_ex_cook,44,single_all,41
2011,illinois_ex_cook,44,all_observed,54
2011,illinois_ex_cook,45,single_observed,464
2011,illinois_ex_cook,45,single_all,781
2011,illinois_ex_cook,45,all_observed,639
2011,illinois_ex_cook,46,single_observed,33
2011,illinois_ex_cook,46,single_all,33
2011,illinois_ex_cook,46,all_observed,55
2011,illinois_ex_cook,47,single_observed,53
2011,illinois_ex_cook,47,single_all,53
2011,illinois_ex_cook,47,all_observed,70
2011,illinois_ex_cook,48,single_observed,65
2011,illinois_ex_cook,48,single_all,65
2011,illinois_ex_cook,48,all_observed,103
2011,illinois_ex_cook,49,single_observed,48
2011,illinois_ex_cook,49,single_all,48
2011,illinois_ex_cook,49,all_observed,72
2011,illinois_ex_cook,50,single_observed,1562
2011,illinois_ex_cook,50,single_all,1583
2011,illinois_ex_cook,50,all_observed,2094
2011,illinois_ex_cook,51,single_observed,31
2011,illinois_ex_cook,51,single_all,33
2011,illinois_ex_cook,51,all_observed,47
2011,illinois_ex_cook,52,single_observed,65
2011,illinois_ex_cook,52,single_all,65
2011,illinois_ex_cook,52,all_observed,95
2011,illinois_ex_cook,53,single_observed,39
2011,illinois_ex_cook,53,single_all,50
2011,illinois_ex_cook,53,all_observed,53
2011,illinois_ex_cook,54,single_observed,45
2011,illinois_ex_cook,54,single_all,45
2011,illinois_ex_cook,54,all_observed,69
2011,illinois_ex_cook,55,single_observed,244
2011,illinois_ex_cook,55,single_all,275
2011,illinois_ex_cook,55,all_observed,352
2011,illinois_ex_cook,56,single_observed,35
2011,illinois_ex_cook,56,single_all,35
2011,illinois_ex_cook,56,all_observed,49
2011,illinois_ex_cook,57,single_observed,27
2011,illinois_ex_cook,57,single_all,27
2011,illinois_ex_cook,57,all_observed,46
2011,illinois_ex_cook,58,single_observed,38
2011,illinois_ex_cook,58,single_all,38
2011,illinois_ex_cook,58,all_observed,47
2011,illinois_ex_cook,59,single_observed,22
2011,illinois_ex_cook,59,single_all,22
2011,illinois_ex_cook,59,all_observed,27
2011,illinois_ex_cook,60,single_observed,680
2011,illinois_ex_cook,60,single_all,691
2011,illinois_ex_cook,60,all_observed,976
2011,illinois_ex_cook,61,single_observed,24
2011,illinois_ex_cook,61,single_all,24
2011,illinois_ex_cook,61,all_observed,29
2011,illinois_ex_cook,62,single_observed,36
2011,illinois_ex_cook,62,single_all,36
2011,illinois_ex_cook,62,all_observed,54
2011,illinois_ex_cook,63,single_observed,30
2011,illinois_ex_cook,63,single_all,30
2011,illinois_ex_cook,63,all_observed,44
2011,illinois_ex_cook,64,single_observed,15
2011,illinois_ex_cook,64,single_all,15
2011,illinois_ex_cook,64,all_observed,26
2011,illinois_ex_cook,65,single_observed,246
2011,illinois_ex_cook,65,single_all,346
2011,illinois_ex_cook,65,all_observed,362
2011,illinois_ex_cook,66,single_observed,12
2011,illinois_ex_cook,66,single_all,12
2011,illinois_ex_cook,66,all_observed,14
2011,illinois_ex_cook,67,single_observed,21
2011,illinois_ex_cook,67,single_all,21
2011,illinois_ex_cook,67,all_observed,33
2011,illinois_ex_cook,68,single_observed,24
2011,illinois_ex_cook,68,single_all,24
2011,illinois_ex_cook,68,all_observed,37
2011,illinois_ex_cook,69,single_observed,12
2011,illinois_ex_cook,69,single_all,12
2011,illinois_ex_cook,69,all_observed,17
2011,illinois_ex_cook,70,single_observed,418
2011,illinois_ex_cook,70,single_all,437
2011,illinois_ex_cook,70,all_observed,605
2011,illinois_ex_cook,71,single_observed,10
2011,illinois_ex_cook,71,single_all,10
2011,illinois_ex_cook,71,all_observed,12
2011,illinois_ex_cook,72,single_observed,33
2011,illinois_ex_cook,72,single_all,33
2011,illinois_ex_cook,72,all_observed,43
2011,illinois_ex_cook,73,single_observed,21
2011,illinois_ex_cook,73,single_all,21
2011,illinois_ex_cook,73,all_observed,28
2011,illinois_ex_cook,74,single_observed,15
2011,illinois_ex_cook,74,single_all,15
2011,illinois_ex_cook,74,all_observed,20
2011,illinois_ex_cook,75,single_observed,382
2011,illinois_ex_cook,75,single_all,382
2011,illinois_ex_cook,75,all_observed,534
2011,illinois_ex_cook,76,single_observed,14
2011,illinois_ex_cook,76,single_all,14
2011,illinois_ex_cook,76,all_observed,18
2011,illinois_ex_cook,77,single_observed,7
2011,illinois_ex_cook,77,single_all,8
2011,illinois_ex_cook,77,all_observed,11
2011,illinois_ex_cook,78,single_observed,21
2011,illinois_ex_cook,78,single_all,21
2011,illinois_ex_cook,78,all_observed,27
2011,illinois_ex_cook,79,single_observed,9
2011,illinois_ex_cook,79,single_all,9
2011,illinois_ex_cook,79,all_observed,14
2011,illinois_ex_cook,80,single_observed,380
2011,illinois_ex_cook,80,single_all,380
2011,illinois_ex_cook,80,all_observed,572
2012,chicago,20,single_observed,1168
2012,chicago,20,single_all,1190
2012,chicago,20,all_observed,1449
2012,chicago,21,single_observed,93
2012,chicago,21,single_all,100
2012,chicago,21,all_observed,123
2012,chicago,22,single_observed,115
2012,chicago,22,single_all,125
2012,chicago,22,all_observed,173
2012,chicago,23,single_observed,75
2012,chicago,23,single_all,75
2012,chicago,23,all_observed,119
2012,chicago,24,single_observed,83
2012,chicago,24,single_all,85
2012,chicago,24,all_observed,107
2012,chicago,25,single_observed,580
2012,chicago,25,single_all,589
2012,chicago,25,all_observed,721
2012,chicago,26,single_observed,59
2012,chicago,26,single_all,65
2012,chicago,26,all_observed,80
2012,chicago,27,single_observed,55
2012,chicago,27,single_all,55
2012,chicago,27,all_observed,74
2012,chicago,28,single_observed,50
2012,chicago,28,single_all,50
2012,chicago,28,all_observed,76
2012,chicago,29,single_observed,26
2012,chicago,29,single_all,27
2012,chicago,29,all_observed,41
2012,chicago,30,single_observed,710
2012,chicago,30,single_all,721
2012,chicago,30,all_observed,930
2012,chicago,31,single_observed,16
2012,chicago,31,single_all,16
2012,chicago,31,all_observed,30
2012,chicago,32,single_observed,45
2012,chicago,32,single_all,51
2012,chicago,32,all_observed,59
2012,chicago,33,single_observed,37
2012,chicago,33,single_all,38
2012,chicago,33,all_observed,45
2012,chicago,34,single_observed,22
2012,chicago,34,single_all,22
2012,chicago,34,all_observed,31
2012,chicago,35,single_observed,213
2012,chicago,35,single_all,214
2012,chicago,35,all_observed,296
2012,chicago,36,single_observed,22
2012,chicago,36,single_all,24
2012,chicago,36,all_observed,40
2012,chicago,37,single_observed,10
2012,chicago,37,single_all,10
2012,chicago,37,all_observed,17
2012,chicago,38,single_observed,28
2012,chicago,38,single_all,33
2012,chicago,38,all_observed,38
2012,chicago,39,single_observed,20
2012,chicago,39,single_all,20
2012,chicago,39,all_observed,30
2012,chicago,40,single_observed,397
2012,chicago,40,single_all,432
2012,chicago,40,all_observed,520
2012,chicago,41,single_observed,10
2012,chicago,41,single_all,10
2012,chicago,41,all_observed,18
2012,chicago,42,single_observed,26
2012,chicago,42,single_all,26
2012,chicago,42,all_observed,38
2012,chicago,43,single_observed,13
2012,chicago,43,single_all,15
2012,chicago,43,all_observed,18
2012,chicago,44,single_observed,10
2012,chicago,44,single_all,10
2012,chicago,44,all_observed,14
2012,chicago,45,single_observed,128
2012,chicago,45,single_all,352
2012,chicago,45,all_observed,181
2012,chicago,46,single_observed,6
2012,chicago,46,single_all,6
2012,chicago,46,all_observed,7
2012,chicago,47,single_observed,11
2012,chicago,47,single_all,11
2012,chicago,47,all_observed,19
2012,chicago,48,single_observed,19
2012,chicago,48,single_all,19
2012,chicago,48,all_observed,28
2012,chicago,49,single_observed,31
2012,chicago,49,single_all,31
2012,chicago,49,all_observed,33
2012,chicago,50,single_observed,543
2012,chicago,50,single_all,551
2012,chicago,50,all_observed,708
2012,chicago,51,single_observed,12
2012,chicago,51,single_all,12
2012,chicago,51,all_observed,16
2012,chicago,52,single_observed,12
2012,chicago,52,single_all,12
2012,chicago,52,all_observed,20
2012,chicago,53,single_observed,7
2012,chicago,53,single_all,9
2012,chicago,53,all_observed,9
2012,chicago,54,single_observed,10
2012,chicago,54,single_all,10
2012,chicago,54,all_observed,19
2012,chicago,55,single_observed,71
2012,chicago,55,single_all,76
2012,chicago,55,all_observed,96
2012,chicago,56,single_observed,9
2012,chicago,56,single_all,9
2012,chicago,56,all_observed,15
2012,chicago,57,single_observed,9
2012,chicago,57,single_all,9
2012,chicago,57,all_observed,14
2012,chicago,58,single_observed,10
2012,chicago,58,single_all,10
2012,chicago,58,all_observed,14
2012,chicago,59,single_observed,2
2012,chicago,59,single_all,2
2012,chicago,59,all_observed,3
2012,chicago,60,single_observed,231
2012,chicago,60,single_all,231
2012,chicago,60,all_observed,319
2012,chicago,61,single_observed,5
2012,chicago,61,single_all,6
2012,chicago,61,all_observed,9
2012,chicago,62,single_observed,9
2012,chicago,62,single_all,9
2012,chicago,62,all_observed,13
2012,chicago,63,single_observed,8
2012,chicago,63,single_all,8
2012,chicago,63,all_observed,11
2012,chicago,64,single_observed,3
2012,chicago,64,single_all,3
2012,chicago,64,all_observed,6
2012,chicago,65,single_observed,64
2012,chicago,65,single_all,130
2012,chicago,65,all_observed,92
2012,chicago,66,single_observed,2
2012,chicago,66,single_all,2
2012,chicago,66,all_observed,3
2012,chicago,67,single_observed,7
2012,chicago,67,single_all,7
2012,chicago,67,all_observed,9
2012,chicago,68,single_observed,7
2012,chicago,68,single_all,7
2012,chicago,68,all_observed,8
2012,chicago,69,single_observed,2
2012,chicago,69,single_all,2
2012,chicago,69,all_observed,7
2012,chicago,70,single_observed,112
2012,chicago,70,single_all,113
2012,chicago,70,all_observed,161
2012,chicago,71,single_observed,6
2012,chicago,71,single_all,6
2012,chicago,71,all_observed,9
2012,chicago,72,single_observed,9
2012,chicago,72,single_all,9
2012,chicago,72,all_observed,14
2012,chicago,73,single_observed,4
2012,chicago,73,single_all,4
2012,chicago,73,all_observed,7
2012,chicago,74,single_observed,5
2012,chicago,74,single_all,5
2012,chicago,74,all_observed,5
2012,chicago,75,single_observed,134
2012,chicago,75,single_all,134
2012,chicago,75,all_observed,184
2012,chicago,76,single_observed,2
2012,chicago,76,single_all,2
2012,chicago,76,all_observed,5
2012,chicago,77,single_observed,4
2012,chicago,77,single_all,5
2012,chicago,77,all_observed,5
2012,chicago,78,single_observed,6
2012,chicago,78,single_all,6
2012,chicago,78,all_observed,9
2012,chicago,79,single_observed,3
2012,chicago,79,single_all,3
2012,chicago,79,all_observed,4
2012,chicago,80,single_observed,129
2012,chicago,80,single_all,130
2012,chicago,80,all_observed,189
2012,cook_ex_chicago,20,single_observed,1199
2012,cook_ex_chicago,20,single_all,1241
2012,cook_ex_chicago,20,all_observed,1566
2012,cook_ex_chicago,21,single_observed,64
2012,cook_ex_chicago,21,single_all,126
2012,cook_ex_chicago,21,all_observed,111
2012,cook_ex_chicago,22,single_observed,132
2012,cook_ex_chicago,22,single_all,133
2012,cook_ex_chicago,22,all_observed,188
2012,cook_ex_chicago,23,single_observed,83
2012,cook_ex_chicago,23,single_all,83
2012,cook_ex_chicago,23,all_observed,126
2012,cook_ex_chicago,24,single_observed,81
2012,cook_ex_chicago,24,single_all,87
2012,cook_ex_chicago,24,all_observed,128
2012,cook_ex_chicago,25,single_observed,668
2012,cook_ex_chicago,25,single_all,700
2012,cook_ex_chicago,25,all_observed,888
2012,cook_ex_chicago,26,single_observed,50
2012,cook_ex_chicago,26,single_all,61
2012,cook_ex_chicago,26,all_observed,76
2012,cook_ex_chicago,27,single_observed,53
2012,cook_ex_chicago,27,single_all,53
2012,cook_ex_chicago,27,all_observed,73
2012,cook_ex_chicago,28,single_observed,58
2012,cook_ex_chicago,28,single_all,61
2012,cook_ex_chicago,28,all_observed,89
2012,cook_ex_chicago,29,single_observed,24
2012,cook_ex_chicago,29,single_all,24
2012,cook_ex_chicago,29,all_observed,38
2012,cook_ex_chicago,30,single_observed,774
2012,cook_ex_chicago,30,single_all,785
2012,cook_ex_chicago,30,all_observed,1064
2012,cook_ex_chicago,31,single_observed,23
2012,cook_ex_chicago,31,single_all,23
2012,cook_ex_chicago,31,all_observed,29
2012,cook_ex_chicago,32,single_observed,46
2012,cook_ex_chicago,32,single_all,49
2012,cook_ex_chicago,32,all_observed,76
2012,cook_ex_chicago,33,single_observed,22
2012,cook_ex_chicago,33,single_all,23
2012,cook_ex_chicago,33,all_observed,39
2012,cook_ex_chicago,34,single_observed,24
2012,cook_ex_chicago,34,single_all,24
2012,cook_ex_chicago,34,all_observed,32
2012,cook_ex_chicago,35,single_observed,264
2012,cook_ex_chicago,35,single_all,268
2012,cook_ex_chicago,35,all_observed,376
2012,cook_ex_chicago,36,single_observed,24
2012,cook_ex_chicago,36,single_all,31
2012,cook_ex_chicago,36,all_observed,35
2012,cook_ex_chicago,37,single_observed,14
2012,cook_ex_chicago,37,single_all,14
2012,cook_ex_chicago,37,all_observed,22
2012,cook_ex_chicago,38,single_observed,25
2012,cook_ex_chicago,38,single_all,50
2012,cook_ex_chicago,38,all_observed,41
2012,cook_ex_chicago,39,single_observed,18
2012,cook_ex_chicago,39,single_all,18
2012,cook_ex_chicago,39,all_observed,30
2012,cook_ex_chicago,40,single_observed,403
2012,cook_ex_chicago,40,single_all,509
2012,cook_ex_chicago,40,all_observed,554
2012,cook_ex_chicago,41,single_observed,19
2012,cook_ex_chicago,41,single_all,19
2012,cook_ex_chicago,41,all_observed,32
2012,cook_ex_chicago,42,single_observed,22
2012,cook_ex_chicago,42,single_all,22
2012,cook_ex_chicago,42,all_observed,40
2012,cook_ex_chicago,43,single_observed,8
2012,cook_ex_chicago,43,single_all,16
2012,cook_ex_chicago,43,all_observed,21
2012,cook_ex_chicago,44,single_observed,11
2012,cook_ex_chicago,44,single_all,13
2012,cook_ex_chicago,44,all_observed,20
2012,cook_ex_chicago,45,single_observed,145
2012,cook_ex_chicago,45,single_all,359
2012,cook_ex_chicago,45,all_observed,208
2012,cook_ex_chicago,46,single_observed,13
2012,cook_ex_chicago,46,single_all,13
2012,cook_ex_chicago,46,all_observed,21
2012,cook_ex_chicago,47,single_observed,9
2012,cook_ex_chicago,47,single_all,9
2012,cook_ex_chicago,47,all_observed,18
2012,cook_ex_chicago,48,single_observed,17
2012,cook_ex_chicago,48,single_all,17
2012,cook_ex_chicago,48,all_observed,22
2012,cook_ex_chicago,49,single_observed,25
2012,cook_ex_chicago,49,single_all,25
2012,cook_ex_chicago,49,all_observed,31
2012,cook_ex_chicago,50,single_observed,648
2012,cook_ex_chicago,50,single_all,661
2012,cook_ex_chicago,50,all_observed,867
2012,cook_ex_chicago,51,single_observed,17
2012,cook_ex_chicago,51,single_all,18
2012,cook_ex_chicago,51,all_observed,22
2012,cook_ex_chicago,52,single_observed,29
2012,cook_ex_chicago,52,single_all,29
2012,cook_ex_chicago,52,all_observed,43
2012,cook_ex_chicago,53,single_observed,11
2012,cook_ex_chicago,53,single_all,12
2012,cook_ex_chicago,53,all_observed,16
2012,cook_ex_chicago,54,single_observed,11
2012,cook_ex_chicago,54,single_all,11
2012,cook_ex_chicago,54,all_observed,15
2012,cook_ex_chicago,55,single_observed,80
2012,cook_ex_chicago,55,single_all,90
2012,cook_ex_chicago,55,all_observed,105
2012,cook_ex_chicago,56,single_observed,7
2012,cook_ex_chicago,56,single_all,7
2012,cook_ex_chicago,56,all_observed,15
2012,cook_ex_chicago,57,single_observed,5
2012,cook_ex_chicago,57,single_all,5
2012,cook_ex_chicago,57,all_observed,8
2012,cook_ex_chicago,58,single_observed,8
2012,cook_ex_chicago,58,single_all,8
2012,cook_ex_chicago,58,all_observed,14
2012,cook_ex_chicago,59,single_observed,5
2012,cook_ex_chicago,59,single_all,5
2012,cook_ex_chicago,59,all_observed,6
2012,cook_ex_chicago,60,single_observed,271
2012,cook_ex_chicago,60,single_all,273
2012,cook_ex_chicago,60,all_observed,370
2012,cook_ex_chicago,61,single_observed,4
2012,cook_ex_chicago,61,single_all,6
2012,cook_ex_chicago,61,all_observed,6
2012,cook_ex_chicago,62,single_observed,12
2012,cook_ex_chicago,62,single_all,12
2012,cook_ex_chicago,62,all_observed,16
2012,cook_ex_chicago,63,single_observed,1
2012,cook_ex_chicago,63,single_all,1
2012,cook_ex_chicago,63,all_observed,3
2012,cook_ex_chicago,64,single_observed,5
2012,cook_ex_chicago,64,single_all,5
2012,cook_ex_chicago,64,all_observed,7
2012,cook_ex_chicago,65,single_observed,84
2012,cook_ex_chicago,65,single_all,158
2012,cook_ex_chicago,65,all_observed,122
2012,cook_ex_chicago,66,single_observed,4
2012,cook_ex_chicago,66,single_all,4
2012,cook_ex_chicago,66,all_observed,6
2012,cook_ex_chicago,67,single_observed,4
2012,cook_ex_chicago,67,single_all,4
2012,cook_ex_chicago,67,all_observed,8
2012,cook_ex_chicago,68,single_observed,9
2012,cook_ex_chicago,68,single_all,9
2012,cook_ex_chicago,68,all_observed,11
2012,cook_ex_chicago,69,single_observed,5
2012,cook_ex_chicago,69,single_all,5
2012,cook_ex_chicago,69,all_observed,6
2012,cook_ex_chicago,70,single_observed,154
2012,cook_ex_chicago,70,single_all,155
2012,cook_ex_chicago,70,all_observed,218
2012,cook_ex_chicago,71,single_observed,5
2012,cook_ex_chicago,71,single_all,5
2012,cook_ex_chicago,71,all_observed,6
2012,cook_ex_chicago,72,single_observed,8
2012,cook_ex_chicago,72,single_all,8
2012,cook_ex_chicago,72,all_observed,12
2012,cook_ex_chicago,73,single_observed,3
2012,cook_ex_chicago,73,single_all,3
2012,cook_ex_chicago,73,all_observed,4
2012,cook_ex_chicago,74,single_observed,3
2012,cook_ex_chicago,74,single_all,3
2012,cook_ex_chicago,74,all_observed,4
2012,cook_ex_chicago,75,single_observed,115
2012,cook_ex_chicago,75,single_all,115
2012,cook_ex_chicago,75,all_observed,166
2012,cook_ex_chicago,76,single_observed,5
2012,cook_ex_chicago,76,single_all,5
2012,cook_ex_chicago,76,all_observed,5
2012,cook_ex_chicago,77,single_observed,5
2012,cook_ex_chicago,77,single_all,7
2012,cook_ex_chicago,77,all_observed,6
2012,cook_ex_chicago,78,single_observed,7
2012,cook_ex_chicago,78,single_all,7
2012,cook_ex_chicago,78,all_observed,9
2012,cook_ex_chicago,79,single_observed,2
2012,cook_ex_chicago,79,single_all,2
2012,cook_ex_chicago,79,all_observed,3
2012,cook_ex_chicago,80,single_observed,134
2012,cook_ex_chicago,80,single_all,134
2012,cook_ex_chicago,80,all_observed,197
2012,illinois_ex_cook,20,single_observed,3436
2012,illinois_ex_cook,20,single_all,4224
2012,illinois_ex_cook,20,all_observed,4655
2012,illinois_ex_cook,21,single_observed,249
2012,illinois_ex_cook,21,single_all,364
2012,illinois_ex_cook,21,all_observed,410
2012,illinois_ex_cook,22,single_observed,455
2012,illinois_ex_cook,22,single_all,473
2012,illinois_ex_cook,22,all_observed,672
2012,illinois_ex_cook,23,single_observed,284
2012,illinois_ex_cook,23,single_all,285
2012,illinois_ex_cook,23,all_observed,460
2012,illinois_ex_cook,24,single_observed,332
2012,illinois_ex_cook,24,single_all,343
2012,illinois_ex_cook,24,all_observed,478
2012,illinois_ex_cook,25,single_observed,1992
2012,illinois_ex_cook,25,single_all,2050
2012,illinois_ex_cook,25,all_observed,2706
2012,illinois_ex_cook,26,single_observed,204
2012,illinois_ex_cook,26,single_all,257
2012,illinois_ex_cook,26,all_observed,297
2012,illinois_ex_cook,27,single_observed,221
2012,illinois_ex_cook,27,single_all,223
2012,illinois_ex_cook,27,all_observed,311
2012,illinois_ex_cook,28,single_observed,246
2012,illinois_ex_cook,28,single_all,249
2012,illinois_ex_cook,28,all_observed,348
2012,illinois_ex_cook,29,single_observed,95
2012,illinois_ex_cook,29,single_all,97
2012,illinois_ex_cook,29,all_observed,154
2012,illinois_ex_cook,30,single_observed,2162
2012,illinois_ex_cook,30,single_all,2219
2012,illinois_ex_cook,30,all_observed,2955
2012,illinois_ex_cook,31,single_observed,71
2012,illinois_ex_cook,31,single_all,72
2012,illinois_ex_cook,31,all_observed,113
2012,illinois_ex_cook,32,single_observed,192
2012,illinois_ex_cook,32,single_all,218
2012,illinois_ex_cook,32,all_observed,288
2012,illinois_ex_cook,33,single_observed,90
2012,illinois_ex_cook,33,single_all,105
2012,illinois_ex_cook,33,all_observed,133
2012,illinois_ex_cook,34,single_observed,90
2012,illinois_ex_cook,34,single_all,90
2012,illinois_ex_cook,34,all_observed,134
2012,illinois_ex_cook,35,single_observed,895
2012,illinois_ex_cook,35,single_all,904
2012,illinois_ex_cook,35,all_observed,1211
2012,illinois_ex_cook,36,single_observed,99
2012,illinois_ex_cook,36,single_all,112
2012,illinois_ex_cook,36,all_observed,141
2012,illinois_ex_cook,37,single_observed,91
2012,illinois_ex_cook,37,single_all,91
2012,illinois_ex_cook,37,all_observed,132
2012,illinois_ex_cook,38,single_observed,104
2012,illinois_ex_cook,38,single_all,146
2012,illinois_ex_cook,38,all_observed,145
2012,illinois_ex_cook,39,single_observed,50
2012,illinois_ex_cook,39,single_all,54
2012,illinois_ex_cook,39,all_observed,71
2012,illinois_ex_cook,40,single_observed,1212
2012,illinois_ex_cook,40,single_all,1402
2012,illinois_ex_cook,40,all_observed,1666
2012,illinois_ex_cook,41,single_observed,55
2012,illinois_ex_cook,41,single_all,55
2012,illinois_ex_cook,41,all_observed,69
2012,illinois_ex_cook,42,single_observed,100
2012,illinois_ex_cook,42,single_all,100
2012,illinois_ex_cook,42,all_observed,151
2012,illinois_ex_cook,43,single_observed,55
2012,illinois_ex_cook,43,single_all,72
2012,illinois_ex_cook,43,all_observed,77
2012,illinois_ex_cook,44,single_observed,37
2012,illinois_ex_cook,44,single_all,44
2012,illinois_ex_cook,44,all_observed,54
2012,illinois_ex_cook,45,single_observed,466
2012,illinois_ex_cook,45,single_all,975
2012,illinois_ex_cook,45,all_observed,657
2012,illinois_ex_cook,46,single_observed,29
2012,illinois_ex_cook,46,single_all,29
2012,illinois_ex_cook,46,all_observed,51
2012,illinois_ex_cook,47,single_observed,54
2012,illinois_ex_cook,47,single_all,54
2012,illinois_ex_cook,47,all_observed,71
2012,illinois_ex_cook,48,single_observed,65
2012,illinois_ex_cook,48,single_all,65
2012,illinois_ex_cook,48,all_observed,106
2012,illinois_ex_cook,49,single_observed,52
2012,illinois_ex_cook,49,single_all,52
2012,illinois_ex_cook,49,all_observed,77
2012,illinois_ex_cook,50,single_observed,1612
2012,illinois_ex_cook,50,single_all,1660
2012,illinois_ex_cook,50,all_observed,2169
2012,illinois_ex_cook,51,single_observed,31
2012,illinois_ex_cook,51,single_all,34
2012,illinois_ex_cook,51,all_observed,47
2012,illinois_ex_cook,52,single_observed,69
2012,illinois_ex_cook,52,single_all,69
2012,illinois_ex_cook,52,all_observed,98
2012,illinois_ex_cook,53,single_observed,38
2012,illinois_ex_cook,53,single_all,54
2012,illinois_ex_cook,53,all_observed,52
2012,illinois_ex_cook,54,single_observed,46
2012,illinois_ex_cook,54,single_all,46
2012,illinois_ex_cook,54,all_observed,69
2012,illinois_ex_cook,55,single_observed,260
2012,illinois_ex_cook,55,single_all,316
2012,illinois_ex_cook,55,all_observed,373
2012,illinois_ex_cook,56,single_observed,36
2012,illinois_ex_cook,56,single_all,36
2012,illinois_ex_cook,56,all_observed,50
2012,illinois_ex_cook,57,single_observed,28
2012,illinois_ex_cook,57,single_all,28
2012,illinois_ex_cook,57,all_observed,48
2012,illinois_ex_cook,58,single_observed,40
2012,illinois_ex_cook,58,single_all,40
2012,illinois_ex_cook,58,all_observed,48
2012,illinois_ex_cook,59,single_observed,24
2012,illinois_ex_cook,59,single_all,24
2012,illinois_ex_cook,59,all_observed,29
2012,illinois_ex_cook,60,single_observed,708
2012,illinois_ex_cook,60,single_all,724
2012,illinois_ex_cook,60,all_observed,1025
2012,illinois_ex_cook,61,single_observed,24
2012,illinois_ex_cook,61,single_all,24
2012,illinois_ex_cook,61,all_observed,28
2012,illinois_ex_cook,62,single_observed,32
2012,illinois_ex_cook,62,single_all,32
2012,illinois_ex_cook,62,all_observed,50
2012,illinois_ex_cook,63,single_observed,30
2012,illinois_ex_cook,63,single_all,30
2012,illinois_ex_cook,63,all_observed,44
2012,illinois_ex_cook,64,single_observed,14
2012,illinois_ex_cook,64,single_all,14
2012,illinois_ex_cook,64,all_observed,27
2012,illinois_ex_cook,65,single_observed,256
2012,illinois_ex_cook,65,single_all,424
2012,illinois_ex_cook,65,all_observed,375
2012,illinois_ex_cook,66,single_observed,15
2012,illinois_ex_cook,66,single_all,15
2012,illinois_ex_cook,66,all_observed,16
2012,illinois_ex_cook,67,single_observed,25
2012,illinois_ex_cook,67,single_all,25
2012,illinois_ex_cook,67,all_observed,36
2012,illinois_ex_cook,68,single_observed,22
2012,illinois_ex_cook,68,single_all,22
2012,illinois_ex_cook,68,all_observed,33
2012,illinois_ex_cook,69,single_observed,12
2012,illinois_ex_cook,69,single_all,12
2012,illinois_ex_cook,69,all_observed,17
2012,illinois_ex_cook,70,single_observed,419
2012,illinois_ex_cook,70,single_all,457
2012,illinois_ex_cook,70,all_observed,618
2012,illinois_ex_cook,71,single_observed,10
2012,illinois_ex_cook,71,single_all,10
2012,illinois_ex_cook,71,all_observed,12
2012,illinois_ex_cook,72,single_observed,31
2012,illinois_ex_cook,72,single_all,32
2012,illinois_ex_cook,72,all_observed,42
2012,illinois_ex_cook,73,single_observed,20
2012,illinois_ex_cook,73,single_all,20
2012,illinois_ex_cook,73,all_observed,27
2012,illinois_ex_cook,74,single_observed,15
2012,illinois_ex_cook,74,single_all,15
2012,illinois_ex_cook,74,all_observed,19
2012,illinois_ex_cook,75,single_observed,407
2012,illinois_ex_cook,75,single_all,408
2012,illinois_ex_cook,75,all_observed,565
2012,illinois_ex_cook,76,single_observed,14
2012,illinois_ex_cook,76,single_all,14
2012,illinois_ex_cook,76,all_observed,18
2012,illinois_ex_cook,77,single_observed,8
2012,illinois_ex_cook,77,single_all,10
2012,illinois_ex_cook,77,all_observed,11
2012,illinois_ex_cook,78,single_observed,23
2012,illinois_ex_cook,78,single_all,23
2012,illinois_ex_cook,78,all_observed,29
2012,illinois_ex_cook,79,single_observed,8
2012,illinois_ex_cook,79,single_all,8
2012,illinois_ex_cook,79,all_observed,12
2012,illinois_ex_cook,80,single_observed,387
2012,illinois_ex_cook,80,single_all,387
2012,illinois_ex_cook,80,all_observed,580
2013,chicago,20,single_observed,1181
2013,chicago,20,single_all,1316
2013,chicago,20,all_observed,1485
2013,chicago,21,single_observed,88
2013,chicago,21,single_all,107
2013,chicago,21,all_observed,118
2013,chicago,22,single_observed,124
2013,chicago,22,single_all,192
2013,chicago,22,all_observed,184
2013,chicago,23,single_observed,76
2013,chicago,23,single_all,85
2013,chicago,23,all_observed,115
2013,chicago,24,single_observed,91
2013,chicago,24,single_all,99
2013,chicago,24,all_observed,117
2013,chicago,25,single_observed,600
2013,chicago,25,single_all,628
2013,chicago,25,all_observed,750
2013,chicago,26,single_observed,61
2013,chicago,26,single_all,71
2013,chicago,26,all_observed,83
2013,chicago,27,single_observed,53
2013,chicago,27,single_all,58
2013,chicago,27,all_observed,72
2013,chicago,28,single_observed,53
2013,chicago,28,single_all,56
2013,chicago,28,all_observed,76
2013,chicago,29,single_observed,24
2013,chicago,29,single_all,30
2013,chicago,29,all_observed,38
2013,chicago,30,single_observed,728
2013,chicago,30,single_all,765
2013,chicago,30,all_observed,956
2013,chicago,31,single_observed,17
2013,chicago,31,single_all,17
2013,chicago,31,all_observed,30
2013,chicago,32,single_observed,44
2013,chicago,32,single_all,45
2013,chicago,32,all_observed,61
2013,chicago,33,single_observed,35
2013,chicago,33,single_all,35
2013,chicago,33,all_observed,43
2013,chicago,34,single_observed,20
2013,chicago,34,single_all,20
2013,chicago,34,all_observed,27
2013,chicago,35,single_observed,213
2013,chicago,35,single_all,221
2013,chicago,35,all_observed,300
2013,chicago,36,single_observed,24
2013,chicago,36,single_all,24
2013,chicago,36,all_observed,42
2013,chicago,37,single_observed,10
2013,chicago,37,single_all,17
2013,chicago,37,all_observed,17
2013,chicago,38,single_observed,27
2013,chicago,38,single_all,27
2013,chicago,38,all_observed,40
2013,chicago,39,single_observed,19
2013,chicago,39,single_all,20
2013,chicago,39,all_observed,29
2013,chicago,40,single_observed,402
2013,chicago,40,single_all,412
2013,chicago,40,all_observed,531
2013,chicago,41,single_observed,10
2013,chicago,41,single_all,11
2013,chicago,41,all_observed,39
2013,chicago,42,single_observed,25
2013,chicago,42,single_all,28
2013,chicago,42,all_observed,38
2013,chicago,43,single_observed,12
2013,chicago,43,single_all,12
2013,chicago,43,all_observed,17
2013,chicago,44,single_observed,12
2013,chicago,44,single_all,14
2013,chicago,44,all_observed,16
2013,chicago,45,single_observed,132
2013,chicago,45,single_all,133
2013,chicago,45,all_observed,187
2013,chicago,46,single_observed,6
2013,chicago,46,single_all,6
2013,chicago,46,all_observed,9
2013,chicago,47,single_observed,11
2013,chicago,47,single_all,11
2013,chicago,47,all_observed,19
2013,chicago,48,single_observed,18
2013,chicago,48,single_all,20
2013,chicago,48,all_observed,27
2013,chicago,49,single_observed,34
2013,chicago,49,single_all,39
2013,chicago,49,all_observed,38
2013,chicago,50,single_observed,552
2013,chicago,50,single_all,573
2013,chicago,50,all_observed,741
2013,chicago,51,single_observed,13
2013,chicago,51,single_all,14
2013,chicago,51,all_observed,17
2013,chicago,52,single_observed,16
2013,chicago,52,single_all,18
2013,chicago,52,all_observed,23
2013,chicago,53,single_observed,8
2013,chicago,53,single_all,8
2013,chicago,53,all_observed,10
2013,chicago,54,single_observed,11
2013,chicago,54,single_all,11
2013,chicago,54,all_observed,20
2013,chicago,55,single_observed,73
2013,chicago,55,single_all,79
2013,chicago,55,all_observed,96
2013,chicago,56,single_observed,6
2013,chicago,56,single_all,6
2013,chicago,56,all_observed,12
2013,chicago,57,single_observed,10
2013,chicago,57,single_all,10
2013,chicago,57,all_observed,15
2013,chicago,58,single_observed,10
2013,chicago,58,single_all,14
2013,chicago,58,all_observed,13
2013,chicago,59,single_observed,2
2013,chicago,59,single_all,2
2013,chicago,59,all_observed,3
2013,chicago,60,single_observed,226
2013,chicago,60,single_all,236
2013,chicago,60,all_observed,318
2013,chicago,61,single_observed,5
2013,chicago,61,single_all,5
2013,chicago,61,all_observed,9
2013,chicago,62,single_observed,10
2013,chicago,62,single_all,11
2013,chicago,62,all_observed,14
2013,chicago,63,single_observed,6
2013,chicago,63,single_all,6
2013,chicago,63,all_observed,9
2013,chicago,64,single_observed,2
2013,chicago,64,single_all,2
2013,chicago,64,all_observed,5
2013,chicago,65,single_observed,65
2013,chicago,65,single_all,65
2013,chicago,65,all_observed,92
2013,chicago,66,single_observed,3
2013,chicago,66,single_all,3
2013,chicago,66,all_observed,5
2013,chicago,67,single_observed,5
2013,chicago,67,single_all,5
2013,chicago,67,all_observed,7
2013,chicago,68,single_observed,9
2013,chicago,68,single_all,9
2013,chicago,68,all_observed,10
2013,chicago,69,single_observed,2
2013,chicago,69,single_all,2
2013,chicago,69,all_observed,6
2013,chicago,70,single_observed,109
2013,chicago,70,single_all,120
2013,chicago,70,all_observed,159
2013,chicago,71,single_observed,5
2013,chicago,71,single_all,5
2013,chicago,71,all_observed,8
2013,chicago,72,single_observed,9
2013,chicago,72,single_all,13
2013,chicago,72,all_observed,13
2013,chicago,73,single_observed,4
2013,chicago,73,single_all,4
2013,chicago,73,all_observed,7
2013,chicago,74,single_observed,5
2013,chicago,74,single_all,5
2013,chicago,74,all_observed,5
2013,chicago,75,single_observed,129
2013,chicago,75,single_all,129
2013,chicago,75,all_observed,177
2013,chicago,76,single_observed,2
2013,chicago,76,single_all,4
2013,chicago,76,all_observed,5
2013,chicago,77,single_observed,5
2013,chicago,77,single_all,5
2013,chicago,77,all_observed,6
2013,chicago,78,single_observed,7
2013,chicago,78,single_all,7
2013,chicago,78,all_observed,10
2013,chicago,79,single_observed,3
2013,chicago,79,single_all,3
2013,chicago,79,all_observed,4
2013,chicago,80,single_observed,140
2013,chicago,80,single_all,140
2013,chicago,80,all_observed,204
2013,cook_ex_chicago,20,single_observed,1215
2013,cook_ex_chicago,20,single_all,1392
2013,cook_ex_chicago,20,all_observed,1590
2013,cook_ex_chicago,21,single_observed,61
2013,cook_ex_chicago,21,single_all,106
2013,cook_ex_chicago,21,all_observed,112
2013,cook_ex_chicago,22,single_observed,138
2013,cook_ex_chicago,22,single_all,221
2013,cook_ex_chicago,22,all_observed,185
2013,cook_ex_chicago,23,single_observed,77
2013,cook_ex_chicago,23,single_all,78
2013,cook_ex_chicago,23,all_observed,125
2013,cook_ex_chicago,24,single_observed,86
2013,cook_ex_chicago,24,single_all,90
2013,cook_ex_chicago,24,all_observed,138
2013,cook_ex_chicago,25,single_observed,687
2013,cook_ex_chicago,25,single_all,733
2013,cook_ex_chicago,25,all_observed,908
2013,cook_ex_chicago,26,single_observed,47
2013,cook_ex_chicago,26,single_all,57
2013,cook_ex_chicago,26,all_observed,74
2013,cook_ex_chicago,27,single_observed,53
2013,cook_ex_chicago,27,single_all,59
2013,cook_ex_chicago,27,all_observed,73
2013,cook_ex_chicago,28,single_observed,60
2013,cook_ex_chicago,28,single_all,62
2013,cook_ex_chicago,28,all_observed,89
2013,cook_ex_chicago,29,single_observed,23
2013,cook_ex_chicago,29,single_all,26
2013,cook_ex_chicago,29,all_observed,35
2013,cook_ex_chicago,30,single_observed,772
2013,cook_ex_chicago,30,single_all,826
2013,cook_ex_chicago,30,all_observed,1064
2013,cook_ex_chicago,31,single_observed,22
2013,cook_ex_chicago,31,single_all,23
2013,cook_ex_chicago,31,all_observed,29
2013,cook_ex_chicago,32,single_observed,49
2013,cook_ex_chicago,32,single_all,49
2013,cook_ex_chicago,32,all_observed,81
2013,cook_ex_chicago,33,single_observed,24
2013,cook_ex_chicago,33,single_all,25
2013,cook_ex_chicago,33,all_observed,41
2013,cook_ex_chicago,34,single_observed,23
2013,cook_ex_chicago,34,single_all,23
2013,cook_ex_chicago,34,all_observed,33
2013,cook_ex_chicago,35,single_observed,268
2013,cook_ex_chicago,35,single_all,284
2013,cook_ex_chicago,35,all_observed,384
2013,cook_ex_chicago,36,single_observed,24
2013,cook_ex_chicago,36,single_all,24
2013,cook_ex_chicago,36,all_observed,37
2013,cook_ex_chicago,37,single_observed,14
2013,cook_ex_chicago,37,single_all,15
2013,cook_ex_chicago,37,all_observed,20
2013,cook_ex_chicago,38,single_observed,25
2013,cook_ex_chicago,38,single_all,25
2013,cook_ex_chicago,38,all_observed,41
2013,cook_ex_chicago,39,single_observed,17
2013,cook_ex_chicago,39,single_all,17
2013,cook_ex_chicago,39,all_observed,28
2013,cook_ex_chicago,40,single_observed,418
2013,cook_ex_chicago,40,single_all,436
2013,cook_ex_chicago,40,all_observed,559
2013,cook_ex_chicago,41,single_observed,20
2013,cook_ex_chicago,41,single_all,20
2013,cook_ex_chicago,41,all_observed,55
2013,cook_ex_chicago,42,single_observed,25
2013,cook_ex_chicago,42,single_all,31
2013,cook_ex_chicago,42,all_observed,43
2013,cook_ex_chicago,43,single_observed,6
2013,cook_ex_chicago,43,single_all,6
2013,cook_ex_chicago,43,all_observed,18
2013,cook_ex_chicago,44,single_observed,11
2013,cook_ex_chicago,44,single_all,12
2013,cook_ex_chicago,44,all_observed,20
2013,cook_ex_chicago,45,single_observed,149
2013,cook_ex_chicago,45,single_all,151
2013,cook_ex_chicago,45,all_observed,213
2013,cook_ex_chicago,46,single_observed,12
2013,cook_ex_chicago,46,single_all,12
2013,cook_ex_chicago,46,all_observed,18
2013,cook_ex_chicago,47,single_observed,9
2013,cook_ex_chicago,47,single_all,9
2013,cook_ex_chicago,47,all_observed,18
2013,cook_ex_chicago,48,single_observed,16
2013,cook_ex_chicago,48,single_all,27
2013,cook_ex_chicago,48,all_observed,21
2013,cook_ex_chicago,49,single_observed,25
2013,cook_ex_chicago,49,single_all,29
2013,cook_ex_chicago,49,all_observed,30
2013,cook_ex_chicago,50,single_observed,646
2013,cook_ex_chicago,50,single_all,672
2013,cook_ex_chicago,50,all_observed,877
2013,cook_ex_chicago,51,single_observed,17
2013,cook_ex_chicago,51,single_all,18
2013,cook_ex_chicago,51,all_observed,23
2013,cook_ex_chicago,52,single_observed,26
2013,cook_ex_chicago,52,single_all,26
2013,cook_ex_chicago,52,all_observed,38
2013,cook_ex_chicago,53,single_observed,10
2013,cook_ex_chicago,53,single_all,10
2013,cook_ex_chicago,53,all_observed,14
2013,cook_ex_chicago,54,single_observed,10
2013,cook_ex_chicago,54,single_all,10
2013,cook_ex_chicago,54,all_observed,14
2013,cook_ex_chicago,55,single_observed,74
2013,cook_ex_chicago,55,single_all,84
2013,cook_ex_chicago,55,all_observed,103
2013,cook_ex_chicago,56,single_observed,7
2013,cook_ex_chicago,56,single_all,7
2013,cook_ex_chicago,56,all_observed,16
2013,cook_ex_chicago,57,single_observed,3
2013,cook_ex_chicago,57,single_all,3
2013,cook_ex_chicago,57,all_observed,7
2013,cook_ex_chicago,58,single_observed,6
2013,cook_ex_chicago,58,single_all,7
2013,cook_ex_chicago,58,all_observed,11
2013,cook_ex_chicago,59,single_observed,6
2013,cook_ex_chicago,59,single_all,6
2013,cook_ex_chicago,59,all_observed,7
2013,cook_ex_chicago,60,single_observed,265
2013,cook_ex_chicago,60,single_all,281
2013,cook_ex_chicago,60,all_observed,367
2013,cook_ex_chicago,61,single_observed,4
2013,cook_ex_chicago,61,single_all,4
2013,cook_ex_chicago,61,all_observed,6
2013,cook_ex_chicago,62,single_observed,10
2013,cook_ex_chicago,62,single_all,11
2013,cook_ex_chicago,62,all_observed,13
2013,cook_ex_chicago,63,single_observed,1
2013,cook_ex_chicago,63,single_all,1
2013,cook_ex_chicago,63,all_observed,3
2013,cook_ex_chicago,64,single_observed,6
2013,cook_ex_chicago,64,single_all,6
2013,cook_ex_chicago,64,all_observed,9
2013,cook_ex_chicago,65,single_observed,81
2013,cook_ex_chicago,65,single_all,81
2013,cook_ex_chicago,65,all_observed,122
2013,cook_ex_chicago,66,single_observed,4
2013,cook_ex_chicago,66,single_all,4
2013,cook_ex_chicago,66,all_observed,6
2013,cook_ex_chicago,67,single_observed,4
2013,cook_ex_chicago,67,single_all,4
2013,cook_ex_chicago,67,all_observed,7
2013,cook_ex_chicago,68,single_observed,9
2013,cook_ex_chicago,68,single_all,9
2013,cook_ex_chicago,68,all_observed,10
2013,cook_ex_chicago,69,single_observed,6
2013,cook_ex_chicago,69,single_all,6
2013,cook_ex_chicago,69,all_observed,6
2013,cook_ex_chicago,70,single_observed,160
2013,cook_ex_chicago,70,single_all,176
2013,cook_ex_chicago,70,all_observed,224
2013,cook_ex_chicago,71,single_observed,6
2013,cook_ex_chicago,71,single_all,6
2013,cook_ex_chicago,71,all_observed,7
2013,cook_ex_chicago,72,single_observed,8
2013,cook_ex_chicago,72,single_all,12
2013,cook_ex_chicago,72,all_observed,11
2013,cook_ex_chicago,73,single_observed,3
2013,cook_ex_chicago,73,single_all,3
2013,cook_ex_chicago,73,all_observed,5
2013,cook_ex_chicago,74,single_observed,4
2013,cook_ex_chicago,74,single_all,4
2013,cook_ex_chicago,74,all_observed,5
2013,cook_ex_chicago,75,single_observed,116
2013,cook_ex_chicago,75,single_all,116
2013,cook_ex_chicago,75,all_observed,166
2013,cook_ex_chicago,76,single_observed,5
2013,cook_ex_chicago,76,single_all,7
2013,cook_ex_chicago,76,all_observed,5
2013,cook_ex_chicago,77,single_observed,6
2013,cook_ex_chicago,77,single_all,6
2013,cook_ex_chicago,77,all_observed,6
2013,cook_ex_chicago,78,single_observed,6
2013,cook_ex_chicago,78,single_all,6
2013,cook_ex_chicago,78,all_observed,8
2013,cook_ex_chicago,79,single_observed,2
2013,cook_ex_chicago,79,single_all,2
2013,cook_ex_chicago,79,all_observed,3
2013,cook_ex_chicago,80,single_observed,145
2013,cook_ex_chicago,80,single_all,145
2013,cook_ex_chicago,80,all_observed,203
2013,illinois_ex_cook,20,single_observed,3435
2013,illinois_ex_cook,20,single_all,3998
2013,illinois_ex_cook,20,all_observed,4714
2013,illinois_ex_cook,21,single_observed,247
2013,illinois_ex_cook,21,single_all,439
2013,illinois_ex_cook,21,all_observed,399
2013,illinois_ex_cook,22,single_observed,444
2013,illinois_ex_cook,22,single_all,677
2013,illinois_ex_cook,22,all_observed,670
2013,illinois_ex_cook,23,single_observed,285
2013,illinois_ex_cook,23,single_all,294
2013,illinois_ex_cook,23,all_observed,452
2013,illinois_ex_cook,24,single_observed,316
2013,illinois_ex_cook,24,single_all,335
2013,illinois_ex_cook,24,all_observed,473
2013,illinois_ex_cook,25,single_observed,1942
2013,illinois_ex_cook,25,single_all,2026
2013,illinois_ex_cook,25,all_observed,2672
2013,illinois_ex_cook,26,single_observed,186
2013,illinois_ex_cook,26,single_all,227
2013,illinois_ex_cook,26,all_observed,283
2013,illinois_ex_cook,27,single_observed,219
2013,illinois_ex_cook,27,single_all,225
2013,illinois_ex_cook,27,all_observed,308
2013,illinois_ex_cook,28,single_observed,239
2013,illinois_ex_cook,28,single_all,241
2013,illinois_ex_cook,28,all_observed,341
2013,illinois_ex_cook,29,single_observed,89
2013,illinois_ex_cook,29,single_all,100
2013,illinois_ex_cook,29,all_observed,145
2013,illinois_ex_cook,30,single_observed,2135
2013,illinois_ex_cook,30,single_all,2279
2013,illinois_ex_cook,30,all_observed,2942
2013,illinois_ex_cook,31,single_observed,65
2013,illinois_ex_cook,31,single_all,70
2013,illinois_ex_cook,31,all_observed,108
2013,illinois_ex_cook,32,single_observed,196
2013,illinois_ex_cook,32,single_all,202
2013,illinois_ex_cook,32,all_observed,287
2013,illinois_ex_cook,33,single_observed,89
2013,illinois_ex_cook,33,single_all,102
2013,illinois_ex_cook,33,all_observed,137
2013,illinois_ex_cook,34,single_observed,87
2013,illinois_ex_cook,34,single_all,88
2013,illinois_ex_cook,34,all_observed,133
2013,illinois_ex_cook,35,single_observed,877
2013,illinois_ex_cook,35,single_all,922
2013,illinois_ex_cook,35,all_observed,1202
2013,illinois_ex_cook,36,single_observed,90
2013,illinois_ex_cook,36,single_all,90
2013,illinois_ex_cook,36,all_observed,132
2013,illinois_ex_cook,37,single_observed,89
2013,illinois_ex_cook,37,single_all,93
2013,illinois_ex_cook,37,all_observed,127
2013,illinois_ex_cook,38,single_observed,103
2013,illinois_ex_cook,38,single_all,103
2013,illinois_ex_cook,38,all_observed,142
2013,illinois_ex_cook,39,single_observed,49
2013,illinois_ex_cook,39,single_all,54
2013,illinois_ex_cook,39,all_observed,73
2013,illinois_ex_cook,40,single_observed,1218
2013,illinois_ex_cook,40,single_all,1252
2013,illinois_ex_cook,40,all_observed,1662
2013,illinois_ex_cook,41,single_observed,54
2013,illinois_ex_cook,41,single_all,54
2013,illinois_ex_cook,41,all_observed,116
2013,illinois_ex_cook,42,single_observed,104
2013,illinois_ex_cook,42,single_all,127
2013,illinois_ex_cook,42,all_observed,146
2013,illinois_ex_cook,43,single_observed,51
2013,illinois_ex_cook,43,single_all,51
2013,illinois_ex_cook,43,all_observed,74
2013,illinois_ex_cook,44,single_observed,38
2013,illinois_ex_cook,44,single_all,39
2013,illinois_ex_cook,44,all_observed,56
2013,illinois_ex_cook,45,single_observed,455
2013,illinois_ex_cook,45,single_all,462
2013,illinois_ex_cook,45,all_observed,656
2013,illinois_ex_cook,46,single_observed,27
2013,illinois_ex_cook,46,single_all,27
2013,illinois_ex_cook,46,all_observed,49
2013,illinois_ex_cook,47,single_observed,54
2013,illinois_ex_cook,47,single_all,54
2013,illinois_ex_cook,47,all_observed,70
2013,illinois_ex_cook,48,single_observed,68
2013,illinois_ex_cook,48,single_all,75
2013,illinois_ex_cook,48,all_observed,107
2013,illinois_ex_cook,49,single_observed,57
2013,illinois_ex_cook,49,single_all,69
2013,illinois_ex_cook,49,all_observed,84
2013,illinois_ex_cook,50,single_observed,1572
2013,illinois_ex_cook,50,single_all,1663
2013,illinois_ex_cook,50,all_observed,2157
2013,illinois_ex_cook,51,single_observed,34
2013,illinois_ex_cook,51,single_all,38
2013,illinois_ex_cook,51,all_observed,50
2013,illinois_ex_cook,52,single_observed,66
2013,illinois_ex_cook,52,single_all,70
2013,illinois_ex_cook,52,all_observed,97
2013,illinois_ex_cook,53,single_observed,37
2013,illinois_ex_cook,53,single_all,38
2013,illinois_ex_cook,53,all_observed,52
2013,illinois_ex_cook,54,single_observed,47
2013,illinois_ex_cook,54,single_all,47
2013,illinois_ex_cook,54,all_observed,71
2013,illinois_ex_cook,55,single_observed,259
2013,illinois_ex_cook,55,single_all,295
2013,illinois_ex_cook,55,all_observed,371
2013,illinois_ex_cook,56,single_observed,39
2013,illinois_ex_cook,56,single_all,39
2013,illinois_ex_cook,56,all_observed,51
2013,illinois_ex_cook,57,single_observed,31
2013,illinois_ex_cook,57,single_all,38
2013,illinois_ex_cook,57,all_observed,50
2013,illinois_ex_cook,58,single_observed,40
2013,illinois_ex_cook,58,single_all,55
2013,illinois_ex_cook,58,all_observed,51
2013,illinois_ex_cook,59,single_observed,24
2013,illinois_ex_cook,59,single_all,24
2013,illinois_ex_cook,59,all_observed,27
2013,illinois_ex_cook,60,single_observed,702
2013,illinois_ex_cook,60,single_all,771
2013,illinois_ex_cook,60,all_observed,1014
2013,illinois_ex_cook,61,single_observed,21
2013,illinois_ex_cook,61,single_all,22
2013,illinois_ex_cook,61,all_observed,27
2013,illinois_ex_cook,62,single_observed,27
2013,illinois_ex_cook,62,single_all,32
2013,illinois_ex_cook,62,all_observed,46
2013,illinois_ex_cook,63,single_observed,29
2013,illinois_ex_cook,63,single_all,29
2013,illinois_ex_cook,63,all_observed,43
2013,illinois_ex_cook,64,single_observed,13
2013,illinois_ex_cook,64,single_all,13
2013,illinois_ex_cook,64,all_observed,24
2013,illinois_ex_cook,65,single_observed,252
2013,illinois_ex_cook,65,single_all,253
2013,illinois_ex_cook,65,all_observed,369
2013,illinois_ex_cook,66,single_observed,15
2013,illinois_ex_cook,66,single_all,15
2013,illinois_ex_cook,66,all_observed,16
2013,illinois_ex_cook,67,single_observed,24
2013,illinois_ex_cook,67,single_all,24
2013,illinois_ex_cook,67,all_observed,35
2013,illinois_ex_cook,68,single_observed,22
2013,illinois_ex_cook,68,single_all,22
2013,illinois_ex_cook,68,all_observed,33
2013,illinois_ex_cook,69,single_observed,12
2013,illinois_ex_cook,69,single_all,12
2013,illinois_ex_cook,69,all_observed,17
2013,illinois_ex_cook,70,single_observed,422
2013,illinois_ex_cook,70,single_all,450
2013,illinois_ex_cook,70,all_observed,605
2013,illinois_ex_cook,71,single_observed,8
2013,illinois_ex_cook,71,single_all,8
2013,illinois_ex_cook,71,all_observed,13
2013,illinois_ex_cook,72,single_observed,30
2013,illinois_ex_cook,72,single_all,74
2013,illinois_ex_cook,72,all_observed,40
2013,illinois_ex_cook,73,single_observed,20
2013,illinois_ex_cook,73,single_all,20
2013,illinois_ex_cook,73,all_observed,26
2013,illinois_ex_cook,74,single_observed,16
2013,illinois_ex_cook,74,single_all,16
2013,illinois_ex_cook,74,all_observed,19
2013,illinois_ex_cook,75,single_observed,385
2013,illinois_ex_cook,75,single_all,385
2013,illinois_ex_cook,75,all_observed,544
2013,illinois_ex_cook,76,single_observed,14
2013,illinois_ex_cook,76,single_all,15
2013,illinois_ex_cook,76,all_observed,20
2013,illinois_ex_cook,77,single_observed,8
2013,illinois_ex_cook,77,single_all,8
2013,illinois_ex_cook,77,all_observed,11
2013,illinois_ex_cook,78,single_observed,22
2013,illinois_ex_cook,78,single_all,22
2013,illinois_ex_cook,78,all_observed,29
2013,illinois_ex_cook,79,single_observed,8
2013,illinois_ex_cook,79,single_all,8
2013,illinois_ex_cook,79,all_observed,12
2013,illinois_ex_cook,80,single_observed,378
2013,illinois_ex_cook,80,single_all,379
2013,illinois_ex_cook,80,all_observed,573
2014,chicago,20,single_observed,1118
2014,chicago,20,single_all,1259
2014,chicago,20,all_observed,1426
2014,chicago,21,single_observed,87
2014,chicago,21,single_all,109
2014,chicago,21,all_observed,115
2014,chicago,22,single_observed,113
2014,chicago,22,single_all,176
2014,chicago,22,all_observed,172
2014,chicago,23,single_observed,75
2014,chicago,23,single_all,90
2014,chicago,23,all_observed,110
2014,chicago,24,single_observed,82
2014,chicago,24,single_all,88
2014,chicago,24,all_observed,109
2014,chicago,25,single_observed,564
2014,chicago,25,single_all,612
2014,chicago,25,all_observed,711
2014,chicago,26,single_observed,60
2014,chicago,26,single_all,73
2014,chicago,26,all_observed,80
2014,chicago,27,single_observed,49
2014,chicago,27,single_all,59
2014,chicago,27,all_observed,69
2014,chicago,28,single_observed,49
2014,chicago,28,single_all,52
2014,chicago,28,all_observed,72
2014,chicago,29,single_observed,25
2014,chicago,29,single_all,30
2014,chicago,29,all_observed,36
2014,chicago,30,single_observed,712
2014,chicago,30,single_all,759
2014,chicago,30,all_observed,961
2014,chicago,31,single_observed,20
2014,chicago,31,single_all,21
2014,chicago,31,all_observed,33
2014,chicago,32,single_observed,44
2014,chicago,32,single_all,46
2014,chicago,32,all_observed,62
2014,chicago,33,single_observed,33
2014,chicago,33,single_all,33
2014,chicago,33,all_observed,39
2014,chicago,34,single_observed,20
2014,chicago,34,single_all,21
2014,chicago,34,all_observed,27
2014,chicago,35,single_observed,212
2014,chicago,35,single_all,218
2014,chicago,35,all_observed,298
2014,chicago,36,single_observed,22
2014,chicago,36,single_all,22
2014,chicago,36,all_observed,41
2014,chicago,37,single_observed,11
2014,chicago,37,single_all,17
2014,chicago,37,all_observed,19
2014,chicago,38,single_observed,22
2014,chicago,38,single_all,25
2014,chicago,38,all_observed,36
2014,chicago,39,single_observed,17
2014,chicago,39,single_all,18
2014,chicago,39,all_observed,26
2014,chicago,40,single_observed,375
2014,chicago,40,single_all,393
2014,chicago,40,all_observed,514
2014,chicago,41,single_observed,10
2014,chicago,41,single_all,11
2014,chicago,41,all_observed,32
2014,chicago,42,single_observed,26
2014,chicago,42,single_all,27
2014,chicago,42,all_observed,40
2014,chicago,43,single_observed,12
2014,chicago,43,single_all,12
2014,chicago,43,all_observed,16
2014,chicago,44,single_observed,12
2014,chicago,44,single_all,14
2014,chicago,44,all_observed,17
2014,chicago,45,single_observed,132
2014,chicago,45,single_all,133
2014,chicago,45,all_observed,186
2014,chicago,46,single_observed,7
2014,chicago,46,single_all,7
2014,chicago,46,all_observed,10
2014,chicago,47,single_observed,9
2014,chicago,47,single_all,9
2014,chicago,47,all_observed,17
2014,chicago,48,single_observed,16
2014,chicago,48,single_all,18
2014,chicago,48,all_observed,26
2014,chicago,49,single_observed,35
2014,chicago,49,single_all,36
2014,chicago,49,all_observed,39
2014,chicago,50,single_observed,546
2014,chicago,50,single_all,580
2014,chicago,50,all_observed,737
2014,chicago,51,single_observed,27
2014,chicago,51,single_all,27
2014,chicago,51,all_observed,31
2014,chicago,52,single_observed,15
2014,chicago,52,single_all,15
2014,chicago,52,all_observed,23
2014,chicago,53,single_observed,8
2014,chicago,53,single_all,8
2014,chicago,53,all_observed,10
2014,chicago,54,single_observed,12
2014,chicago,54,single_all,12
2014,chicago,54,all_observed,23
2014,chicago,55,single_observed,70
2014,chicago,55,single_all,78
2014,chicago,55,all_observed,93
2014,chicago,56,single_observed,5
2014,chicago,56,single_all,5
2014,chicago,56,all_observed,12
2014,chicago,57,single_observed,7
2014,chicago,57,single_all,7
2014,chicago,57,all_observed,11
2014,chicago,58,single_observed,12
2014,chicago,58,single_all,16
2014,chicago,58,all_observed,15
2014,chicago,59,single_observed,3
2014,chicago,59,single_all,3
2014,chicago,59,all_observed,4
2014,chicago,60,single_observed,228
2014,chicago,60,single_all,236
2014,chicago,60,all_observed,317
2014,chicago,61,single_observed,5
2014,chicago,61,single_all,5
2014,chicago,61,all_observed,9
2014,chicago,62,single_observed,9
2014,chicago,62,single_all,11
2014,chicago,62,all_observed,13
2014,chicago,63,single_observed,6
2014,chicago,63,single_all,6
2014,chicago,63,all_observed,9
2014,chicago,64,single_observed,2
2014,chicago,64,single_all,2
2014,chicago,64,all_observed,6
2014,chicago,65,single_observed,63
2014,chicago,65,single_all,63
2014,chicago,65,all_observed,93
2014,chicago,66,single_observed,2
2014,chicago,66,single_all,2
2014,chicago,66,all_observed,4
2014,chicago,67,single_observed,4
2014,chicago,67,single_all,4
2014,chicago,67,all_observed,6
2014,chicago,68,single_observed,9
2014,chicago,68,single_all,9
2014,chicago,68,all_observed,11
2014,chicago,69,single_observed,1
2014,chicago,69,single_all,1
2014,chicago,69,all_observed,6
2014,chicago,70,single_observed,113
2014,chicago,70,single_all,124
2014,chicago,70,all_observed,166
2014,chicago,71,single_observed,4
2014,chicago,71,single_all,4
2014,chicago,71,all_observed,8
2014,chicago,72,single_observed,8
2014,chicago,72,single_all,12
2014,chicago,72,all_observed,11
2014,chicago,73,single_observed,4
2014,chicago,73,single_all,4
2014,chicago,73,all_observed,7
2014,chicago,74,single_observed,4
2014,chicago,74,single_all,4
2014,chicago,74,all_observed,4
2014,chicago,75,single_observed,111
2014,chicago,75,single_all,111
2014,chicago,75,all_observed,164
2014,chicago,76,single_observed,3
2014,chicago,76,single_all,4
2014,chicago,76,all_observed,6
2014,chicago,77,single_observed,3
2014,chicago,77,single_all,3
2014,chicago,77,all_observed,3
2014,chicago,78,single_observed,5
2014,chicago,78,single_all,5
2014,chicago,78,all_observed,8
2014,chicago,79,single_observed,3
2014,chicago,79,single_all,3
2014,chicago,79,all_observed,4
2014,chicago,80,single_observed,137
2014,chicago,80,single_all,137
2014,chicago,80,all_observed,197
2014,cook_ex_chicago,20,single_observed,1191
2014,cook_ex_chicago,20,single_all,1330
2014,cook_ex_chicago,20,all_observed,1586
2014,cook_ex_chicago,21,single_observed,61
2014,cook_ex_chicago,21,single_all,112
2014,cook_ex_chicago,21,all_observed,118
2014,cook_ex_chicago,22,single_observed,136
2014,cook_ex_chicago,22,single_all,233
2014,cook_ex_chicago,22,all_observed,186
2014,cook_ex_chicago,23,single_observed,75
2014,cook_ex_chicago,23,single_all,78
2014,cook_ex_chicago,23,all_observed,125
2014,cook_ex_chicago,24,single_observed,82
2014,cook_ex_chicago,24,single_all,87
2014,cook_ex_chicago,24,all_observed,136
2014,cook_ex_chicago,25,single_observed,657
2014,cook_ex_chicago,25,single_all,706
2014,cook_ex_chicago,25,all_observed,877
2014,cook_ex_chicago,26,single_observed,49
2014,cook_ex_chicago,26,single_all,66
2014,cook_ex_chicago,26,all_observed,76
2014,cook_ex_chicago,27,single_observed,50
2014,cook_ex_chicago,27,single_all,56
2014,cook_ex_chicago,27,all_observed,67
2014,cook_ex_chicago,28,single_observed,55
2014,cook_ex_chicago,28,single_all,56
2014,cook_ex_chicago,28,all_observed,83
2014,cook_ex_chicago,29,single_observed,20
2014,cook_ex_chicago,29,single_all,22
2014,cook_ex_chicago,29,all_observed,33
2014,cook_ex_chicago,30,single_observed,757
2014,cook_ex_chicago,30,single_all,811
2014,cook_ex_chicago,30,all_observed,1051
2014,cook_ex_chicago,31,single_observed,21
2014,cook_ex_chicago,31,single_all,22
2014,cook_ex_chicago,31,all_observed,28
2014,cook_ex_chicago,32,single_observed,50
2014,cook_ex_chicago,32,single_all,54
2014,cook_ex_chicago,32,all_observed,81
2014,cook_ex_chicago,33,single_observed,23
2014,cook_ex_chicago,33,single_all,25
2014,cook_ex_chicago,33,all_observed,38
2014,cook_ex_chicago,34,single_observed,20
2014,cook_ex_chicago,34,single_all,20
2014,cook_ex_chicago,34,all_observed,30
2014,cook_ex_chicago,35,single_observed,257
2014,cook_ex_chicago,35,single_all,273
2014,cook_ex_chicago,35,all_observed,373
2014,cook_ex_chicago,36,single_observed,27
2014,cook_ex_chicago,36,single_all,27
2014,cook_ex_chicago,36,all_observed,39
2014,cook_ex_chicago,37,single_observed,16
2014,cook_ex_chicago,37,single_all,17
2014,cook_ex_chicago,37,all_observed,24
2014,cook_ex_chicago,38,single_observed,21
2014,cook_ex_chicago,38,single_all,21
2014,cook_ex_chicago,38,all_observed,35
2014,cook_ex_chicago,39,single_observed,17
2014,cook_ex_chicago,39,single_all,17
2014,cook_ex_chicago,39,all_observed,27
2014,cook_ex_chicago,40,single_observed,410
2014,cook_ex_chicago,40,single_all,429
2014,cook_ex_chicago,40,all_observed,550
2014,cook_ex_chicago,41,single_observed,16
2014,cook_ex_chicago,41,single_all,16
2014,cook_ex_chicago,41,all_observed,48
2014,cook_ex_chicago,42,single_observed,25
2014,cook_ex_chicago,42,single_all,28
2014,cook_ex_chicago,42,all_observed,47
2014,cook_ex_chicago,43,single_observed,6
2014,cook_ex_chicago,43,single_all,6
2014,cook_ex_chicago,43,all_observed,18
2014,cook_ex_chicago,44,single_observed,15
2014,cook_ex_chicago,44,single_all,16
2014,cook_ex_chicago,44,all_observed,25
2014,cook_ex_chicago,45,single_observed,141
2014,cook_ex_chicago,45,single_all,143
2014,cook_ex_chicago,45,all_observed,205
2014,cook_ex_chicago,46,single_observed,10
2014,cook_ex_chicago,46,single_all,10
2014,cook_ex_chicago,46,all_observed,16
2014,cook_ex_chicago,47,single_observed,9
2014,cook_ex_chicago,47,single_all,9
2014,cook_ex_chicago,47,all_observed,17
2014,cook_ex_chicago,48,single_observed,15
2014,cook_ex_chicago,48,single_all,25
2014,cook_ex_chicago,48,all_observed,20
2014,cook_ex_chicago,49,single_observed,29
2014,cook_ex_chicago,49,single_all,33
2014,cook_ex_chicago,49,all_observed,34
2014,cook_ex_chicago,50,single_observed,635
2014,cook_ex_chicago,50,single_all,656
2014,cook_ex_chicago,50,all_observed,864
2014,cook_ex_chicago,51,single_observed,19
2014,cook_ex_chicago,51,single_all,19
2014,cook_ex_chicago,51,all_observed,27
2014,cook_ex_chicago,52,single_observed,25
2014,cook_ex_chicago,52,single_all,25
2014,cook_ex_chicago,52,all_observed,37
2014,cook_ex_chicago,53,single_observed,9
2014,cook_ex_chicago,53,single_all,9
2014,cook_ex_chicago,53,all_observed,13
2014,cook_ex_chicago,54,single_observed,11
2014,cook_ex_chicago,54,single_all,11
2014,cook_ex_chicago,54,all_observed,15
2014,cook_ex_chicago,55,single_observed,65
2014,cook_ex_chicago,55,single_all,76
2014,cook_ex_chicago,55,all_observed,96
2014,cook_ex_chicago,56,single_observed,7
2014,cook_ex_chicago,56,single_all,7
2014,cook_ex_chicago,56,all_observed,15
2014,cook_ex_chicago,57,single_observed,5
2014,cook_ex_chicago,57,single_all,5
2014,cook_ex_chicago,57,all_observed,9
2014,cook_ex_chicago,58,single_observed,6
2014,cook_ex_chicago,58,single_all,15
2014,cook_ex_chicago,58,all_observed,10
2014,cook_ex_chicago,59,single_observed,4
2014,cook_ex_chicago,59,single_all,4
2014,cook_ex_chicago,59,all_observed,6
2014,cook_ex_chicago,60,single_observed,251
2014,cook_ex_chicago,60,single_all,272
2014,cook_ex_chicago,60,all_observed,359
2014,cook_ex_chicago,61,single_observed,4
2014,cook_ex_chicago,61,single_all,4
2014,cook_ex_chicago,61,all_observed,5
2014,cook_ex_chicago,62,single_observed,9
2014,cook_ex_chicago,62,single_all,11
2014,cook_ex_chicago,62,all_observed,11
2014,cook_ex_chicago,63,single_observed,1
2014,cook_ex_chicago,63,single_all,1
2014,cook_ex_chicago,63,all_observed,3
2014,cook_ex_chicago,64,single_observed,6
2014,cook_ex_chicago,64,single_all,6
2014,cook_ex_chicago,64,all_observed,9
2014,cook_ex_chicago,65,single_observed,75
2014,cook_ex_chicago,65,single_all,75
2014,cook_ex_chicago,65,all_observed,117
2014,cook_ex_chicago,66,single_observed,6
2014,cook_ex_chicago,66,single_all,6
2014,cook_ex_chicago,66,all_observed,8
2014,cook_ex_chicago,67,single_observed,4
2014,cook_ex_chicago,67,single_all,4
2014,cook_ex_chicago,67,all_observed,7
2014,cook_ex_chicago,68,single_observed,9
2014,cook_ex_chicago,68,single_all,9
2014,cook_ex_chicago,68,all_observed,10
2014,cook_ex_chicago,69,single_observed,4
2014,cook_ex_chicago,69,single_all,4
2014,cook_ex_chicago,69,all_observed,5
2014,cook_ex_chicago,70,single_observed,155
2014,cook_ex_chicago,70,single_all,168
2014,cook_ex_chicago,70,all_observed,219
2014,cook_ex_chicago,71,single_observed,5
2014,cook_ex_chicago,71,single_all,5
2014,cook_ex_chicago,71,all_observed,6
2014,cook_ex_chicago,72,single_observed,9
2014,cook_ex_chicago,72,single_all,17
2014,cook_ex_chicago,72,all_observed,12
2014,cook_ex_chicago,73,single_observed,3
2014,cook_ex_chicago,73,single_all,3
2014,cook_ex_chicago,73,all_observed,5
2014,cook_ex_chicago,74,single_observed,4
2014,cook_ex_chicago,74,single_all,4
2014,cook_ex_chicago,74,all_observed,5
2014,cook_ex_chicago,75,single_observed,116
2014,cook_ex_chicago,75,single_all,116
2014,cook_ex_chicago,75,all_observed,158
2014,cook_ex_chicago,76,single_observed,4
2014,cook_ex_chicago,76,single_all,4
2014,cook_ex_chicago,76,all_observed,5
2014,cook_ex_chicago,77,single_observed,7
2014,cook_ex_chicago,77,single_all,7
2014,cook_ex_chicago,77,all_observed,7
2014,cook_ex_chicago,78,single_observed,6
2014,cook_ex_chicago,78,single_all,6
2014,cook_ex_chicago,78,all_observed,7
2014,cook_ex_chicago,79,single_observed,2
2014,cook_ex_chicago,79,single_all,2
2014,cook_ex_chicago,79,all_observed,3
2014,cook_ex_chicago,80,single_observed,135
2014,cook_ex_chicago,80,single_all,135
2014,cook_ex_chicago,80,all_observed,196
2014,illinois_ex_cook,20,single_observed,3358
2014,illinois_ex_cook,20,single_all,3796
2014,illinois_ex_cook,20,all_observed,4687
2014,illinois_ex_cook,21,single_observed,235
2014,illinois_ex_cook,21,single_all,399
2014,illinois_ex_cook,21,all_observed,404
2014,illinois_ex_cook,22,single_observed,423
2014,illinois_ex_cook,22,single_all,681
2014,illinois_ex_cook,22,all_observed,641
2014,illinois_ex_cook,23,single_observed,272
2014,illinois_ex_cook,23,single_all,282
2014,illinois_ex_cook,23,all_observed,439
2014,illinois_ex_cook,24,single_observed,304
2014,illinois_ex_cook,24,single_all,328
2014,illinois_ex_cook,24,all_observed,468
2014,illinois_ex_cook,25,single_observed,1945
2014,illinois_ex_cook,25,single_all,2042
2014,illinois_ex_cook,25,all_observed,2717
2014,illinois_ex_cook,26,single_observed,178
2014,illinois_ex_cook,26,single_all,229
2014,illinois_ex_cook,26,all_observed,278
2014,illinois_ex_cook,27,single_observed,209
2014,illinois_ex_cook,27,single_all,214
2014,illinois_ex_cook,27,all_observed,307
2014,illinois_ex_cook,28,single_observed,229
2014,illinois_ex_cook,28,single_all,231
2014,illinois_ex_cook,28,all_observed,325
2014,illinois_ex_cook,29,single_observed,88
2014,illinois_ex_cook,29,single_all,97
2014,illinois_ex_cook,29,all_observed,145
2014,illinois_ex_cook,30,single_observed,2100
2014,illinois_ex_cook,30,single_all,2232
2014,illinois_ex_cook,30,all_observed,2911
2014,illinois_ex_cook,31,single_observed,66
2014,illinois_ex_cook,31,single_all,72
2014,illinois_ex_cook,31,all_observed,109
2014,illinois_ex_cook,32,single_observed,181
2014,illinois_ex_cook,32,single_all,184
2014,illinois_ex_cook,32,all_observed,269
2014,illinois_ex_cook,33,single_observed,87
2014,illinois_ex_cook,33,single_all,97
2014,illinois_ex_cook,33,all_observed,130
2014,illinois_ex_cook,34,single_observed,85
2014,illinois_ex_cook,34,single_all,85
2014,illinois_ex_cook,34,all_observed,130
2014,illinois_ex_cook,35,single_observed,853
2014,illinois_ex_cook,35,single_all,899
2014,illinois_ex_cook,35,all_observed,1180
2014,illinois_ex_cook,36,single_observed,81
2014,illinois_ex_cook,36,single_all,81
2014,illinois_ex_cook,36,all_observed,124
2014,illinois_ex_cook,37,single_observed,83
2014,illinois_ex_cook,37,single_all,84
2014,illinois_ex_cook,37,all_observed,118
2014,illinois_ex_cook,38,single_observed,101
2014,illinois_ex_cook,38,single_all,101
2014,illinois_ex_cook,38,all_observed,139
2014,illinois_ex_cook,39,single_observed,49
2014,illinois_ex_cook,39,single_all,52
2014,illinois_ex_cook,39,all_observed,71
2014,illinois_ex_cook,40,single_observed,1214
2014,illinois_ex_cook,40,single_all,1257
2014,illinois_ex_cook,40,all_observed,1672
2014,illinois_ex_cook,41,single_observed,51
2014,illinois_ex_cook,41,single_all,53
2014,illinois_ex_cook,41,all_observed,99
2014,illinois_ex_cook,42,single_observed,100
2014,illinois_ex_cook,42,single_all,124
2014,illinois_ex_cook,42,all_observed,144
2014,illinois_ex_cook,43,single_observed,48
2014,illinois_ex_cook,43,single_all,48
2014,illinois_ex_cook,43,all_observed,71
2014,illinois_ex_cook,44,single_observed,36
2014,illinois_ex_cook,44,single_all,37
2014,illinois_ex_cook,44,all_observed,52
2014,illinois_ex_cook,45,single_observed,431
2014,illinois_ex_cook,45,single_all,438
2014,illinois_ex_cook,45,all_observed,636
2014,illinois_ex_cook,46,single_observed,28
2014,illinois_ex_cook,46,single_all,28
2014,illinois_ex_cook,46,all_observed,50
2014,illinois_ex_cook,47,single_observed,47
2014,illinois_ex_cook,47,single_all,47
2014,illinois_ex_cook,47,all_observed,67
2014,illinois_ex_cook,48,single_observed,64
2014,illinois_ex_cook,48,single_all,74
2014,illinois_ex_cook,48,all_observed,107
2014,illinois_ex_cook,49,single_observed,63
2014,illinois_ex_cook,49,single_all,75
2014,illinois_ex_cook,49,all_observed,89
2014,illinois_ex_cook,50,single_observed,1560
2014,illinois_ex_cook,50,single_all,1632
2014,illinois_ex_cook,50,all_observed,2149
2014,illinois_ex_cook,51,single_observed,50
2014,illinois_ex_cook,51,single_all,53
2014,illinois_ex_cook,51,all_observed,64
2014,illinois_ex_cook,52,single_observed,62
2014,illinois_ex_cook,52,single_all,70
2014,illinois_ex_cook,52,all_observed,94
2014,illinois_ex_cook,53,single_observed,34
2014,illinois_ex_cook,53,single_all,34
2014,illinois_ex_cook,53,all_observed,51
2014,illinois_ex_cook,54,single_observed,48
2014,illinois_ex_cook,54,single_all,48
2014,illinois_ex_cook,54,all_observed,72
2014,illinois_ex_cook,55,single_observed,243
2014,illinois_ex_cook,55,single_all,283
2014,illinois_ex_cook,55,all_observed,355
2014,illinois_ex_cook,56,single_observed,33
2014,illinois_ex_cook,56,single_all,33
2014,illinois_ex_cook,56,all_observed,46
2014,illinois_ex_cook,57,single_observed,30
2014,illinois_ex_cook,57,single_all,34
2014,illinois_ex_cook,57,all_observed,49
2014,illinois_ex_cook,58,single_observed,41
2014,illinois_ex_cook,58,single_all,62
2014,illinois_ex_cook,58,all_observed,53
2014,illinois_ex_cook,59,single_observed,20
2014,illinois_ex_cook,59,single_all,21
2014,illinois_ex_cook,59,all_observed,24
2014,illinois_ex_cook,60,single_observed,695
2014,illinois_ex_cook,60,single_all,767
2014,illinois_ex_cook,60,all_observed,1017
2014,illinois_ex_cook,61,single_observed,23
2014,illinois_ex_cook,61,single_all,23
2014,illinois_ex_cook,61,all_observed,29
2014,illinois_ex_cook,62,single_observed,27
2014,illinois_ex_cook,62,single_all,30
2014,illinois_ex_cook,62,all_observed,46
2014,illinois_ex_cook,63,single_observed,28
2014,illinois_ex_cook,63,single_all,28
2014,illinois_ex_cook,63,all_observed,41
2014,illinois_ex_cook,64,single_observed,13
2014,illinois_ex_cook,64,single_all,14
2014,illinois_ex_cook,64,all_observed,23
2014,illinois_ex_cook,65,single_observed,238
2014,illinois_ex_cook,65,single_all,239
2014,illinois_ex_cook,65,all_observed,364
2014,illinois_ex_cook,66,single_observed,15
2014,illinois_ex_cook,66,single_all,15
2014,illinois_ex_cook,66,all_observed,15
2014,illinois_ex_cook,67,single_observed,25
2014,illinois_ex_cook,67,single_all,25
2014,illinois_ex_cook,67,all_observed,37
2014,illinois_ex_cook,68,single_observed,20
2014,illinois_ex_cook,68,single_all,20
2014,illinois_ex_cook,68,all_observed,31
2014,illinois_ex_cook,69,single_observed,14
2014,illinois_ex_cook,69,single_all,14
2014,illinois_ex_cook,69,all_observed,19
2014,illinois_ex_cook,70,single_observed,405
2014,illinois_ex_cook,70,single_all,430
2014,illinois_ex_cook,70,all_observed,584
2014,illinois_ex_cook,71,single_observed,10
2014,illinois_ex_cook,71,single_all,10
2014,illinois_ex_cook,71,all_observed,16
2014,illinois_ex_cook,72,single_observed,30
2014,illinois_ex_cook,72,single_all,75
2014,illinois_ex_cook,72,all_observed,41
2014,illinois_ex_cook,73,single_observed,18
2014,illinois_ex_cook,73,single_all,18
2014,illinois_ex_cook,73,all_observed,25
2014,illinois_ex_cook,74,single_observed,15
2014,illinois_ex_cook,74,single_all,15
2014,illinois_ex_cook,74,all_observed,18
2014,illinois_ex_cook,75,single_observed,371
2014,illinois_ex_cook,75,single_all,372
2014,illinois_ex_cook,75,all_observed,521
2014,illinois_ex_cook,76,single_observed,9
2014,illinois_ex_cook,76,single_all,10
2014,illinois_ex_cook,76,all_observed,15
2014,illinois_ex_cook,77,single_observed,8
2014,illinois_ex_cook,77,single_all,8
2014,illinois_ex_cook,77,all_observed,10
2014,illinois_ex_cook,78,single_observed,18
2014,illinois_ex_cook,78,single_all,18
2014,illinois_ex_cook,78,all_observed,26
2014,illinois_ex_cook,79,single_observed,7
2014,illinois_ex_cook,79,single_all,7
2014,illinois_ex_cook,79,all_observed,12
2014,illinois_ex_cook,80,single_observed,359
2014,illinois_ex_cook,80,single_all,359
2014,illinois_ex_cook,80,all_observed,552
2015,chicago,20,single_observed,1059
2015,chicago,20,single_all,1198
2015,chicago,20,all_observed,1365
2015,chicago,21,single_observed,93
2015,chicago,21,single_all,116
2015,chicago,21,all_observed,120
2015,chicago,22,single_observed,112
2015,chicago,22,single_all,169
2015,chicago,22,all_observed,168
2015,chicago,23,single_observed,71
2015,chicago,23,single_all,78
2015,chicago,23,all_observed,106
2015,chicago,24,single_observed,78
2015,chicago,24,single_all,84
2015,chicago,24,all_observed,103
2015,chicago,25,single_observed,533
2015,chicago,25,single_all,572
2015,chicago,25,all_observed,684
2015,chicago,26,single_observed,57
2015,chicago,26,single_all,71
2015,chicago,26,all_observed,80
2015,chicago,27,single_observed,44
2015,chicago,27,single_all,51
2015,chicago,27,all_observed,64
2015,chicago,28,single_observed,52
2015,chicago,28,single_all,55
2015,chicago,28,all_observed,77
2015,chicago,29,single_observed,24
2015,chicago,29,single_all,26
2015,chicago,29,all_observed,38
2015,chicago,30,single_observed,663
2015,chicago,30,single_all,714
2015,chicago,30,all_observed,912
2015,chicago,31,single_observed,20
2015,chicago,31,single_all,20
2015,chicago,31,all_observed,32
2015,chicago,32,single_observed,42
2015,chicago,32,single_all,44
2015,chicago,32,all_observed,57
2015,chicago,33,single_observed,29
2015,chicago,33,single_all,29
2015,chicago,33,all_observed,34
2015,chicago,34,single_observed,16
2015,chicago,34,single_all,17
2015,chicago,34,all_observed,24
2015,chicago,35,single_observed,190
2015,chicago,35,single_all,198
2015,chicago,35,all_observed,280
2015,chicago,36,single_observed,19
2015,chicago,36,single_all,19
2015,chicago,36,all_observed,35
2015,chicago,37,single_observed,8
2015,chicago,37,single_all,11
2015,chicago,37,all_observed,16
2015,chicago,38,single_observed,19
2015,chicago,38,single_all,22
2015,chicago,38,all_observed,35
2015,chicago,39,single_observed,13
2015,chicago,39,single_all,14
2015,chicago,39,all_observed,22
2015,chicago,40,single_observed,354
2015,chicago,40,single_all,368
2015,chicago,40,all_observed,485
2015,chicago,41,single_observed,10
2015,chicago,41,single_all,10
2015,chicago,41,all_observed,30
2015,chicago,42,single_observed,28
2015,chicago,42,single_all,30
2015,chicago,42,all_observed,40
2015,chicago,43,single_observed,12
2015,chicago,43,single_all,12
2015,chicago,43,all_observed,16
2015,chicago,44,single_observed,10
2015,chicago,44,single_all,12
2015,chicago,44,all_observed,15
2015,chicago,45,single_observed,120
2015,chicago,45,single_all,122
2015,chicago,45,all_observed,175
2015,chicago,46,single_observed,8
2015,chicago,46,single_all,8
2015,chicago,46,all_observed,11
2015,chicago,47,single_observed,8
2015,chicago,47,single_all,8
2015,chicago,47,all_observed,15
2015,chicago,48,single_observed,14
2015,chicago,48,single_all,16
2015,chicago,48,all_observed,23
2015,chicago,49,single_observed,35
2015,chicago,49,single_all,37
2015,chicago,49,all_observed,40
2015,chicago,50,single_observed,495
2015,chicago,50,single_all,521
2015,chicago,50,all_observed,691
2015,chicago,51,single_observed,58
2015,chicago,51,single_all,59
2015,chicago,51,all_observed,64
2015,chicago,52,single_observed,15
2015,chicago,52,single_all,16
2015,chicago,52,all_observed,22
2015,chicago,53,single_observed,5
2015,chicago,53,single_all,5
2015,chicago,53,all_observed,8
2015,chicago,54,single_observed,9
2015,chicago,54,single_all,9
2015,chicago,54,all_observed,20
2015,chicago,55,single_observed,66
2015,chicago,55,single_all,71
2015,chicago,55,all_observed,96
2015,chicago,56,single_observed,6
2015,chicago,56,single_all,6
2015,chicago,56,all_observed,12
2015,chicago,57,single_observed,7
2015,chicago,57,single_all,8
2015,chicago,57,all_observed,10
2015,chicago,58,single_observed,10
2015,chicago,58,single_all,15
2015,chicago,58,all_observed,14
2015,chicago,59,single_observed,3
2015,chicago,59,single_all,3
2015,chicago,59,all_observed,5
2015,chicago,60,single_observed,214
2015,chicago,60,single_all,225
2015,chicago,60,all_observed,299
2015,chicago,61,single_observed,6
2015,chicago,61,single_all,6
2015,chicago,61,all_observed,10
2015,chicago,62,single_observed,9
2015,chicago,62,single_all,12
2015,chicago,62,all_observed,12
2015,chicago,63,single_observed,3
2015,chicago,63,single_all,3
2015,chicago,63,all_observed,7
2015,chicago,64,single_observed,2
2015,chicago,64,single_all,2
2015,chicago,64,all_observed,6
2015,chicago,65,single_observed,65
2015,chicago,65,single_all,65
2015,chicago,65,all_observed,97
2015,chicago,66,single_observed,2
2015,chicago,66,single_all,2
2015,chicago,66,all_observed,4
2015,chicago,67,single_observed,6
2015,chicago,67,single_all,6
2015,chicago,67,all_observed,8
2015,chicago,68,single_observed,8
2015,chicago,68,single_all,8
2015,chicago,68,all_observed,10
2015,chicago,69,single_observed,1
2015,chicago,69,single_all,1
2015,chicago,69,all_observed,6
2015,chicago,70,single_observed,108
2015,chicago,70,single_all,118
2015,chicago,70,all_observed,164
2015,chicago,71,single_observed,4
2015,chicago,71,single_all,4
2015,chicago,71,all_observed,7
2015,chicago,72,single_observed,9
2015,chicago,72,single_all,11
2015,chicago,72,all_observed,13
2015,chicago,73,single_observed,4
2015,chicago,73,single_all,4
2015,chicago,73,all_observed,7
2015,chicago,74,single_observed,5
2015,chicago,74,single_all,5
2015,chicago,74,all_observed,5
2015,chicago,75,single_observed,110
2015,chicago,75,single_all,110
2015,chicago,75,all_observed,164
2015,chicago,76,single_observed,3
2015,chicago,76,single_all,3
2015,chicago,76,all_observed,6
2015,chicago,77,single_observed,3
2015,chicago,77,single_all,3
2015,chicago,77,all_observed,3
2015,chicago,78,single_observed,4
2015,chicago,78,single_all,4
2015,chicago,78,all_observed,7
2015,chicago,79,single_observed,2
2015,chicago,79,single_all,2
2015,chicago,79,all_observed,3
2015,chicago,80,single_observed,131
2015,chicago,80,single_all,131
2015,chicago,80,all_observed,192
2015,cook_ex_chicago,20,single_observed,1131
2015,cook_ex_chicago,20,single_all,1256
2015,cook_ex_chicago,20,all_observed,1519
2015,cook_ex_chicago,21,single_observed,51
2015,cook_ex_chicago,21,single_all,110
2015,cook_ex_chicago,21,all_observed,106
2015,cook_ex_chicago,22,single_observed,129
2015,cook_ex_chicago,22,single_all,235
2015,cook_ex_chicago,22,all_observed,178
2015,cook_ex_chicago,23,single_observed,72
2015,cook_ex_chicago,23,single_all,76
2015,cook_ex_chicago,23,all_observed,118
2015,cook_ex_chicago,24,single_observed,77
2015,cook_ex_chicago,24,single_all,85
2015,cook_ex_chicago,24,all_observed,126
2015,cook_ex_chicago,25,single_observed,628
2015,cook_ex_chicago,25,single_all,676
2015,cook_ex_chicago,25,all_observed,854
2015,cook_ex_chicago,26,single_observed,49
2015,cook_ex_chicago,26,single_all,68
2015,cook_ex_chicago,26,all_observed,75
2015,cook_ex_chicago,27,single_observed,47
2015,cook_ex_chicago,27,single_all,51
2015,cook_ex_chicago,27,all_observed,67
2015,cook_ex_chicago,28,single_observed,49
2015,cook_ex_chicago,28,single_all,49
2015,cook_ex_chicago,28,all_observed,78
2015,cook_ex_chicago,29,single_observed,19
2015,cook_ex_chicago,29,single_all,21
2015,cook_ex_chicago,29,all_observed,32
2015,cook_ex_chicago,30,single_observed,728
2015,cook_ex_chicago,30,single_all,782
2015,cook_ex_chicago,30,all_observed,1017
2015,cook_ex_chicago,31,single_observed,21
2015,cook_ex_chicago,31,single_all,21
2015,cook_ex_chicago,31,all_observed,28
2015,cook_ex_chicago,32,single_observed,51
2015,cook_ex_chicago,32,single_all,54
2015,cook_ex_chicago,32,all_observed,81
2015,cook_ex_chicago,33,single_observed,21
2015,cook_ex_chicago,33,single_all,22
2015,cook_ex_chicago,33,all_observed,35
2015,cook_ex_chicago,34,single_observed,20
2015,cook_ex_chicago,34,single_all,20
2015,cook_ex_chicago,34,all_observed,30
2015,cook_ex_chicago,35,single_observed,243
2015,cook_ex_chicago,35,single_all,255
2015,cook_ex_chicago,35,all_observed,359
2015,cook_ex_chicago,36,single_observed,25
2015,cook_ex_chicago,36,single_all,25
2015,cook_ex_chicago,36,all_observed,35
2015,cook_ex_chicago,37,single_observed,16
2015,cook_ex_chicago,37,single_all,16
2015,cook_ex_chicago,37,all_observed,23
2015,cook_ex_chicago,38,single_observed,20
2015,cook_ex_chicago,38,single_all,21
2015,cook_ex_chicago,38,all_observed,34
2015,cook_ex_chicago,39,single_observed,18
2015,cook_ex_chicago,39,single_all,19
2015,cook_ex_chicago,39,all_observed,24
2015,cook_ex_chicago,40,single_observed,407
2015,cook_ex_chicago,40,single_all,427
2015,cook_ex_chicago,40,all_observed,550
2015,cook_ex_chicago,41,single_observed,16
2015,cook_ex_chicago,41,single_all,16
2015,cook_ex_chicago,41,all_observed,47
2015,cook_ex_chicago,42,single_observed,22
2015,cook_ex_chicago,42,single_all,27
2015,cook_ex_chicago,42,all_observed,42
2015,cook_ex_chicago,43,single_observed,7
2015,cook_ex_chicago,43,single_all,7
2015,cook_ex_chicago,43,all_observed,19
2015,cook_ex_chicago,44,single_observed,12
2015,cook_ex_chicago,44,single_all,12
2015,cook_ex_chicago,44,all_observed,23
2015,cook_ex_chicago,45,single_observed,131
2015,cook_ex_chicago,45,single_all,134
2015,cook_ex_chicago,45,all_observed,195
2015,cook_ex_chicago,46,single_observed,9
2015,cook_ex_chicago,46,single_all,9
2015,cook_ex_chicago,46,all_observed,14
2015,cook_ex_chicago,47,single_observed,10
2015,cook_ex_chicago,47,single_all,10
2015,cook_ex_chicago,47,all_observed,17
2015,cook_ex_chicago,48,single_observed,17
2015,cook_ex_chicago,48,single_all,26
2015,cook_ex_chicago,48,all_observed,22
2015,cook_ex_chicago,49,single_observed,25
2015,cook_ex_chicago,49,single_all,31
2015,cook_ex_chicago,49,all_observed,33
2015,cook_ex_chicago,50,single_observed,604
2015,cook_ex_chicago,50,single_all,623
2015,cook_ex_chicago,50,all_observed,839
2015,cook_ex_chicago,51,single_observed,42
2015,cook_ex_chicago,51,single_all,42
2015,cook_ex_chicago,51,all_observed,54
2015,cook_ex_chicago,52,single_observed,27
2015,cook_ex_chicago,52,single_all,27
2015,cook_ex_chicago,52,all_observed,39
2015,cook_ex_chicago,53,single_observed,9
2015,cook_ex_chicago,53,single_all,9
2015,cook_ex_chicago,53,all_observed,13
2015,cook_ex_chicago,54,single_observed,9
2015,cook_ex_chicago,54,single_all,9
2015,cook_ex_chicago,54,all_observed,14
2015,cook_ex_chicago,55,single_observed,71
2015,cook_ex_chicago,55,single_all,82
2015,cook_ex_chicago,55,all_observed,99
2015,cook_ex_chicago,56,single_observed,7
2015,cook_ex_chicago,56,single_all,7
2015,cook_ex_chicago,56,all_observed,16
2015,cook_ex_chicago,57,single_observed,6
2015,cook_ex_chicago,57,single_all,7
2015,cook_ex_chicago,57,all_observed,11
2015,cook_ex_chicago,58,single_observed,5
2015,cook_ex_chicago,58,single_all,15
2015,cook_ex_chicago,58,all_observed,9
2015,cook_ex_chicago,59,single_observed,3
2015,cook_ex_chicago,59,single_all,3
2015,cook_ex_chicago,59,all_observed,5
2015,cook_ex_chicago,60,single_observed,237
2015,cook_ex_chicago,60,single_all,261
2015,cook_ex_chicago,60,all_observed,339
2015,cook_ex_chicago,61,single_observed,3
2015,cook_ex_chicago,61,single_all,3
2015,cook_ex_chicago,61,all_observed,4
2015,cook_ex_chicago,62,single_observed,9
2015,cook_ex_chicago,62,single_all,12
2015,cook_ex_chicago,62,all_observed,11
2015,cook_ex_chicago,63,single_observed,1
2015,cook_ex_chicago,63,single_all,1
2015,cook_ex_chicago,63,all_observed,4
2015,cook_ex_chicago,64,single_observed,6
2015,cook_ex_chicago,64,single_all,6
2015,cook_ex_chicago,64,all_observed,9
2015,cook_ex_chicago,65,single_observed,70
2015,cook_ex_chicago,65,single_all,70
2015,cook_ex_chicago,65,all_observed,109
2015,cook_ex_chicago,66,single_observed,6
2015,cook_ex_chicago,66,single_all,6
2015,cook_ex_chicago,66,all_observed,8
2015,cook_ex_chicago,67,single_observed,3
2015,cook_ex_chicago,67,single_all,3
2015,cook_ex_chicago,67,all_observed,6
2015,cook_ex_chicago,68,single_observed,8
2015,cook_ex_chicago,68,single_all,8
2015,cook_ex_chicago,68,all_observed,9
2015,cook_ex_chicago,69,single_observed,3
2015,cook_ex_chicago,69,single_all,3
2015,cook_ex_chicago,69,all_observed,5
2015,cook_ex_chicago,70,single_observed,145
2015,cook_ex_chicago,70,single_all,156
2015,cook_ex_chicago,70,all_observed,204
2015,cook_ex_chicago,71,single_observed,6
2015,cook_ex_chicago,71,single_all,6
2015,cook_ex_chicago,71,all_observed,7
2015,cook_ex_chicago,72,single_observed,9
2015,cook_ex_chicago,72,single_all,15
2015,cook_ex_chicago,72,all_observed,12
2015,cook_ex_chicago,73,single_observed,3
2015,cook_ex_chicago,73,single_all,3
2015,cook_ex_chicago,73,all_observed,5
2015,cook_ex_chicago,74,single_observed,3
2015,cook_ex_chicago,74,single_all,3
2015,cook_ex_chicago,74,all_observed,4
2015,cook_ex_chicago,75,single_observed,111
2015,cook_ex_chicago,75,single_all,111
2015,cook_ex_chicago,75,all_observed,156
2015,cook_ex_chicago,76,single_observed,4
2015,cook_ex_chicago,76,single_all,4
2015,cook_ex_chicago,76,all_observed,5
2015,cook_ex_chicago,77,single_observed,6
2015,cook_ex_chicago,77,single_all,6
2015,cook_ex_chicago,77,all_observed,6
2015,cook_ex_chicago,78,single_observed,4
2015,cook_ex_chicago,78,single_all,4
2015,cook_ex_chicago,78,all_observed,6
2015,cook_ex_chicago,79,single_observed,1
2015,cook_ex_chicago,79,single_all,1
2015,cook_ex_chicago,79,all_observed,3
2015,cook_ex_chicago,80,single_observed,130
2015,cook_ex_chicago,80,single_all,130
2015,cook_ex_chicago,80,all_observed,192
2015,illinois_ex_cook,20,single_observed,3254
2015,illinois_ex_cook,20,single_all,3663
2015,illinois_ex_cook,20,all_observed,4640
2015,illinois_ex_cook,21,single_observed,234
2015,illinois_ex_cook,21,single_all,409
2015,illinois_ex_cook,21,all_observed,406
2015,illinois_ex_cook,22,single_observed,407
2015,illinois_ex_cook,22,single_all,729
2015,illinois_ex_cook,22,all_observed,625
2015,illinois_ex_cook,23,single_observed,256
2015,illinois_ex_cook,23,single_all,263
2015,illinois_ex_cook,23,all_observed,422
2015,illinois_ex_cook,24,single_observed,290
2015,illinois_ex_cook,24,single_all,307
2015,illinois_ex_cook,24,all_observed,455
2015,illinois_ex_cook,25,single_observed,1845
2015,illinois_ex_cook,25,single_all,1929
2015,illinois_ex_cook,25,all_observed,2621
2015,illinois_ex_cook,26,single_observed,169
2015,illinois_ex_cook,26,single_all,222
2015,illinois_ex_cook,26,all_observed,268
2015,illinois_ex_cook,27,single_observed,192
2015,illinois_ex_cook,27,single_all,200
2015,illinois_ex_cook,27,all_observed,288
2015,illinois_ex_cook,28,single_observed,226
2015,illinois_ex_cook,28,single_all,228
2015,illinois_ex_cook,28,all_observed,320
2015,illinois_ex_cook,29,single_observed,83
2015,illinois_ex_cook,29,single_all,92
2015,illinois_ex_cook,29,all_observed,138
2015,illinois_ex_cook,30,single_observed,2028
2015,illinois_ex_cook,30,single_all,2162
2015,illinois_ex_cook,30,all_observed,2853
2015,illinois_ex_cook,31,single_observed,65
2015,illinois_ex_cook,31,single_all,71
2015,illinois_ex_cook,31,all_observed,108
2015,illinois_ex_cook,32,single_observed,164
2015,illinois_ex_cook,32,single_all,171
2015,illinois_ex_cook,32,all_observed,252
2015,illinois_ex_cook,33,single_observed,81
2015,illinois_ex_cook,33,single_all,84
2015,illinois_ex_cook,33,all_observed,122
2015,illinois_ex_cook,34,single_observed,75
2015,illinois_ex_cook,34,single_all,75
2015,illinois_ex_cook,34,all_observed,120
2015,illinois_ex_cook,35,single_observed,807
2015,illinois_ex_cook,35,single_all,841
2015,illinois_ex_cook,35,all_observed,1135
2015,illinois_ex_cook,36,single_observed,76
2015,illinois_ex_cook,36,single_all,76
2015,illinois_ex_cook,36,all_observed,119
2015,illinois_ex_cook,37,single_observed,79
2015,illinois_ex_cook,37,single_all,82
2015,illinois_ex_cook,37,all_observed,115
2015,illinois_ex_cook,38,single_observed,100
2015,illinois_ex_cook,38,single_all,100
2015,illinois_ex_cook,38,all_observed,138
2015,illinois_ex_cook,39,single_observed,46
2015,illinois_ex_cook,39,single_all,49
2015,illinois_ex_cook,39,all_observed,68
2015,illinois_ex_cook,40,single_observed,1171
2015,illinois_ex_cook,40,single_all,1210
2015,illinois_ex_cook,40,all_observed,1643
2015,illinois_ex_cook,41,single_observed,50
2015,illinois_ex_cook,41,single_all,51
2015,illinois_ex_cook,41,all_observed,90
2015,illinois_ex_cook,42,single_observed,99
2015,illinois_ex_cook,42,single_all,117
2015,illinois_ex_cook,42,all_observed,142
2015,illinois_ex_cook,43,single_observed,47
2015,illinois_ex_cook,43,single_all,47
2015,illinois_ex_cook,43,all_observed,71
2015,illinois_ex_cook,44,single_observed,39
2015,illinois_ex_cook,44,single_all,39
2015,illinois_ex_cook,44,all_observed,54
2015,illinois_ex_cook,45,single_observed,423
2015,illinois_ex_cook,45,single_all,426
2015,illinois_ex_cook,45,all_observed,625
2015,illinois_ex_cook,46,single_observed,32
2015,illinois_ex_cook,46,single_all,32
2015,illinois_ex_cook,46,all_observed,54
2015,illinois_ex_cook,47,single_observed,41
2015,illinois_ex_cook,47,single_all,41
2015,illinois_ex_cook,47,all_observed,60
2015,illinois_ex_cook,48,single_observed,57
2015,illinois_ex_cook,48,single_all,69
2015,illinois_ex_cook,48,all_observed,100
2015,illinois_ex_cook,49,single_observed,64
2015,illinois_ex_cook,49,single_all,72
2015,illinois_ex_cook,49,all_observed,91
2015,illinois_ex_cook,50,single_observed,1529
2015,illinois_ex_cook,50,single_all,1596
2015,illinois_ex_cook,50,all_observed,2135
2015,illinois_ex_cook,51,single_observed,98
2015,illinois_ex_cook,51,single_all,102
2015,illinois_ex_cook,51,all_observed,115
2015,illinois_ex_cook,52,single_observed,65
2015,illinois_ex_cook,52,single_all,71
2015,illinois_ex_cook,52,all_observed,93
2015,illinois_ex_cook,53,single_observed,33
2015,illinois_ex_cook,53,single_all,33
2015,illinois_ex_cook,53,all_observed,52
2015,illinois_ex_cook,54,single_observed,48
2015,illinois_ex_cook,54,single_all,48
2015,illinois_ex_cook,54,all_observed,72
2015,illinois_ex_cook,55,single_observed,233
2015,illinois_ex_cook,55,single_all,275
2015,illinois_ex_cook,55,all_observed,345
2015,illinois_ex_cook,56,single_observed,33
2015,illinois_ex_cook,56,single_all,33
2015,illinois_ex_cook,56,all_observed,44
2015,illinois_ex_cook,57,single_observed,25
2015,illinois_ex_cook,57,single_all,28
2015,illinois_ex_cook,57,all_observed,43
2015,illinois_ex_cook,58,single_observed,40
2015,illinois_ex_cook,58,single_all,68
2015,illinois_ex_cook,58,all_observed,53
2015,illinois_ex_cook,59,single_observed,19
2015,illinois_ex_cook,59,single_all,19
2015,illinois_ex_cook,59,all_observed,24
2015,illinois_ex_cook,60,single_observed,691
2015,illinois_ex_cook,60,single_all,772
2015,illinois_ex_cook,60,all_observed,1020
2015,illinois_ex_cook,61,single_observed,19
2015,illinois_ex_cook,61,single_all,19
2015,illinois_ex_cook,61,all_observed,26
2015,illinois_ex_cook,62,single_observed,25
2015,illinois_ex_cook,62,single_all,32
2015,illinois_ex_cook,62,all_observed,43
2015,illinois_ex_cook,63,single_observed,27
2015,illinois_ex_cook,63,single_all,27
2015,illinois_ex_cook,63,all_observed,42
2015,illinois_ex_cook,64,single_observed,14
2015,illinois_ex_cook,64,single_all,15
2015,illinois_ex_cook,64,all_observed,23
2015,illinois_ex_cook,65,single_observed,242
2015,illinois_ex_cook,65,single_all,242
2015,illinois_ex_cook,65,all_observed,370
2015,illinois_ex_cook,66,single_observed,15
2015,illinois_ex_cook,66,single_all,15
2015,illinois_ex_cook,66,all_observed,15
2015,illinois_ex_cook,67,single_observed,25
2015,illinois_ex_cook,67,single_all,25
2015,illinois_ex_cook,67,all_observed,37
2015,illinois_ex_cook,68,single_observed,19
2015,illinois_ex_cook,68,single_all,19
2015,illinois_ex_cook,68,all_observed,31
2015,illinois_ex_cook,69,single_observed,12
2015,illinois_ex_cook,69,single_all,13
2015,illinois_ex_cook,69,all_observed,17
2015,illinois_ex_cook,70,single_observed,377
2015,illinois_ex_cook,70,single_all,399
2015,illinois_ex_cook,70,all_observed,565
2015,illinois_ex_cook,71,single_observed,12
2015,illinois_ex_cook,71,single_all,12
2015,illinois_ex_cook,71,all_observed,18
2015,illinois_ex_cook,72,single_observed,31
2015,illinois_ex_cook,72,single_all,77
2015,illinois_ex_cook,72,all_observed,43
2015,illinois_ex_cook,73,single_observed,15
2015,illinois_ex_cook,73,single_all,15
2015,illinois_ex_cook,73,all_observed,21
2015,illinois_ex_cook,74,single_observed,16
2015,illinois_ex_cook,74,single_all,16
2015,illinois_ex_cook,74,all_observed,18
2015,illinois_ex_cook,75,single_observed,346
2015,illinois_ex_cook,75,single_all,346
2015,illinois_ex_cook,75,all_observed,504
2015,illinois_ex_cook,76,single_observed,8
2015,illinois_ex_cook,76,single_all,8
2015,illinois_ex_cook,76,all_observed,15
2015,illinois_ex_cook,77,single_observed,5
2015,illinois_ex_cook,77,single_all,5
2015,illinois_ex_cook,77,all_observed,7
2015,illinois_ex_cook,78,single_observed,15
2015,illinois_ex_cook,78,single_all,15
2015,illinois_ex_cook,78,all_observed,24
2015,illinois_ex_cook,79,single_observed,7
2015,illinois_ex_cook,79,single_all,7
2015,illinois_ex_cook,79,all_observed,12
2015,illinois_ex_cook,80,single_observed,345
2015,illinois_ex_cook,80,single_all,345
2015,illinois_ex_cook,80,all_observed,542
2016,chicago,20,single_observed,1031
2016,chicago,20,single_all,1310
2016,chicago,20,all_observed,1335
2016,chicago,21,single_observed,78
2016,chicago,21,single_all,94
2016,chicago,21,all_observed,109
2016,chicago,22,single_observed,112
2016,chicago,22,single_all,134
2016,chicago,22,all_observed,167
2016,chicago,23,single_observed,73
2016,chicago,23,single_all,101
2016,chicago,23,all_observed,104
2016,chicago,24,single_observed,76
2016,chicago,24,single_all,84
2016,chicago,24,all_observed,99
2016,chicago,25,single_observed,518
2016,chicago,25,single_all,585
2016,chicago,25,all_observed,671
2016,chicago,26,single_observed,63
2016,chicago,26,single_all,64
2016,chicago,26,all_observed,87
2016,chicago,27,single_observed,47
2016,chicago,27,single_all,68
2016,chicago,27,all_observed,67
2016,chicago,28,single_observed,46
2016,chicago,28,single_all,61
2016,chicago,28,all_observed,70
2016,chicago,29,single_observed,26
2016,chicago,29,single_all,28
2016,chicago,29,all_observed,38
2016,chicago,30,single_observed,656
2016,chicago,30,single_all,718
2016,chicago,30,all_observed,892
2016,chicago,31,single_observed,17
2016,chicago,31,single_all,21
2016,chicago,31,all_observed,28
2016,chicago,32,single_observed,41
2016,chicago,32,single_all,50
2016,chicago,32,all_observed,57
2016,chicago,33,single_observed,26
2016,chicago,33,single_all,31
2016,chicago,33,all_observed,32
2016,chicago,34,single_observed,17
2016,chicago,34,single_all,19
2016,chicago,34,all_observed,26
2016,chicago,35,single_observed,182
2016,chicago,35,single_all,196
2016,chicago,35,all_observed,269
2016,chicago,36,single_observed,17
2016,chicago,36,single_all,18
2016,chicago,36,all_observed,33
2016,chicago,37,single_observed,10
2016,chicago,37,single_all,10
2016,chicago,37,all_observed,18
2016,chicago,38,single_observed,16
2016,chicago,38,single_all,35
2016,chicago,38,all_observed,32
2016,chicago,39,single_observed,15
2016,chicago,39,single_all,15
2016,chicago,39,all_observed,23
2016,chicago,40,single_observed,344
2016,chicago,40,single_all,367
2016,chicago,40,all_observed,467
2016,chicago,41,single_observed,8
2016,chicago,41,single_all,8
2016,chicago,41,all_observed,25
2016,chicago,42,single_observed,28
2016,chicago,42,single_all,28
2016,chicago,42,all_observed,42
2016,chicago,43,single_observed,12
2016,chicago,43,single_all,13
2016,chicago,43,all_observed,15
2016,chicago,44,single_observed,12
2016,chicago,44,single_all,12
2016,chicago,44,all_observed,16
2016,chicago,45,single_observed,114
2016,chicago,45,single_all,144
2016,chicago,45,all_observed,163
2016,chicago,46,single_observed,8
2016,chicago,46,single_all,8
2016,chicago,46,all_observed,11
2016,chicago,47,single_observed,7
2016,chicago,47,single_all,13
2016,chicago,47,all_observed,14
2016,chicago,48,single_observed,14
2016,chicago,48,single_all,15
2016,chicago,48,all_observed,23
2016,chicago,49,single_observed,34
2016,chicago,49,single_all,37
2016,chicago,49,all_observed,38
2016,chicago,50,single_observed,493
2016,chicago,50,single_all,546
2016,chicago,50,all_observed,681
2016,chicago,51,single_observed,62
2016,chicago,51,single_all,63
2016,chicago,51,all_observed,69
2016,chicago,52,single_observed,15
2016,chicago,52,single_all,15
2016,chicago,52,all_observed,24
2016,chicago,53,single_observed,5
2016,chicago,53,single_all,12
2016,chicago,53,all_observed,8
2016,chicago,54,single_observed,8
2016,chicago,54,single_all,12
2016,chicago,54,all_observed,18
2016,chicago,55,single_observed,63
2016,chicago,55,single_all,69
2016,chicago,55,all_observed,95
2016,chicago,56,single_observed,6
2016,chicago,56,single_all,6
2016,chicago,56,all_observed,12
2016,chicago,57,single_observed,7
2016,chicago,57,single_all,7
2016,chicago,57,all_observed,9
2016,chicago,58,single_observed,10
2016,chicago,58,single_all,27
2016,chicago,58,all_observed,14
2016,chicago,59,single_observed,3
2016,chicago,59,single_all,7
2016,chicago,59,all_observed,6
2016,chicago,60,single_observed,220
2016,chicago,60,single_all,228
2016,chicago,60,all_observed,307
2016,chicago,61,single_observed,7
2016,chicago,61,single_all,8
2016,chicago,61,all_observed,10
2016,chicago,62,single_observed,9
2016,chicago,62,single_all,9
2016,chicago,62,all_observed,12
2016,chicago,63,single_observed,3
2016,chicago,63,single_all,3
2016,chicago,63,all_observed,6
2016,chicago,64,single_observed,2
2016,chicago,64,single_all,2
2016,chicago,64,all_observed,6
2016,chicago,65,single_observed,62
2016,chicago,65,single_all,62
2016,chicago,65,all_observed,90
2016,chicago,66,single_observed,1
2016,chicago,66,single_all,1
2016,chicago,66,all_observed,5
2016,chicago,67,single_observed,5
2016,chicago,67,single_all,5
2016,chicago,67,all_observed,7
2016,chicago,68,single_observed,7
2016,chicago,68,single_all,7
2016,chicago,68,all_observed,9
2016,chicago,69,single_observed,1
2016,chicago,69,single_all,1
2016,chicago,69,all_observed,6
2016,chicago,70,single_observed,106
2016,chicago,70,single_all,113
2016,chicago,70,all_observed,164
2016,chicago,71,single_observed,4
2016,chicago,71,single_all,6
2016,chicago,71,all_observed,8
2016,chicago,72,single_observed,9
2016,chicago,72,single_all,11
2016,chicago,72,all_observed,13
2016,chicago,73,single_observed,3
2016,chicago,73,single_all,3
2016,chicago,73,all_observed,6
2016,chicago,74,single_observed,6
2016,chicago,74,single_all,6
2016,chicago,74,all_observed,6
2016,chicago,75,single_observed,102
2016,chicago,75,single_all,102
2016,chicago,75,all_observed,155
2016,chicago,76,single_observed,2
2016,chicago,76,single_all,3
2016,chicago,76,all_observed,5
2016,chicago,77,single_observed,3
2016,chicago,77,single_all,3
2016,chicago,77,all_observed,3
2016,chicago,78,single_observed,4
2016,chicago,78,single_all,4
2016,chicago,78,all_observed,6
2016,chicago,79,single_observed,4
2016,chicago,79,single_all,4
2016,chicago,79,all_observed,5
2016,chicago,80,single_observed,128
2016,chicago,80,single_all,128
2016,chicago,80,all_observed,186
2016,cook_ex_chicago,20,single_observed,1092
2016,cook_ex_chicago,20,single_all,1405
2016,cook_ex_chicago,20,all_observed,1473
2016,cook_ex_chicago,21,single_observed,55
2016,cook_ex_chicago,21,single_all,72
2016,cook_ex_chicago,21,all_observed,107
2016,cook_ex_chicago,22,single_observed,139
2016,cook_ex_chicago,22,single_all,237
2016,cook_ex_chicago,22,all_observed,187
2016,cook_ex_chicago,23,single_observed,67
2016,cook_ex_chicago,23,single_all,86
2016,cook_ex_chicago,23,all_observed,114
2016,cook_ex_chicago,24,single_observed,82
2016,cook_ex_chicago,24,single_all,91
2016,cook_ex_chicago,24,all_observed,133
2016,cook_ex_chicago,25,single_observed,618
2016,cook_ex_chicago,25,single_all,714
2016,cook_ex_chicago,25,all_observed,834
2016,cook_ex_chicago,26,single_observed,49
2016,cook_ex_chicago,26,single_all,61
2016,cook_ex_chicago,26,all_observed,78
2016,cook_ex_chicago,27,single_observed,44
2016,cook_ex_chicago,27,single_all,51
2016,cook_ex_chicago,27,all_observed,63
2016,cook_ex_chicago,28,single_observed,50
2016,cook_ex_chicago,28,single_all,101
2016,cook_ex_chicago,28,all_observed,81
2016,cook_ex_chicago,29,single_observed,17
2016,cook_ex_chicago,29,single_all,21
2016,cook_ex_chicago,29,all_observed,30
2016,cook_ex_chicago,30,single_observed,712
2016,cook_ex_chicago,30,single_all,815
2016,cook_ex_chicago,30,all_observed,993
2016,cook_ex_chicago,31,single_observed,20
2016,cook_ex_chicago,31,single_all,28
2016,cook_ex_chicago,31,all_observed,28
2016,cook_ex_chicago,32,single_observed,46
2016,cook_ex_chicago,32,single_all,59
2016,cook_ex_chicago,32,all_observed,73
2016,cook_ex_chicago,33,single_observed,27
2016,cook_ex_chicago,33,single_all,34
2016,cook_ex_chicago,33,all_observed,40
2016,cook_ex_chicago,34,single_observed,20
2016,cook_ex_chicago,34,single_all,20
2016,cook_ex_chicago,34,all_observed,29
2016,cook_ex_chicago,35,single_observed,230
2016,cook_ex_chicago,35,single_all,254
2016,cook_ex_chicago,35,all_observed,347
2016,cook_ex_chicago,36,single_observed,27
2016,cook_ex_chicago,36,single_all,29
2016,cook_ex_chicago,36,all_observed,37
2016,cook_ex_chicago,37,single_observed,16
2016,cook_ex_chicago,37,single_all,16
2016,cook_ex_chicago,37,all_observed,22
2016,cook_ex_chicago,38,single_observed,18
2016,cook_ex_chicago,38,single_all,33
2016,cook_ex_chicago,38,all_observed,31
2016,cook_ex_chicago,39,single_observed,18
2016,cook_ex_chicago,39,single_all,18
2016,cook_ex_chicago,39,all_observed,25
2016,cook_ex_chicago,40,single_observed,407
2016,cook_ex_chicago,40,single_all,446
2016,cook_ex_chicago,40,all_observed,550
2016,cook_ex_chicago,41,single_observed,15
2016,cook_ex_chicago,41,single_all,15
2016,cook_ex_chicago,41,all_observed,43
2016,cook_ex_chicago,42,single_observed,19
2016,cook_ex_chicago,42,single_all,27
2016,cook_ex_chicago,42,all_observed,38
2016,cook_ex_chicago,43,single_observed,5
2016,cook_ex_chicago,43,single_all,6
2016,cook_ex_chicago,43,all_observed,17
2016,cook_ex_chicago,44,single_observed,12
2016,cook_ex_chicago,44,single_all,12
2016,cook_ex_chicago,44,all_observed,21
2016,cook_ex_chicago,45,single_observed,133
2016,cook_ex_chicago,45,single_all,160
2016,cook_ex_chicago,45,all_observed,195
2016,cook_ex_chicago,46,single_observed,8
2016,cook_ex_chicago,46,single_all,8
2016,cook_ex_chicago,46,all_observed,13
2016,cook_ex_chicago,47,single_observed,10
2016,cook_ex_chicago,47,single_all,14
2016,cook_ex_chicago,47,all_observed,17
2016,cook_ex_chicago,48,single_observed,17
2016,cook_ex_chicago,48,single_all,27
2016,cook_ex_chicago,48,all_observed,23
2016,cook_ex_chicago,49,single_observed,28
2016,cook_ex_chicago,49,single_all,31
2016,cook_ex_chicago,49,all_observed,36
2016,cook_ex_chicago,50,single_observed,599
2016,cook_ex_chicago,50,single_all,678
2016,cook_ex_chicago,50,all_observed,833
2016,cook_ex_chicago,51,single_observed,51
2016,cook_ex_chicago,51,single_all,52
2016,cook_ex_chicago,51,all_observed,63
2016,cook_ex_chicago,52,single_observed,22
2016,cook_ex_chicago,52,single_all,22
2016,cook_ex_chicago,52,all_observed,35
2016,cook_ex_chicago,53,single_observed,8
2016,cook_ex_chicago,53,single_all,18
2016,cook_ex_chicago,53,all_observed,11
2016,cook_ex_chicago,54,single_observed,12
2016,cook_ex_chicago,54,single_all,15
2016,cook_ex_chicago,54,all_observed,18
2016,cook_ex_chicago,55,single_observed,70
2016,cook_ex_chicago,55,single_all,85
2016,cook_ex_chicago,55,all_observed,99
2016,cook_ex_chicago,56,single_observed,8
2016,cook_ex_chicago,56,single_all,8
2016,cook_ex_chicago,56,all_observed,15
2016,cook_ex_chicago,57,single_observed,6
2016,cook_ex_chicago,57,single_all,7
2016,cook_ex_chicago,57,all_observed,10
2016,cook_ex_chicago,58,single_observed,5
2016,cook_ex_chicago,58,single_all,24
2016,cook_ex_chicago,58,all_observed,9
2016,cook_ex_chicago,59,single_observed,3
2016,cook_ex_chicago,59,single_all,12
2016,cook_ex_chicago,59,all_observed,5
2016,cook_ex_chicago,60,single_observed,248
2016,cook_ex_chicago,60,single_all,280
2016,cook_ex_chicago,60,all_observed,349
2016,cook_ex_chicago,61,single_observed,3
2016,cook_ex_chicago,61,single_all,7
2016,cook_ex_chicago,61,all_observed,4
2016,cook_ex_chicago,62,single_observed,9
2016,cook_ex_chicago,62,single_all,10
2016,cook_ex_chicago,62,all_observed,12
2016,cook_ex_chicago,63,single_observed,1
2016,cook_ex_chicago,63,single_all,1
2016,cook_ex_chicago,63,all_observed,4
2016,cook_ex_chicago,64,single_observed,6
2016,cook_ex_chicago,64,single_all,7
2016,cook_ex_chicago,64,all_observed,9
2016,cook_ex_chicago,65,single_observed,66
2016,cook_ex_chicago,65,single_all,70
2016,cook_ex_chicago,65,all_observed,103
2016,cook_ex_chicago,66,single_observed,6
2016,cook_ex_chicago,66,single_all,6
2016,cook_ex_chicago,66,all_observed,8
2016,cook_ex_chicago,67,single_observed,3
2016,cook_ex_chicago,67,single_all,3
2016,cook_ex_chicago,67,all_observed,6
2016,cook_ex_chicago,68,single_observed,7
2016,cook_ex_chicago,68,single_all,7
2016,cook_ex_chicago,68,all_observed,9
2016,cook_ex_chicago,69,single_observed,4
2016,cook_ex_chicago,69,single_all,4
2016,cook_ex_chicago,69,all_observed,5
2016,cook_ex_chicago,70,single_observed,149
2016,cook_ex_chicago,70,single_all,153
2016,cook_ex_chicago,70,all_observed,206
2016,cook_ex_chicago,71,single_observed,5
2016,cook_ex_chicago,71,single_all,6
2016,cook_ex_chicago,71,all_observed,6
2016,cook_ex_chicago,72,single_observed,9
2016,cook_ex_chicago,72,single_all,17
2016,cook_ex_chicago,72,all_observed,12
2016,cook_ex_chicago,73,single_observed,3
2016,cook_ex_chicago,73,single_all,3
2016,cook_ex_chicago,73,all_observed,4
2016,cook_ex_chicago,74,single_observed,3
2016,cook_ex_chicago,74,single_all,3
2016,cook_ex_chicago,74,all_observed,4
2016,cook_ex_chicago,75,single_observed,118
2016,cook_ex_chicago,75,single_all,122
2016,cook_ex_chicago,75,all_observed,162
2016,cook_ex_chicago,76,single_observed,4
2016,cook_ex_chicago,76,single_all,5
2016,cook_ex_chicago,76,all_observed,5
2016,cook_ex_chicago,77,single_observed,6
2016,cook_ex_chicago,77,single_all,6
2016,cook_ex_chicago,77,all_observed,6
2016,cook_ex_chicago,78,single_observed,4
2016,cook_ex_chicago,78,single_all,4
2016,cook_ex_chicago,78,all_observed,6
2016,cook_ex_chicago,79,single_observed,1
2016,cook_ex_chicago,79,single_all,1
2016,cook_ex_chicago,79,all_observed,3
2016,cook_ex_chicago,80,single_observed,125
2016,cook_ex_chicago,80,single_all,126
2016,cook_ex_chicago,80,all_observed,183
2016,illinois_ex_cook,20,single_observed,3208
2016,illinois_ex_cook,20,single_all,3786
2016,illinois_ex_cook,20,all_observed,4566
2016,illinois_ex_cook,21,single_observed,231
2016,illinois_ex_cook,21,single_all,320
2016,illinois_ex_cook,21,all_observed,408
2016,illinois_ex_cook,22,single_observed,424
2016,illinois_ex_cook,22,single_all,759
2016,illinois_ex_cook,22,all_observed,650
2016,illinois_ex_cook,23,single_observed,253
2016,illinois_ex_cook,23,single_all,514
2016,illinois_ex_cook,23,all_observed,418
2016,illinois_ex_cook,24,single_observed,281
2016,illinois_ex_cook,24,single_all,418
2016,illinois_ex_cook,24,all_observed,449
2016,illinois_ex_cook,25,single_observed,1823
2016,illinois_ex_cook,25,single_all,2075
2016,illinois_ex_cook,25,all_observed,2599
2016,illinois_ex_cook,26,single_observed,172
2016,illinois_ex_cook,26,single_all,201
2016,illinois_ex_cook,26,all_observed,264
2016,illinois_ex_cook,27,single_observed,186
2016,illinois_ex_cook,27,single_all,205
2016,illinois_ex_cook,27,all_observed,279
2016,illinois_ex_cook,28,single_observed,213
2016,illinois_ex_cook,28,single_all,295
2016,illinois_ex_cook,28,all_observed,310
2016,illinois_ex_cook,29,single_observed,86
2016,illinois_ex_cook,29,single_all,122
2016,illinois_ex_cook,29,all_observed,142
2016,illinois_ex_cook,30,single_observed,1993
2016,illinois_ex_cook,30,single_all,2300
2016,illinois_ex_cook,30,all_observed,2811
2016,illinois_ex_cook,31,single_observed,73
2016,illinois_ex_cook,31,single_all,122
2016,illinois_ex_cook,31,all_observed,118
2016,illinois_ex_cook,32,single_observed,165
2016,illinois_ex_cook,32,single_all,198
2016,illinois_ex_cook,32,all_observed,254
2016,illinois_ex_cook,33,single_observed,87
2016,illinois_ex_cook,33,single_all,140
2016,illinois_ex_cook,33,all_observed,127
2016,illinois_ex_cook,34,single_observed,75
2016,illinois_ex_cook,34,single_all,86
2016,illinois_ex_cook,34,all_observed,119
2016,illinois_ex_cook,35,single_observed,799
2016,illinois_ex_cook,35,single_all,846
2016,illinois_ex_cook,35,all_observed,1133
2016,illinois_ex_cook,36,single_observed,78
2016,illinois_ex_cook,36,single_all,98
2016,illinois_ex_cook,36,all_observed,120
2016,illinois_ex_cook,37,single_observed,73
2016,illinois_ex_cook,37,single_all,108
2016,illinois_ex_cook,37,all_observed,111
2016,illinois_ex_cook,38,single_observed,100
2016,illinois_ex_cook,38,single_all,166
2016,illinois_ex_cook,38,all_observed,136
2016,illinois_ex_cook,39,single_observed,40
2016,illinois_ex_cook,39,single_all,41
2016,illinois_ex_cook,39,all_observed,67
2016,illinois_ex_cook,40,single_observed,1156
2016,illinois_ex_cook,40,single_all,1278
2016,illinois_ex_cook,40,all_observed,1641
2016,illinois_ex_cook,41,single_observed,52
2016,illinois_ex_cook,41,single_all,61
2016,illinois_ex_cook,41,all_observed,89
2016,illinois_ex_cook,42,single_observed,93
2016,illinois_ex_cook,42,single_all,96
2016,illinois_ex_cook,42,all_observed,133
2016,illinois_ex_cook,43,single_observed,42
2016,illinois_ex_cook,43,single_all,72
2016,illinois_ex_cook,43,all_observed,66
2016,illinois_ex_cook,44,single_observed,40
2016,illinois_ex_cook,44,single_all,42
2016,illinois_ex_cook,44,all_observed,55
2016,illinois_ex_cook,45,single_observed,415
2016,illinois_ex_cook,45,single_all,451
2016,illinois_ex_cook,45,all_observed,612
2016,illinois_ex_cook,46,single_observed,33
2016,illinois_ex_cook,46,single_all,40
2016,illinois_ex_cook,46,all_observed,56
2016,illinois_ex_cook,47,single_observed,41
2016,illinois_ex_cook,47,single_all,48
2016,illinois_ex_cook,47,all_observed,58
2016,illinois_ex_cook,48,single_observed,53
2016,illinois_ex_cook,48,single_all,88
2016,illinois_ex_cook,48,all_observed,91
2016,illinois_ex_cook,49,single_observed,62
2016,illinois_ex_cook,49,single_all,68
2016,illinois_ex_cook,49,all_observed,89
2016,illinois_ex_cook,50,single_observed,1508
2016,illinois_ex_cook,50,single_all,1619
2016,illinois_ex_cook,50,all_observed,2120
2016,illinois_ex_cook,51,single_observed,110
2016,illinois_ex_cook,51,single_all,133
2016,illinois_ex_cook,51,all_observed,126
2016,illinois_ex_cook,52,single_observed,65
2016,illinois_ex_cook,52,single_all,84
2016,illinois_ex_cook,52,all_observed,93
2016,illinois_ex_cook,53,single_observed,34
2016,illinois_ex_cook,53,single_all,38
2016,illinois_ex_cook,53,all_observed,51
2016,illinois_ex_cook,54,single_observed,48
2016,illinois_ex_cook,54,single_all,52
2016,illinois_ex_cook,54,all_observed,71
2016,illinois_ex_cook,55,single_observed,238
2016,illinois_ex_cook,55,single_all,349
2016,illinois_ex_cook,55,all_observed,351
2016,illinois_ex_cook,56,single_observed,32
2016,illinois_ex_cook,56,single_all,41
2016,illinois_ex_cook,56,all_observed,45
2016,illinois_ex_cook,57,single_observed,27
2016,illinois_ex_cook,57,single_all,37
2016,illinois_ex_cook,57,all_observed,44
2016,illinois_ex_cook,58,single_observed,45
2016,illinois_ex_cook,58,single_all,46
2016,illinois_ex_cook,58,all_observed,57
2016,illinois_ex_cook,59,single_observed,18
2016,illinois_ex_cook,59,single_all,49
2016,illinois_ex_cook,59,all_observed,22
2016,illinois_ex_cook,60,single_observed,676
2016,illinois_ex_cook,60,single_all,780
2016,illinois_ex_cook,60,all_observed,1017
2016,illinois_ex_cook,61,single_observed,21
2016,illinois_ex_cook,61,single_all,21
2016,illinois_ex_cook,61,all_observed,28
2016,illinois_ex_cook,62,single_observed,25
2016,illinois_ex_cook,62,single_all,25
2016,illinois_ex_cook,62,all_observed,44
2016,illinois_ex_cook,63,single_observed,25
2016,illinois_ex_cook,63,single_all,34
2016,illinois_ex_cook,63,all_observed,41
2016,illinois_ex_cook,64,single_observed,12
2016,illinois_ex_cook,64,single_all,13
2016,illinois_ex_cook,64,all_observed,24
2016,illinois_ex_cook,65,single_observed,230
2016,illinois_ex_cook,65,single_all,239
2016,illinois_ex_cook,65,all_observed,361
2016,illinois_ex_cook,66,single_observed,15
2016,illinois_ex_cook,66,single_all,15
2016,illinois_ex_cook,66,all_observed,15
2016,illinois_ex_cook,67,single_observed,26
2016,illinois_ex_cook,67,single_all,26
2016,illinois_ex_cook,67,all_observed,38
2016,illinois_ex_cook,68,single_observed,18
2016,illinois_ex_cook,68,single_all,18
2016,illinois_ex_cook,68,all_observed,31
2016,illinois_ex_cook,69,single_observed,12
2016,illinois_ex_cook,69,single_all,12
2016,illinois_ex_cook,69,all_observed,17
2016,illinois_ex_cook,70,single_observed,379
2016,illinois_ex_cook,70,single_all,396
2016,illinois_ex_cook,70,all_observed,573
2016,illinois_ex_cook,71,single_observed,9
2016,illinois_ex_cook,71,single_all,9
2016,illinois_ex_cook,71,all_observed,15
2016,illinois_ex_cook,72,single_observed,36
2016,illinois_ex_cook,72,single_all,76
2016,illinois_ex_cook,72,all_observed,48
2016,illinois_ex_cook,73,single_observed,15
2016,illinois_ex_cook,73,single_all,34
2016,illinois_ex_cook,73,all_observed,22
2016,illinois_ex_cook,74,single_observed,15
2016,illinois_ex_cook,74,single_all,15
2016,illinois_ex_cook,74,all_observed,17
2016,illinois_ex_cook,75,single_observed,339
2016,illinois_ex_cook,75,single_all,341
2016,illinois_ex_cook,75,all_observed,492
2016,illinois_ex_cook,76,single_observed,9
2016,illinois_ex_cook,76,single_all,9
2016,illinois_ex_cook,76,all_observed,15
2016,illinois_ex_cook,77,single_observed,6
2016,illinois_ex_cook,77,single_all,8
2016,illinois_ex_cook,77,all_observed,8
2016,illinois_ex_cook,78,single_observed,15
2016,illinois_ex_cook,78,single_all,15
2016,illinois_ex_cook,78,all_observed,22
2016,illinois_ex_cook,79,single_observed,7
2016,illinois_ex_cook,79,single_all,10
2016,illinois_ex_cook,79,all_observed,12
2016,illinois_ex_cook,80,single_observed,342
2016,illinois_ex_cook,80,single_all,356
2016,illinois_ex_cook,80,all_observed,547
2017,chicago,20,single_observed,997
2017,chicago,20,single_all,1228
2017,chicago,20,all_observed,1296
2017,chicago,21,single_observed,73
2017,chicago,21,single_all,88
2017,chicago,21,all_observed,110
2017,chicago,22,single_observed,107
2017,chicago,22,single_all,126
2017,chicago,22,all_observed,164
2017,chicago,23,single_observed,68
2017,chicago,23,single_all,80
2017,chicago,23,all_observed,98
2017,chicago,24,single_observed,73
2017,chicago,24,single_all,77
2017,chicago,24,all_observed,96
2017,chicago,25,single_observed,491
2017,chicago,25,single_all,553
2017,chicago,25,all_observed,639
2017,chicago,26,single_observed,59
2017,chicago,26,single_all,60
2017,chicago,26,all_observed,83
2017,chicago,27,single_observed,45
2017,chicago,27,single_all,67
2017,chicago,27,all_observed,63
2017,chicago,28,single_observed,48
2017,chicago,28,single_all,51
2017,chicago,28,all_observed,74
2017,chicago,29,single_observed,20
2017,chicago,29,single_all,21
2017,chicago,29,all_observed,30
2017,chicago,30,single_observed,616
2017,chicago,30,single_all,655
2017,chicago,30,all_observed,841
2017,chicago,31,single_observed,15
2017,chicago,31,single_all,19
2017,chicago,31,all_observed,26
2017,chicago,32,single_observed,41
2017,chicago,32,single_all,52
2017,chicago,32,all_observed,57
2017,chicago,33,single_observed,23
2017,chicago,33,single_all,28
2017,chicago,33,all_observed,29
2017,chicago,34,single_observed,16
2017,chicago,34,single_all,19
2017,chicago,34,all_observed,27
2017,chicago,35,single_observed,170
2017,chicago,35,single_all,184
2017,chicago,35,all_observed,254
2017,chicago,36,single_observed,14
2017,chicago,36,single_all,15
2017,chicago,36,all_observed,28
2017,chicago,37,single_observed,10
2017,chicago,37,single_all,10
2017,chicago,37,all_observed,17
2017,chicago,38,single_observed,16
2017,chicago,38,single_all,18
2017,chicago,38,all_observed,30
2017,chicago,39,single_observed,13
2017,chicago,39,single_all,13
2017,chicago,39,all_observed,20
2017,chicago,40,single_observed,329
2017,chicago,40,single_all,351
2017,chicago,40,all_observed,452
2017,chicago,41,single_observed,6
2017,chicago,41,single_all,6
2017,chicago,41,all_observed,21
2017,chicago,42,single_observed,28
2017,chicago,42,single_all,28
2017,chicago,42,all_observed,40
2017,chicago,43,single_observed,13
2017,chicago,43,single_all,15
2017,chicago,43,all_observed,16
2017,chicago,44,single_observed,11
2017,chicago,44,single_all,11
2017,chicago,44,all_observed,15
2017,chicago,45,single_observed,103
2017,chicago,45,single_all,144
2017,chicago,45,all_observed,159
2017,chicago,46,single_observed,7
2017,chicago,46,single_all,7
2017,chicago,46,all_observed,10
2017,chicago,47,single_observed,8
2017,chicago,47,single_all,14
2017,chicago,47,all_observed,16
2017,chicago,48,single_observed,9
2017,chicago,48,single_all,11
2017,chicago,48,all_observed,19
2017,chicago,49,single_observed,34
2017,chicago,49,single_all,36
2017,chicago,49,all_observed,38
2017,chicago,50,single_observed,459
2017,chicago,50,single_all,503
2017,chicago,50,all_observed,647
2017,chicago,51,single_observed,64
2017,chicago,51,single_all,66
2017,chicago,51,all_observed,71
2017,chicago,52,single_observed,16
2017,chicago,52,single_all,16
2017,chicago,52,all_observed,23
2017,chicago,53,single_observed,4
2017,chicago,53,single_all,7
2017,chicago,53,all_observed,7
2017,chicago,54,single_observed,8
2017,chicago,54,single_all,10
2017,chicago,54,all_observed,17
2017,chicago,55,single_observed,63
2017,chicago,55,single_all,74
2017,chicago,55,all_observed,94
2017,chicago,56,single_observed,5
2017,chicago,56,single_all,5
2017,chicago,56,all_observed,10
2017,chicago,57,single_observed,7
2017,chicago,57,single_all,10
2017,chicago,57,all_observed,9
2017,chicago,58,single_observed,11
2017,chicago,58,single_all,27
2017,chicago,58,all_observed,15
2017,chicago,59,single_observed,4
2017,chicago,59,single_all,8
2017,chicago,59,all_observed,7
2017,chicago,60,single_observed,209
2017,chicago,60,single_all,217
2017,chicago,60,all_observed,299
2017,chicago,61,single_observed,6
2017,chicago,61,single_all,6
2017,chicago,61,all_observed,8
2017,chicago,62,single_observed,11
2017,chicago,62,single_all,11
2017,chicago,62,all_observed,14
2017,chicago,63,single_observed,2
2017,chicago,63,single_all,2
2017,chicago,63,all_observed,5
2017,chicago,64,single_observed,3
2017,chicago,64,single_all,3
2017,chicago,64,all_observed,7
2017,chicago,65,single_observed,65
2017,chicago,65,single_all,65
2017,chicago,65,all_observed,90
2017,chicago,66,single_observed,1
2017,chicago,66,single_all,1
2017,chicago,66,all_observed,4
2017,chicago,67,single_observed,4
2017,chicago,67,single_all,4
2017,chicago,67,all_observed,5
2017,chicago,68,single_observed,7
2017,chicago,68,single_all,7
2017,chicago,68,all_observed,10
2017,chicago,69,single_observed,1
2017,chicago,69,single_all,1
2017,chicago,69,all_observed,5
2017,chicago,70,single_observed,107
2017,chicago,70,single_all,114
2017,chicago,70,all_observed,166
2017,chicago,71,single_observed,4
2017,chicago,71,single_all,4
2017,chicago,71,all_observed,7
2017,chicago,72,single_observed,8
2017,chicago,72,single_all,9
2017,chicago,72,all_observed,11
2017,chicago,73,single_observed,3
2017,chicago,73,single_all,3
2017,chicago,73,all_observed,6
2017,chicago,74,single_observed,6
2017,chicago,74,single_all,6
2017,chicago,74,all_observed,6
2017,chicago,75,single_observed,93
2017,chicago,75,single_all,93
2017,chicago,75,all_observed,143
2017,chicago,76,single_observed,1
2017,chicago,76,single_all,2
2017,chicago,76,all_observed,4
2017,chicago,77,single_observed,3
2017,chicago,77,single_all,3
2017,chicago,77,all_observed,3
2017,chicago,78,single_observed,4
2017,chicago,78,single_all,4
2017,chicago,78,all_observed,6
2017,chicago,79,single_observed,4
2017,chicago,79,single_all,4
2017,chicago,79,all_observed,5
2017,chicago,80,single_observed,122
2017,chicago,80,single_all,122
2017,chicago,80,all_observed,175
2017,cook_ex_chicago,20,single_observed,1051
2017,cook_ex_chicago,20,single_all,1332
2017,cook_ex_chicago,20,all_observed,1428
2017,cook_ex_chicago,21,single_observed,58
2017,cook_ex_chicago,21,single_all,77
2017,cook_ex_chicago,21,all_observed,111
2017,cook_ex_chicago,22,single_observed,136
2017,cook_ex_chicago,22,single_all,209
2017,cook_ex_chicago,22,all_observed,187
2017,cook_ex_chicago,23,single_observed,65
2017,cook_ex_chicago,23,single_all,76
2017,cook_ex_chicago,23,all_observed,112
2017,cook_ex_chicago,24,single_observed,80
2017,cook_ex_chicago,24,single_all,87
2017,cook_ex_chicago,24,all_observed,130
2017,cook_ex_chicago,25,single_observed,587
2017,cook_ex_chicago,25,single_all,678
2017,cook_ex_chicago,25,all_observed,795
2017,cook_ex_chicago,26,single_observed,46
2017,cook_ex_chicago,26,single_all,58
2017,cook_ex_chicago,26,all_observed,73
2017,cook_ex_chicago,27,single_observed,37
2017,cook_ex_chicago,27,single_all,42
2017,cook_ex_chicago,27,all_observed,57
2017,cook_ex_chicago,28,single_observed,49
2017,cook_ex_chicago,28,single_all,54
2017,cook_ex_chicago,28,all_observed,81
2017,cook_ex_chicago,29,single_observed,17
2017,cook_ex_chicago,29,single_all,19
2017,cook_ex_chicago,29,all_observed,28
2017,cook_ex_chicago,30,single_observed,693
2017,cook_ex_chicago,30,single_all,763
2017,cook_ex_chicago,30,all_observed,969
2017,cook_ex_chicago,31,single_observed,18
2017,cook_ex_chicago,31,single_all,24
2017,cook_ex_chicago,31,all_observed,26
2017,cook_ex_chicago,32,single_observed,37
2017,cook_ex_chicago,32,single_all,44
2017,cook_ex_chicago,32,all_observed,63
2017,cook_ex_chicago,33,single_observed,26
2017,cook_ex_chicago,33,single_all,28
2017,cook_ex_chicago,33,all_observed,37
2017,cook_ex_chicago,34,single_observed,17
2017,cook_ex_chicago,34,single_all,18
2017,cook_ex_chicago,34,all_observed,26
2017,cook_ex_chicago,35,single_observed,230
2017,cook_ex_chicago,35,single_all,251
2017,cook_ex_chicago,35,all_observed,335
2017,cook_ex_chicago,36,single_observed,25
2017,cook_ex_chicago,36,single_all,27
2017,cook_ex_chicago,36,all_observed,35
2017,cook_ex_chicago,37,single_observed,16
2017,cook_ex_chicago,37,single_all,16
2017,cook_ex_chicago,37,all_observed,23
2017,cook_ex_chicago,38,single_observed,19
2017,cook_ex_chicago,38,single_all,22
2017,cook_ex_chicago,38,all_observed,32
2017,cook_ex_chicago,39,single_observed,16
2017,cook_ex_chicago,39,single_all,16
2017,cook_ex_chicago,39,all_observed,24
2017,cook_ex_chicago,40,single_observed,392
2017,cook_ex_chicago,40,single_all,430
2017,cook_ex_chicago,40,all_observed,524
2017,cook_ex_chicago,41,single_observed,15
2017,cook_ex_chicago,41,single_all,15
2017,cook_ex_chicago,41,all_observed,38
2017,cook_ex_chicago,42,single_observed,21
2017,cook_ex_chicago,42,single_all,27
2017,cook_ex_chicago,42,all_observed,40
2017,cook_ex_chicago,43,single_observed,8
2017,cook_ex_chicago,43,single_all,9
2017,cook_ex_chicago,43,all_observed,19
2017,cook_ex_chicago,44,single_observed,12
2017,cook_ex_chicago,44,single_all,12
2017,cook_ex_chicago,44,all_observed,21
2017,cook_ex_chicago,45,single_observed,123
2017,cook_ex_chicago,45,single_all,149
2017,cook_ex_chicago,45,all_observed,190
2017,cook_ex_chicago,46,single_observed,8
2017,cook_ex_chicago,46,single_all,8
2017,cook_ex_chicago,46,all_observed,13
2017,cook_ex_chicago,47,single_observed,10
2017,cook_ex_chicago,47,single_all,16
2017,cook_ex_chicago,47,all_observed,17
2017,cook_ex_chicago,48,single_observed,15
2017,cook_ex_chicago,48,single_all,23
2017,cook_ex_chicago,48,all_observed,21
2017,cook_ex_chicago,49,single_observed,27
2017,cook_ex_chicago,49,single_all,28
2017,cook_ex_chicago,49,all_observed,33
2017,cook_ex_chicago,50,single_observed,591
2017,cook_ex_chicago,50,single_all,661
2017,cook_ex_chicago,50,all_observed,818
2017,cook_ex_chicago,51,single_observed,49
2017,cook_ex_chicago,51,single_all,49
2017,cook_ex_chicago,51,all_observed,59
2017,cook_ex_chicago,52,single_observed,21
2017,cook_ex_chicago,52,single_all,21
2017,cook_ex_chicago,52,all_observed,30
2017,cook_ex_chicago,53,single_observed,7
2017,cook_ex_chicago,53,single_all,11
2017,cook_ex_chicago,53,all_observed,11
2017,cook_ex_chicago,54,single_observed,9
2017,cook_ex_chicago,54,single_all,12
2017,cook_ex_chicago,54,all_observed,15
2017,cook_ex_chicago,55,single_observed,70
2017,cook_ex_chicago,55,single_all,86
2017,cook_ex_chicago,55,all_observed,95
2017,cook_ex_chicago,56,single_observed,8
2017,cook_ex_chicago,56,single_all,8
2017,cook_ex_chicago,56,all_observed,14
2017,cook_ex_chicago,57,single_observed,7
2017,cook_ex_chicago,57,single_all,12
2017,cook_ex_chicago,57,all_observed,11
2017,cook_ex_chicago,58,single_observed,5
2017,cook_ex_chicago,58,single_all,24
2017,cook_ex_chicago,58,all_observed,9
2017,cook_ex_chicago,59,single_observed,2
2017,cook_ex_chicago,59,single_all,11
2017,cook_ex_chicago,59,all_observed,5
2017,cook_ex_chicago,60,single_observed,251
2017,cook_ex_chicago,60,single_all,279
2017,cook_ex_chicago,60,all_observed,347
2017,cook_ex_chicago,61,single_observed,3
2017,cook_ex_chicago,61,single_all,6
2017,cook_ex_chicago,61,all_observed,4
2017,cook_ex_chicago,62,single_observed,9
2017,cook_ex_chicago,62,single_all,10
2017,cook_ex_chicago,62,all_observed,12
2017,cook_ex_chicago,63,single_observed,2
2017,cook_ex_chicago,63,single_all,2
2017,cook_ex_chicago,63,all_observed,5
2017,cook_ex_chicago,64,single_observed,5
2017,cook_ex_chicago,64,single_all,6
2017,cook_ex_chicago,64,all_observed,9
2017,cook_ex_chicago,65,single_observed,62
2017,cook_ex_chicago,65,single_all,63
2017,cook_ex_chicago,65,all_observed,100
2017,cook_ex_chicago,66,single_observed,6
2017,cook_ex_chicago,66,single_all,6
2017,cook_ex_chicago,66,all_observed,8
2017,cook_ex_chicago,67,single_observed,4
2017,cook_ex_chicago,67,single_all,4
2017,cook_ex_chicago,67,all_observed,7
2017,cook_ex_chicago,68,single_observed,6
2017,cook_ex_chicago,68,single_all,6
2017,cook_ex_chicago,68,all_observed,8
2017,cook_ex_chicago,69,single_observed,4
2017,cook_ex_chicago,69,single_all,4
2017,cook_ex_chicago,69,all_observed,5
2017,cook_ex_chicago,70,single_observed,144
2017,cook_ex_chicago,70,single_all,146
2017,cook_ex_chicago,70,all_observed,197
2017,cook_ex_chicago,71,single_observed,5
2017,cook_ex_chicago,71,single_all,6
2017,cook_ex_chicago,71,all_observed,7
2017,cook_ex_chicago,72,single_observed,8
2017,cook_ex_chicago,72,single_all,15
2017,cook_ex_chicago,72,all_observed,11
2017,cook_ex_chicago,73,single_observed,3
2017,cook_ex_chicago,73,single_all,3
2017,cook_ex_chicago,73,all_observed,4
2017,cook_ex_chicago,74,single_observed,3
2017,cook_ex_chicago,74,single_all,3
2017,cook_ex_chicago,74,all_observed,4
2017,cook_ex_chicago,75,single_observed,113
2017,cook_ex_chicago,75,single_all,114
2017,cook_ex_chicago,75,all_observed,152
2017,cook_ex_chicago,76,single_observed,4
2017,cook_ex_chicago,76,single_all,5
2017,cook_ex_chicago,76,all_observed,5
2017,cook_ex_chicago,77,single_observed,6
2017,cook_ex_chicago,77,single_all,6
2017,cook_ex_chicago,77,all_observed,6
2017,cook_ex_chicago,78,single_observed,4
2017,cook_ex_chicago,78,single_all,4
2017,cook_ex_chicago,78,all_observed,6
2017,cook_ex_chicago,79,single_observed,1
2017,cook_ex_chicago,79,single_all,1
2017,cook_ex_chicago,79,all_observed,3
2017,cook_ex_chicago,80,single_observed,125
2017,cook_ex_chicago,80,single_all,126
2017,cook_ex_chicago,80,all_observed,187
2017,illinois_ex_cook,20,single_observed,3171
2017,illinois_ex_cook,20,single_all,3648
2017,illinois_ex_cook,20,all_observed,4540
2017,illinois_ex_cook,21,single_observed,235
2017,illinois_ex_cook,21,single_all,303
2017,illinois_ex_cook,21,all_observed,419
2017,illinois_ex_cook,22,single_observed,410
2017,illinois_ex_cook,22,single_all,639
2017,illinois_ex_cook,22,all_observed,646
2017,illinois_ex_cook,23,single_observed,250
2017,illinois_ex_cook,23,single_all,483
2017,illinois_ex_cook,23,all_observed,411
2017,illinois_ex_cook,24,single_observed,283
2017,illinois_ex_cook,24,single_all,407
2017,illinois_ex_cook,24,all_observed,451
2017,illinois_ex_cook,25,single_observed,1768
2017,illinois_ex_cook,25,single_all,1977
2017,illinois_ex_cook,25,all_observed,2549
2017,illinois_ex_cook,26,single_observed,164
2017,illinois_ex_cook,26,single_all,190
2017,illinois_ex_cook,26,all_observed,255
2017,illinois_ex_cook,27,single_observed,178
2017,illinois_ex_cook,27,single_all,202
2017,illinois_ex_cook,27,all_observed,272
2017,illinois_ex_cook,28,single_observed,215
2017,illinois_ex_cook,28,single_all,289
2017,illinois_ex_cook,28,all_observed,310
2017,illinois_ex_cook,29,single_observed,91
2017,illinois_ex_cook,29,single_all,125
2017,illinois_ex_cook,29,all_observed,146
2017,illinois_ex_cook,30,single_observed,1958
2017,illinois_ex_cook,30,single_all,2205
2017,illinois_ex_cook,30,all_observed,2781
2017,illinois_ex_cook,31,single_observed,74
2017,illinois_ex_cook,31,single_all,124
2017,illinois_ex_cook,31,all_observed,116
2017,illinois_ex_cook,32,single_observed,158
2017,illinois_ex_cook,32,single_all,186
2017,illinois_ex_cook,32,all_observed,254
2017,illinois_ex_cook,33,single_observed,86
2017,illinois_ex_cook,33,single_all,132
2017,illinois_ex_cook,33,all_observed,130
2017,illinois_ex_cook,34,single_observed,75
2017,illinois_ex_cook,34,single_all,84
2017,illinois_ex_cook,34,all_observed,116
2017,illinois_ex_cook,35,single_observed,785
2017,illinois_ex_cook,35,single_all,826
2017,illinois_ex_cook,35,all_observed,1121
2017,illinois_ex_cook,36,single_observed,75
2017,illinois_ex_cook,36,single_all,97
2017,illinois_ex_cook,36,all_observed,120
2017,illinois_ex_cook,37,single_observed,71
2017,illinois_ex_cook,37,single_all,89
2017,illinois_ex_cook,37,all_observed,104
2017,illinois_ex_cook,38,single_observed,97
2017,illinois_ex_cook,38,single_all,114
2017,illinois_ex_cook,38,all_observed,131
2017,illinois_ex_cook,39,single_observed,41
2017,illinois_ex_cook,39,single_all,45
2017,illinois_ex_cook,39,all_observed,67
2017,illinois_ex_cook,40,single_observed,1125
2017,illinois_ex_cook,40,single_all,1234
2017,illinois_ex_cook,40,all_observed,1598
2017,illinois_ex_cook,41,single_observed,48
2017,illinois_ex_cook,41,single_all,55
2017,illinois_ex_cook,41,all_observed,82
2017,illinois_ex_cook,42,single_observed,90
2017,illinois_ex_cook,42,single_all,92
2017,illinois_ex_cook,42,all_observed,133
2017,illinois_ex_cook,43,single_observed,40
2017,illinois_ex_cook,43,single_all,66
2017,illinois_ex_cook,43,all_observed,64
2017,illinois_ex_cook,44,single_observed,40
2017,illinois_ex_cook,44,single_all,41
2017,illinois_ex_cook,44,all_observed,54
2017,illinois_ex_cook,45,single_observed,400
2017,illinois_ex_cook,45,single_all,430
2017,illinois_ex_cook,45,all_observed,592
2017,illinois_ex_cook,46,single_observed,32
2017,illinois_ex_cook,46,single_all,39
2017,illinois_ex_cook,46,all_observed,54
2017,illinois_ex_cook,47,single_observed,39
2017,illinois_ex_cook,47,single_all,47
2017,illinois_ex_cook,47,all_observed,53
2017,illinois_ex_cook,48,single_observed,52
2017,illinois_ex_cook,48,single_all,81
2017,illinois_ex_cook,48,all_observed,90
2017,illinois_ex_cook,49,single_observed,62
2017,illinois_ex_cook,49,single_all,67
2017,illinois_ex_cook,49,all_observed,90
2017,illinois_ex_cook,50,single_observed,1492
2017,illinois_ex_cook,50,single_all,1601
2017,illinois_ex_cook,50,all_observed,2095
2017,illinois_ex_cook,51,single_observed,107
2017,illinois_ex_cook,51,single_all,119
2017,illinois_ex_cook,51,all_observed,125
2017,illinois_ex_cook,52,single_observed,63
2017,illinois_ex_cook,52,single_all,85
2017,illinois_ex_cook,52,all_observed,92
2017,illinois_ex_cook,53,single_observed,34
2017,illinois_ex_cook,53,single_all,36
2017,illinois_ex_cook,53,all_observed,54
2017,illinois_ex_cook,54,single_observed,50
2017,illinois_ex_cook,54,single_all,53
2017,illinois_ex_cook,54,all_observed,74
2017,illinois_ex_cook,55,single_observed,244
2017,illinois_ex_cook,55,single_all,332
2017,illinois_ex_cook,55,all_observed,356
2017,illinois_ex_cook,56,single_observed,33
2017,illinois_ex_cook,56,single_all,43
2017,illinois_ex_cook,56,all_observed,44
2017,illinois_ex_cook,57,single_observed,27
2017,illinois_ex_cook,57,single_all,33
2017,illinois_ex_cook,57,all_observed,42
2017,illinois_ex_cook,58,single_observed,44
2017,illinois_ex_cook,58,single_all,46
2017,illinois_ex_cook,58,all_observed,54
2017,illinois_ex_cook,59,single_observed,20
2017,illinois_ex_cook,59,single_all,50
2017,illinois_ex_cook,59,all_observed,24
2017,illinois_ex_cook,60,single_observed,662
2017,illinois_ex_cook,60,single_all,763
2017,illinois_ex_cook,60,all_observed,990
2017,illinois_ex_cook,61,single_observed,20
2017,illinois_ex_cook,61,single_all,20
2017,illinois_ex_cook,61,all_observed,27
2017,illinois_ex_cook,62,single_observed,25
2017,illinois_ex_cook,62,single_all,25
2017,illinois_ex_cook,62,all_observed,44
2017,illinois_ex_cook,63,single_observed,23
2017,illinois_ex_cook,63,single_all,29
2017,illinois_ex_cook,63,all_observed,38
2017,illinois_ex_cook,64,single_observed,11
2017,illinois_ex_cook,64,single_all,12
2017,illinois_ex_cook,64,all_observed,23
2017,illinois_ex_cook,65,single_observed,228
2017,illinois_ex_cook,65,single_all,237
2017,illinois_ex_cook,65,all_observed,360
2017,illinois_ex_cook,66,single_observed,14
2017,illinois_ex_cook,66,single_all,14
2017,illinois_ex_cook,66,all_observed,15
2017,illinois_ex_cook,67,single_observed,26
2017,illinois_ex_cook,67,single_all,26
2017,illinois_ex_cook,67,all_observed,36
2017,illinois_ex_cook,68,single_observed,17
2017,illinois_ex_cook,68,single_all,17
2017,illinois_ex_cook,68,all_observed,31
2017,illinois_ex_cook,69,single_observed,13
2017,illinois_ex_cook,69,single_all,13
2017,illinois_ex_cook,69,all_observed,17
2017,illinois_ex_cook,70,single_observed,382
2017,illinois_ex_cook,70,single_all,393
2017,illinois_ex_cook,70,all_observed,574
2017,illinois_ex_cook,71,single_observed,9
2017,illinois_ex_cook,71,single_all,9
2017,illinois_ex_cook,71,all_observed,15
2017,illinois_ex_cook,72,single_observed,38
2017,illinois_ex_cook,72,single_all,71
2017,illinois_ex_cook,72,all_observed,48
2017,illinois_ex_cook,73,single_observed,16
2017,illinois_ex_cook,73,single_all,29
2017,illinois_ex_cook,73,all_observed,24
2017,illinois_ex_cook,74,single_observed,15
2017,illinois_ex_cook,74,single_all,15
2017,illinois_ex_cook,74,all_observed,16
2017,illinois_ex_cook,75,single_observed,342
2017,illinois_ex_cook,75,single_all,345
2017,illinois_ex_cook,75,all_observed,490
2017,illinois_ex_cook,76,single_observed,9
2017,illinois_ex_cook,76,single_all,9
2017,illinois_ex_cook,76,all_observed,16
2017,illinois_ex_cook,77,single_observed,6
2017,illinois_ex_cook,77,single_all,8
2017,illinois_ex_cook,77,all_observed,8
2017,illinois_ex_cook,78,single_observed,17
2017,illinois_ex_cook,78,single_all,17
2017,illinois_ex_cook,78,all_observed,25
2017,illinois_ex_cook,79,single_observed,10
2017,illinois_ex_cook,79,single_all,11
2017,illinois_ex_cook,79,all_observed,14
2017,illinois_ex_cook,80,single_observed,340
2017,illinois_ex_cook,80,single_all,356
2017,illinois_ex_cook,80,all_observed,534
2018,chicago,20,single_observed,959
2018,chicago,20,single_all,1215
2018,chicago,20,all_observed,1234
2018,chicago,21,single_observed,70
2018,chicago,21,single_all,84
2018,chicago,21,all_observed,104
2018,chicago,22,single_observed,99
2018,chicago,22,single_all,117
2018,chicago,22,all_observed,152
2018,chicago,23,single_observed,61
2018,chicago,23,single_all,74
2018,chicago,23,all_observed,93
2018,chicago,24,single_observed,61
2018,chicago,24,single_all,68
2018,chicago,24,all_observed,86
2018,chicago,25,single_observed,468
2018,chicago,25,single_all,523
2018,chicago,25,all_observed,612
2018,chicago,26,single_observed,55
2018,chicago,26,single_all,56
2018,chicago,26,all_observed,80
2018,chicago,27,single_observed,44
2018,chicago,27,single_all,77
2018,chicago,27,all_observed,61
2018,chicago,28,single_observed,43
2018,chicago,28,single_all,46
2018,chicago,28,all_observed,67
2018,chicago,29,single_observed,21
2018,chicago,29,single_all,35
2018,chicago,29,all_observed,31
2018,chicago,30,single_observed,579
2018,chicago,30,single_all,623
2018,chicago,30,all_observed,793
2018,chicago,31,single_observed,18
2018,chicago,31,single_all,21
2018,chicago,31,all_observed,29
2018,chicago,32,single_observed,38
2018,chicago,32,single_all,46
2018,chicago,32,all_observed,57
2018,chicago,33,single_observed,21
2018,chicago,33,single_all,26
2018,chicago,33,all_observed,27
2018,chicago,34,single_observed,19
2018,chicago,34,single_all,22
2018,chicago,34,all_observed,29
2018,chicago,35,single_observed,155
2018,chicago,35,single_all,167
2018,chicago,35,all_observed,231
2018,chicago,36,single_observed,13
2018,chicago,36,single_all,14
2018,chicago,36,all_observed,27
2018,chicago,37,single_observed,12
2018,chicago,37,single_all,12
2018,chicago,37,all_observed,17
2018,chicago,38,single_observed,15
2018,chicago,38,single_all,16
2018,chicago,38,all_observed,26
2018,chicago,39,single_observed,12
2018,chicago,39,single_all,12
2018,chicago,39,all_observed,19
2018,chicago,40,single_observed,317
2018,chicago,40,single_all,340
2018,chicago,40,all_observed,423
2018,chicago,41,single_observed,6
2018,chicago,41,single_all,6
2018,chicago,41,all_observed,17
2018,chicago,42,single_observed,27
2018,chicago,42,single_all,28
2018,chicago,42,all_observed,38
2018,chicago,43,single_observed,12
2018,chicago,43,single_all,14
2018,chicago,43,all_observed,15
2018,chicago,44,single_observed,12
2018,chicago,44,single_all,12
2018,chicago,44,all_observed,16
2018,chicago,45,single_observed,103
2018,chicago,45,single_all,146
2018,chicago,45,all_observed,159
2018,chicago,46,single_observed,7
2018,chicago,46,single_all,7
2018,chicago,46,all_observed,12
2018,chicago,47,single_observed,9
2018,chicago,47,single_all,12
2018,chicago,47,all_observed,17
2018,chicago,48,single_observed,9
2018,chicago,48,single_all,12
2018,chicago,48,all_observed,17
2018,chicago,49,single_observed,31
2018,chicago,49,single_all,33
2018,chicago,49,all_observed,38
2018,chicago,50,single_observed,434
2018,chicago,50,single_all,489
2018,chicago,50,all_observed,611
2018,chicago,51,single_observed,60
2018,chicago,51,single_all,62
2018,chicago,51,all_observed,67
2018,chicago,52,single_observed,14
2018,chicago,52,single_all,14
2018,chicago,52,all_observed,21
2018,chicago,53,single_observed,4
2018,chicago,53,single_all,7
2018,chicago,53,all_observed,7
2018,chicago,54,single_observed,8
2018,chicago,54,single_all,10
2018,chicago,54,all_observed,16
2018,chicago,55,single_observed,57
2018,chicago,55,single_all,71
2018,chicago,55,all_observed,85
2018,chicago,56,single_observed,6
2018,chicago,56,single_all,6
2018,chicago,56,all_observed,10
2018,chicago,57,single_observed,5
2018,chicago,57,single_all,6
2018,chicago,57,all_observed,7
2018,chicago,58,single_observed,11
2018,chicago,58,single_all,25
2018,chicago,58,all_observed,15
2018,chicago,59,single_observed,3
2018,chicago,59,single_all,7
2018,chicago,59,all_observed,6
2018,chicago,60,single_observed,197
2018,chicago,60,single_all,208
2018,chicago,60,all_observed,275
2018,chicago,61,single_observed,5
2018,chicago,61,single_all,5
2018,chicago,61,all_observed,8
2018,chicago,62,single_observed,9
2018,chicago,62,single_all,9
2018,chicago,62,all_observed,11
2018,chicago,63,single_observed,1
2018,chicago,63,single_all,1
2018,chicago,63,all_observed,3
2018,chicago,64,single_observed,2
2018,chicago,64,single_all,2
2018,chicago,64,all_observed,5
2018,chicago,65,single_observed,66
2018,chicago,65,single_all,66
2018,chicago,65,all_observed,90
2018,chicago,66,single_observed,1
2018,chicago,66,single_all,1
2018,chicago,66,all_observed,4
2018,chicago,67,single_observed,2
2018,chicago,67,single_all,2
2018,chicago,67,all_observed,3
2018,chicago,68,single_observed,8
2018,chicago,68,single_all,8
2018,chicago,68,all_observed,11
2018,chicago,69,single_observed,1
2018,chicago,69,single_all,1
2018,chicago,69,all_observed,4
2018,chicago,70,single_observed,92
2018,chicago,70,single_all,96
2018,chicago,70,all_observed,150
2018,chicago,71,single_observed,4
2018,chicago,71,single_all,4
2018,chicago,71,all_observed,7
2018,chicago,72,single_observed,8
2018,chicago,72,single_all,10
2018,chicago,72,all_observed,11
2018,chicago,73,single_observed,3
2018,chicago,73,single_all,3
2018,chicago,73,all_observed,6
2018,chicago,74,single_observed,5
2018,chicago,74,single_all,5
2018,chicago,74,all_observed,5
2018,chicago,75,single_observed,84
2018,chicago,75,single_all,84
2018,chicago,75,all_observed,127
2018,chicago,76,single_observed,1
2018,chicago,76,single_all,2
2018,chicago,76,all_observed,4
2018,chicago,77,single_observed,2
2018,chicago,77,single_all,2
2018,chicago,77,all_observed,2
2018,chicago,78,single_observed,4
2018,chicago,78,single_all,4
2018,chicago,78,all_observed,6
2018,chicago,79,single_observed,3
2018,chicago,79,single_all,3
2018,chicago,79,all_observed,4
2018,chicago,80,single_observed,115
2018,chicago,80,single_all,115
2018,chicago,80,all_observed,165
2018,cook_ex_chicago,20,single_observed,1039
2018,cook_ex_chicago,20,single_all,1322
2018,cook_ex_chicago,20,all_observed,1395
2018,cook_ex_chicago,21,single_observed,56
2018,cook_ex_chicago,21,single_all,80
2018,cook_ex_chicago,21,all_observed,105
2018,cook_ex_chicago,22,single_observed,133
2018,cook_ex_chicago,22,single_all,185
2018,cook_ex_chicago,22,all_observed,182
2018,cook_ex_chicago,23,single_observed,63
2018,cook_ex_chicago,23,single_all,74
2018,cook_ex_chicago,23,all_observed,109
2018,cook_ex_chicago,24,single_observed,76
2018,cook_ex_chicago,24,single_all,85
2018,cook_ex_chicago,24,all_observed,124
2018,cook_ex_chicago,25,single_observed,564
2018,cook_ex_chicago,25,single_all,737
2018,cook_ex_chicago,25,all_observed,776
2018,cook_ex_chicago,26,single_observed,44
2018,cook_ex_chicago,26,single_all,53
2018,cook_ex_chicago,26,all_observed,69
2018,cook_ex_chicago,27,single_observed,34
2018,cook_ex_chicago,27,single_all,43
2018,cook_ex_chicago,27,all_observed,52
2018,cook_ex_chicago,28,single_observed,45
2018,cook_ex_chicago,28,single_all,51
2018,cook_ex_chicago,28,all_observed,76
2018,cook_ex_chicago,29,single_observed,17
2018,cook_ex_chicago,29,single_all,19
2018,cook_ex_chicago,29,all_observed,27
2018,cook_ex_chicago,30,single_observed,675
2018,cook_ex_chicago,30,single_all,781
2018,cook_ex_chicago,30,all_observed,944
2018,cook_ex_chicago,31,single_observed,18
2018,cook_ex_chicago,31,single_all,21
2018,cook_ex_chicago,31,all_observed,24
2018,cook_ex_chicago,32,single_observed,41
2018,cook_ex_chicago,32,single_all,48
2018,cook_ex_chicago,32,all_observed,68
2018,cook_ex_chicago,33,single_observed,24
2018,cook_ex_chicago,33,single_all,24
2018,cook_ex_chicago,33,all_observed,37
2018,cook_ex_chicago,34,single_observed,16
2018,cook_ex_chicago,34,single_all,17
2018,cook_ex_chicago,34,all_observed,26
2018,cook_ex_chicago,35,single_observed,215
2018,cook_ex_chicago,35,single_all,235
2018,cook_ex_chicago,35,all_observed,319
2018,cook_ex_chicago,36,single_observed,24
2018,cook_ex_chicago,36,single_all,27
2018,cook_ex_chicago,36,all_observed,34
2018,cook_ex_chicago,37,single_observed,17
2018,cook_ex_chicago,37,single_all,17
2018,cook_ex_chicago,37,all_observed,22
2018,cook_ex_chicago,38,single_observed,20
2018,cook_ex_chicago,38,single_all,23
2018,cook_ex_chicago,38,all_observed,32
2018,cook_ex_chicago,39,single_observed,12
2018,cook_ex_chicago,39,single_all,12
2018,cook_ex_chicago,39,all_observed,22
2018,cook_ex_chicago,40,single_observed,400
2018,cook_ex_chicago,40,single_all,445
2018,cook_ex_chicago,40,all_observed,530
2018,cook_ex_chicago,41,single_observed,13
2018,cook_ex_chicago,41,single_all,13
2018,cook_ex_chicago,41,all_observed,34
2018,cook_ex_chicago,42,single_observed,20
2018,cook_ex_chicago,42,single_all,26
2018,cook_ex_chicago,42,all_observed,39
2018,cook_ex_chicago,43,single_observed,6
2018,cook_ex_chicago,43,single_all,7
2018,cook_ex_chicago,43,all_observed,20
2018,cook_ex_chicago,44,single_observed,12
2018,cook_ex_chicago,44,single_all,12
2018,cook_ex_chicago,44,all_observed,19
2018,cook_ex_chicago,45,single_observed,112
2018,cook_ex_chicago,45,single_all,142
2018,cook_ex_chicago,45,all_observed,176
2018,cook_ex_chicago,46,single_observed,7
2018,cook_ex_chicago,46,single_all,7
2018,cook_ex_chicago,46,all_observed,11
2018,cook_ex_chicago,47,single_observed,12
2018,cook_ex_chicago,47,single_all,19
2018,cook_ex_chicago,47,all_observed,18
2018,cook_ex_chicago,48,single_observed,14
2018,cook_ex_chicago,48,single_all,23
2018,cook_ex_chicago,48,all_observed,19
2018,cook_ex_chicago,49,single_observed,24
2018,cook_ex_chicago,49,single_all,24
2018,cook_ex_chicago,49,all_observed,30
2018,cook_ex_chicago,50,single_observed,580
2018,cook_ex_chicago,50,single_all,652
2018,cook_ex_chicago,50,all_observed,796
2018,cook_ex_chicago,51,single_observed,47
2018,cook_ex_chicago,51,single_all,47
2018,cook_ex_chicago,51,all_observed,58
2018,cook_ex_chicago,52,single_observed,21
2018,cook_ex_chicago,52,single_all,21
2018,cook_ex_chicago,52,all_observed,30
2018,cook_ex_chicago,53,single_observed,8
2018,cook_ex_chicago,53,single_all,11
2018,cook_ex_chicago,53,all_observed,11
2018,cook_ex_chicago,54,single_observed,9
2018,cook_ex_chicago,54,single_all,12
2018,cook_ex_chicago,54,all_observed,15
2018,cook_ex_chicago,55,single_observed,66
2018,cook_ex_chicago,55,single_all,82
2018,cook_ex_chicago,55,all_observed,89
2018,cook_ex_chicago,56,single_observed,7
2018,cook_ex_chicago,56,single_all,7
2018,cook_ex_chicago,56,all_observed,14
2018,cook_ex_chicago,57,single_observed,8
2018,cook_ex_chicago,57,single_all,14
2018,cook_ex_chicago,57,all_observed,12
2018,cook_ex_chicago,58,single_observed,7
2018,cook_ex_chicago,58,single_all,19
2018,cook_ex_chicago,58,all_observed,10
2018,cook_ex_chicago,59,single_observed,2
2018,cook_ex_chicago,59,single_all,12
2018,cook_ex_chicago,59,all_observed,5
2018,cook_ex_chicago,60,single_observed,240
2018,cook_ex_chicago,60,single_all,267
2018,cook_ex_chicago,60,all_observed,324
2018,cook_ex_chicago,61,single_observed,3
2018,cook_ex_chicago,61,single_all,6
2018,cook_ex_chicago,61,all_observed,4
2018,cook_ex_chicago,62,single_observed,9
2018,cook_ex_chicago,62,single_all,10
2018,cook_ex_chicago,62,all_observed,12
2018,cook_ex_chicago,63,single_observed,3
2018,cook_ex_chicago,63,single_all,3
2018,cook_ex_chicago,63,all_observed,5
2018,cook_ex_chicago,64,single_observed,4
2018,cook_ex_chicago,64,single_all,5
2018,cook_ex_chicago,64,all_observed,7
2018,cook_ex_chicago,65,single_observed,63
2018,cook_ex_chicago,65,single_all,64
2018,cook_ex_chicago,65,all_observed,99
2018,cook_ex_chicago,66,single_observed,5
2018,cook_ex_chicago,66,single_all,5
2018,cook_ex_chicago,66,all_observed,7
2018,cook_ex_chicago,67,single_observed,3
2018,cook_ex_chicago,67,single_all,3
2018,cook_ex_chicago,67,all_observed,5
2018,cook_ex_chicago,68,single_observed,5
2018,cook_ex_chicago,68,single_all,5
2018,cook_ex_chicago,68,all_observed,8
2018,cook_ex_chicago,69,single_observed,4
2018,cook_ex_chicago,69,single_all,4
2018,cook_ex_chicago,69,all_observed,5
2018,cook_ex_chicago,70,single_observed,137
2018,cook_ex_chicago,70,single_all,139
2018,cook_ex_chicago,70,all_observed,183
2018,cook_ex_chicago,71,single_observed,5
2018,cook_ex_chicago,71,single_all,5
2018,cook_ex_chicago,71,all_observed,7
2018,cook_ex_chicago,72,single_observed,7
2018,cook_ex_chicago,72,single_all,18
2018,cook_ex_chicago,72,all_observed,10
2018,cook_ex_chicago,73,single_observed,3
2018,cook_ex_chicago,73,single_all,3
2018,cook_ex_chicago,73,all_observed,5
2018,cook_ex_chicago,74,single_observed,3
2018,cook_ex_chicago,74,single_all,3
2018,cook_ex_chicago,74,all_observed,4
2018,cook_ex_chicago,75,single_observed,110
2018,cook_ex_chicago,75,single_all,113
2018,cook_ex_chicago,75,all_observed,149
2018,cook_ex_chicago,76,single_observed,4
2018,cook_ex_chicago,76,single_all,5
2018,cook_ex_chicago,76,all_observed,5
2018,cook_ex_chicago,77,single_observed,7
2018,cook_ex_chicago,77,single_all,7
2018,cook_ex_chicago,77,all_observed,7
2018,cook_ex_chicago,78,single_observed,4
2018,cook_ex_chicago,78,single_all,4
2018,cook_ex_chicago,78,all_observed,6
2018,cook_ex_chicago,79,single_observed,1
2018,cook_ex_chicago,79,single_all,1
2018,cook_ex_chicago,79,all_observed,3
2018,cook_ex_chicago,80,single_observed,121
2018,cook_ex_chicago,80,single_all,122
2018,cook_ex_chicago,80,all_observed,183
2018,illinois_ex_cook,20,single_observed,3119
2018,illinois_ex_cook,20,single_all,3798
2018,illinois_ex_cook,20,all_observed,4442
2018,illinois_ex_cook,21,single_observed,229
2018,illinois_ex_cook,21,single_all,293
2018,illinois_ex_cook,21,all_observed,401
2018,illinois_ex_cook,22,single_observed,396
2018,illinois_ex_cook,22,single_all,578
2018,illinois_ex_cook,22,all_observed,614
2018,illinois_ex_cook,23,single_observed,244
2018,illinois_ex_cook,23,single_all,473
2018,illinois_ex_cook,23,all_observed,394
2018,illinois_ex_cook,24,single_observed,270
2018,illinois_ex_cook,24,single_all,371
2018,illinois_ex_cook,24,all_observed,433
2018,illinois_ex_cook,25,single_observed,1720
2018,illinois_ex_cook,25,single_all,1940
2018,illinois_ex_cook,25,all_observed,2467
2018,illinois_ex_cook,26,single_observed,161
2018,illinois_ex_cook,26,single_all,182
2018,illinois_ex_cook,26,all_observed,247
2018,illinois_ex_cook,27,single_observed,169
2018,illinois_ex_cook,27,single_all,191
2018,illinois_ex_cook,27,all_observed,257
2018,illinois_ex_cook,28,single_observed,211
2018,illinois_ex_cook,28,single_all,279
2018,illinois_ex_cook,28,all_observed,306
2018,illinois_ex_cook,29,single_observed,88
2018,illinois_ex_cook,29,single_all,125
2018,illinois_ex_cook,29,all_observed,142
2018,illinois_ex_cook,30,single_observed,1926
2018,illinois_ex_cook,30,single_all,2227
2018,illinois_ex_cook,30,all_observed,2730
2018,illinois_ex_cook,31,single_observed,73
2018,illinois_ex_cook,31,single_all,128
2018,illinois_ex_cook,31,all_observed,113
2018,illinois_ex_cook,32,single_observed,141
2018,illinois_ex_cook,32,single_all,166
2018,illinois_ex_cook,32,all_observed,232
2018,illinois_ex_cook,33,single_observed,94
2018,illinois_ex_cook,33,single_all,138
2018,illinois_ex_cook,33,all_observed,133
2018,illinois_ex_cook,34,single_observed,75
2018,illinois_ex_cook,34,single_all,83
2018,illinois_ex_cook,34,all_observed,113
2018,illinois_ex_cook,35,single_observed,756
2018,illinois_ex_cook,35,single_all,821
2018,illinois_ex_cook,35,all_observed,1082
2018,illinois_ex_cook,36,single_observed,76
2018,illinois_ex_cook,36,single_all,96
2018,illinois_ex_cook,36,all_observed,118
2018,illinois_ex_cook,37,single_observed,69
2018,illinois_ex_cook,37,single_all,84
2018,illinois_ex_cook,37,all_observed,102
2018,illinois_ex_cook,38,single_observed,96
2018,illinois_ex_cook,38,single_all,114
2018,illinois_ex_cook,38,all_observed,125
2018,illinois_ex_cook,39,single_observed,39
2018,illinois_ex_cook,39,single_all,44
2018,illinois_ex_cook,39,all_observed,63
2018,illinois_ex_cook,40,single_observed,1091
2018,illinois_ex_cook,40,single_all,1234
2018,illinois_ex_cook,40,all_observed,1542
2018,illinois_ex_cook,41,single_observed,43
2018,illinois_ex_cook,41,single_all,49
2018,illinois_ex_cook,41,all_observed,74
2018,illinois_ex_cook,42,single_observed,89
2018,illinois_ex_cook,42,single_all,93
2018,illinois_ex_cook,42,all_observed,129
2018,illinois_ex_cook,43,single_observed,43
2018,illinois_ex_cook,43,single_all,73
2018,illinois_ex_cook,43,all_observed,66
2018,illinois_ex_cook,44,single_observed,36
2018,illinois_ex_cook,44,single_all,37
2018,illinois_ex_cook,44,all_observed,50
2018,illinois_ex_cook,45,single_observed,391
2018,illinois_ex_cook,45,single_all,431
2018,illinois_ex_cook,45,all_observed,590
2018,illinois_ex_cook,46,single_observed,28
2018,illinois_ex_cook,46,single_all,33
2018,illinois_ex_cook,46,all_observed,47
2018,illinois_ex_cook,47,single_observed,41
2018,illinois_ex_cook,47,single_all,50
2018,illinois_ex_cook,47,all_observed,57
2018,illinois_ex_cook,48,single_observed,55
2018,illinois_ex_cook,48,single_all,78
2018,illinois_ex_cook,48,all_observed,89
2018,illinois_ex_cook,49,single_observed,69
2018,illinois_ex_cook,49,single_all,74
2018,illinois_ex_cook,49,all_observed,95
2018,illinois_ex_cook,50,single_observed,1473
2018,illinois_ex_cook,50,single_all,1580
2018,illinois_ex_cook,50,all_observed,2048
2018,illinois_ex_cook,51,single_observed,102
2018,illinois_ex_cook,51,single_all,119
2018,illinois_ex_cook,51,all_observed,121
2018,illinois_ex_cook,52,single_observed,61
2018,illinois_ex_cook,52,single_all,89
2018,illinois_ex_cook,52,all_observed,89
2018,illinois_ex_cook,53,single_observed,34
2018,illinois_ex_cook,53,single_all,36
2018,illinois_ex_cook,53,all_observed,53
2018,illinois_ex_cook,54,single_observed,49
2018,illinois_ex_cook,54,single_all,56
2018,illinois_ex_cook,54,all_observed,70
2018,illinois_ex_cook,55,single_observed,228
2018,illinois_ex_cook,55,single_all,306
2018,illinois_ex_cook,55,all_observed,331
2018,illinois_ex_cook,56,single_observed,28
2018,illinois_ex_cook,56,single_all,43
2018,illinois_ex_cook,56,all_observed,40
2018,illinois_ex_cook,57,single_observed,27
2018,illinois_ex_cook,57,single_all,32
2018,illinois_ex_cook,57,all_observed,41
2018,illinois_ex_cook,58,single_observed,42
2018,illinois_ex_cook,58,single_all,44
2018,illinois_ex_cook,58,all_observed,50
2018,illinois_ex_cook,59,single_observed,19
2018,illinois_ex_cook,59,single_all,53
2018,illinois_ex_cook,59,all_observed,24
2018,illinois_ex_cook,60,single_observed,638
2018,illinois_ex_cook,60,single_all,738
2018,illinois_ex_cook,60,all_observed,931
2018,illinois_ex_cook,61,single_observed,20
2018,illinois_ex_cook,61,single_all,20
2018,illinois_ex_cook,61,all_observed,27
2018,illinois_ex_cook,62,single_observed,25
2018,illinois_ex_cook,62,single_all,25
2018,illinois_ex_cook,62,all_observed,45
2018,illinois_ex_cook,63,single_observed,22
2018,illinois_ex_cook,63,single_all,28
2018,illinois_ex_cook,63,all_observed,39
2018,illinois_ex_cook,64,single_observed,11
2018,illinois_ex_cook,64,single_all,12
2018,illinois_ex_cook,64,all_observed,23
2018,illinois_ex_cook,65,single_observed,217
2018,illinois_ex_cook,65,single_all,226
2018,illinois_ex_cook,65,all_observed,340
2018,illinois_ex_cook,66,single_observed,14
2018,illinois_ex_cook,66,single_all,14
2018,illinois_ex_cook,66,all_observed,15
2018,illinois_ex_cook,67,single_observed,26
2018,illinois_ex_cook,67,single_all,26
2018,illinois_ex_cook,67,all_observed,35
2018,illinois_ex_cook,68,single_observed,17
2018,illinois_ex_cook,68,single_all,18
2018,illinois_ex_cook,68,all_observed,31
2018,illinois_ex_cook,69,single_observed,14
2018,illinois_ex_cook,69,single_all,14
2018,illinois_ex_cook,69,all_observed,17
2018,illinois_ex_cook,70,single_observed,378
2018,illinois_ex_cook,70,single_all,392
2018,illinois_ex_cook,70,all_observed,565
2018,illinois_ex_cook,71,single_observed,9
2018,illinois_ex_cook,71,single_all,9
2018,illinois_ex_cook,71,all_observed,15
2018,illinois_ex_cook,72,single_observed,35
2018,illinois_ex_cook,72,single_all,69
2018,illinois_ex_cook,72,all_observed,46
2018,illinois_ex_cook,73,single_observed,18
2018,illinois_ex_cook,73,single_all,34
2018,illinois_ex_cook,73,all_observed,25
2018,illinois_ex_cook,74,single_observed,13
2018,illinois_ex_cook,74,single_all,13
2018,illinois_ex_cook,74,all_observed,14
2018,illinois_ex_cook,75,single_observed,332
2018,illinois_ex_cook,75,single_all,337
2018,illinois_ex_cook,75,all_observed,475
2018,illinois_ex_cook,76,single_observed,8
2018,illinois_ex_cook,76,single_all,8
2018,illinois_ex_cook,76,all_observed,13
2018,illinois_ex_cook,77,single_observed,6
2018,illinois_ex_cook,77,single_all,8
2018,illinois_ex_cook,77,all_observed,9
2018,illinois_ex_cook,78,single_observed,15
2018,illinois_ex_cook,78,single_all,15
2018,illinois_ex_cook,78,all_observed,23
2018,illinois_ex_cook,79,single_observed,10
2018,illinois_ex_cook,79,single_all,11
2018,illinois_ex_cook,79,all_observed,14
2018,illinois_ex_cook,80,single_observed,322
2018,illinois_ex_cook,80,single_all,337
2018,illinois_ex_cook,80,all_observed,506
2019,chicago,20,single_observed,967
2019,chicago,20,single_all,1263
2019,chicago,20,all_observed,1247
2019,chicago,21,single_observed,71
2019,chicago,21,single_all,88
2019,chicago,21,all_observed,107
2019,chicago,22,single_observed,101
2019,chicago,22,single_all,121
2019,chicago,22,all_observed,151
2019,chicago,23,single_observed,65
2019,chicago,23,single_all,84
2019,chicago,23,all_observed,97
2019,chicago,24,single_observed,64
2019,chicago,24,single_all,75
2019,chicago,24,all_observed,87
2019,chicago,25,single_observed,467
2019,chicago,25,single_all,534
2019,chicago,25,all_observed,614
2019,chicago,26,single_observed,49
2019,chicago,26,single_all,50
2019,chicago,26,all_observed,77
2019,chicago,27,single_observed,44
2019,chicago,27,single_all,78
2019,chicago,27,all_observed,63
2019,chicago,28,single_observed,40
2019,chicago,28,single_all,42
2019,chicago,28,all_observed,65
2019,chicago,29,single_observed,20
2019,chicago,29,single_all,26
2019,chicago,29,all_observed,31
2019,chicago,30,single_observed,569
2019,chicago,30,single_all,616
2019,chicago,30,all_observed,772
2019,chicago,31,single_observed,15
2019,chicago,31,single_all,19
2019,chicago,31,all_observed,29
2019,chicago,32,single_observed,36
2019,chicago,32,single_all,41
2019,chicago,32,all_observed,54
2019,chicago,33,single_observed,19
2019,chicago,33,single_all,27
2019,chicago,33,all_observed,25
2019,chicago,34,single_observed,18
2019,chicago,34,single_all,23
2019,chicago,34,all_observed,28
2019,chicago,35,single_observed,151
2019,chicago,35,single_all,164
2019,chicago,35,all_observed,221
2019,chicago,36,single_observed,14
2019,chicago,36,single_all,15
2019,chicago,36,all_observed,27
2019,chicago,37,single_observed,10
2019,chicago,37,single_all,10
2019,chicago,37,all_observed,15
2019,chicago,38,single_observed,15
2019,chicago,38,single_all,16
2019,chicago,38,all_observed,26
2019,chicago,39,single_observed,11
2019,chicago,39,single_all,11
2019,chicago,39,all_observed,15
2019,chicago,40,single_observed,334
2019,chicago,40,single_all,356
2019,chicago,40,all_observed,439
2019,chicago,41,single_observed,6
2019,chicago,41,single_all,6
2019,chicago,41,all_observed,17
2019,chicago,42,single_observed,23
2019,chicago,42,single_all,24
2019,chicago,42,all_observed,33
2019,chicago,43,single_observed,11
2019,chicago,43,single_all,13
2019,chicago,43,all_observed,12
2019,chicago,44,single_observed,10
2019,chicago,44,single_all,10
2019,chicago,44,all_observed,15
2019,chicago,45,single_observed,94
2019,chicago,45,single_all,142
2019,chicago,45,all_observed,143
2019,chicago,46,single_observed,7
2019,chicago,46,single_all,7
2019,chicago,46,all_observed,12
2019,chicago,47,single_observed,8
2019,chicago,47,single_all,13
2019,chicago,47,all_observed,16
2019,chicago,48,single_observed,9
2019,chicago,48,single_all,12
2019,chicago,48,all_observed,15
2019,chicago,49,single_observed,30
2019,chicago,49,single_all,32
2019,chicago,49,all_observed,36
2019,chicago,50,single_observed,434
2019,chicago,50,single_all,489
2019,chicago,50,all_observed,598
2019,chicago,51,single_observed,60
2019,chicago,51,single_all,61
2019,chicago,51,all_observed,69
2019,chicago,52,single_observed,14
2019,chicago,52,single_all,14
2019,chicago,52,all_observed,21
2019,chicago,53,single_observed,5
2019,chicago,53,single_all,9
2019,chicago,53,all_observed,11
2019,chicago,54,single_observed,9
2019,chicago,54,single_all,10
2019,chicago,54,all_observed,17
2019,chicago,55,single_observed,58
2019,chicago,55,single_all,71
2019,chicago,55,all_observed,89
2019,chicago,56,single_observed,6
2019,chicago,56,single_all,6
2019,chicago,56,all_observed,10
2019,chicago,57,single_observed,5
2019,chicago,57,single_all,8
2019,chicago,57,all_observed,7
2019,chicago,58,single_observed,11
2019,chicago,58,single_all,25
2019,chicago,58,all_observed,16
2019,chicago,59,single_observed,4
2019,chicago,59,single_all,7
2019,chicago,59,all_observed,7
2019,chicago,60,single_observed,199
2019,chicago,60,single_all,209
2019,chicago,60,all_observed,280
2019,chicago,61,single_observed,6
2019,chicago,61,single_all,6
2019,chicago,61,all_observed,9
2019,chicago,62,single_observed,10
2019,chicago,62,single_all,10
2019,chicago,62,all_observed,12
2019,chicago,63,single_observed,1
2019,chicago,63,single_all,1
2019,chicago,63,all_observed,3
2019,chicago,64,single_observed,4
2019,chicago,64,single_all,4
2019,chicago,64,all_observed,6
2019,chicago,65,single_observed,59
2019,chicago,65,single_all,60
2019,chicago,65,all_observed,83
2019,chicago,66,single_observed,1
2019,chicago,66,single_all,1
2019,chicago,66,all_observed,3
2019,chicago,67,single_observed,2
2019,chicago,67,single_all,2
2019,chicago,67,all_observed,3
2019,chicago,68,single_observed,9
2019,chicago,68,single_all,9
2019,chicago,68,all_observed,11
2019,chicago,69,single_observed,1
2019,chicago,69,single_all,1
2019,chicago,69,all_observed,5
2019,chicago,70,single_observed,96
2019,chicago,70,single_all,98
2019,chicago,70,all_observed,156
2019,chicago,71,single_observed,5
2019,chicago,71,single_all,5
2019,chicago,71,all_observed,7
2019,chicago,72,single_observed,7
2019,chicago,72,single_all,9
2019,chicago,72,all_observed,10
2019,chicago,73,single_observed,3
2019,chicago,73,single_all,3
2019,chicago,73,all_observed,5
2019,chicago,74,single_observed,5
2019,chicago,74,single_all,5
2019,chicago,74,all_observed,5
2019,chicago,75,single_observed,88
2019,chicago,75,single_all,88
2019,chicago,75,all_observed,125
2019,chicago,76,single_observed,1
2019,chicago,76,single_all,3
2019,chicago,76,all_observed,3
2019,chicago,77,single_observed,2
2019,chicago,77,single_all,2
2019,chicago,77,all_observed,2
2019,chicago,78,single_observed,5
2019,chicago,78,single_all,5
2019,chicago,78,all_observed,6
2019,chicago,79,single_observed,3
2019,chicago,79,single_all,3
2019,chicago,79,all_observed,4
2019,chicago,80,single_observed,115
2019,chicago,80,single_all,115
2019,chicago,80,all_observed,158
2019,cook_ex_chicago,20,single_observed,1032
2019,cook_ex_chicago,20,single_all,1324
2019,cook_ex_chicago,20,all_observed,1378
2019,cook_ex_chicago,21,single_observed,57
2019,cook_ex_chicago,21,single_all,87
2019,cook_ex_chicago,21,all_observed,100
2019,cook_ex_chicago,22,single_observed,124
2019,cook_ex_chicago,22,single_all,166
2019,cook_ex_chicago,22,all_observed,174
2019,cook_ex_chicago,23,single_observed,60
2019,cook_ex_chicago,23,single_all,68
2019,cook_ex_chicago,23,all_observed,106
2019,cook_ex_chicago,24,single_observed,68
2019,cook_ex_chicago,24,single_all,76
2019,cook_ex_chicago,24,all_observed,112
2019,cook_ex_chicago,25,single_observed,580
2019,cook_ex_chicago,25,single_all,766
2019,cook_ex_chicago,25,all_observed,782
2019,cook_ex_chicago,26,single_observed,45
2019,cook_ex_chicago,26,single_all,54
2019,cook_ex_chicago,26,all_observed,72
2019,cook_ex_chicago,27,single_observed,30
2019,cook_ex_chicago,27,single_all,43
2019,cook_ex_chicago,27,all_observed,49
2019,cook_ex_chicago,28,single_observed,45
2019,cook_ex_chicago,28,single_all,49
2019,cook_ex_chicago,28,all_observed,75
2019,cook_ex_chicago,29,single_observed,15
2019,cook_ex_chicago,29,single_all,15
2019,cook_ex_chicago,29,all_observed,28
2019,cook_ex_chicago,30,single_observed,642
2019,cook_ex_chicago,30,single_all,755
2019,cook_ex_chicago,30,all_observed,895
2019,cook_ex_chicago,31,single_observed,19
2019,cook_ex_chicago,31,single_all,23
2019,cook_ex_chicago,31,all_observed,25
2019,cook_ex_chicago,32,single_observed,40
2019,cook_ex_chicago,32,single_all,47
2019,cook_ex_chicago,32,all_observed,63
2019,cook_ex_chicago,33,single_observed,26
2019,cook_ex_chicago,33,single_all,32
2019,cook_ex_chicago,33,all_observed,40
2019,cook_ex_chicago,34,single_observed,15
2019,cook_ex_chicago,34,single_all,16
2019,cook_ex_chicago,34,all_observed,25
2019,cook_ex_chicago,35,single_observed,202
2019,cook_ex_chicago,35,single_all,219
2019,cook_ex_chicago,35,all_observed,297
2019,cook_ex_chicago,36,single_observed,25
2019,cook_ex_chicago,36,single_all,29
2019,cook_ex_chicago,36,all_observed,33
2019,cook_ex_chicago,37,single_observed,18
2019,cook_ex_chicago,37,single_all,18
2019,cook_ex_chicago,37,all_observed,25
2019,cook_ex_chicago,38,single_observed,20
2019,cook_ex_chicago,38,single_all,25
2019,cook_ex_chicago,38,all_observed,31
2019,cook_ex_chicago,39,single_observed,14
2019,cook_ex_chicago,39,single_all,15
2019,cook_ex_chicago,39,all_observed,23
2019,cook_ex_chicago,40,single_observed,380
2019,cook_ex_chicago,40,single_all,424
2019,cook_ex_chicago,40,all_observed,513
2019,cook_ex_chicago,41,single_observed,12
2019,cook_ex_chicago,41,single_all,12
2019,cook_ex_chicago,41,all_observed,30
2019,cook_ex_chicago,42,single_observed,19
2019,cook_ex_chicago,42,single_all,22
2019,cook_ex_chicago,42,all_observed,40
2019,cook_ex_chicago,43,single_observed,7
2019,cook_ex_chicago,43,single_all,8
2019,cook_ex_chicago,43,all_observed,21
2019,cook_ex_chicago,44,single_observed,12
2019,cook_ex_chicago,44,single_all,12
2019,cook_ex_chicago,44,all_observed,19
2019,cook_ex_chicago,45,single_observed,110
2019,cook_ex_chicago,45,single_all,139
2019,cook_ex_chicago,45,all_observed,181
2019,cook_ex_chicago,46,single_observed,8
2019,cook_ex_chicago,46,single_all,8
2019,cook_ex_chicago,46,all_observed,11
2019,cook_ex_chicago,47,single_observed,10
2019,cook_ex_chicago,47,single_all,18
2019,cook_ex_chicago,47,all_observed,18
2019,cook_ex_chicago,48,single_observed,15
2019,cook_ex_chicago,48,single_all,24
2019,cook_ex_chicago,48,all_observed,21
2019,cook_ex_chicago,49,single_observed,22
2019,cook_ex_chicago,49,single_all,22
2019,cook_ex_chicago,49,all_observed,28
2019,cook_ex_chicago,50,single_observed,574
2019,cook_ex_chicago,50,single_all,646
2019,cook_ex_chicago,50,all_observed,776
2019,cook_ex_chicago,51,single_observed,43
2019,cook_ex_chicago,51,single_all,44
2019,cook_ex_chicago,51,all_observed,56
2019,cook_ex_chicago,52,single_observed,21
2019,cook_ex_chicago,52,single_all,21
2019,cook_ex_chicago,52,all_observed,30
2019,cook_ex_chicago,53,single_observed,8
2019,cook_ex_chicago,53,single_all,13
2019,cook_ex_chicago,53,all_observed,12
2019,cook_ex_chicago,54,single_observed,8
2019,cook_ex_chicago,54,single_all,10
2019,cook_ex_chicago,54,all_observed,12
2019,cook_ex_chicago,55,single_observed,61
2019,cook_ex_chicago,55,single_all,78
2019,cook_ex_chicago,55,all_observed,86
2019,cook_ex_chicago,56,single_observed,7
2019,cook_ex_chicago,56,single_all,7
2019,cook_ex_chicago,56,all_observed,14
2019,cook_ex_chicago,57,single_observed,8
2019,cook_ex_chicago,57,single_all,16
2019,cook_ex_chicago,57,all_observed,11
2019,cook_ex_chicago,58,single_observed,6
2019,cook_ex_chicago,58,single_all,26
2019,cook_ex_chicago,58,all_observed,9
2019,cook_ex_chicago,59,single_observed,1
2019,cook_ex_chicago,59,single_all,11
2019,cook_ex_chicago,59,all_observed,3
2019,cook_ex_chicago,60,single_observed,232
2019,cook_ex_chicago,60,single_all,260
2019,cook_ex_chicago,60,all_observed,311
2019,cook_ex_chicago,61,single_observed,3
2019,cook_ex_chicago,61,single_all,5
2019,cook_ex_chicago,61,all_observed,4
2019,cook_ex_chicago,62,single_observed,8
2019,cook_ex_chicago,62,single_all,9
2019,cook_ex_chicago,62,all_observed,10
2019,cook_ex_chicago,63,single_observed,3
2019,cook_ex_chicago,63,single_all,3
2019,cook_ex_chicago,63,all_observed,5
2019,cook_ex_chicago,64,single_observed,3
2019,cook_ex_chicago,64,single_all,4
2019,cook_ex_chicago,64,all_observed,7
2019,cook_ex_chicago,65,single_observed,60
2019,cook_ex_chicago,65,single_all,61
2019,cook_ex_chicago,65,all_observed,100
2019,cook_ex_chicago,66,single_observed,5
2019,cook_ex_chicago,66,single_all,5
2019,cook_ex_chicago,66,all_observed,7
2019,cook_ex_chicago,67,single_observed,3
2019,cook_ex_chicago,67,single_all,3
2019,cook_ex_chicago,67,all_observed,4
2019,cook_ex_chicago,68,single_observed,5
2019,cook_ex_chicago,68,single_all,6
2019,cook_ex_chicago,68,all_observed,7
2019,cook_ex_chicago,69,single_observed,3
2019,cook_ex_chicago,69,single_all,3
2019,cook_ex_chicago,69,all_observed,4
2019,cook_ex_chicago,70,single_observed,129
2019,cook_ex_chicago,70,single_all,132
2019,cook_ex_chicago,70,all_observed,173
2019,cook_ex_chicago,71,single_observed,4
2019,cook_ex_chicago,71,single_all,4
2019,cook_ex_chicago,71,all_observed,5
2019,cook_ex_chicago,72,single_observed,9
2019,cook_ex_chicago,72,single_all,19
2019,cook_ex_chicago,72,all_observed,12
2019,cook_ex_chicago,73,single_observed,3
2019,cook_ex_chicago,73,single_all,3
2019,cook_ex_chicago,73,all_observed,5
2019,cook_ex_chicago,74,single_observed,3
2019,cook_ex_chicago,74,single_all,3
2019,cook_ex_chicago,74,all_observed,4
2019,cook_ex_chicago,75,single_observed,108
2019,cook_ex_chicago,75,single_all,108
2019,cook_ex_chicago,75,all_observed,150
2019,cook_ex_chicago,76,single_observed,4
2019,cook_ex_chicago,76,single_all,6
2019,cook_ex_chicago,76,all_observed,5
2019,cook_ex_chicago,77,single_observed,6
2019,cook_ex_chicago,77,single_all,6
2019,cook_ex_chicago,77,all_observed,8
2019,cook_ex_chicago,78,single_observed,4
2019,cook_ex_chicago,78,single_all,4
2019,cook_ex_chicago,78,all_observed,5
2019,cook_ex_chicago,79,single_observed,1
2019,cook_ex_chicago,79,single_all,1
2019,cook_ex_chicago,79,all_observed,3
2019,cook_ex_chicago,80,single_observed,122
2019,cook_ex_chicago,80,single_all,123
2019,cook_ex_chicago,80,all_observed,185
2019,illinois_ex_cook,20,single_observed,3089
2019,illinois_ex_cook,20,single_all,3754
2019,illinois_ex_cook,20,all_observed,4406
2019,illinois_ex_cook,21,single_observed,225
2019,illinois_ex_cook,21,single_all,288
2019,illinois_ex_cook,21,all_observed,390
2019,illinois_ex_cook,22,single_observed,396
2019,illinois_ex_cook,22,single_all,534
2019,illinois_ex_cook,22,all_observed,605
2019,illinois_ex_cook,23,single_observed,244
2019,illinois_ex_cook,23,single_all,476
2019,illinois_ex_cook,23,all_observed,395
2019,illinois_ex_cook,24,single_observed,272
2019,illinois_ex_cook,24,single_all,378
2019,illinois_ex_cook,24,all_observed,434
2019,illinois_ex_cook,25,single_observed,1720
2019,illinois_ex_cook,25,single_all,1950
2019,illinois_ex_cook,25,all_observed,2454
2019,illinois_ex_cook,26,single_observed,161
2019,illinois_ex_cook,26,single_all,182
2019,illinois_ex_cook,26,all_observed,248
2019,illinois_ex_cook,27,single_observed,164
2019,illinois_ex_cook,27,single_all,188
2019,illinois_ex_cook,27,all_observed,252
2019,illinois_ex_cook,28,single_observed,207
2019,illinois_ex_cook,28,single_all,282
2019,illinois_ex_cook,28,all_observed,299
2019,illinois_ex_cook,29,single_observed,79
2019,illinois_ex_cook,29,single_all,119
2019,illinois_ex_cook,29,all_observed,132
2019,illinois_ex_cook,30,single_observed,1917
2019,illinois_ex_cook,30,single_all,2251
2019,illinois_ex_cook,30,all_observed,2702
2019,illinois_ex_cook,31,single_observed,73
2019,illinois_ex_cook,31,single_all,134
2019,illinois_ex_cook,31,all_observed,110
2019,illinois_ex_cook,32,single_observed,150
2019,illinois_ex_cook,32,single_all,174
2019,illinois_ex_cook,32,all_observed,240
2019,illinois_ex_cook,33,single_observed,83
2019,illinois_ex_cook,33,single_all,132
2019,illinois_ex_cook,33,all_observed,122
2019,illinois_ex_cook,34,single_observed,73
2019,illinois_ex_cook,34,single_all,82
2019,illinois_ex_cook,34,all_observed,108
2019,illinois_ex_cook,35,single_observed,747
2019,illinois_ex_cook,35,single_all,815
2019,illinois_ex_cook,35,all_observed,1062
2019,illinois_ex_cook,36,single_observed,78
2019,illinois_ex_cook,36,single_all,106
2019,illinois_ex_cook,36,all_observed,117
2019,illinois_ex_cook,37,single_observed,67
2019,illinois_ex_cook,37,single_all,82
2019,illinois_ex_cook,37,all_observed,98
2019,illinois_ex_cook,38,single_observed,95
2019,illinois_ex_cook,38,single_all,115
2019,illinois_ex_cook,38,all_observed,125
2019,illinois_ex_cook,39,single_observed,37
2019,illinois_ex_cook,39,single_all,41
2019,illinois_ex_cook,39,all_observed,62
2019,illinois_ex_cook,40,single_observed,1090
2019,illinois_ex_cook,40,single_all,1233
2019,illinois_ex_cook,40,all_observed,1536
2019,illinois_ex_cook,41,single_observed,39
2019,illinois_ex_cook,41,single_all,50
2019,illinois_ex_cook,41,all_observed,68
2019,illinois_ex_cook,42,single_observed,91
2019,illinois_ex_cook,42,single_all,95
2019,illinois_ex_cook,42,all_observed,126
2019,illinois_ex_cook,43,single_observed,46
2019,illinois_ex_cook,43,single_all,74
2019,illinois_ex_cook,43,all_observed,68
2019,illinois_ex_cook,44,single_observed,36
2019,illinois_ex_cook,44,single_all,37
2019,illinois_ex_cook,44,all_observed,50
2019,illinois_ex_cook,45,single_observed,394
2019,illinois_ex_cook,45,single_all,438
2019,illinois_ex_cook,45,all_observed,589
2019,illinois_ex_cook,46,single_observed,25
2019,illinois_ex_cook,46,single_all,31
2019,illinois_ex_cook,46,all_observed,44
2019,illinois_ex_cook,47,single_observed,40
2019,illinois_ex_cook,47,single_all,54
2019,illinois_ex_cook,47,all_observed,57
2019,illinois_ex_cook,48,single_observed,54
2019,illinois_ex_cook,48,single_all,97
2019,illinois_ex_cook,48,all_observed,88
2019,illinois_ex_cook,49,single_observed,67
2019,illinois_ex_cook,49,single_all,72
2019,illinois_ex_cook,49,all_observed,93
2019,illinois_ex_cook,50,single_observed,1475
2019,illinois_ex_cook,50,single_all,1584
2019,illinois_ex_cook,50,all_observed,2015
2019,illinois_ex_cook,51,single_observed,96
2019,illinois_ex_cook,51,single_all,119
2019,illinois_ex_cook,51,all_observed,114
2019,illinois_ex_cook,52,single_observed,57
2019,illinois_ex_cook,52,single_all,86
2019,illinois_ex_cook,52,all_observed,83
2019,illinois_ex_cook,53,single_observed,31
2019,illinois_ex_cook,53,single_all,32
2019,illinois_ex_cook,53,all_observed,51
2019,illinois_ex_cook,54,single_observed,43
2019,illinois_ex_cook,54,single_all,50
2019,illinois_ex_cook,54,all_observed,61
2019,illinois_ex_cook,55,single_observed,232
2019,illinois_ex_cook,55,single_all,306
2019,illinois_ex_cook,55,all_observed,331
2019,illinois_ex_cook,56,single_observed,32
2019,illinois_ex_cook,56,single_all,45
2019,illinois_ex_cook,56,all_observed,41
2019,illinois_ex_cook,57,single_observed,25
2019,illinois_ex_cook,57,single_all,29
2019,illinois_ex_cook,57,all_observed,39
2019,illinois_ex_cook,58,single_observed,40
2019,illinois_ex_cook,58,single_all,41
2019,illinois_ex_cook,58,all_observed,48
2019,illinois_ex_cook,59,single_observed,20
2019,illinois_ex_cook,59,single_all,53
2019,illinois_ex_cook,59,all_observed,25
2019,illinois_ex_cook,60,single_observed,640
2019,illinois_ex_cook,60,single_all,730
2019,illinois_ex_cook,60,all_observed,926
2019,illinois_ex_cook,61,single_observed,19
2019,illinois_ex_cook,61,single_all,19
2019,illinois_ex_cook,61,all_observed,24
2019,illinois_ex_cook,62,single_observed,23
2019,illinois_ex_cook,62,single_all,23
2019,illinois_ex_cook,62,all_observed,40
2019,illinois_ex_cook,63,single_observed,21
2019,illinois_ex_cook,63,single_all,27
2019,illinois_ex_cook,63,all_observed,38
2019,illinois_ex_cook,64,single_observed,12
2019,illinois_ex_cook,64,single_all,12
2019,illinois_ex_cook,64,all_observed,26
2019,illinois_ex_cook,65,single_observed,212
2019,illinois_ex_cook,65,single_all,222
2019,illinois_ex_cook,65,all_observed,334
2019,illinois_ex_cook,66,single_observed,12
2019,illinois_ex_cook,66,single_all,12
2019,illinois_ex_cook,66,all_observed,13
2019,illinois_ex_cook,67,single_observed,26
2019,illinois_ex_cook,67,single_all,26
2019,illinois_ex_cook,67,all_observed,36
2019,illinois_ex_cook,68,single_observed,18
2019,illinois_ex_cook,68,single_all,20
2019,illinois_ex_cook,68,all_observed,31
2019,illinois_ex_cook,69,single_observed,12
2019,illinois_ex_cook,69,single_all,12
2019,illinois_ex_cook,69,all_observed,15
2019,illinois_ex_cook,70,single_observed,370
2019,illinois_ex_cook,70,single_all,389
2019,illinois_ex_cook,70,all_observed,553
2019,illinois_ex_cook,71,single_observed,8
2019,illinois_ex_cook,71,single_all,8
2019,illinois_ex_cook,71,all_observed,14
2019,illinois_ex_cook,72,single_observed,34
2019,illinois_ex_cook,72,single_all,65
2019,illinois_ex_cook,72,all_observed,41
2019,illinois_ex_cook,73,single_observed,19
2019,illinois_ex_cook,73,single_all,33
2019,illinois_ex_cook,73,all_observed,27
2019,illinois_ex_cook,74,single_observed,12
2019,illinois_ex_cook,74,single_all,12
2019,illinois_ex_cook,74,all_observed,13
2019,illinois_ex_cook,75,single_observed,330
2019,illinois_ex_cook,75,single_all,331
2019,illinois_ex_cook,75,all_observed,463
2019,illinois_ex_cook,76,single_observed,7
2019,illinois_ex_cook,76,single_all,7
2019,illinois_ex_cook,76,all_observed,13
2019,illinois_ex_cook,77,single_observed,6
2019,illinois_ex_cook,77,single_all,10
2019,illinois_ex_cook,77,all_observed,9
2019,illinois_ex_cook,78,single_observed,15
2019,illinois_ex_cook,78,single_all,15
2019,illinois_ex_cook,78,all_observed,21
2019,illinois_ex_cook,79,single_observed,9
2019,illinois_ex_cook,79,single_all,10
2019,illinois_ex_cook,79,all_observed,13
2019,illinois_ex_cook,80,single_observed,329
2019,illinois_ex_cook,80,single_all,346
2019,illinois_ex_cook,80,all_observed,510
2020,chicago,20,single_observed,931
2020,chicago,20,single_all,1312
2020,chicago,20,all_observed,1221
2020,chicago,21,single_observed,68
2020,chicago,21,single_all,85
2020,chicago,21,all_observed,104
2020,chicago,22,single_observed,98
2020,chicago,22,single_all,112
2020,chicago,22,all_observed,154
2020,chicago,23,single_observed,62
2020,chicago,23,single_all,79
2020,chicago,23,all_observed,95
2020,chicago,24,single_observed,63
2020,chicago,24,single_all,76
2020,chicago,24,all_observed,84
2020,chicago,25,single_observed,452
2020,chicago,25,single_all,519
2020,chicago,25,all_observed,601
2020,chicago,26,single_observed,48
2020,chicago,26,single_all,49
2020,chicago,26,all_observed,76
2020,chicago,27,single_observed,43
2020,chicago,27,single_all,76
2020,chicago,27,all_observed,60
2020,chicago,28,single_observed,43
2020,chicago,28,single_all,46
2020,chicago,28,all_observed,69
2020,chicago,29,single_observed,18
2020,chicago,29,single_all,20
2020,chicago,29,all_observed,28
2020,chicago,30,single_observed,539
2020,chicago,30,single_all,597
2020,chicago,30,all_observed,753
2020,chicago,31,single_observed,11
2020,chicago,31,single_all,16
2020,chicago,31,all_observed,25
2020,chicago,32,single_observed,42
2020,chicago,32,single_all,53
2020,chicago,32,all_observed,58
2020,chicago,33,single_observed,18
2020,chicago,33,single_all,24
2020,chicago,33,all_observed,24
2020,chicago,34,single_observed,18
2020,chicago,34,single_all,21
2020,chicago,34,all_observed,27
2020,chicago,35,single_observed,136
2020,chicago,35,single_all,148
2020,chicago,35,all_observed,209
2020,chicago,36,single_observed,14
2020,chicago,36,single_all,17
2020,chicago,36,all_observed,27
2020,chicago,37,single_observed,10
2020,chicago,37,single_all,10
2020,chicago,37,all_observed,16
2020,chicago,38,single_observed,16
2020,chicago,38,single_all,18
2020,chicago,38,all_observed,27
2020,chicago,39,single_observed,12
2020,chicago,39,single_all,12
2020,chicago,39,all_observed,15
2020,chicago,40,single_observed,320
2020,chicago,40,single_all,347
2020,chicago,40,all_observed,428
2020,chicago,41,single_observed,4
2020,chicago,41,single_all,4
2020,chicago,41,all_observed,15
2020,chicago,42,single_observed,21
2020,chicago,42,single_all,23
2020,chicago,42,all_observed,32
2020,chicago,43,single_observed,10
2020,chicago,43,single_all,12
2020,chicago,43,all_observed,11
2020,chicago,44,single_observed,8
2020,chicago,44,single_all,8
2020,chicago,44,all_observed,13
2020,chicago,45,single_observed,91
2020,chicago,45,single_all,137
2020,chicago,45,all_observed,144
2020,chicago,46,single_observed,7
2020,chicago,46,single_all,7
2020,chicago,46,all_observed,12
2020,chicago,47,single_observed,7
2020,chicago,47,single_all,12
2020,chicago,47,all_observed,15
2020,chicago,48,single_observed,10
2020,chicago,48,single_all,13
2020,chicago,48,all_observed,16
2020,chicago,49,single_observed,31
2020,chicago,49,single_all,32
2020,chicago,49,all_observed,39
2020,chicago,50,single_observed,411
2020,chicago,50,single_all,467
2020,chicago,50,all_observed,582
2020,chicago,51,single_observed,56
2020,chicago,51,single_all,57
2020,chicago,51,all_observed,65
2020,chicago,52,single_observed,14
2020,chicago,52,single_all,14
2020,chicago,52,all_observed,21
2020,chicago,53,single_observed,5
2020,chicago,53,single_all,7
2020,chicago,53,all_observed,11
2020,chicago,54,single_observed,4
2020,chicago,54,single_all,5
2020,chicago,54,all_observed,13
2020,chicago,55,single_observed,55
2020,chicago,55,single_all,70
2020,chicago,55,all_observed,87
2020,chicago,56,single_observed,7
2020,chicago,56,single_all,7
2020,chicago,56,all_observed,11
2020,chicago,57,single_observed,7
2020,chicago,57,single_all,10
2020,chicago,57,all_observed,9
2020,chicago,58,single_observed,11
2020,chicago,58,single_all,27
2020,chicago,58,all_observed,16
2020,chicago,59,single_observed,4
2020,chicago,59,single_all,8
2020,chicago,59,all_observed,7
2020,chicago,60,single_observed,196
2020,chicago,60,single_all,205
2020,chicago,60,all_observed,286
2020,chicago,61,single_observed,5
2020,chicago,61,single_all,5
2020,chicago,61,all_observed,8
2020,chicago,62,single_observed,8
2020,chicago,62,single_all,8
2020,chicago,62,all_observed,12
2020,chicago,63,single_observed,1
2020,chicago,63,single_all,1
2020,chicago,63,all_observed,4
2020,chicago,64,single_observed,5
2020,chicago,64,single_all,5
2020,chicago,64,all_observed,7
2020,chicago,65,single_observed,55
2020,chicago,65,single_all,55
2020,chicago,65,all_observed,73
2020,chicago,66,single_observed,1
2020,chicago,66,single_all,1
2020,chicago,66,all_observed,3
2020,chicago,67,single_observed,2
2020,chicago,67,single_all,2
2020,chicago,67,all_observed,3
2020,chicago,68,single_observed,7
2020,chicago,68,single_all,7
2020,chicago,68,all_observed,9
2020,chicago,69,single_observed,1
2020,chicago,69,single_all,1
2020,chicago,69,all_observed,5
2020,chicago,70,single_observed,89
2020,chicago,70,single_all,90
2020,chicago,70,all_observed,149
2020,chicago,71,single_observed,5
2020,chicago,71,single_all,5
2020,chicago,71,all_observed,7
2020,chicago,72,single_observed,7
2020,chicago,72,single_all,9
2020,chicago,72,all_observed,9
2020,chicago,73,single_observed,3
2020,chicago,73,single_all,3
2020,chicago,73,all_observed,5
2020,chicago,74,single_observed,5
2020,chicago,74,single_all,5
2020,chicago,74,all_observed,5
2020,chicago,75,single_observed,80
2020,chicago,75,single_all,80
2020,chicago,75,all_observed,117
2020,chicago,76,single_observed,1
2020,chicago,76,single_all,3
2020,chicago,76,all_observed,2
2020,chicago,77,single_observed,3
2020,chicago,77,single_all,3
2020,chicago,77,all_observed,3
2020,chicago,78,single_observed,4
2020,chicago,78,single_all,4
2020,chicago,78,all_observed,6
2020,chicago,79,single_observed,2
2020,chicago,79,single_all,2
2020,chicago,79,all_observed,3
2020,chicago,80,single_observed,108
2020,chicago,80,single_all,108
2020,chicago,80,all_observed,156
2020,cook_ex_chicago,20,single_observed,1008
2020,cook_ex_chicago,20,single_all,1386
2020,cook_ex_chicago,20,all_observed,1381
2020,cook_ex_chicago,21,single_observed,51
2020,cook_ex_chicago,21,single_all,83
2020,cook_ex_chicago,21,all_observed,104
2020,cook_ex_chicago,22,single_observed,124
2020,cook_ex_chicago,22,single_all,160
2020,cook_ex_chicago,22,all_observed,174
2020,cook_ex_chicago,23,single_observed,55
2020,cook_ex_chicago,23,single_all,63
2020,cook_ex_chicago,23,all_observed,97
2020,cook_ex_chicago,24,single_observed,67
2020,cook_ex_chicago,24,single_all,75
2020,cook_ex_chicago,24,all_observed,112
2020,cook_ex_chicago,25,single_observed,572
2020,cook_ex_chicago,25,single_all,746
2020,cook_ex_chicago,25,all_observed,780
2020,cook_ex_chicago,26,single_observed,50
2020,cook_ex_chicago,26,single_all,59
2020,cook_ex_chicago,26,all_observed,73
2020,cook_ex_chicago,27,single_observed,27
2020,cook_ex_chicago,27,single_all,39
2020,cook_ex_chicago,27,all_observed,48
2020,cook_ex_chicago,28,single_observed,45
2020,cook_ex_chicago,28,single_all,54
2020,cook_ex_chicago,28,all_observed,78
2020,cook_ex_chicago,29,single_observed,15
2020,cook_ex_chicago,29,single_all,16
2020,cook_ex_chicago,29,all_observed,25
2020,cook_ex_chicago,30,single_observed,622
2020,cook_ex_chicago,30,single_all,734
2020,cook_ex_chicago,30,all_observed,881
2020,cook_ex_chicago,31,single_observed,16
2020,cook_ex_chicago,31,single_all,18
2020,cook_ex_chicago,31,all_observed,21
2020,cook_ex_chicago,32,single_observed,39
2020,cook_ex_chicago,32,single_all,57
2020,cook_ex_chicago,32,all_observed,63
2020,cook_ex_chicago,33,single_observed,26
2020,cook_ex_chicago,33,single_all,34
2020,cook_ex_chicago,33,all_observed,41
2020,cook_ex_chicago,34,single_observed,14
2020,cook_ex_chicago,34,single_all,14
2020,cook_ex_chicago,34,all_observed,24
2020,cook_ex_chicago,35,single_observed,200
2020,cook_ex_chicago,35,single_all,218
2020,cook_ex_chicago,35,all_observed,295
2020,cook_ex_chicago,36,single_observed,25
2020,cook_ex_chicago,36,single_all,27
2020,cook_ex_chicago,36,all_observed,32
2020,cook_ex_chicago,37,single_observed,17
2020,cook_ex_chicago,37,single_all,17
2020,cook_ex_chicago,37,all_observed,24
2020,cook_ex_chicago,38,single_observed,19
2020,cook_ex_chicago,38,single_all,27
2020,cook_ex_chicago,38,all_observed,30
2020,cook_ex_chicago,39,single_observed,13
2020,cook_ex_chicago,39,single_all,14
2020,cook_ex_chicago,39,all_observed,23
2020,cook_ex_chicago,40,single_observed,379
2020,cook_ex_chicago,40,single_all,428
2020,cook_ex_chicago,40,all_observed,512
2020,cook_ex_chicago,41,single_observed,12
2020,cook_ex_chicago,41,single_all,12
2020,cook_ex_chicago,41,all_observed,29
2020,cook_ex_chicago,42,single_observed,19
2020,cook_ex_chicago,42,single_all,22
2020,cook_ex_chicago,42,all_observed,38
2020,cook_ex_chicago,43,single_observed,6
2020,cook_ex_chicago,43,single_all,7
2020,cook_ex_chicago,43,all_observed,18
2020,cook_ex_chicago,44,single_observed,10
2020,cook_ex_chicago,44,single_all,10
2020,cook_ex_chicago,44,all_observed,18
2020,cook_ex_chicago,45,single_observed,114
2020,cook_ex_chicago,45,single_all,142
2020,cook_ex_chicago,45,all_observed,181
2020,cook_ex_chicago,46,single_observed,9
2020,cook_ex_chicago,46,single_all,9
2020,cook_ex_chicago,46,all_observed,12
2020,cook_ex_chicago,47,single_observed,10
2020,cook_ex_chicago,47,single_all,16
2020,cook_ex_chicago,47,all_observed,16
2020,cook_ex_chicago,48,single_observed,15
2020,cook_ex_chicago,48,single_all,22
2020,cook_ex_chicago,48,all_observed,21
2020,cook_ex_chicago,49,single_observed,23
2020,cook_ex_chicago,49,single_all,23
2020,cook_ex_chicago,49,all_observed,28
2020,cook_ex_chicago,50,single_observed,547
2020,cook_ex_chicago,50,single_all,618
2020,cook_ex_chicago,50,all_observed,761
2020,cook_ex_chicago,51,single_observed,40
2020,cook_ex_chicago,51,single_all,43
2020,cook_ex_chicago,51,all_observed,52
2020,cook_ex_chicago,52,single_observed,20
2020,cook_ex_chicago,52,single_all,20
2020,cook_ex_chicago,52,all_observed,28
2020,cook_ex_chicago,53,single_observed,9
2020,cook_ex_chicago,53,single_all,13
2020,cook_ex_chicago,53,all_observed,14
2020,cook_ex_chicago,54,single_observed,8
2020,cook_ex_chicago,54,single_all,9
2020,cook_ex_chicago,54,all_observed,12
2020,cook_ex_chicago,55,single_observed,60
2020,cook_ex_chicago,55,single_all,78
2020,cook_ex_chicago,55,all_observed,86
2020,cook_ex_chicago,56,single_observed,6
2020,cook_ex_chicago,56,single_all,6
2020,cook_ex_chicago,56,all_observed,13
2020,cook_ex_chicago,57,single_observed,7
2020,cook_ex_chicago,57,single_all,12
2020,cook_ex_chicago,57,all_observed,12
2020,cook_ex_chicago,58,single_observed,5
2020,cook_ex_chicago,58,single_all,24
2020,cook_ex_chicago,58,all_observed,8
2020,cook_ex_chicago,59,single_observed,1
2020,cook_ex_chicago,59,single_all,10
2020,cook_ex_chicago,59,all_observed,3
2020,cook_ex_chicago,60,single_observed,221
2020,cook_ex_chicago,60,single_all,242
2020,cook_ex_chicago,60,all_observed,300
2020,cook_ex_chicago,61,single_observed,3
2020,cook_ex_chicago,61,single_all,5
2020,cook_ex_chicago,61,all_observed,4
2020,cook_ex_chicago,62,single_observed,8
2020,cook_ex_chicago,62,single_all,9
2020,cook_ex_chicago,62,all_observed,10
2020,cook_ex_chicago,63,single_observed,3
2020,cook_ex_chicago,63,single_all,3
2020,cook_ex_chicago,63,all_observed,6
2020,cook_ex_chicago,64,single_observed,4
2020,cook_ex_chicago,64,single_all,5
2020,cook_ex_chicago,64,all_observed,8
2020,cook_ex_chicago,65,single_observed,55
2020,cook_ex_chicago,65,single_all,56
2020,cook_ex_chicago,65,all_observed,97
2020,cook_ex_chicago,66,single_observed,4
2020,cook_ex_chicago,66,single_all,4
2020,cook_ex_chicago,66,all_observed,7
2020,cook_ex_chicago,67,single_observed,3
2020,cook_ex_chicago,67,single_all,3
2020,cook_ex_chicago,67,all_observed,4
2020,cook_ex_chicago,68,single_observed,5
2020,cook_ex_chicago,68,single_all,6
2020,cook_ex_chicago,68,all_observed,7
2020,cook_ex_chicago,69,single_observed,2
2020,cook_ex_chicago,69,single_all,2
2020,cook_ex_chicago,69,all_observed,3
2020,cook_ex_chicago,70,single_observed,125
2020,cook_ex_chicago,70,single_all,129
2020,cook_ex_chicago,70,all_observed,172
2020,cook_ex_chicago,71,single_observed,5
2020,cook_ex_chicago,71,single_all,5
2020,cook_ex_chicago,71,all_observed,6
2020,cook_ex_chicago,72,single_observed,9
2020,cook_ex_chicago,72,single_all,14
2020,cook_ex_chicago,72,all_observed,12
2020,cook_ex_chicago,73,single_observed,4
2020,cook_ex_chicago,73,single_all,4
2020,cook_ex_chicago,73,all_observed,6
2020,cook_ex_chicago,74,single_observed,3
2020,cook_ex_chicago,74,single_all,3
2020,cook_ex_chicago,74,all_observed,4
2020,cook_ex_chicago,75,single_observed,105
2020,cook_ex_chicago,75,single_all,105
2020,cook_ex_chicago,75,all_observed,152
2020,cook_ex_chicago,76,single_observed,4
2020,cook_ex_chicago,76,single_all,4
2020,cook_ex_chicago,76,all_observed,5
2020,cook_ex_chicago,77,single_observed,7
2020,cook_ex_chicago,77,single_all,7
2020,cook_ex_chicago,77,all_observed,8
2020,cook_ex_chicago,78,single_observed,2
2020,cook_ex_chicago,78,single_all,2
2020,cook_ex_chicago,78,all_observed,3
2020,cook_ex_chicago,79,single_observed,1
2020,cook_ex_chicago,79,single_all,1
2020,cook_ex_chicago,79,all_observed,3
2020,cook_ex_chicago,80,single_observed,120
2020,cook_ex_chicago,80,single_all,121
2020,cook_ex_chicago,80,all_observed,183
2020,illinois_ex_cook,20,single_observed,2967
2020,illinois_ex_cook,20,single_all,3590
2020,illinois_ex_cook,20,all_observed,4334
2020,illinois_ex_cook,21,single_observed,205
2020,illinois_ex_cook,21,single_all,263
2020,illinois_ex_cook,21,all_observed,374
2020,illinois_ex_cook,22,single_observed,377
2020,illinois_ex_cook,22,single_all,449
2020,illinois_ex_cook,22,all_observed,591
2020,illinois_ex_cook,23,single_observed,235
2020,illinois_ex_cook,23,single_all,457
2020,illinois_ex_cook,23,all_observed,383
2020,illinois_ex_cook,24,single_observed,269
2020,illinois_ex_cook,24,single_all,384
2020,illinois_ex_cook,24,all_observed,428
2020,illinois_ex_cook,25,single_observed,1680
2020,illinois_ex_cook,25,single_all,1898
2020,illinois_ex_cook,25,all_observed,2432
2020,illinois_ex_cook,26,single_observed,157
2020,illinois_ex_cook,26,single_all,183
2020,illinois_ex_cook,26,all_observed,249
2020,illinois_ex_cook,27,single_observed,158
2020,illinois_ex_cook,27,single_all,187
2020,illinois_ex_cook,27,all_observed,241
2020,illinois_ex_cook,28,single_observed,199
2020,illinois_ex_cook,28,single_all,280
2020,illinois_ex_cook,28,all_observed,291
2020,illinois_ex_cook,29,single_observed,75
2020,illinois_ex_cook,29,single_all,116
2020,illinois_ex_cook,29,all_observed,128
2020,illinois_ex_cook,30,single_observed,1844
2020,illinois_ex_cook,30,single_all,2155
2020,illinois_ex_cook,30,all_observed,2662
2020,illinois_ex_cook,31,single_observed,72
2020,illinois_ex_cook,31,single_all,128
2020,illinois_ex_cook,31,all_observed,107
2020,illinois_ex_cook,32,single_observed,141
2020,illinois_ex_cook,32,single_all,201
2020,illinois_ex_cook,32,all_observed,228
2020,illinois_ex_cook,33,single_observed,80
2020,illinois_ex_cook,33,single_all,127
2020,illinois_ex_cook,33,all_observed,120
2020,illinois_ex_cook,34,single_observed,71
2020,illinois_ex_cook,34,single_all,78
2020,illinois_ex_cook,34,all_observed,106
2020,illinois_ex_cook,35,single_observed,718
2020,illinois_ex_cook,35,single_all,785
2020,illinois_ex_cook,35,all_observed,1049
2020,illinois_ex_cook,36,single_observed,72
2020,illinois_ex_cook,36,single_all,99
2020,illinois_ex_cook,36,all_observed,111
2020,illinois_ex_cook,37,single_observed,63
2020,illinois_ex_cook,37,single_all,76
2020,illinois_ex_cook,37,all_observed,92
2020,illinois_ex_cook,38,single_observed,90
2020,illinois_ex_cook,38,single_all,118
2020,illinois_ex_cook,38,all_observed,123
2020,illinois_ex_cook,39,single_observed,34
2020,illinois_ex_cook,39,single_all,40
2020,illinois_ex_cook,39,all_observed,59
2020,illinois_ex_cook,40,single_observed,1070
2020,illinois_ex_cook,40,single_all,1206
2020,illinois_ex_cook,40,all_observed,1537
2020,illinois_ex_cook,41,single_observed,40
2020,illinois_ex_cook,41,single_all,49
2020,illinois_ex_cook,41,all_observed,67
2020,illinois_ex_cook,42,single_observed,81
2020,illinois_ex_cook,42,single_all,89
2020,illinois_ex_cook,42,all_observed,118
2020,illinois_ex_cook,43,single_observed,47
2020,illinois_ex_cook,43,single_all,74
2020,illinois_ex_cook,43,all_observed,70
2020,illinois_ex_cook,44,single_observed,35
2020,illinois_ex_cook,44,single_all,36
2020,illinois_ex_cook,44,all_observed,51
2020,illinois_ex_cook,45,single_observed,377
2020,illinois_ex_cook,45,single_all,432
2020,illinois_ex_cook,45,all_observed,572
2020,illinois_ex_cook,46,single_observed,25
2020,illinois_ex_cook,46,single_all,32
2020,illinois_ex_cook,46,all_observed,45
2020,illinois_ex_cook,47,single_observed,37
2020,illinois_ex_cook,47,single_all,45
2020,illinois_ex_cook,47,all_observed,55
2020,illinois_ex_cook,48,single_observed,48
2020,illinois_ex_cook,48,single_all,87
2020,illinois_ex_cook,48,all_observed,81
2020,illinois_ex_cook,49,single_observed,70
2020,illinois_ex_cook,49,single_all,72
2020,illinois_ex_cook,49,all_observed,92
2020,illinois_ex_cook,50,single_observed,1414
2020,illinois_ex_cook,50,single_all,1511
2020,illinois_ex_cook,50,all_observed,1983
2020,illinois_ex_cook,51,single_observed,90
2020,illinois_ex_cook,51,single_all,122
2020,illinois_ex_cook,51,all_observed,110
2020,illinois_ex_cook,52,single_observed,59
2020,illinois_ex_cook,52,single_all,85
2020,illinois_ex_cook,52,all_observed,88
2020,illinois_ex_cook,53,single_observed,28
2020,illinois_ex_cook,53,single_all,32
2020,illinois_ex_cook,53,all_observed,46
2020,illinois_ex_cook,54,single_observed,44
2020,illinois_ex_cook,54,single_all,51
2020,illinois_ex_cook,54,all_observed,62
2020,illinois_ex_cook,55,single_observed,218
2020,illinois_ex_cook,55,single_all,299
2020,illinois_ex_cook,55,all_observed,318
2020,illinois_ex_cook,56,single_observed,28
2020,illinois_ex_cook,56,single_all,39
2020,illinois_ex_cook,56,all_observed,36
2020,illinois_ex_cook,57,single_observed,23
2020,illinois_ex_cook,57,single_all,26
2020,illinois_ex_cook,57,all_observed,38
2020,illinois_ex_cook,58,single_observed,38
2020,illinois_ex_cook,58,single_all,39
2020,illinois_ex_cook,58,all_observed,46
2020,illinois_ex_cook,59,single_observed,23
2020,illinois_ex_cook,59,single_all,55
2020,illinois_ex_cook,59,all_observed,26
2020,illinois_ex_cook,60,single_observed,636
2020,illinois_ex_cook,60,single_all,711
2020,illinois_ex_cook,60,all_observed,923
2020,illinois_ex_cook,61,single_observed,17
2020,illinois_ex_cook,61,single_all,18
2020,illinois_ex_cook,61,all_observed,24
2020,illinois_ex_cook,62,single_observed,21
2020,illinois_ex_cook,62,single_all,21
2020,illinois_ex_cook,62,all_observed,39
2020,illinois_ex_cook,63,single_observed,19
2020,illinois_ex_cook,63,single_all,23
2020,illinois_ex_cook,63,all_observed,37
2020,illinois_ex_cook,64,single_observed,12
2020,illinois_ex_cook,64,single_all,13
2020,illinois_ex_cook,64,all_observed,26
2020,illinois_ex_cook,65,single_observed,201
2020,illinois_ex_cook,65,single_all,208
2020,illinois_ex_cook,65,all_observed,320
2020,illinois_ex_cook,66,single_observed,13
2020,illinois_ex_cook,66,single_all,13
2020,illinois_ex_cook,66,all_observed,15
2020,illinois_ex_cook,67,single_observed,28
2020,illinois_ex_cook,67,single_all,28
2020,illinois_ex_cook,67,all_observed,37
2020,illinois_ex_cook,68,single_observed,17
2020,illinois_ex_cook,68,single_all,19
2020,illinois_ex_cook,68,all_observed,31
2020,illinois_ex_cook,69,single_observed,12
2020,illinois_ex_cook,69,single_all,12
2020,illinois_ex_cook,69,all_observed,15
2020,illinois_ex_cook,70,single_observed,360
2020,illinois_ex_cook,70,single_all,380
2020,illinois_ex_cook,70,all_observed,545
2020,illinois_ex_cook,71,single_observed,8
2020,illinois_ex_cook,71,single_all,8
2020,illinois_ex_cook,71,all_observed,14
2020,illinois_ex_cook,72,single_observed,33
2020,illinois_ex_cook,72,single_all,54
2020,illinois_ex_cook,72,all_observed,42
2020,illinois_ex_cook,73,single_observed,19
2020,illinois_ex_cook,73,single_all,33
2020,illinois_ex_cook,73,all_observed,28
2020,illinois_ex_cook,74,single_observed,13
2020,illinois_ex_cook,74,single_all,14
2020,illinois_ex_cook,74,all_observed,14
2020,illinois_ex_cook,75,single_observed,331
2020,illinois_ex_cook,75,single_all,332
2020,illinois_ex_cook,75,all_observed,463
2020,illinois_ex_cook,76,single_observed,6
2020,illinois_ex_cook,76,single_all,6
2020,illinois_ex_cook,76,all_observed,12
2020,illinois_ex_cook,77,single_observed,6
2020,illinois_ex_cook,77,single_all,7
2020,illinois_ex_cook,77,all_observed,8
2020,illinois_ex_cook,78,single_observed,14
2020,illinois_ex_cook,78,single_all,14
2020,illinois_ex_cook,78,all_observed,19
2020,illinois_ex_cook,79,single_observed,9
2020,illinois_ex_cook,79,single_all,10
2020,illinois_ex_cook,79,all_observed,13
2020,illinois_ex_cook,80,single_observed,318
2020,illinois_ex_cook,80,single_all,333
2020,illinois_ex_cook,80,all_observed,498
2021,chicago,20,single_observed,907
2021,chicago,20,single_all,1338
2021,chicago,20,all_observed,1196
2021,chicago,21,single_observed,64
2021,chicago,21,single_all,86
2021,chicago,21,all_observed,95
2021,chicago,22,single_observed,95
2021,chicago,22,single_all,110
2021,chicago,22,all_observed,153
2021,chicago,23,single_observed,55
2021,chicago,23,single_all,70
2021,chicago,23,all_observed,87
2021,chicago,24,single_observed,64
2021,chicago,24,single_all,79
2021,chicago,24,all_observed,85
2021,chicago,25,single_observed,450
2021,chicago,25,single_all,527
2021,chicago,25,all_observed,599
2021,chicago,26,single_observed,46
2021,chicago,26,single_all,48
2021,chicago,26,all_observed,73
2021,chicago,27,single_observed,40
2021,chicago,27,single_all,78
2021,chicago,27,all_observed,56
2021,chicago,28,single_observed,38
2021,chicago,28,single_all,43
2021,chicago,28,all_observed,63
2021,chicago,29,single_observed,19
2021,chicago,29,single_all,21
2021,chicago,29,all_observed,29
2021,chicago,30,single_observed,534
2021,chicago,30,single_all,605
2021,chicago,30,all_observed,743
2021,chicago,31,single_observed,12
2021,chicago,31,single_all,16
2021,chicago,31,all_observed,23
2021,chicago,32,single_observed,41
2021,chicago,32,single_all,49
2021,chicago,32,all_observed,58
2021,chicago,33,single_observed,17
2021,chicago,33,single_all,25
2021,chicago,33,all_observed,23
2021,chicago,34,single_observed,17
2021,chicago,34,single_all,19
2021,chicago,34,all_observed,27
2021,chicago,35,single_observed,142
2021,chicago,35,single_all,153
2021,chicago,35,all_observed,221
2021,chicago,36,single_observed,12
2021,chicago,36,single_all,15
2021,chicago,36,all_observed,25
2021,chicago,37,single_observed,10
2021,chicago,37,single_all,10
2021,chicago,37,all_observed,17
2021,chicago,38,single_observed,14
2021,chicago,38,single_all,15
2021,chicago,38,all_observed,26
2021,chicago,39,single_observed,12
2021,chicago,39,single_all,12
2021,chicago,39,all_observed,15
2021,chicago,40,single_observed,312
2021,chicago,40,single_all,337
2021,chicago,40,all_observed,428
2021,chicago,41,single_observed,5
2021,chicago,41,single_all,5
2021,chicago,41,all_observed,18
2021,chicago,42,single_observed,20
2021,chicago,42,single_all,22
2021,chicago,42,all_observed,31
2021,chicago,43,single_observed,9
2021,chicago,43,single_all,12
2021,chicago,43,all_observed,10
2021,chicago,44,single_observed,7
2021,chicago,44,single_all,7
2021,chicago,44,all_observed,12
2021,chicago,45,single_observed,93
2021,chicago,45,single_all,140
2021,chicago,45,all_observed,146
2021,chicago,46,single_observed,7
2021,chicago,46,single_all,7
2021,chicago,46,all_observed,12
2021,chicago,47,single_observed,7
2021,chicago,47,single_all,11
2021,chicago,47,all_observed,15
2021,chicago,48,single_observed,9
2021,chicago,48,single_all,11
2021,chicago,48,all_observed,15
2021,chicago,49,single_observed,28
2021,chicago,49,single_all,30
2021,chicago,49,all_observed,35
2021,chicago,50,single_observed,405
2021,chicago,50,single_all,464
2021,chicago,50,all_observed,577
2021,chicago,51,single_observed,52
2021,chicago,51,single_all,54
2021,chicago,51,all_observed,63
2021,chicago,52,single_observed,15
2021,chicago,52,single_all,15
2021,chicago,52,all_observed,22
2021,chicago,53,single_observed,5
2021,chicago,53,single_all,7
2021,chicago,53,all_observed,11
2021,chicago,54,single_observed,6
2021,chicago,54,single_all,9
2021,chicago,54,all_observed,15
2021,chicago,55,single_observed,52
2021,chicago,55,single_all,72
2021,chicago,55,all_observed,88
2021,chicago,56,single_observed,8
2021,chicago,56,single_all,8
2021,chicago,56,all_observed,12
2021,chicago,57,single_observed,6
2021,chicago,57,single_all,10
2021,chicago,57,all_observed,8
2021,chicago,58,single_observed,11
2021,chicago,58,single_all,21
2021,chicago,58,all_observed,16
2021,chicago,59,single_observed,4
2021,chicago,59,single_all,7
2021,chicago,59,all_observed,6
2021,chicago,60,single_observed,196
2021,chicago,60,single_all,200
2021,chicago,60,all_observed,284
2021,chicago,61,single_observed,5
2021,chicago,61,single_all,5
2021,chicago,61,all_observed,7
2021,chicago,62,single_observed,8
2021,chicago,62,single_all,8
2021,chicago,62,all_observed,12
2021,chicago,63,single_observed,1
2021,chicago,63,single_all,1
2021,chicago,63,all_observed,5
2021,chicago,64,single_observed,4
2021,chicago,64,single_all,5
2021,chicago,64,all_observed,6
2021,chicago,65,single_observed,54
2021,chicago,65,single_all,54
2021,chicago,65,all_observed,72
2021,chicago,66,single_observed,1
2021,chicago,66,single_all,1
2021,chicago,66,all_observed,3
2021,chicago,67,single_observed,2
2021,chicago,67,single_all,2
2021,chicago,67,all_observed,4
2021,chicago,68,single_observed,8
2021,chicago,68,single_all,8
2021,chicago,68,all_observed,10
2021,chicago,69,single_observed,0
2021,chicago,69,single_all,0
2021,chicago,69,all_observed,5
2021,chicago,70,single_observed,83
2021,chicago,70,single_all,84
2021,chicago,70,all_observed,141
2021,chicago,71,single_observed,4
2021,chicago,71,single_all,4
2021,chicago,71,all_observed,7
2021,chicago,72,single_observed,7
2021,chicago,72,single_all,9
2021,chicago,72,all_observed,8
2021,chicago,73,single_observed,3
2021,chicago,73,single_all,4
2021,chicago,73,all_observed,5
2021,chicago,74,single_observed,5
2021,chicago,74,single_all,5
2021,chicago,74,all_observed,5
2021,chicago,75,single_observed,79
2021,chicago,75,single_all,79
2021,chicago,75,all_observed,118
2021,chicago,76,single_observed,3
2021,chicago,76,single_all,6
2021,chicago,76,all_observed,5
2021,chicago,77,single_observed,3
2021,chicago,77,single_all,3
2021,chicago,77,all_observed,3
2021,chicago,78,single_observed,4
2021,chicago,78,single_all,4
2021,chicago,78,all_observed,6
2021,chicago,79,single_observed,2
2021,chicago,79,single_all,2
2021,chicago,79,all_observed,3
2021,chicago,80,single_observed,110
2021,chicago,80,single_all,111
2021,chicago,80,all_observed,158
2021,cook_ex_chicago,20,single_observed,982
2021,cook_ex_chicago,20,single_all,1375
2021,cook_ex_chicago,20,all_observed,1352
2021,cook_ex_chicago,21,single_observed,50
2021,cook_ex_chicago,21,single_all,80
2021,cook_ex_chicago,21,all_observed,103
2021,cook_ex_chicago,22,single_observed,122
2021,cook_ex_chicago,22,single_all,159
2021,cook_ex_chicago,22,all_observed,172
2021,cook_ex_chicago,23,single_observed,57
2021,cook_ex_chicago,23,single_all,64
2021,cook_ex_chicago,23,all_observed,100
2021,cook_ex_chicago,24,single_observed,72
2021,cook_ex_chicago,24,single_all,82
2021,cook_ex_chicago,24,all_observed,118
2021,cook_ex_chicago,25,single_observed,586
2021,cook_ex_chicago,25,single_all,777
2021,cook_ex_chicago,25,all_observed,790
2021,cook_ex_chicago,26,single_observed,48
2021,cook_ex_chicago,26,single_all,54
2021,cook_ex_chicago,26,all_observed,72
2021,cook_ex_chicago,27,single_observed,27
2021,cook_ex_chicago,27,single_all,38
2021,cook_ex_chicago,27,all_observed,48
2021,cook_ex_chicago,28,single_observed,40
2021,cook_ex_chicago,28,single_all,45
2021,cook_ex_chicago,28,all_observed,70
2021,cook_ex_chicago,29,single_observed,14
2021,cook_ex_chicago,29,single_all,14
2021,cook_ex_chicago,29,all_observed,23
2021,cook_ex_chicago,30,single_observed,603
2021,cook_ex_chicago,30,single_all,727
2021,cook_ex_chicago,30,all_observed,861
2021,cook_ex_chicago,31,single_observed,16
2021,cook_ex_chicago,31,single_all,19
2021,cook_ex_chicago,31,all_observed,21
2021,cook_ex_chicago,32,single_observed,37
2021,cook_ex_chicago,32,single_all,57
2021,cook_ex_chicago,32,all_observed,61
2021,cook_ex_chicago,33,single_observed,26
2021,cook_ex_chicago,33,single_all,37
2021,cook_ex_chicago,33,all_observed,41
2021,cook_ex_chicago,34,single_observed,14
2021,cook_ex_chicago,34,single_all,14
2021,cook_ex_chicago,34,all_observed,23
2021,cook_ex_chicago,35,single_observed,192
2021,cook_ex_chicago,35,single_all,213
2021,cook_ex_chicago,35,all_observed,290
2021,cook_ex_chicago,36,single_observed,25
2021,cook_ex_chicago,36,single_all,27
2021,cook_ex_chicago,36,all_observed,34
2021,cook_ex_chicago,37,single_observed,18
2021,cook_ex_chicago,37,single_all,18
2021,cook_ex_chicago,37,all_observed,25
2021,cook_ex_chicago,38,single_observed,21
2021,cook_ex_chicago,38,single_all,27
2021,cook_ex_chicago,38,all_observed,31
2021,cook_ex_chicago,39,single_observed,13
2021,cook_ex_chicago,39,single_all,14
2021,cook_ex_chicago,39,all_observed,23
2021,cook_ex_chicago,40,single_observed,369
2021,cook_ex_chicago,40,single_all,421
2021,cook_ex_chicago,40,all_observed,506
2021,cook_ex_chicago,41,single_observed,11
2021,cook_ex_chicago,41,single_all,11
2021,cook_ex_chicago,41,all_observed,28
2021,cook_ex_chicago,42,single_observed,18
2021,cook_ex_chicago,42,single_all,20
2021,cook_ex_chicago,42,all_observed,39
2021,cook_ex_chicago,43,single_observed,5
2021,cook_ex_chicago,43,single_all,6
2021,cook_ex_chicago,43,all_observed,17
2021,cook_ex_chicago,44,single_observed,10
2021,cook_ex_chicago,44,single_all,10
2021,cook_ex_chicago,44,all_observed,19
2021,cook_ex_chicago,45,single_observed,110
2021,cook_ex_chicago,45,single_all,137
2021,cook_ex_chicago,45,all_observed,175
2021,cook_ex_chicago,46,single_observed,9
2021,cook_ex_chicago,46,single_all,9
2021,cook_ex_chicago,46,all_observed,12
2021,cook_ex_chicago,47,single_observed,11
2021,cook_ex_chicago,47,single_all,17
2021,cook_ex_chicago,47,all_observed,17
2021,cook_ex_chicago,48,single_observed,13
2021,cook_ex_chicago,48,single_all,17
2021,cook_ex_chicago,48,all_observed,21
2021,cook_ex_chicago,49,single_observed,24
2021,cook_ex_chicago,49,single_all,24
2021,cook_ex_chicago,49,all_observed,30
2021,cook_ex_chicago,50,single_observed,522
2021,cook_ex_chicago,50,single_all,609
2021,cook_ex_chicago,50,all_observed,743
2021,cook_ex_chicago,51,single_observed,40
2021,cook_ex_chicago,51,single_all,43
2021,cook_ex_chicago,51,all_observed,55
2021,cook_ex_chicago,52,single_observed,21
2021,cook_ex_chicago,52,single_all,21
2021,cook_ex_chicago,52,all_observed,29
2021,cook_ex_chicago,53,single_observed,10
2021,cook_ex_chicago,53,single_all,15
2021,cook_ex_chicago,53,all_observed,15
2021,cook_ex_chicago,54,single_observed,7
2021,cook_ex_chicago,54,single_all,8
2021,cook_ex_chicago,54,all_observed,12
2021,cook_ex_chicago,55,single_observed,58
2021,cook_ex_chicago,55,single_all,79
2021,cook_ex_chicago,55,all_observed,87
2021,cook_ex_chicago,56,single_observed,6
2021,cook_ex_chicago,56,single_all,6
2021,cook_ex_chicago,56,all_observed,12
2021,cook_ex_chicago,57,single_observed,6
2021,cook_ex_chicago,57,single_all,9
2021,cook_ex_chicago,57,all_observed,11
2021,cook_ex_chicago,58,single_observed,5
2021,cook_ex_chicago,58,single_all,23
2021,cook_ex_chicago,58,all_observed,8
2021,cook_ex_chicago,59,single_observed,1
2021,cook_ex_chicago,59,single_all,11
2021,cook_ex_chicago,59,all_observed,3
2021,cook_ex_chicago,60,single_observed,210
2021,cook_ex_chicago,60,single_all,229
2021,cook_ex_chicago,60,all_observed,286
2021,cook_ex_chicago,61,single_observed,3
2021,cook_ex_chicago,61,single_all,5
2021,cook_ex_chicago,61,all_observed,4
2021,cook_ex_chicago,62,single_observed,7
2021,cook_ex_chicago,62,single_all,8
2021,cook_ex_chicago,62,all_observed,9
2021,cook_ex_chicago,63,single_observed,3
2021,cook_ex_chicago,63,single_all,3
2021,cook_ex_chicago,63,all_observed,6
2021,cook_ex_chicago,64,single_observed,4
2021,cook_ex_chicago,64,single_all,5
2021,cook_ex_chicago,64,all_observed,8
2021,cook_ex_chicago,65,single_observed,55
2021,cook_ex_chicago,65,single_all,57
2021,cook_ex_chicago,65,all_observed,93
2021,cook_ex_chicago,66,single_observed,4
2021,cook_ex_chicago,66,single_all,4
2021,cook_ex_chicago,66,all_observed,7
2021,cook_ex_chicago,67,single_observed,3
2021,cook_ex_chicago,67,single_all,3
2021,cook_ex_chicago,67,all_observed,4
2021,cook_ex_chicago,68,single_observed,5
2021,cook_ex_chicago,68,single_all,5
2021,cook_ex_chicago,68,all_observed,7
2021,cook_ex_chicago,69,single_observed,1
2021,cook_ex_chicago,69,single_all,1
2021,cook_ex_chicago,69,all_observed,3
2021,cook_ex_chicago,70,single_observed,115
2021,cook_ex_chicago,70,single_all,121
2021,cook_ex_chicago,70,all_observed,166
2021,cook_ex_chicago,71,single_observed,6
2021,cook_ex_chicago,71,single_all,7
2021,cook_ex_chicago,71,all_observed,7
2021,cook_ex_chicago,72,single_observed,9
2021,cook_ex_chicago,72,single_all,14
2021,cook_ex_chicago,72,all_observed,13
2021,cook_ex_chicago,73,single_observed,4
2021,cook_ex_chicago,73,single_all,4
2021,cook_ex_chicago,73,all_observed,5
2021,cook_ex_chicago,74,single_observed,3
2021,cook_ex_chicago,74,single_all,3
2021,cook_ex_chicago,74,all_observed,4
2021,cook_ex_chicago,75,single_observed,103
2021,cook_ex_chicago,75,single_all,105
2021,cook_ex_chicago,75,all_observed,150
2021,cook_ex_chicago,76,single_observed,3
2021,cook_ex_chicago,76,single_all,3
2021,cook_ex_chicago,76,all_observed,4
2021,cook_ex_chicago,77,single_observed,6
2021,cook_ex_chicago,77,single_all,6
2021,cook_ex_chicago,77,all_observed,7
2021,cook_ex_chicago,78,single_observed,2
2021,cook_ex_chicago,78,single_all,2
2021,cook_ex_chicago,78,all_observed,3
2021,cook_ex_chicago,79,single_observed,1
2021,cook_ex_chicago,79,single_all,1
2021,cook_ex_chicago,79,all_observed,3
2021,cook_ex_chicago,80,single_observed,109
2021,cook_ex_chicago,80,single_all,110
2021,cook_ex_chicago,80,all_observed,175
2021,illinois_ex_cook,20,single_observed,2967
2021,illinois_ex_cook,20,single_all,3708
2021,illinois_ex_cook,20,all_observed,4362
2021,illinois_ex_cook,21,single_observed,206
2021,illinois_ex_cook,21,single_all,281
2021,illinois_ex_cook,21,all_observed,367
2021,illinois_ex_cook,22,single_observed,358
2021,illinois_ex_cook,22,single_all,448
2021,illinois_ex_cook,22,all_observed,574
2021,illinois_ex_cook,23,single_observed,235
2021,illinois_ex_cook,23,single_all,483
2021,illinois_ex_cook,23,all_observed,381
2021,illinois_ex_cook,24,single_observed,261
2021,illinois_ex_cook,24,single_all,376
2021,illinois_ex_cook,24,all_observed,428
2021,illinois_ex_cook,25,single_observed,1615
2021,illinois_ex_cook,25,single_all,1858
2021,illinois_ex_cook,25,all_observed,2391
2021,illinois_ex_cook,26,single_observed,158
2021,illinois_ex_cook,26,single_all,176
2021,illinois_ex_cook,26,all_observed,251
2021,illinois_ex_cook,27,single_observed,148
2021,illinois_ex_cook,27,single_all,178
2021,illinois_ex_cook,27,all_observed,227
2021,illinois_ex_cook,28,single_observed,194
2021,illinois_ex_cook,28,single_all,291
2021,illinois_ex_cook,28,all_observed,289
2021,illinois_ex_cook,29,single_observed,70
2021,illinois_ex_cook,29,single_all,108
2021,illinois_ex_cook,29,all_observed,126
2021,illinois_ex_cook,30,single_observed,1838
2021,illinois_ex_cook,30,single_all,2209
2021,illinois_ex_cook,30,all_observed,2666
2021,illinois_ex_cook,31,single_observed,75
2021,illinois_ex_cook,31,single_all,124
2021,illinois_ex_cook,31,all_observed,110
2021,illinois_ex_cook,32,single_observed,144
2021,illinois_ex_cook,32,single_all,196
2021,illinois_ex_cook,32,all_observed,235
2021,illinois_ex_cook,33,single_observed,77
2021,illinois_ex_cook,33,single_all,135
2021,illinois_ex_cook,33,all_observed,118
2021,illinois_ex_cook,34,single_observed,69
2021,illinois_ex_cook,34,single_all,80
2021,illinois_ex_cook,34,all_observed,107
2021,illinois_ex_cook,35,single_observed,705
2021,illinois_ex_cook,35,single_all,788
2021,illinois_ex_cook,35,all_observed,1045
2021,illinois_ex_cook,36,single_observed,72
2021,illinois_ex_cook,36,single_all,102
2021,illinois_ex_cook,36,all_observed,112
2021,illinois_ex_cook,37,single_observed,61
2021,illinois_ex_cook,37,single_all,78
2021,illinois_ex_cook,37,all_observed,94
2021,illinois_ex_cook,38,single_observed,83
2021,illinois_ex_cook,38,single_all,104
2021,illinois_ex_cook,38,all_observed,118
2021,illinois_ex_cook,39,single_observed,31
2021,illinois_ex_cook,39,single_all,33
2021,illinois_ex_cook,39,all_observed,56
2021,illinois_ex_cook,40,single_observed,1053
2021,illinois_ex_cook,40,single_all,1211
2021,illinois_ex_cook,40,all_observed,1534
2021,illinois_ex_cook,41,single_observed,40
2021,illinois_ex_cook,41,single_all,49
2021,illinois_ex_cook,41,all_observed,67
2021,illinois_ex_cook,42,single_observed,76
2021,illinois_ex_cook,42,single_all,84
2021,illinois_ex_cook,42,all_observed,114
2021,illinois_ex_cook,43,single_observed,45
2021,illinois_ex_cook,43,single_all,74
2021,illinois_ex_cook,43,all_observed,69
2021,illinois_ex_cook,44,single_observed,34
2021,illinois_ex_cook,44,single_all,35
2021,illinois_ex_cook,44,all_observed,51
2021,illinois_ex_cook,45,single_observed,372
2021,illinois_ex_cook,45,single_all,423
2021,illinois_ex_cook,45,all_observed,566
2021,illinois_ex_cook,46,single_observed,26
2021,illinois_ex_cook,46,single_all,33
2021,illinois_ex_cook,46,all_observed,46
2021,illinois_ex_cook,47,single_observed,35
2021,illinois_ex_cook,47,single_all,48
2021,illinois_ex_cook,47,all_observed,53
2021,illinois_ex_cook,48,single_observed,47
2021,illinois_ex_cook,48,single_all,96
2021,illinois_ex_cook,48,all_observed,81
2021,illinois_ex_cook,49,single_observed,74
2021,illinois_ex_cook,49,single_all,77
2021,illinois_ex_cook,49,all_observed,98
2021,illinois_ex_cook,50,single_observed,1399
2021,illinois_ex_cook,50,single_all,1506
2021,illinois_ex_cook,50,all_observed,1974
2021,illinois_ex_cook,51,single_observed,90
2021,illinois_ex_cook,51,single_all,129
2021,illinois_ex_cook,51,all_observed,111
2021,illinois_ex_cook,52,single_observed,57
2021,illinois_ex_cook,52,single_all,91
2021,illinois_ex_cook,52,all_observed,85
2021,illinois_ex_cook,53,single_observed,27
2021,illinois_ex_cook,53,single_all,32
2021,illinois_ex_cook,53,all_observed,45
2021,illinois_ex_cook,54,single_observed,43
2021,illinois_ex_cook,54,single_all,53
2021,illinois_ex_cook,54,all_observed,60
2021,illinois_ex_cook,55,single_observed,215
2021,illinois_ex_cook,55,single_all,316
2021,illinois_ex_cook,55,all_observed,318
2021,illinois_ex_cook,56,single_observed,28
2021,illinois_ex_cook,56,single_all,40
2021,illinois_ex_cook,56,all_observed,37
2021,illinois_ex_cook,57,single_observed,23
2021,illinois_ex_cook,57,single_all,26
2021,illinois_ex_cook,57,all_observed,36
2021,illinois_ex_cook,58,single_observed,39
2021,illinois_ex_cook,58,single_all,40
2021,illinois_ex_cook,58,all_observed,50
2021,illinois_ex_cook,59,single_observed,22
2021,illinois_ex_cook,59,single_all,57
2021,illinois_ex_cook,59,all_observed,25
2021,illinois_ex_cook,60,single_observed,631
2021,illinois_ex_cook,60,single_all,705
2021,illinois_ex_cook,60,all_observed,927
2021,illinois_ex_cook,61,single_observed,15
2021,illinois_ex_cook,61,single_all,16
2021,illinois_ex_cook,61,all_observed,21
2021,illinois_ex_cook,62,single_observed,22
2021,illinois_ex_cook,62,single_all,22
2021,illinois_ex_cook,62,all_observed,40
2021,illinois_ex_cook,63,single_observed,21
2021,illinois_ex_cook,63,single_all,27
2021,illinois_ex_cook,63,all_observed,39
2021,illinois_ex_cook,64,single_observed,12
2021,illinois_ex_cook,64,single_all,14
2021,illinois_ex_cook,64,all_observed,27
2021,illinois_ex_cook,65,single_observed,197
2021,illinois_ex_cook,65,single_all,205
2021,illinois_ex_cook,65,all_observed,325
2021,illinois_ex_cook,66,single_observed,14
2021,illinois_ex_cook,66,single_all,14
2021,illinois_ex_cook,66,all_observed,16
2021,illinois_ex_cook,67,single_observed,29
2021,illinois_ex_cook,67,single_all,29
2021,illinois_ex_cook,67,all_observed,38
2021,illinois_ex_cook,68,single_observed,15
2021,illinois_ex_cook,68,single_all,17
2021,illinois_ex_cook,68,all_observed,29
2021,illinois_ex_cook,69,single_observed,10
2021,illinois_ex_cook,69,single_all,10
2021,illinois_ex_cook,69,all_observed,13
2021,illinois_ex_cook,70,single_observed,348
2021,illinois_ex_cook,70,single_all,372
2021,illinois_ex_cook,70,all_observed,540
2021,illinois_ex_cook,71,single_observed,6
2021,illinois_ex_cook,71,single_all,6
2021,illinois_ex_cook,71,all_observed,10
2021,illinois_ex_cook,72,single_observed,30
2021,illinois_ex_cook,72,single_all,53
2021,illinois_ex_cook,72,all_observed,41
2021,illinois_ex_cook,73,single_observed,18
2021,illinois_ex_cook,73,single_all,36
2021,illinois_ex_cook,73,all_observed,27
2021,illinois_ex_cook,74,single_observed,11
2021,illinois_ex_cook,74,single_all,12
2021,illinois_ex_cook,74,all_observed,12
2021,illinois_ex_cook,75,single_observed,326
2021,illinois_ex_cook,75,single_all,328
2021,illinois_ex_cook,75,all_observed,459
2021,illinois_ex_cook,76,single_observed,7
2021,illinois_ex_cook,76,single_all,7
2021,illinois_ex_cook,76,all_observed,13
2021,illinois_ex_cook,77,single_observed,6
2021,illinois_ex_cook,77,single_all,7
2021,illinois_ex_cook,77,all_observed,8
2021,illinois_ex_cook,78,single_observed,12
2021,illinois_ex_cook,78,single_all,12
2021,illinois_ex_cook,78,all_observed,18
2021,illinois_ex_cook,79,single_observed,9
2021,illinois_ex_cook,79,single_all,10
2021,illinois_ex_cook,79,all_observed,13
2021,illinois_ex_cook,80,single_observed,317
2021,illinois_ex_cook,80,single_all,333
2021,illinois_ex_cook,80,all_observed,493
2022,chicago,20,single_observed,919
2022,chicago,20,single_all,1307
2022,chicago,20,all_observed,1217
2022,chicago,21,single_observed,67
2022,chicago,21,single_all,91
2022,chicago,21,all_observed,98
2022,chicago,22,single_observed,93
2022,chicago,22,single_all,106
2022,chicago,22,all_observed,152
2022,chicago,23,single_observed,59
2022,chicago,23,single_all,75
2022,chicago,23,all_observed,90
2022,chicago,24,single_observed,72
2022,chicago,24,single_all,84
2022,chicago,24,all_observed,94
2022,chicago,25,single_observed,455
2022,chicago,25,single_all,533
2022,chicago,25,all_observed,598
2022,chicago,26,single_observed,50
2022,chicago,26,single_all,52
2022,chicago,26,all_observed,78
2022,chicago,27,single_observed,39
2022,chicago,27,single_all,76
2022,chicago,27,all_observed,52
2022,chicago,28,single_observed,38
2022,chicago,28,single_all,43
2022,chicago,28,all_observed,65
2022,chicago,29,single_observed,24
2022,chicago,29,single_all,26
2022,chicago,29,all_observed,34
2022,chicago,30,single_observed,528
2022,chicago,30,single_all,605
2022,chicago,30,all_observed,742
2022,chicago,31,single_observed,14
2022,chicago,31,single_all,18
2022,chicago,31,all_observed,25
2022,chicago,32,single_observed,38
2022,chicago,32,single_all,43
2022,chicago,32,all_observed,59
2022,chicago,33,single_observed,17
2022,chicago,33,single_all,24
2022,chicago,33,all_observed,24
2022,chicago,34,single_observed,19
2022,chicago,34,single_all,21
2022,chicago,34,all_observed,28
2022,chicago,35,single_observed,147
2022,chicago,35,single_all,160
2022,chicago,35,all_observed,222
2022,chicago,36,single_observed,12
2022,chicago,36,single_all,15
2022,chicago,36,all_observed,25
2022,chicago,37,single_observed,10
2022,chicago,37,single_all,10
2022,chicago,37,all_observed,17
2022,chicago,38,single_observed,16
2022,chicago,38,single_all,18
2022,chicago,38,all_observed,28
2022,chicago,39,single_observed,13
2022,chicago,39,single_all,14
2022,chicago,39,all_observed,16
2022,chicago,40,single_observed,309
2022,chicago,40,single_all,335
2022,chicago,40,all_observed,422
2022,chicago,41,single_observed,4
2022,chicago,41,single_all,4
2022,chicago,41,all_observed,17
2022,chicago,42,single_observed,18
2022,chicago,42,single_all,19
2022,chicago,42,all_observed,30
2022,chicago,43,single_observed,9
2022,chicago,43,single_all,11
2022,chicago,43,all_observed,10
2022,chicago,44,single_observed,5
2022,chicago,44,single_all,5
2022,chicago,44,all_observed,10
2022,chicago,45,single_observed,84
2022,chicago,45,single_all,134
2022,chicago,45,all_observed,139
2022,chicago,46,single_observed,7
2022,chicago,46,single_all,7
2022,chicago,46,all_observed,12
2022,chicago,47,single_observed,7
2022,chicago,47,single_all,11
2022,chicago,47,all_observed,14
2022,chicago,48,single_observed,9
2022,chicago,48,single_all,12
2022,chicago,48,all_observed,15
2022,chicago,49,single_observed,32
2022,chicago,49,single_all,34
2022,chicago,49,all_observed,38
2022,chicago,50,single_observed,401
2022,chicago,50,single_all,450
2022,chicago,50,all_observed,577
2022,chicago,51,single_observed,52
2022,chicago,51,single_all,54
2022,chicago,51,all_observed,61
2022,chicago,52,single_observed,14
2022,chicago,52,single_all,14
2022,chicago,52,all_observed,23
2022,chicago,53,single_observed,5
2022,chicago,53,single_all,7
2022,chicago,53,all_observed,10
2022,chicago,54,single_observed,7
2022,chicago,54,single_all,10
2022,chicago,54,all_observed,16
2022,chicago,55,single_observed,50
2022,chicago,55,single_all,67
2022,chicago,55,all_observed,87
2022,chicago,56,single_observed,8
2022,chicago,56,single_all,8
2022,chicago,56,all_observed,12
2022,chicago,57,single_observed,6
2022,chicago,57,single_all,10
2022,chicago,57,all_observed,8
2022,chicago,58,single_observed,11
2022,chicago,58,single_all,24
2022,chicago,58,all_observed,16
2022,chicago,59,single_observed,3
2022,chicago,59,single_all,6
2022,chicago,59,all_observed,5
2022,chicago,60,single_observed,203
2022,chicago,60,single_all,208
2022,chicago,60,all_observed,295
2022,chicago,61,single_observed,5
2022,chicago,61,single_all,5
2022,chicago,61,all_observed,7
2022,chicago,62,single_observed,7
2022,chicago,62,single_all,7
2022,chicago,62,all_observed,10
2022,chicago,63,single_observed,1
2022,chicago,63,single_all,1
2022,chicago,63,all_observed,5
2022,chicago,64,single_observed,3
2022,chicago,64,single_all,4
2022,chicago,64,all_observed,5
2022,chicago,65,single_observed,53
2022,chicago,65,single_all,53
2022,chicago,65,all_observed,72
2022,chicago,66,single_observed,1
2022,chicago,66,single_all,1
2022,chicago,66,all_observed,3
2022,chicago,67,single_observed,2
2022,chicago,67,single_all,2
2022,chicago,67,all_observed,4
2022,chicago,68,single_observed,8
2022,chicago,68,single_all,8
2022,chicago,68,all_observed,10
2022,chicago,69,single_observed,0
2022,chicago,69,single_all,0
2022,chicago,69,all_observed,5
2022,chicago,70,single_observed,89
2022,chicago,70,single_all,90
2022,chicago,70,all_observed,143
2022,chicago,71,single_observed,4
2022,chicago,71,single_all,4
2022,chicago,71,all_observed,7
2022,chicago,72,single_observed,7
2022,chicago,72,single_all,8
2022,chicago,72,all_observed,9
2022,chicago,73,single_observed,3
2022,chicago,73,single_all,4
2022,chicago,73,all_observed,5
2022,chicago,74,single_observed,5
2022,chicago,74,single_all,5
2022,chicago,74,all_observed,5
2022,chicago,75,single_observed,80
2022,chicago,75,single_all,80
2022,chicago,75,all_observed,122
2022,chicago,76,single_observed,3
2022,chicago,76,single_all,6
2022,chicago,76,all_observed,5
2022,chicago,77,single_observed,3
2022,chicago,77,single_all,3
2022,chicago,77,all_observed,3
2022,chicago,78,single_observed,4
2022,chicago,78,single_all,4
2022,chicago,78,all_observed,6
2022,chicago,79,single_observed,2
2022,chicago,79,single_all,2
2022,chicago,79,all_observed,3
2022,chicago,80,single_observed,110
2022,chicago,80,single_all,111
2022,chicago,80,all_observed,157
2022,cook_ex_chicago,20,single_observed,969
2022,cook_ex_chicago,20,single_all,1363
2022,cook_ex_chicago,20,all_observed,1346
2022,cook_ex_chicago,21,single_observed,46
2022,cook_ex_chicago,21,single_all,79
2022,cook_ex_chicago,21,all_observed,97
2022,cook_ex_chicago,22,single_observed,114
2022,cook_ex_chicago,22,single_all,149
2022,cook_ex_chicago,22,all_observed,168
2022,cook_ex_chicago,23,single_observed,62
2022,cook_ex_chicago,23,single_all,72
2022,cook_ex_chicago,23,all_observed,105
2022,cook_ex_chicago,24,single_observed,72
2022,cook_ex_chicago,24,single_all,81
2022,cook_ex_chicago,24,all_observed,118
2022,cook_ex_chicago,25,single_observed,588
2022,cook_ex_chicago,25,single_all,784
2022,cook_ex_chicago,25,all_observed,791
2022,cook_ex_chicago,26,single_observed,45
2022,cook_ex_chicago,26,single_all,51
2022,cook_ex_chicago,26,all_observed,70
2022,cook_ex_chicago,27,single_observed,26
2022,cook_ex_chicago,27,single_all,36
2022,cook_ex_chicago,27,all_observed,49
2022,cook_ex_chicago,28,single_observed,40
2022,cook_ex_chicago,28,single_all,44
2022,cook_ex_chicago,28,all_observed,66
2022,cook_ex_chicago,29,single_observed,13
2022,cook_ex_chicago,29,single_all,14
2022,cook_ex_chicago,29,all_observed,22
2022,cook_ex_chicago,30,single_observed,599
2022,cook_ex_chicago,30,single_all,715
2022,cook_ex_chicago,30,all_observed,869
2022,cook_ex_chicago,31,single_observed,17
2022,cook_ex_chicago,31,single_all,21
2022,cook_ex_chicago,31,all_observed,22
2022,cook_ex_chicago,32,single_observed,39
2022,cook_ex_chicago,32,single_all,55
2022,cook_ex_chicago,32,all_observed,63
2022,cook_ex_chicago,33,single_observed,26
2022,cook_ex_chicago,33,single_all,36
2022,cook_ex_chicago,33,all_observed,42
2022,cook_ex_chicago,34,single_observed,13
2022,cook_ex_chicago,34,single_all,13
2022,cook_ex_chicago,34,all_observed,22
2022,cook_ex_chicago,35,single_observed,185
2022,cook_ex_chicago,35,single_all,211
2022,cook_ex_chicago,35,all_observed,280
2022,cook_ex_chicago,36,single_observed,24
2022,cook_ex_chicago,36,single_all,26
2022,cook_ex_chicago,36,all_observed,33
2022,cook_ex_chicago,37,single_observed,17
2022,cook_ex_chicago,37,single_all,17
2022,cook_ex_chicago,37,all_observed,23
2022,cook_ex_chicago,38,single_observed,22
2022,cook_ex_chicago,38,single_all,27
2022,cook_ex_chicago,38,all_observed,32
2022,cook_ex_chicago,39,single_observed,11
2022,cook_ex_chicago,39,single_all,13
2022,cook_ex_chicago,39,all_observed,21
2022,cook_ex_chicago,40,single_observed,363
2022,cook_ex_chicago,40,single_all,419
2022,cook_ex_chicago,40,all_observed,504
2022,cook_ex_chicago,41,single_observed,11
2022,cook_ex_chicago,41,single_all,11
2022,cook_ex_chicago,41,all_observed,28
2022,cook_ex_chicago,42,single_observed,20
2022,cook_ex_chicago,42,single_all,23
2022,cook_ex_chicago,42,all_observed,40
2022,cook_ex_chicago,43,single_observed,5
2022,cook_ex_chicago,43,single_all,5
2022,cook_ex_chicago,43,all_observed,15
2022,cook_ex_chicago,44,single_observed,12
2022,cook_ex_chicago,44,single_all,12
2022,cook_ex_chicago,44,all_observed,21
2022,cook_ex_chicago,45,single_observed,111
2022,cook_ex_chicago,45,single_all,140
2022,cook_ex_chicago,45,all_observed,178
2022,cook_ex_chicago,46,single_observed,9
2022,cook_ex_chicago,46,single_all,9
2022,cook_ex_chicago,46,all_observed,12
2022,cook_ex_chicago,47,single_observed,9
2022,cook_ex_chicago,47,single_all,15
2022,cook_ex_chicago,47,all_observed,17
2022,cook_ex_chicago,48,single_observed,14
2022,cook_ex_chicago,48,single_all,17
2022,cook_ex_chicago,48,all_observed,22
2022,cook_ex_chicago,49,single_observed,25
2022,cook_ex_chicago,49,single_all,25
2022,cook_ex_chicago,49,all_observed,31
2022,cook_ex_chicago,50,single_observed,527
2022,cook_ex_chicago,50,single_all,607
2022,cook_ex_chicago,50,all_observed,751
2022,cook_ex_chicago,51,single_observed,39
2022,cook_ex_chicago,51,single_all,42
2022,cook_ex_chicago,51,all_observed,52
2022,cook_ex_chicago,52,single_observed,19
2022,cook_ex_chicago,52,single_all,19
2022,cook_ex_chicago,52,all_observed,28
2022,cook_ex_chicago,53,single_observed,10
2022,cook_ex_chicago,53,single_all,14
2022,cook_ex_chicago,53,all_observed,15
2022,cook_ex_chicago,54,single_observed,7
2022,cook_ex_chicago,54,single_all,8
2022,cook_ex_chicago,54,all_observed,12
2022,cook_ex_chicago,55,single_observed,59
2022,cook_ex_chicago,55,single_all,82
2022,cook_ex_chicago,55,all_observed,88
2022,cook_ex_chicago,56,single_observed,6
2022,cook_ex_chicago,56,single_all,6
2022,cook_ex_chicago,56,all_observed,12
2022,cook_ex_chicago,57,single_observed,5
2022,cook_ex_chicago,57,single_all,7
2022,cook_ex_chicago,57,all_observed,10
2022,cook_ex_chicago,58,single_observed,5
2022,cook_ex_chicago,58,single_all,23
2022,cook_ex_chicago,58,all_observed,7
2022,cook_ex_chicago,59,single_observed,1
2022,cook_ex_chicago,59,single_all,11
2022,cook_ex_chicago,59,all_observed,3
2022,cook_ex_chicago,60,single_observed,200
2022,cook_ex_chicago,60,single_all,218
2022,cook_ex_chicago,60,all_observed,278
2022,cook_ex_chicago,61,single_observed,2
2022,cook_ex_chicago,61,single_all,5
2022,cook_ex_chicago,61,all_observed,3
2022,cook_ex_chicago,62,single_observed,7
2022,cook_ex_chicago,62,single_all,8
2022,cook_ex_chicago,62,all_observed,9
2022,cook_ex_chicago,63,single_observed,2
2022,cook_ex_chicago,63,single_all,2
2022,cook_ex_chicago,63,all_observed,6
2022,cook_ex_chicago,64,single_observed,4
2022,cook_ex_chicago,64,single_all,5
2022,cook_ex_chicago,64,all_observed,8
2022,cook_ex_chicago,65,single_observed,53
2022,cook_ex_chicago,65,single_all,56
2022,cook_ex_chicago,65,all_observed,93
2022,cook_ex_chicago,66,single_observed,4
2022,cook_ex_chicago,66,single_all,4
2022,cook_ex_chicago,66,all_observed,7
2022,cook_ex_chicago,67,single_observed,4
2022,cook_ex_chicago,67,single_all,4
2022,cook_ex_chicago,67,all_observed,5
2022,cook_ex_chicago,68,single_observed,6
2022,cook_ex_chicago,68,single_all,6
2022,cook_ex_chicago,68,all_observed,8
2022,cook_ex_chicago,69,single_observed,0
2022,cook_ex_chicago,69,single_all,0
2022,cook_ex_chicago,69,all_observed,2
2022,cook_ex_chicago,70,single_observed,115
2022,cook_ex_chicago,70,single_all,116
2022,cook_ex_chicago,70,all_observed,169
2022,cook_ex_chicago,71,single_observed,6
2022,cook_ex_chicago,71,single_all,8
2022,cook_ex_chicago,71,all_observed,7
2022,cook_ex_chicago,72,single_observed,9
2022,cook_ex_chicago,72,single_all,14
2022,cook_ex_chicago,72,all_observed,13
2022,cook_ex_chicago,73,single_observed,4
2022,cook_ex_chicago,73,single_all,4
2022,cook_ex_chicago,73,all_observed,5
2022,cook_ex_chicago,74,single_observed,3
2022,cook_ex_chicago,74,single_all,3
2022,cook_ex_chicago,74,all_observed,3
2022,cook_ex_chicago,75,single_observed,99
2022,cook_ex_chicago,75,single_all,100
2022,cook_ex_chicago,75,all_observed,148
2022,cook_ex_chicago,76,single_observed,3
2022,cook_ex_chicago,76,single_all,3
2022,cook_ex_chicago,76,all_observed,4
2022,cook_ex_chicago,77,single_observed,5
2022,cook_ex_chicago,77,single_all,5
2022,cook_ex_chicago,77,all_observed,6
2022,cook_ex_chicago,78,single_observed,2
2022,cook_ex_chicago,78,single_all,2
2022,cook_ex_chicago,78,all_observed,3
2022,cook_ex_chicago,79,single_observed,1
2022,cook_ex_chicago,79,single_all,1
2022,cook_ex_chicago,79,all_observed,2
2022,cook_ex_chicago,80,single_observed,112
2022,cook_ex_chicago,80,single_all,113
2022,cook_ex_chicago,80,all_observed,174
2022,illinois_ex_cook,20,single_observed,2971
2022,illinois_ex_cook,20,single_all,3692
2022,illinois_ex_cook,20,all_observed,4394
2022,illinois_ex_cook,21,single_observed,212
2022,illinois_ex_cook,21,single_all,288
2022,illinois_ex_cook,21,all_observed,373
2022,illinois_ex_cook,22,single_observed,351
2022,illinois_ex_cook,22,single_all,452
2022,illinois_ex_cook,22,all_observed,561
2022,illinois_ex_cook,23,single_observed,229
2022,illinois_ex_cook,23,single_all,477
2022,illinois_ex_cook,23,all_observed,368
2022,illinois_ex_cook,24,single_observed,259
2022,illinois_ex_cook,24,single_all,379
2022,illinois_ex_cook,24,all_observed,421
2022,illinois_ex_cook,25,single_observed,1609
2022,illinois_ex_cook,25,single_all,1833
2022,illinois_ex_cook,25,all_observed,2401
2022,illinois_ex_cook,26,single_observed,157
2022,illinois_ex_cook,26,single_all,174
2022,illinois_ex_cook,26,all_observed,256
2022,illinois_ex_cook,27,single_observed,144
2022,illinois_ex_cook,27,single_all,173
2022,illinois_ex_cook,27,all_observed,222
2022,illinois_ex_cook,28,single_observed,196
2022,illinois_ex_cook,28,single_all,287
2022,illinois_ex_cook,28,all_observed,289
2022,illinois_ex_cook,29,single_observed,69
2022,illinois_ex_cook,29,single_all,106
2022,illinois_ex_cook,29,all_observed,124
2022,illinois_ex_cook,30,single_observed,1840
2022,illinois_ex_cook,30,single_all,2194
2022,illinois_ex_cook,30,all_observed,2697
2022,illinois_ex_cook,31,single_observed,76
2022,illinois_ex_cook,31,single_all,116
2022,illinois_ex_cook,31,all_observed,115
2022,illinois_ex_cook,32,single_observed,145
2022,illinois_ex_cook,32,single_all,196
2022,illinois_ex_cook,32,all_observed,239
2022,illinois_ex_cook,33,single_observed,72
2022,illinois_ex_cook,33,single_all,128
2022,illinois_ex_cook,33,all_observed,111
2022,illinois_ex_cook,34,single_observed,65
2022,illinois_ex_cook,34,single_all,78
2022,illinois_ex_cook,34,all_observed,104
2022,illinois_ex_cook,35,single_observed,696
2022,illinois_ex_cook,35,single_all,779
2022,illinois_ex_cook,35,all_observed,1043
2022,illinois_ex_cook,36,single_observed,68
2022,illinois_ex_cook,36,single_all,88
2022,illinois_ex_cook,36,all_observed,110
2022,illinois_ex_cook,37,single_observed,60
2022,illinois_ex_cook,37,single_all,76
2022,illinois_ex_cook,37,all_observed,92
2022,illinois_ex_cook,38,single_observed,82
2022,illinois_ex_cook,38,single_all,100
2022,illinois_ex_cook,38,all_observed,117
2022,illinois_ex_cook,39,single_observed,29
2022,illinois_ex_cook,39,single_all,31
2022,illinois_ex_cook,39,all_observed,55
2022,illinois_ex_cook,40,single_observed,1059
2022,illinois_ex_cook,40,single_all,1208
2022,illinois_ex_cook,40,all_observed,1538
2022,illinois_ex_cook,41,single_observed,40
2022,illinois_ex_cook,41,single_all,49
2022,illinois_ex_cook,41,all_observed,65
2022,illinois_ex_cook,42,single_observed,71
2022,illinois_ex_cook,42,single_all,78
2022,illinois_ex_cook,42,all_observed,109
2022,illinois_ex_cook,43,single_observed,47
2022,illinois_ex_cook,43,single_all,78
2022,illinois_ex_cook,43,all_observed,70
2022,illinois_ex_cook,44,single_observed,31
2022,illinois_ex_cook,44,single_all,32
2022,illinois_ex_cook,44,all_observed,48
2022,illinois_ex_cook,45,single_observed,360
2022,illinois_ex_cook,45,single_all,389
2022,illinois_ex_cook,45,all_observed,563
2022,illinois_ex_cook,46,single_observed,26
2022,illinois_ex_cook,46,single_all,33
2022,illinois_ex_cook,46,all_observed,48
2022,illinois_ex_cook,47,single_observed,33
2022,illinois_ex_cook,47,single_all,46
2022,illinois_ex_cook,47,all_observed,51
2022,illinois_ex_cook,48,single_observed,45
2022,illinois_ex_cook,48,single_all,91
2022,illinois_ex_cook,48,all_observed,77
2022,illinois_ex_cook,49,single_observed,78
2022,illinois_ex_cook,49,single_all,82
2022,illinois_ex_cook,49,all_observed,102
2022,illinois_ex_cook,50,single_observed,1383
2022,illinois_ex_cook,50,single_all,1479
2022,illinois_ex_cook,50,all_observed,1971
2022,illinois_ex_cook,51,single_observed,85
2022,illinois_ex_cook,51,single_all,122
2022,illinois_ex_cook,51,all_observed,107
2022,illinois_ex_cook,52,single_observed,56
2022,illinois_ex_cook,52,single_all,89
2022,illinois_ex_cook,52,all_observed,83
2022,illinois_ex_cook,53,single_observed,25
2022,illinois_ex_cook,53,single_all,31
2022,illinois_ex_cook,53,all_observed,45
2022,illinois_ex_cook,54,single_observed,41
2022,illinois_ex_cook,54,single_all,52
2022,illinois_ex_cook,54,all_observed,58
2022,illinois_ex_cook,55,single_observed,208
2022,illinois_ex_cook,55,single_all,317
2022,illinois_ex_cook,55,all_observed,313
2022,illinois_ex_cook,56,single_observed,28
2022,illinois_ex_cook,56,single_all,39
2022,illinois_ex_cook,56,all_observed,39
2022,illinois_ex_cook,57,single_observed,23
2022,illinois_ex_cook,57,single_all,23
2022,illinois_ex_cook,57,all_observed,36
2022,illinois_ex_cook,58,single_observed,36
2022,illinois_ex_cook,58,single_all,37
2022,illinois_ex_cook,58,all_observed,49
2022,illinois_ex_cook,59,single_observed,22
2022,illinois_ex_cook,59,single_all,55
2022,illinois_ex_cook,59,all_observed,25
2022,illinois_ex_cook,60,single_observed,639
2022,illinois_ex_cook,60,single_all,700
2022,illinois_ex_cook,60,all_observed,938
2022,illinois_ex_cook,61,single_observed,16
2022,illinois_ex_cook,61,single_all,17
2022,illinois_ex_cook,61,all_observed,22
2022,illinois_ex_cook,62,single_observed,24
2022,illinois_ex_cook,62,single_all,24
2022,illinois_ex_cook,62,all_observed,43
2022,illinois_ex_cook,63,single_observed,22
2022,illinois_ex_cook,63,single_all,28
2022,illinois_ex_cook,63,all_observed,40
2022,illinois_ex_cook,64,single_observed,12
2022,illinois_ex_cook,64,single_all,13
2022,illinois_ex_cook,64,all_observed,26
2022,illinois_ex_cook,65,single_observed,199
2022,illinois_ex_cook,65,single_all,206
2022,illinois_ex_cook,65,all_observed,327
2022,illinois_ex_cook,66,single_observed,13
2022,illinois_ex_cook,66,single_all,13
2022,illinois_ex_cook,66,all_observed,15
2022,illinois_ex_cook,67,single_observed,26
2022,illinois_ex_cook,67,single_all,26
2022,illinois_ex_cook,67,all_observed,35
2022,illinois_ex_cook,68,single_observed,17
2022,illinois_ex_cook,68,single_all,19
2022,illinois_ex_cook,68,all_observed,30
2022,illinois_ex_cook,69,single_observed,9
2022,illinois_ex_cook,69,single_all,9
2022,illinois_ex_cook,69,all_observed,12
2022,illinois_ex_cook,70,single_observed,354
2022,illinois_ex_cook,70,single_all,380
2022,illinois_ex_cook,70,all_observed,550
2022,illinois_ex_cook,71,single_observed,5
2022,illinois_ex_cook,71,single_all,5
2022,illinois_ex_cook,71,all_observed,9
2022,illinois_ex_cook,72,single_observed,31
2022,illinois_ex_cook,72,single_all,55
2022,illinois_ex_cook,72,all_observed,43
2022,illinois_ex_cook,73,single_observed,19
2022,illinois_ex_cook,73,single_all,33
2022,illinois_ex_cook,73,all_observed,28
2022,illinois_ex_cook,74,single_observed,11
2022,illinois_ex_cook,74,single_all,12
2022,illinois_ex_cook,74,all_observed,12
2022,illinois_ex_cook,75,single_observed,312
2022,illinois_ex_cook,75,single_all,315
2022,illinois_ex_cook,75,all_observed,451
2022,illinois_ex_cook,76,single_observed,6
2022,illinois_ex_cook,76,single_all,6
2022,illinois_ex_cook,76,all_observed,11
2022,illinois_ex_cook,77,single_observed,6
2022,illinois_ex_cook,77,single_all,7
2022,illinois_ex_cook,77,all_observed,8
2022,illinois_ex_cook,78,single_observed,11
2022,illinois_ex_cook,78,single_all,11
2022,illinois_ex_cook,78,all_observed,18
2022,illinois_ex_cook,79,single_observed,8
2022,illinois_ex_cook,79,single_all,9
2022,illinois_ex_cook,79,all_observed,10
2022,illinois_ex_cook,80,single_observed,324
2022,illinois_ex_cook,80,single_all,340
2022,illinois_ex_cook,80,all_observed,489
2023,chicago,20,single_observed,899
2023,chicago,20,single_all,1190
2023,chicago,20,all_observed,1201
2023,chicago,21,single_observed,61
2023,chicago,21,single_all,175
2023,chicago,21,all_observed,97
2023,chicago,22,single_observed,92
2023,chicago,22,single_all,168
2023,chicago,22,all_observed,149
2023,chicago,23,single_observed,58
2023,chicago,23,single_all,103
2023,chicago,23,all_observed,87
2023,chicago,24,single_observed,65
2023,chicago,24,single_all,113
2023,chicago,24,all_observed,87
2023,chicago,25,single_observed,431
2023,chicago,25,single_all,496
2023,chicago,25,all_observed,582
2023,chicago,26,single_observed,47
2023,chicago,26,single_all,77
2023,chicago,26,all_observed,74
2023,chicago,27,single_observed,36
2023,chicago,27,single_all,85
2023,chicago,27,all_observed,51
2023,chicago,28,single_observed,34
2023,chicago,28,single_all,50
2023,chicago,28,all_observed,61
2023,chicago,29,single_observed,21
2023,chicago,29,single_all,52
2023,chicago,29,all_observed,31
2023,chicago,30,single_observed,519
2023,chicago,30,single_all,572
2023,chicago,30,all_observed,730
2023,chicago,31,single_observed,15
2023,chicago,31,single_all,47
2023,chicago,31,all_observed,26
2023,chicago,32,single_observed,37
2023,chicago,32,single_all,62
2023,chicago,32,all_observed,58
2023,chicago,33,single_observed,17
2023,chicago,33,single_all,50
2023,chicago,33,all_observed,24
2023,chicago,34,single_observed,19
2023,chicago,34,single_all,45
2023,chicago,34,all_observed,30
2023,chicago,35,single_observed,133
2023,chicago,35,single_all,160
2023,chicago,35,all_observed,206
2023,chicago,36,single_observed,13
2023,chicago,36,single_all,38
2023,chicago,36,all_observed,26
2023,chicago,37,single_observed,10
2023,chicago,37,single_all,32
2023,chicago,37,all_observed,16
2023,chicago,38,single_observed,15
2023,chicago,38,single_all,42
2023,chicago,38,all_observed,27
2023,chicago,39,single_observed,13
2023,chicago,39,single_all,33
2023,chicago,39,all_observed,16
2023,chicago,40,single_observed,293
2023,chicago,40,single_all,319
2023,chicago,40,all_observed,407
2023,chicago,41,single_observed,4
2023,chicago,41,single_all,23
2023,chicago,41,all_observed,17
2023,chicago,42,single_observed,17
2023,chicago,42,single_all,34
2023,chicago,42,all_observed,29
2023,chicago,43,single_observed,8
2023,chicago,43,single_all,23
2023,chicago,43,all_observed,10
2023,chicago,44,single_observed,5
2023,chicago,44,single_all,19
2023,chicago,44,all_observed,10
2023,chicago,45,single_observed,85
2023,chicago,45,single_all,127
2023,chicago,45,all_observed,141
2023,chicago,46,single_observed,7
2023,chicago,46,single_all,23
2023,chicago,46,all_observed,12
2023,chicago,47,single_observed,7
2023,chicago,47,single_all,22
2023,chicago,47,all_observed,14
2023,chicago,48,single_observed,9
2023,chicago,48,single_all,26
2023,chicago,48,all_observed,15
2023,chicago,49,single_observed,36
2023,chicago,49,single_all,44
2023,chicago,49,all_observed,42
2023,chicago,50,single_observed,386
2023,chicago,50,single_all,422
2023,chicago,50,all_observed,561
2023,chicago,51,single_observed,48
2023,chicago,51,single_all,57
2023,chicago,51,all_observed,56
2023,chicago,52,single_observed,12
2023,chicago,52,single_all,19
2023,chicago,52,all_observed,20
2023,chicago,53,single_observed,5
2023,chicago,53,single_all,10
2023,chicago,53,all_observed,10
2023,chicago,54,single_observed,7
2023,chicago,54,single_all,20
2023,chicago,54,all_observed,16
2023,chicago,55,single_observed,49
2023,chicago,55,single_all,60
2023,chicago,55,all_observed,81
2023,chicago,56,single_observed,9
2023,chicago,56,single_all,15
2023,chicago,56,all_observed,13
2023,chicago,57,single_observed,7
2023,chicago,57,single_all,16
2023,chicago,57,all_observed,9
2023,chicago,58,single_observed,11
2023,chicago,58,single_all,26
2023,chicago,58,all_observed,16
2023,chicago,59,single_observed,3
2023,chicago,59,single_all,10
2023,chicago,59,all_observed,5
2023,chicago,60,single_observed,193
2023,chicago,60,single_all,199
2023,chicago,60,all_observed,284
2023,chicago,61,single_observed,4
2023,chicago,61,single_all,11
2023,chicago,61,all_observed,7
2023,chicago,62,single_observed,8
2023,chicago,62,single_all,11
2023,chicago,62,all_observed,11
2023,chicago,63,single_observed,1
2023,chicago,63,single_all,5
2023,chicago,63,all_observed,5
2023,chicago,64,single_observed,2
2023,chicago,64,single_all,8
2023,chicago,64,all_observed,4
2023,chicago,65,single_observed,49
2023,chicago,65,single_all,51
2023,chicago,65,all_observed,69
2023,chicago,66,single_observed,1
2023,chicago,66,single_all,5
2023,chicago,66,all_observed,4
2023,chicago,67,single_observed,2
2023,chicago,67,single_all,6
2023,chicago,67,all_observed,4
2023,chicago,68,single_observed,8
2023,chicago,68,single_all,11
2023,chicago,68,all_observed,9
2023,chicago,69,single_observed,0
2023,chicago,69,single_all,5
2023,chicago,69,all_observed,5
2023,chicago,70,single_observed,83
2023,chicago,70,single_all,87
2023,chicago,70,all_observed,135
2023,chicago,71,single_observed,4
2023,chicago,71,single_all,8
2023,chicago,71,all_observed,7
2023,chicago,72,single_observed,7
2023,chicago,72,single_all,12
2023,chicago,72,all_observed,9
2023,chicago,73,single_observed,3
2023,chicago,73,single_all,6
2023,chicago,73,all_observed,5
2023,chicago,74,single_observed,5
2023,chicago,74,single_all,12
2023,chicago,74,all_observed,5
2023,chicago,75,single_observed,85
2023,chicago,75,single_all,88
2023,chicago,75,all_observed,126
2023,chicago,76,single_observed,3
2023,chicago,76,single_all,8
2023,chicago,76,all_observed,5
2023,chicago,77,single_observed,3
2023,chicago,77,single_all,6
2023,chicago,77,all_observed,3
2023,chicago,78,single_observed,3
2023,chicago,78,single_all,5
2023,chicago,78,all_observed,4
2023,chicago,79,single_observed,2
2023,chicago,79,single_all,5
2023,chicago,79,all_observed,3
2023,chicago,80,single_observed,102
2023,chicago,80,single_all,105
2023,chicago,80,all_observed,153
2023,cook_ex_chicago,20,single_observed,956
2023,cook_ex_chicago,20,single_all,1245
2023,cook_ex_chicago,20,all_observed,1339
2023,cook_ex_chicago,21,single_observed,44
2023,cook_ex_chicago,21,single_all,111
2023,cook_ex_chicago,21,all_observed,93
2023,cook_ex_chicago,22,single_observed,112
2023,cook_ex_chicago,22,single_all,170
2023,cook_ex_chicago,22,all_observed,168
2023,cook_ex_chicago,23,single_observed,56
2023,cook_ex_chicago,23,single_all,102
2023,cook_ex_chicago,23,all_observed,98
2023,cook_ex_chicago,24,single_observed,65
2023,cook_ex_chicago,24,single_all,106
2023,cook_ex_chicago,24,all_observed,114
2023,cook_ex_chicago,25,single_observed,552
2023,cook_ex_chicago,25,single_all,671
2023,cook_ex_chicago,25,all_observed,755
2023,cook_ex_chicago,26,single_observed,45
2023,cook_ex_chicago,26,single_all,71
2023,cook_ex_chicago,26,all_observed,70
2023,cook_ex_chicago,27,single_observed,27
2023,cook_ex_chicago,27,single_all,64
2023,cook_ex_chicago,27,all_observed,50
2023,cook_ex_chicago,28,single_observed,41
2023,cook_ex_chicago,28,single_all,61
2023,cook_ex_chicago,28,all_observed,67
2023,cook_ex_chicago,29,single_observed,12
2023,cook_ex_chicago,29,single_all,36
2023,cook_ex_chicago,29,all_observed,22
2023,cook_ex_chicago,30,single_observed,571
2023,cook_ex_chicago,30,single_all,643
2023,cook_ex_chicago,30,all_observed,841
2023,cook_ex_chicago,31,single_observed,15
2023,cook_ex_chicago,31,single_all,41
2023,cook_ex_chicago,31,all_observed,20
2023,cook_ex_chicago,32,single_observed,35
2023,cook_ex_chicago,32,single_all,63
2023,cook_ex_chicago,32,all_observed,60
2023,cook_ex_chicago,33,single_observed,23
2023,cook_ex_chicago,33,single_all,50
2023,cook_ex_chicago,33,all_observed,40
2023,cook_ex_chicago,34,single_observed,12
2023,cook_ex_chicago,34,single_all,32
2023,cook_ex_chicago,34,all_observed,21
2023,cook_ex_chicago,35,single_observed,180
2023,cook_ex_chicago,35,single_all,209
2023,cook_ex_chicago,35,all_observed,275
2023,cook_ex_chicago,36,single_observed,23
2023,cook_ex_chicago,36,single_all,42
2023,cook_ex_chicago,36,all_observed,32
2023,cook_ex_chicago,37,single_observed,16
2023,cook_ex_chicago,37,single_all,28
2023,cook_ex_chicago,37,all_observed,22
2023,cook_ex_chicago,38,single_observed,22
2023,cook_ex_chicago,38,single_all,46
2023,cook_ex_chicago,38,all_observed,30
2023,cook_ex_chicago,39,single_observed,11
2023,cook_ex_chicago,39,single_all,25
2023,cook_ex_chicago,39,all_observed,21
2023,cook_ex_chicago,40,single_observed,355
2023,cook_ex_chicago,40,single_all,404
2023,cook_ex_chicago,40,all_observed,495
2023,cook_ex_chicago,41,single_observed,9
2023,cook_ex_chicago,41,single_all,27
2023,cook_ex_chicago,41,all_observed,27
2023,cook_ex_chicago,42,single_observed,18
2023,cook_ex_chicago,42,single_all,29
2023,cook_ex_chicago,42,all_observed,38
2023,cook_ex_chicago,43,single_observed,5
2023,cook_ex_chicago,43,single_all,19
2023,cook_ex_chicago,43,all_observed,15
2023,cook_ex_chicago,44,single_observed,12
2023,cook_ex_chicago,44,single_all,23
2023,cook_ex_chicago,44,all_observed,21
2023,cook_ex_chicago,45,single_observed,106
2023,cook_ex_chicago,45,single_all,137
2023,cook_ex_chicago,45,all_observed,178
2023,cook_ex_chicago,46,single_observed,9
2023,cook_ex_chicago,46,single_all,19
2023,cook_ex_chicago,46,all_observed,12
2023,cook_ex_chicago,47,single_observed,9
2023,cook_ex_chicago,47,single_all,21
2023,cook_ex_chicago,47,all_observed,17
2023,cook_ex_chicago,48,single_observed,11
2023,cook_ex_chicago,48,single_all,27
2023,cook_ex_chicago,48,all_observed,19
2023,cook_ex_chicago,49,single_observed,25
2023,cook_ex_chicago,49,single_all,34
2023,cook_ex_chicago,49,all_observed,31
2023,cook_ex_chicago,50,single_observed,497
2023,cook_ex_chicago,50,single_all,539
2023,cook_ex_chicago,50,all_observed,730
2023,cook_ex_chicago,51,single_observed,38
2023,cook_ex_chicago,51,single_all,51
2023,cook_ex_chicago,51,all_observed,50
2023,cook_ex_chicago,52,single_observed,19
2023,cook_ex_chicago,52,single_all,24
2023,cook_ex_chicago,52,all_observed,27
2023,cook_ex_chicago,53,single_observed,10
2023,cook_ex_chicago,53,single_all,21
2023,cook_ex_chicago,53,all_observed,15
2023,cook_ex_chicago,54,single_observed,8
2023,cook_ex_chicago,54,single_all,18
2023,cook_ex_chicago,54,all_observed,13
2023,cook_ex_chicago,55,single_observed,56
2023,cook_ex_chicago,55,single_all,82
2023,cook_ex_chicago,55,all_observed,86
2023,cook_ex_chicago,56,single_observed,6
2023,cook_ex_chicago,56,single_all,12
2023,cook_ex_chicago,56,all_observed,12
2023,cook_ex_chicago,57,single_observed,5
2023,cook_ex_chicago,57,single_all,10
2023,cook_ex_chicago,57,all_observed,11
2023,cook_ex_chicago,58,single_observed,5
2023,cook_ex_chicago,58,single_all,21
2023,cook_ex_chicago,58,all_observed,7
2023,cook_ex_chicago,59,single_observed,1
2023,cook_ex_chicago,59,single_all,12
2023,cook_ex_chicago,59,all_observed,3
2023,cook_ex_chicago,60,single_observed,191
2023,cook_ex_chicago,60,single_all,212
2023,cook_ex_chicago,60,all_observed,269
2023,cook_ex_chicago,61,single_observed,2
2023,cook_ex_chicago,61,single_all,7
2023,cook_ex_chicago,61,all_observed,3
2023,cook_ex_chicago,62,single_observed,7
2023,cook_ex_chicago,62,single_all,10
2023,cook_ex_chicago,62,all_observed,9
2023,cook_ex_chicago,63,single_observed,2
2023,cook_ex_chicago,63,single_all,10
2023,cook_ex_chicago,63,all_observed,6
2023,cook_ex_chicago,64,single_observed,4
2023,cook_ex_chicago,64,single_all,9
2023,cook_ex_chicago,64,all_observed,7
2023,cook_ex_chicago,65,single_observed,52
2023,cook_ex_chicago,65,single_all,63
2023,cook_ex_chicago,65,all_observed,91
2023,cook_ex_chicago,66,single_observed,4
2023,cook_ex_chicago,66,single_all,10
2023,cook_ex_chicago,66,all_observed,7
2023,cook_ex_chicago,67,single_observed,4
2023,cook_ex_chicago,67,single_all,9
2023,cook_ex_chicago,67,all_observed,5
2023,cook_ex_chicago,68,single_observed,6
2023,cook_ex_chicago,68,single_all,8
2023,cook_ex_chicago,68,all_observed,8
2023,cook_ex_chicago,69,single_observed,1
2023,cook_ex_chicago,69,single_all,8
2023,cook_ex_chicago,69,all_observed,3
2023,cook_ex_chicago,70,single_observed,113
2023,cook_ex_chicago,70,single_all,115
2023,cook_ex_chicago,70,all_observed,171
2023,cook_ex_chicago,71,single_observed,5
2023,cook_ex_chicago,71,single_all,13
2023,cook_ex_chicago,71,all_observed,6
2023,cook_ex_chicago,72,single_observed,9
2023,cook_ex_chicago,72,single_all,18
2023,cook_ex_chicago,72,all_observed,13
2023,cook_ex_chicago,73,single_observed,4
2023,cook_ex_chicago,73,single_all,9
2023,cook_ex_chicago,73,all_observed,5
2023,cook_ex_chicago,74,single_observed,3
2023,cook_ex_chicago,74,single_all,6
2023,cook_ex_chicago,74,all_observed,3
2023,cook_ex_chicago,75,single_observed,97
2023,cook_ex_chicago,75,single_all,101
2023,cook_ex_chicago,75,all_observed,150
2023,cook_ex_chicago,76,single_observed,3
2023,cook_ex_chicago,76,single_all,6
2023,cook_ex_chicago,76,all_observed,4
2023,cook_ex_chicago,77,single_observed,5
2023,cook_ex_chicago,77,single_all,8
2023,cook_ex_chicago,77,all_observed,5
2023,cook_ex_chicago,78,single_observed,2
2023,cook_ex_chicago,78,single_all,4
2023,cook_ex_chicago,78,all_observed,3
2023,cook_ex_chicago,79,single_observed,1
2023,cook_ex_chicago,79,single_all,4
2023,cook_ex_chicago,79,all_observed,2
2023,cook_ex_chicago,80,single_observed,111
2023,cook_ex_chicago,80,single_all,114
2023,cook_ex_chicago,80,all_observed,176
2023,illinois_ex_cook,20,single_observed,2876
2023,illinois_ex_cook,20,single_all,3405
2023,illinois_ex_cook,20,all_observed,4301
2023,illinois_ex_cook,21,single_observed,200
2023,illinois_ex_cook,21,single_all,336
2023,illinois_ex_cook,21,all_observed,364
2023,illinois_ex_cook,22,single_observed,343
2023,illinois_ex_cook,22,single_all,489
2023,illinois_ex_cook,22,all_observed,557
2023,illinois_ex_cook,23,single_observed,222
2023,illinois_ex_cook,23,single_all,437
2023,illinois_ex_cook,23,all_observed,363
2023,illinois_ex_cook,24,single_observed,250
2023,illinois_ex_cook,24,single_all,403
2023,illinois_ex_cook,24,all_observed,415
2023,illinois_ex_cook,25,single_observed,1552
2023,illinois_ex_cook,25,single_all,1745
2023,illinois_ex_cook,25,all_observed,2346
2023,illinois_ex_cook,26,single_observed,148
2023,illinois_ex_cook,26,single_all,228
2023,illinois_ex_cook,26,all_observed,244
2023,illinois_ex_cook,27,single_observed,142
2023,illinois_ex_cook,27,single_all,227
2023,illinois_ex_cook,27,all_observed,222
2023,illinois_ex_cook,28,single_observed,190
2023,illinois_ex_cook,28,single_all,287
2023,illinois_ex_cook,28,all_observed,278
2023,illinois_ex_cook,29,single_observed,67
2023,illinois_ex_cook,29,single_all,156
2023,illinois_ex_cook,29,all_observed,126
2023,illinois_ex_cook,30,single_observed,1776
2023,illinois_ex_cook,30,single_all,1996
2023,illinois_ex_cook,30,all_observed,2640
2023,illinois_ex_cook,31,single_observed,70
2023,illinois_ex_cook,31,single_all,140
2023,illinois_ex_cook,31,all_observed,108
2023,illinois_ex_cook,32,single_observed,143
2023,illinois_ex_cook,32,single_all,208
2023,illinois_ex_cook,32,all_observed,233
2023,illinois_ex_cook,33,single_observed,68
2023,illinois_ex_cook,33,single_all,135
2023,illinois_ex_cook,33,all_observed,106
2023,illinois_ex_cook,34,single_observed,66
2023,illinois_ex_cook,34,single_all,109
2023,illinois_ex_cook,34,all_observed,105
2023,illinois_ex_cook,35,single_observed,678
2023,illinois_ex_cook,35,single_all,768
2023,illinois_ex_cook,35,all_observed,1033
2023,illinois_ex_cook,36,single_observed,64
2023,illinois_ex_cook,36,single_all,121
2023,illinois_ex_cook,36,all_observed,107
2023,illinois_ex_cook,37,single_observed,59
2023,illinois_ex_cook,37,single_all,104
2023,illinois_ex_cook,37,all_observed,92
2023,illinois_ex_cook,38,single_observed,79
2023,illinois_ex_cook,38,single_all,124
2023,illinois_ex_cook,38,all_observed,115
2023,illinois_ex_cook,39,single_observed,28
2023,illinois_ex_cook,39,single_all,62
2023,illinois_ex_cook,39,all_observed,53
2023,illinois_ex_cook,40,single_observed,1007
2023,illinois_ex_cook,40,single_all,1111
2023,illinois_ex_cook,40,all_observed,1500
2023,illinois_ex_cook,41,single_observed,37
2023,illinois_ex_cook,41,single_all,70
2023,illinois_ex_cook,41,all_observed,64
2023,illinois_ex_cook,42,single_observed,65
2023,illinois_ex_cook,42,single_all,99
2023,illinois_ex_cook,42,all_observed,104
2023,illinois_ex_cook,43,single_observed,43
2023,illinois_ex_cook,43,single_all,93
2023,illinois_ex_cook,43,all_observed,66
2023,illinois_ex_cook,44,single_observed,33
2023,illinois_ex_cook,44,single_all,58
2023,illinois_ex_cook,44,all_observed,49
2023,illinois_ex_cook,45,single_observed,346
2023,illinois_ex_cook,45,single_all,387
2023,illinois_ex_cook,45,all_observed,546
2023,illinois_ex_cook,46,single_observed,22
2023,illinois_ex_cook,46,single_all,44
2023,illinois_ex_cook,46,all_observed,44
2023,illinois_ex_cook,47,single_observed,30
2023,illinois_ex_cook,47,single_all,59
2023,illinois_ex_cook,47,all_observed,48
2023,illinois_ex_cook,48,single_observed,47
2023,illinois_ex_cook,48,single_all,93
2023,illinois_ex_cook,48,all_observed,77
2023,illinois_ex_cook,49,single_observed,80
2023,illinois_ex_cook,49,single_all,101
2023,illinois_ex_cook,49,all_observed,103
2023,illinois_ex_cook,50,single_observed,1349
2023,illinois_ex_cook,50,single_all,1405
2023,illinois_ex_cook,50,all_observed,1939
2023,illinois_ex_cook,51,single_observed,82
2023,illinois_ex_cook,51,single_all,116
2023,illinois_ex_cook,51,all_observed,106
2023,illinois_ex_cook,52,single_observed,58
2023,illinois_ex_cook,52,single_all,90
2023,illinois_ex_cook,52,all_observed,84
2023,illinois_ex_cook,53,single_observed,25
2023,illinois_ex_cook,53,single_all,54
2023,illinois_ex_cook,53,all_observed,45
2023,illinois_ex_cook,54,single_observed,42
2023,illinois_ex_cook,54,single_all,62
2023,illinois_ex_cook,54,all_observed,59
2023,illinois_ex_cook,55,single_observed,208
2023,illinois_ex_cook,55,single_all,282
2023,illinois_ex_cook,55,all_observed,311
2023,illinois_ex_cook,56,single_observed,29
2023,illinois_ex_cook,56,single_all,44
2023,illinois_ex_cook,56,all_observed,39
2023,illinois_ex_cook,57,single_observed,22
2023,illinois_ex_cook,57,single_all,37
2023,illinois_ex_cook,57,all_observed,35
2023,illinois_ex_cook,58,single_observed,37
2023,illinois_ex_cook,58,single_all,53
2023,illinois_ex_cook,58,all_observed,50
2023,illinois_ex_cook,59,single_observed,22
2023,illinois_ex_cook,59,single_all,63
2023,illinois_ex_cook,59,all_observed,25
2023,illinois_ex_cook,60,single_observed,599
2023,illinois_ex_cook,60,single_all,645
2023,illinois_ex_cook,60,all_observed,897
2023,illinois_ex_cook,61,single_observed,14
2023,illinois_ex_cook,61,single_all,24
2023,illinois_ex_cook,61,all_observed,19
2023,illinois_ex_cook,62,single_observed,22
2023,illinois_ex_cook,62,single_all,36
2023,illinois_ex_cook,62,all_observed,42
2023,illinois_ex_cook,63,single_observed,23
2023,illinois_ex_cook,63,single_all,39
2023,illinois_ex_cook,63,all_observed,41
2023,illinois_ex_cook,64,single_observed,11
2023,illinois_ex_cook,64,single_all,22
2023,illinois_ex_cook,64,all_observed,24
2023,illinois_ex_cook,65,single_observed,196
2023,illinois_ex_cook,65,single_all,213
2023,illinois_ex_cook,65,all_observed,321
2023,illinois_ex_cook,66,single_observed,13
2023,illinois_ex_cook,66,single_all,23
2023,illinois_ex_cook,66,all_observed,15
2023,illinois_ex_cook,67,single_observed,28
2023,illinois_ex_cook,67,single_all,37
2023,illinois_ex_cook,67,all_observed,37
2023,illinois_ex_cook,68,single_observed,17
2023,illinois_ex_cook,68,single_all,29
2023,illinois_ex_cook,68,all_observed,29
2023,illinois_ex_cook,69,single_observed,10
2023,illinois_ex_cook,69,single_all,22
2023,illinois_ex_cook,69,all_observed,13
2023,illinois_ex_cook,70,single_observed,339
2023,illinois_ex_cook,70,single_all,361
2023,illinois_ex_cook,70,all_observed,534
2023,illinois_ex_cook,71,single_observed,7
2023,illinois_ex_cook,71,single_all,22
2023,illinois_ex_cook,71,all_observed,11
2023,illinois_ex_cook,72,single_observed,28
2023,illinois_ex_cook,72,single_all,50
2023,illinois_ex_cook,72,all_observed,39
2023,illinois_ex_cook,73,single_observed,18
2023,illinois_ex_cook,73,single_all,32
2023,illinois_ex_cook,73,all_observed,27
2023,illinois_ex_cook,74,single_observed,11
2023,illinois_ex_cook,74,single_all,23
2023,illinois_ex_cook,74,all_observed,12
2023,illinois_ex_cook,75,single_observed,303
2023,illinois_ex_cook,75,single_all,314
2023,illinois_ex_cook,75,all_observed,449
2023,illinois_ex_cook,76,single_observed,7
2023,illinois_ex_cook,76,single_all,13
2023,illinois_ex_cook,76,all_observed,11
2023,illinois_ex_cook,77,single_observed,6
2023,illinois_ex_cook,77,single_all,18
2023,illinois_ex_cook,77,all_observed,8
2023,illinois_ex_cook,78,single_observed,12
2023,illinois_ex_cook,78,single_all,20
2023,illinois_ex_cook,78,all_observed,19
2023,illinois_ex_cook,79,single_observed,7
2023,illinois_ex_cook,79,single_all,13
2023,illinois_ex_cook,79,all_observed,10
2023,illinois_ex_cook,80,single_observed,317
2023,illinois_ex_cook,80,single_all,329
2023,illinois_ex_cook,80,all_observed,487
2024,chicago,20,single_observed,889
2024,chicago,20,single_all,1077
2024,chicago,20,all_observed,1182
2024,chicago,21,single_observed,61
2024,chicago,21,single_all,680
2024,chicago,21,all_observed,96
2024,chicago,22,single_observed,91
2024,chicago,22,single_all,292
2024,chicago,22,all_observed,147
2024,chicago,23,single_observed,55
2024,chicago,23,single_all,257
2024,chicago,23,all_observed,85
2024,chicago,24,single_observed,65
2024,chicago,24,single_all,130
2024,chicago,24,all_observed,87
2024,chicago,25,single_observed,424
2024,chicago,25,single_all,492
2024,chicago,25,all_observed,576
2024,chicago,26,single_observed,47
2024,chicago,26,single_all,129
2024,chicago,26,all_observed,74
2024,chicago,27,single_observed,37
2024,chicago,27,single_all,83
2024,chicago,27,all_observed,52
2024,chicago,28,single_observed,33
2024,chicago,28,single_all,94
2024,chicago,28,all_observed,59
2024,chicago,29,single_observed,22
2024,chicago,29,single_all,55
2024,chicago,29,all_observed,32
2024,chicago,30,single_observed,510
2024,chicago,30,single_all,554
2024,chicago,30,all_observed,722
2024,chicago,31,single_observed,15
2024,chicago,31,single_all,43
2024,chicago,31,all_observed,26
2024,chicago,32,single_observed,38
2024,chicago,32,single_all,61
2024,chicago,32,all_observed,59
2024,chicago,33,single_observed,17
2024,chicago,33,single_all,55
2024,chicago,33,all_observed,24
2024,chicago,34,single_observed,20
2024,chicago,34,single_all,55
2024,chicago,34,all_observed,29
2024,chicago,35,single_observed,131
2024,chicago,35,single_all,169
2024,chicago,35,all_observed,200
2024,chicago,36,single_observed,13
2024,chicago,36,single_all,41
2024,chicago,36,all_observed,26
2024,chicago,37,single_observed,10
2024,chicago,37,single_all,42
2024,chicago,37,all_observed,16
2024,chicago,38,single_observed,14
2024,chicago,38,single_all,59
2024,chicago,38,all_observed,27
2024,chicago,39,single_observed,13
2024,chicago,39,single_all,47
2024,chicago,39,all_observed,16
2024,chicago,40,single_observed,285
2024,chicago,40,single_all,334
2024,chicago,40,all_observed,397
2024,chicago,41,single_observed,4
2024,chicago,41,single_all,33
2024,chicago,41,all_observed,15
2024,chicago,42,single_observed,16
2024,chicago,42,single_all,50
2024,chicago,42,all_observed,28
2024,chicago,43,single_observed,8
2024,chicago,43,single_all,48
2024,chicago,43,all_observed,10
2024,chicago,44,single_observed,5
2024,chicago,44,single_all,48
2024,chicago,44,all_observed,10
2024,chicago,45,single_observed,85
2024,chicago,45,single_all,146
2024,chicago,45,all_observed,142
2024,chicago,46,single_observed,7
2024,chicago,46,single_all,35
2024,chicago,46,all_observed,12
2024,chicago,47,single_observed,7
2024,chicago,47,single_all,34
2024,chicago,47,all_observed,14
2024,chicago,48,single_observed,9
2024,chicago,48,single_all,28
2024,chicago,48,all_observed,15
2024,chicago,49,single_observed,35
2024,chicago,49,single_all,57
2024,chicago,49,all_observed,41
2024,chicago,50,single_observed,388
2024,chicago,50,single_all,425
2024,chicago,50,all_observed,561
2024,chicago,51,single_observed,45
2024,chicago,51,single_all,64
2024,chicago,51,all_observed,53
2024,chicago,52,single_observed,12
2024,chicago,52,single_all,29
2024,chicago,52,all_observed,20
2024,chicago,53,single_observed,5
2024,chicago,53,single_all,20
2024,chicago,53,all_observed,10
2024,chicago,54,single_observed,8
2024,chicago,54,single_all,25
2024,chicago,54,all_observed,17
2024,chicago,55,single_observed,48
2024,chicago,55,single_all,64
2024,chicago,55,all_observed,81
2024,chicago,56,single_observed,9
2024,chicago,56,single_all,29
2024,chicago,56,all_observed,13
2024,chicago,57,single_observed,7
2024,chicago,57,single_all,22
2024,chicago,57,all_observed,9
2024,chicago,58,single_observed,10
2024,chicago,58,single_all,21
2024,chicago,58,all_observed,15
2024,chicago,59,single_observed,3
2024,chicago,59,single_all,17
2024,chicago,59,all_observed,5
2024,chicago,60,single_observed,191
2024,chicago,60,single_all,213
2024,chicago,60,all_observed,281
2024,chicago,61,single_observed,4
2024,chicago,61,single_all,19
2024,chicago,61,all_observed,7
2024,chicago,62,single_observed,6
2024,chicago,62,single_all,21
2024,chicago,62,all_observed,9
2024,chicago,63,single_observed,1
2024,chicago,63,single_all,10
2024,chicago,63,all_observed,5
2024,chicago,64,single_observed,2
2024,chicago,64,single_all,21
2024,chicago,64,all_observed,4
2024,chicago,65,single_observed,48
2024,chicago,65,single_all,62
2024,chicago,65,all_observed,67
2024,chicago,66,single_observed,1
2024,chicago,66,single_all,15
2024,chicago,66,all_observed,4
2024,chicago,67,single_observed,2
2024,chicago,67,single_all,20
2024,chicago,67,all_observed,4
2024,chicago,68,single_observed,9
2024,chicago,68,single_all,19
2024,chicago,68,all_observed,10
2024,chicago,69,single_observed,1
2024,chicago,69,single_all,7
2024,chicago,69,all_observed,4
2024,chicago,70,single_observed,82
2024,chicago,70,single_all,96
2024,chicago,70,all_observed,131
2024,chicago,71,single_observed,4
2024,chicago,71,single_all,16
2024,chicago,71,all_observed,7
2024,chicago,72,single_observed,6
2024,chicago,72,single_all,19
2024,chicago,72,all_observed,8
2024,chicago,73,single_observed,3
2024,chicago,73,single_all,12
2024,chicago,73,all_observed,5
2024,chicago,74,single_observed,5
2024,chicago,74,single_all,12
2024,chicago,74,all_observed,5
2024,chicago,75,single_observed,84
2024,chicago,75,single_all,99
2024,chicago,75,all_observed,126
2024,chicago,76,single_observed,3
2024,chicago,76,single_all,8
2024,chicago,76,all_observed,5
2024,chicago,77,single_observed,3
2024,chicago,77,single_all,10
2024,chicago,77,all_observed,3
2024,chicago,78,single_observed,4
2024,chicago,78,single_all,11
2024,chicago,78,all_observed,5
2024,chicago,79,single_observed,2
2024,chicago,79,single_all,20
2024,chicago,79,all_observed,3
2024,chicago,80,single_observed,100
2024,chicago,80,single_all,108
2024,chicago,80,all_observed,150
2024,cook_ex_chicago,20,single_observed,938
2024,cook_ex_chicago,20,single_all,1175
2024,cook_ex_chicago,20,all_observed,1318
2024,cook_ex_chicago,21,single_observed,42
2024,cook_ex_chicago,21,single_all,157
2024,cook_ex_chicago,21,all_observed,91
2024,cook_ex_chicago,22,single_observed,107
2024,cook_ex_chicago,22,single_all,194
2024,cook_ex_chicago,22,all_observed,163
2024,cook_ex_chicago,23,single_observed,56
2024,cook_ex_chicago,23,single_all,131
2024,cook_ex_chicago,23,all_observed,96
2024,cook_ex_chicago,24,single_observed,65
2024,cook_ex_chicago,24,single_all,134
2024,cook_ex_chicago,24,all_observed,112
2024,cook_ex_chicago,25,single_observed,526
2024,cook_ex_chicago,25,single_all,583
2024,cook_ex_chicago,25,all_observed,737
2024,cook_ex_chicago,26,single_observed,43
2024,cook_ex_chicago,26,single_all,91
2024,cook_ex_chicago,26,all_observed,70
2024,cook_ex_chicago,27,single_observed,29
2024,cook_ex_chicago,27,single_all,78
2024,cook_ex_chicago,27,all_observed,52
2024,cook_ex_chicago,28,single_observed,42
2024,cook_ex_chicago,28,single_all,93
2024,cook_ex_chicago,28,all_observed,69
2024,cook_ex_chicago,29,single_observed,12
2024,cook_ex_chicago,29,single_all,65
2024,cook_ex_chicago,29,all_observed,22
2024,cook_ex_chicago,30,single_observed,558
2024,cook_ex_chicago,30,single_all,587
2024,cook_ex_chicago,30,all_observed,830
2024,cook_ex_chicago,31,single_observed,15
2024,cook_ex_chicago,31,single_all,51
2024,cook_ex_chicago,31,all_observed,20
2024,cook_ex_chicago,32,single_observed,35
2024,cook_ex_chicago,32,single_all,72
2024,cook_ex_chicago,32,all_observed,60
2024,cook_ex_chicago,33,single_observed,24
2024,cook_ex_chicago,33,single_all,64
2024,cook_ex_chicago,33,all_observed,42
2024,cook_ex_chicago,34,single_observed,12
2024,cook_ex_chicago,34,single_all,43
2024,cook_ex_chicago,34,all_observed,21
2024,cook_ex_chicago,35,single_observed,177
2024,cook_ex_chicago,35,single_all,197
2024,cook_ex_chicago,35,all_observed,273
2024,cook_ex_chicago,36,single_observed,23
2024,cook_ex_chicago,36,single_all,53
2024,cook_ex_chicago,36,all_observed,31
2024,cook_ex_chicago,37,single_observed,16
2024,cook_ex_chicago,37,single_all,42
2024,cook_ex_chicago,37,all_observed,22
2024,cook_ex_chicago,38,single_observed,20
2024,cook_ex_chicago,38,single_all,44
2024,cook_ex_chicago,38,all_observed,28
2024,cook_ex_chicago,39,single_observed,11
2024,cook_ex_chicago,39,single_all,39
2024,cook_ex_chicago,39,all_observed,21
2024,cook_ex_chicago,40,single_observed,356
2024,cook_ex_chicago,40,single_all,387
2024,cook_ex_chicago,40,all_observed,494
2024,cook_ex_chicago,41,single_observed,9
2024,cook_ex_chicago,41,single_all,41
2024,cook_ex_chicago,41,all_observed,24
2024,cook_ex_chicago,42,single_observed,19
2024,cook_ex_chicago,42,single_all,45
2024,cook_ex_chicago,42,all_observed,40
2024,cook_ex_chicago,43,single_observed,5
2024,cook_ex_chicago,43,single_all,37
2024,cook_ex_chicago,43,all_observed,15
2024,cook_ex_chicago,44,single_observed,13
2024,cook_ex_chicago,44,single_all,36
2024,cook_ex_chicago,44,all_observed,21
2024,cook_ex_chicago,45,single_observed,107
2024,cook_ex_chicago,45,single_all,140
2024,cook_ex_chicago,45,all_observed,178
2024,cook_ex_chicago,46,single_observed,8
2024,cook_ex_chicago,46,single_all,29
2024,cook_ex_chicago,46,all_observed,12
2024,cook_ex_chicago,47,single_observed,9
2024,cook_ex_chicago,47,single_all,37
2024,cook_ex_chicago,47,all_observed,17
2024,cook_ex_chicago,48,single_observed,10
2024,cook_ex_chicago,48,single_all,42
2024,cook_ex_chicago,48,all_observed,18
2024,cook_ex_chicago,49,single_observed,25
2024,cook_ex_chicago,49,single_all,41
2024,cook_ex_chicago,49,all_observed,32
2024,cook_ex_chicago,50,single_observed,487
2024,cook_ex_chicago,50,single_all,506
2024,cook_ex_chicago,50,all_observed,731
2024,cook_ex_chicago,51,single_observed,37
2024,cook_ex_chicago,51,single_all,56
2024,cook_ex_chicago,51,all_observed,50
2024,cook_ex_chicago,52,single_observed,19
2024,cook_ex_chicago,52,single_all,43
2024,cook_ex_chicago,52,all_observed,27
2024,cook_ex_chicago,53,single_observed,9
2024,cook_ex_chicago,53,single_all,30
2024,cook_ex_chicago,53,all_observed,15
2024,cook_ex_chicago,54,single_observed,8
2024,cook_ex_chicago,54,single_all,27
2024,cook_ex_chicago,54,all_observed,13
2024,cook_ex_chicago,55,single_observed,56
2024,cook_ex_chicago,55,single_all,71
2024,cook_ex_chicago,55,all_observed,84
2024,cook_ex_chicago,56,single_observed,6
2024,cook_ex_chicago,56,single_all,26
2024,cook_ex_chicago,56,all_observed,12
2024,cook_ex_chicago,57,single_observed,5
2024,cook_ex_chicago,57,single_all,23
2024,cook_ex_chicago,57,all_observed,11
2024,cook_ex_chicago,58,single_observed,5
2024,cook_ex_chicago,58,single_all,20
2024,cook_ex_chicago,58,all_observed,7
2024,cook_ex_chicago,59,single_observed,1
2024,cook_ex_chicago,59,single_all,20
2024,cook_ex_chicago,59,all_observed,3
2024,cook_ex_chicago,60,single_observed,190
2024,cook_ex_chicago,60,single_all,213
2024,cook_ex_chicago,60,all_observed,268
2024,cook_ex_chicago,61,single_observed,2
2024,cook_ex_chicago,61,single_all,11
2024,cook_ex_chicago,61,all_observed,3
2024,cook_ex_chicago,62,single_observed,8
2024,cook_ex_chicago,62,single_all,19
2024,cook_ex_chicago,62,all_observed,10
2024,cook_ex_chicago,63,single_observed,2
2024,cook_ex_chicago,63,single_all,10
2024,cook_ex_chicago,63,all_observed,5
2024,cook_ex_chicago,64,single_observed,4
2024,cook_ex_chicago,64,single_all,13
2024,cook_ex_chicago,64,all_observed,7
2024,cook_ex_chicago,65,single_observed,52
2024,cook_ex_chicago,65,single_all,65
2024,cook_ex_chicago,65,all_observed,92
2024,cook_ex_chicago,66,single_observed,4
2024,cook_ex_chicago,66,single_all,21
2024,cook_ex_chicago,66,all_observed,7
2024,cook_ex_chicago,67,single_observed,4
2024,cook_ex_chicago,67,single_all,10
2024,cook_ex_chicago,67,all_observed,5
2024,cook_ex_chicago,68,single_observed,4
2024,cook_ex_chicago,68,single_all,17
2024,cook_ex_chicago,68,all_observed,6
2024,cook_ex_chicago,69,single_observed,1
2024,cook_ex_chicago,69,single_all,7
2024,cook_ex_chicago,69,all_observed,2
2024,cook_ex_chicago,70,single_observed,107
2024,cook_ex_chicago,70,single_all,117
2024,cook_ex_chicago,70,all_observed,166
2024,cook_ex_chicago,71,single_observed,5
2024,cook_ex_chicago,71,single_all,13
2024,cook_ex_chicago,71,all_observed,6
2024,cook_ex_chicago,72,single_observed,9
2024,cook_ex_chicago,72,single_all,23
2024,cook_ex_chicago,72,all_observed,13
2024,cook_ex_chicago,73,single_observed,4
2024,cook_ex_chicago,73,single_all,12
2024,cook_ex_chicago,73,all_observed,5
2024,cook_ex_chicago,74,single_observed,3
2024,cook_ex_chicago,74,single_all,13
2024,cook_ex_chicago,74,all_observed,3
2024,cook_ex_chicago,75,single_observed,98
2024,cook_ex_chicago,75,single_all,107
2024,cook_ex_chicago,75,all_observed,148
2024,cook_ex_chicago,76,single_observed,3
2024,cook_ex_chicago,76,single_all,12
2024,cook_ex_chicago,76,all_observed,4
2024,cook_ex_chicago,77,single_observed,5
2024,cook_ex_chicago,77,single_all,13
2024,cook_ex_chicago,77,all_observed,5
2024,cook_ex_chicago,78,single_observed,2
2024,cook_ex_chicago,78,single_all,13
2024,cook_ex_chicago,78,all_observed,3
2024,cook_ex_chicago,79,single_observed,1
2024,cook_ex_chicago,79,single_all,8
2024,cook_ex_chicago,79,all_observed,2
2024,cook_ex_chicago,80,single_observed,109
2024,cook_ex_chicago,80,single_all,117
2024,cook_ex_chicago,80,all_observed,172
2024,illinois_ex_cook,20,single_observed,2849
2024,illinois_ex_cook,20,single_all,3563
2024,illinois_ex_cook,20,all_observed,4289
2024,illinois_ex_cook,21,single_observed,201
2024,illinois_ex_cook,21,single_all,657
2024,illinois_ex_cook,21,all_observed,367
2024,illinois_ex_cook,22,single_observed,341
2024,illinois_ex_cook,22,single_all,661
2024,illinois_ex_cook,22,all_observed,552
2024,illinois_ex_cook,23,single_observed,212
2024,illinois_ex_cook,23,single_all,438
2024,illinois_ex_cook,23,all_observed,357
2024,illinois_ex_cook,24,single_observed,242
2024,illinois_ex_cook,24,single_all,466
2024,illinois_ex_cook,24,all_observed,409
2024,illinois_ex_cook,25,single_observed,1526
2024,illinois_ex_cook,25,single_all,1754
2024,illinois_ex_cook,25,all_observed,2328
2024,illinois_ex_cook,26,single_observed,145
2024,illinois_ex_cook,26,single_all,312
2024,illinois_ex_cook,26,all_observed,237
2024,illinois_ex_cook,27,single_observed,143
2024,illinois_ex_cook,27,single_all,295
2024,illinois_ex_cook,27,all_observed,221
2024,illinois_ex_cook,28,single_observed,181
2024,illinois_ex_cook,28,single_all,330
2024,illinois_ex_cook,28,all_observed,277
2024,illinois_ex_cook,29,single_observed,70
2024,illinois_ex_cook,29,single_all,207
2024,illinois_ex_cook,29,all_observed,130
2024,illinois_ex_cook,30,single_observed,1743
2024,illinois_ex_cook,30,single_all,1847
2024,illinois_ex_cook,30,all_observed,2622
2024,illinois_ex_cook,31,single_observed,65
2024,illinois_ex_cook,31,single_all,191
2024,illinois_ex_cook,31,all_observed,103
2024,illinois_ex_cook,32,single_observed,141
2024,illinois_ex_cook,32,single_all,250
2024,illinois_ex_cook,32,all_observed,223
2024,illinois_ex_cook,33,single_observed,68
2024,illinois_ex_cook,33,single_all,182
2024,illinois_ex_cook,33,all_observed,105
2024,illinois_ex_cook,34,single_observed,61
2024,illinois_ex_cook,34,single_all,146
2024,illinois_ex_cook,34,all_observed,104
2024,illinois_ex_cook,35,single_observed,676
2024,illinois_ex_cook,35,single_all,773
2024,illinois_ex_cook,35,all_observed,1029
2024,illinois_ex_cook,36,single_observed,64
2024,illinois_ex_cook,36,single_all,171
2024,illinois_ex_cook,36,all_observed,107
2024,illinois_ex_cook,37,single_observed,60
2024,illinois_ex_cook,37,single_all,173
2024,illinois_ex_cook,37,all_observed,92
2024,illinois_ex_cook,38,single_observed,78
2024,illinois_ex_cook,38,single_all,172
2024,illinois_ex_cook,38,all_observed,114
2024,illinois_ex_cook,39,single_observed,28
2024,illinois_ex_cook,39,single_all,107
2024,illinois_ex_cook,39,all_observed,53
2024,illinois_ex_cook,40,single_observed,1005
2024,illinois_ex_cook,40,single_all,1108
2024,illinois_ex_cook,40,all_observed,1500
2024,illinois_ex_cook,41,single_observed,39
2024,illinois_ex_cook,41,single_all,158
2024,illinois_ex_cook,41,all_observed,61
2024,illinois_ex_cook,42,single_observed,66
2024,illinois_ex_cook,42,single_all,181
2024,illinois_ex_cook,42,all_observed,105
2024,illinois_ex_cook,43,single_observed,42
2024,illinois_ex_cook,43,single_all,147
2024,illinois_ex_cook,43,all_observed,65
2024,illinois_ex_cook,44,single_observed,33
2024,illinois_ex_cook,44,single_all,109
2024,illinois_ex_cook,44,all_observed,49
2024,illinois_ex_cook,45,single_observed,343
2024,illinois_ex_cook,45,single_all,404
2024,illinois_ex_cook,45,all_observed,541
2024,illinois_ex_cook,46,single_observed,25
2024,illinois_ex_cook,46,single_all,88
2024,illinois_ex_cook,46,all_observed,47
2024,illinois_ex_cook,47,single_observed,28
2024,illinois_ex_cook,47,single_all,87
2024,illinois_ex_cook,47,all_observed,46
2024,illinois_ex_cook,48,single_observed,45
2024,illinois_ex_cook,48,single_all,107
2024,illinois_ex_cook,48,all_observed,77
2024,illinois_ex_cook,49,single_observed,78
2024,illinois_ex_cook,49,single_all,124
2024,illinois_ex_cook,49,all_observed,105
2024,illinois_ex_cook,50,single_observed,1328
2024,illinois_ex_cook,50,single_all,1397
2024,illinois_ex_cook,50,all_observed,1933
2024,illinois_ex_cook,51,single_observed,78
2024,illinois_ex_cook,51,single_all,133
2024,illinois_ex_cook,51,all_observed,103
2024,illinois_ex_cook,52,single_observed,59
2024,illinois_ex_cook,52,single_all,128
2024,illinois_ex_cook,52,all_observed,87
2024,illinois_ex_cook,53,single_observed,24
2024,illinois_ex_cook,53,single_all,64
2024,illinois_ex_cook,53,all_observed,43
2024,illinois_ex_cook,54,single_observed,38
2024,illinois_ex_cook,54,single_all,74
2024,illinois_ex_cook,54,all_observed,56
2024,illinois_ex_cook,55,single_observed,211
2024,illinois_ex_cook,55,single_all,262
2024,illinois_ex_cook,55,all_observed,311
2024,illinois_ex_cook,56,single_observed,29
2024,illinois_ex_cook,56,single_all,65
2024,illinois_ex_cook,56,all_observed,40
2024,illinois_ex_cook,57,single_observed,22
2024,illinois_ex_cook,57,single_all,55
2024,illinois_ex_cook,57,all_observed,35
2024,illinois_ex_cook,58,single_observed,35
2024,illinois_ex_cook,58,single_all,63
2024,illinois_ex_cook,58,all_observed,49
2024,illinois_ex_cook,59,single_observed,22
2024,illinois_ex_cook,59,single_all,48
2024,illinois_ex_cook,59,all_observed,25
2024,illinois_ex_cook,60,single_observed,599
2024,illinois_ex_cook,60,single_all,638
2024,illinois_ex_cook,60,all_observed,892
2024,illinois_ex_cook,61,single_observed,13
2024,illinois_ex_cook,61,single_all,53
2024,illinois_ex_cook,61,all_observed,18
2024,illinois_ex_cook,62,single_observed,22
2024,illinois_ex_cook,62,single_all,49
2024,illinois_ex_cook,62,all_observed,41
2024,illinois_ex_cook,63,single_observed,23
2024,illinois_ex_cook,63,single_all,50
2024,illinois_ex_cook,63,all_observed,40
2024,illinois_ex_cook,64,single_observed,11
2024,illinois_ex_cook,64,single_all,33
2024,illinois_ex_cook,64,all_observed,24
2024,illinois_ex_cook,65,single_observed,190
2024,illinois_ex_cook,65,single_all,213
2024,illinois_ex_cook,65,all_observed,311
2024,illinois_ex_cook,66,single_observed,13
2024,illinois_ex_cook,66,single_all,45
2024,illinois_ex_cook,66,all_observed,15
2024,illinois_ex_cook,67,single_observed,29
2024,illinois_ex_cook,67,single_all,59
2024,illinois_ex_cook,67,all_observed,38
2024,illinois_ex_cook,68,single_observed,17
2024,illinois_ex_cook,68,single_all,34
2024,illinois_ex_cook,68,all_observed,29
2024,illinois_ex_cook,69,single_observed,9
2024,illinois_ex_cook,69,single_all,25
2024,illinois_ex_cook,69,all_observed,12
2024,illinois_ex_cook,70,single_observed,340
2024,illinois_ex_cook,70,single_all,354
2024,illinois_ex_cook,70,all_observed,532
2024,illinois_ex_cook,71,single_observed,6
2024,illinois_ex_cook,71,single_all,24
2024,illinois_ex_cook,71,all_observed,12
2024,illinois_ex_cook,72,single_observed,29
2024,illinois_ex_cook,72,single_all,46
2024,illinois_ex_cook,72,all_observed,40
2024,illinois_ex_cook,73,single_observed,18
2024,illinois_ex_cook,73,single_all,39
2024,illinois_ex_cook,73,all_observed,26
2024,illinois_ex_cook,74,single_observed,11
2024,illinois_ex_cook,74,single_all,35
2024,illinois_ex_cook,74,all_observed,12
2024,illinois_ex_cook,75,single_observed,297
2024,illinois_ex_cook,75,single_all,308
2024,illinois_ex_cook,75,all_observed,442
2024,illinois_ex_cook,76,single_observed,7
2024,illinois_ex_cook,76,single_all,25
2024,illinois_ex_cook,76,all_observed,11
2024,illinois_ex_cook,77,single_observed,6
2024,illinois_ex_cook,77,single_all,20
2024,illinois_ex_cook,77,all_observed,8
2024,illinois_ex_cook,78,single_observed,13
2024,illinois_ex_cook,78,single_all,33
2024,illinois_ex_cook,78,all_observed,19
2024,illinois_ex_cook,79,single_observed,10
2024,illinois_ex_cook,79,single_all,28
2024,illinois_ex_cook,79,all_observed,13
2024,illinois_ex_cook,80,single_observed,314
2024,illinois_ex_cook,80,single_all,327
2024,illinois_ex_cook,80,all_observed,477
2025,chicago,20,single_observed,862
2025,chicago,20,single_all,979
2025,chicago,20,all_observed,1151
2025,chicago,21,single_observed,58
2025,chicago,21,single_all,291
2025,chicago,21,all_observed,91
2025,chicago,22,single_observed,87
2025,chicago,22,single_all,229
2025,chicago,22,all_observed,139
2025,chicago,23,single_observed,54
2025,chicago,23,single_all,184
2025,chicago,23,all_observed,81
2025,chicago,24,single_observed,63
2025,chicago,24,single_all,127
2025,chicago,24,all_observed,88
2025,chicago,25,single_observed,403
2025,chicago,25,single_all,474
2025,chicago,25,all_observed,554
2025,chicago,26,single_observed,45
2025,chicago,26,single_all,132
2025,chicago,26,all_observed,72
2025,chicago,27,single_observed,37
2025,chicago,27,single_all,80
2025,chicago,27,all_observed,52
2025,chicago,28,single_observed,32
2025,chicago,28,single_all,85
2025,chicago,28,all_observed,58
2025,chicago,29,single_observed,22
2025,chicago,29,single_all,57
2025,chicago,29,all_observed,31
2025,chicago,30,single_observed,502
2025,chicago,30,single_all,542
2025,chicago,30,all_observed,711
2025,chicago,31,single_observed,15
2025,chicago,31,single_all,48
2025,chicago,31,all_observed,26
2025,chicago,32,single_observed,37
2025,chicago,32,single_all,70
2025,chicago,32,all_observed,60
2025,chicago,33,single_observed,19
2025,chicago,33,single_all,53
2025,chicago,33,all_observed,26
2025,chicago,34,single_observed,19
2025,chicago,34,single_all,53
2025,chicago,34,all_observed,29
2025,chicago,35,single_observed,133
2025,chicago,35,single_all,170
2025,chicago,35,all_observed,201
2025,chicago,36,single_observed,12
2025,chicago,36,single_all,40
2025,chicago,36,all_observed,25
2025,chicago,37,single_observed,9
2025,chicago,37,single_all,40
2025,chicago,37,all_observed,15
2025,chicago,38,single_observed,15
2025,chicago,38,single_all,46
2025,chicago,38,all_observed,27
2025,chicago,39,single_observed,13
2025,chicago,39,single_all,37
2025,chicago,39,all_observed,16
2025,chicago,40,single_observed,281
2025,chicago,40,single_all,303
2025,chicago,40,all_observed,385
2025,chicago,41,single_observed,4
2025,chicago,41,single_all,40
2025,chicago,41,all_observed,15
2025,chicago,42,single_observed,16
2025,chicago,42,single_all,42
2025,chicago,42,all_observed,27
2025,chicago,43,single_observed,8
2025,chicago,43,single_all,38
2025,chicago,43,all_observed,10
2025,chicago,44,single_observed,5
2025,chicago,44,single_all,29
2025,chicago,44,all_observed,10
2025,chicago,45,single_observed,83
2025,chicago,45,single_all,108
2025,chicago,45,all_observed,141
2025,chicago,46,single_observed,6
2025,chicago,46,single_all,31
2025,chicago,46,all_observed,11
2025,chicago,47,single_observed,7
2025,chicago,47,single_all,37
2025,chicago,47,all_observed,14
2025,chicago,48,single_observed,8
2025,chicago,48,single_all,29
2025,chicago,48,all_observed,13
2025,chicago,49,single_observed,35
2025,chicago,49,single_all,61
2025,chicago,49,all_observed,40
2025,chicago,50,single_observed,378
2025,chicago,50,single_all,404
2025,chicago,50,all_observed,549
2025,chicago,51,single_observed,45
2025,chicago,51,single_all,60
2025,chicago,51,all_observed,53
2025,chicago,52,single_observed,12
2025,chicago,52,single_all,24
2025,chicago,52,all_observed,19
2025,chicago,53,single_observed,5
2025,chicago,53,single_all,27
2025,chicago,53,all_observed,10
2025,chicago,54,single_observed,8
2025,chicago,54,single_all,30
2025,chicago,54,all_observed,17
2025,chicago,55,single_observed,49
2025,chicago,55,single_all,70
2025,chicago,55,all_observed,79
2025,chicago,56,single_observed,9
2025,chicago,56,single_all,29
2025,chicago,56,all_observed,13
2025,chicago,57,single_observed,7
2025,chicago,57,single_all,21
2025,chicago,57,all_observed,9
2025,chicago,58,single_observed,11
2025,chicago,58,single_all,34
2025,chicago,58,all_observed,16
2025,chicago,59,single_observed,3
2025,chicago,59,single_all,14
2025,chicago,59,all_observed,5
2025,chicago,60,single_observed,187
2025,chicago,60,single_all,201
2025,chicago,60,all_observed,278
2025,chicago,61,single_observed,4
2025,chicago,61,single_all,24
2025,chicago,61,all_observed,7
2025,chicago,62,single_observed,6
2025,chicago,62,single_all,35
2025,chicago,62,all_observed,9
2025,chicago,63,single_observed,1
2025,chicago,63,single_all,21
2025,chicago,63,all_observed,5
2025,chicago,64,single_observed,2
2025,chicago,64,single_all,23
2025,chicago,64,all_observed,4
2025,chicago,65,single_observed,47
2025,chicago,65,single_all,67
2025,chicago,65,all_observed,64
2025,chicago,66,single_observed,1
2025,chicago,66,single_all,20
2025,chicago,66,all_observed,4
2025,chicago,67,single_observed,1
2025,chicago,67,single_all,17
2025,chicago,67,all_observed,3
2025,chicago,68,single_observed,8
2025,chicago,68,single_all,25
2025,chicago,68,all_observed,10
2025,chicago,69,single_observed,0
2025,chicago,69,single_all,19
2025,chicago,69,all_observed,3
2025,chicago,70,single_observed,84
2025,chicago,70,single_all,95
2025,chicago,70,all_observed,132
2025,chicago,71,single_observed,4
2025,chicago,71,single_all,20
2025,chicago,71,all_observed,7
2025,chicago,72,single_observed,6
2025,chicago,72,single_all,23
2025,chicago,72,all_observed,8
2025,chicago,73,single_observed,3
2025,chicago,73,single_all,19
2025,chicago,73,all_observed,5
2025,chicago,74,single_observed,6
2025,chicago,74,single_all,21
2025,chicago,74,all_observed,6
2025,chicago,75,single_observed,87
2025,chicago,75,single_all,105
2025,chicago,75,all_observed,126
2025,chicago,76,single_observed,3
2025,chicago,76,single_all,7
2025,chicago,76,all_observed,5
2025,chicago,77,single_observed,3
2025,chicago,77,single_all,11
2025,chicago,77,all_observed,3
2025,chicago,78,single_observed,4
2025,chicago,78,single_all,16
2025,chicago,78,all_observed,5
2025,chicago,79,single_observed,1
2025,chicago,79,single_all,13
2025,chicago,79,all_observed,2
2025,chicago,80,single_observed,101
2025,chicago,80,single_all,110
2025,chicago,80,all_observed,150
2025,cook_ex_chicago,20,single_observed,907
2025,cook_ex_chicago,20,single_all,1051
2025,cook_ex_chicago,20,all_observed,1286
2025,cook_ex_chicago,21,single_observed,40
2025,cook_ex_chicago,21,single_all,125
2025,cook_ex_chicago,21,all_observed,90
2025,cook_ex_chicago,22,single_observed,110
2025,cook_ex_chicago,22,single_all,176
2025,cook_ex_chicago,22,all_observed,166
2025,cook_ex_chicago,23,single_observed,53
2025,cook_ex_chicago,23,single_all,125
2025,cook_ex_chicago,23,all_observed,93
2025,cook_ex_chicago,24,single_observed,63
2025,cook_ex_chicago,24,single_all,141
2025,cook_ex_chicago,24,all_observed,112
2025,cook_ex_chicago,25,single_observed,518
2025,cook_ex_chicago,25,single_all,595
2025,cook_ex_chicago,25,all_observed,724
2025,cook_ex_chicago,26,single_observed,41
2025,cook_ex_chicago,26,single_all,113
2025,cook_ex_chicago,26,all_observed,67
2025,cook_ex_chicago,27,single_observed,28
2025,cook_ex_chicago,27,single_all,81
2025,cook_ex_chicago,27,all_observed,50
2025,cook_ex_chicago,28,single_observed,40
2025,cook_ex_chicago,28,single_all,117
2025,cook_ex_chicago,28,all_observed,66
2025,cook_ex_chicago,29,single_observed,12
2025,cook_ex_chicago,29,single_all,67
2025,cook_ex_chicago,29,all_observed,23
2025,cook_ex_chicago,30,single_observed,544
2025,cook_ex_chicago,30,single_all,570
2025,cook_ex_chicago,30,all_observed,810
2025,cook_ex_chicago,31,single_observed,15
2025,cook_ex_chicago,31,single_all,50
2025,cook_ex_chicago,31,all_observed,21
2025,cook_ex_chicago,32,single_observed,35
2025,cook_ex_chicago,32,single_all,69
2025,cook_ex_chicago,32,all_observed,56
2025,cook_ex_chicago,33,single_observed,24
2025,cook_ex_chicago,33,single_all,59
2025,cook_ex_chicago,33,all_observed,39
2025,cook_ex_chicago,34,single_observed,12
2025,cook_ex_chicago,34,single_all,38
2025,cook_ex_chicago,34,all_observed,21
2025,cook_ex_chicago,35,single_observed,171
2025,cook_ex_chicago,35,single_all,191
2025,cook_ex_chicago,35,all_observed,265
2025,cook_ex_chicago,36,single_observed,23
2025,cook_ex_chicago,36,single_all,53
2025,cook_ex_chicago,36,all_observed,30
2025,cook_ex_chicago,37,single_observed,16
2025,cook_ex_chicago,37,single_all,45
2025,cook_ex_chicago,37,all_observed,22
2025,cook_ex_chicago,38,single_observed,19
2025,cook_ex_chicago,38,single_all,41
2025,cook_ex_chicago,38,all_observed,28
2025,cook_ex_chicago,39,single_observed,10
2025,cook_ex_chicago,39,single_all,41
2025,cook_ex_chicago,39,all_observed,20
2025,cook_ex_chicago,40,single_observed,343
2025,cook_ex_chicago,40,single_all,370
2025,cook_ex_chicago,40,all_observed,480
2025,cook_ex_chicago,41,single_observed,9
2025,cook_ex_chicago,41,single_all,30
2025,cook_ex_chicago,41,all_observed,24
2025,cook_ex_chicago,42,single_observed,21
2025,cook_ex_chicago,42,single_all,52
2025,cook_ex_chicago,42,all_observed,42
2025,cook_ex_chicago,43,single_observed,4
2025,cook_ex_chicago,43,single_all,37
2025,cook_ex_chicago,43,all_observed,13
2025,cook_ex_chicago,44,single_observed,13
2025,cook_ex_chicago,44,single_all,31
2025,cook_ex_chicago,44,all_observed,21
2025,cook_ex_chicago,45,single_observed,106
2025,cook_ex_chicago,45,single_all,129
2025,cook_ex_chicago,45,all_observed,176
2025,cook_ex_chicago,46,single_observed,8
2025,cook_ex_chicago,46,single_all,28
2025,cook_ex_chicago,46,all_observed,11
2025,cook_ex_chicago,47,single_observed,9
2025,cook_ex_chicago,47,single_all,28
2025,cook_ex_chicago,47,all_observed,17
2025,cook_ex_chicago,48,single_observed,9
2025,cook_ex_chicago,48,single_all,35
2025,cook_ex_chicago,48,all_observed,17
2025,cook_ex_chicago,49,single_observed,22
2025,cook_ex_chicago,49,single_all,39
2025,cook_ex_chicago,49,all_observed,30
2025,cook_ex_chicago,50,single_observed,485
2025,cook_ex_chicago,50,single_all,502
2025,cook_ex_chicago,50,all_observed,717
2025,cook_ex_chicago,51,single_observed,36
2025,cook_ex_chicago,51,single_all,55
2025,cook_ex_chicago,51,all_observed,48
2025,cook_ex_chicago,52,single_observed,19
2025,cook_ex_chicago,52,single_all,43
2025,cook_ex_chicago,52,all_observed,27
2025,cook_ex_chicago,53,single_observed,9
2025,cook_ex_chicago,53,single_all,34
2025,cook_ex_chicago,53,all_observed,14
2025,cook_ex_chicago,54,single_observed,7
2025,cook_ex_chicago,54,single_all,27
2025,cook_ex_chicago,54,all_observed,12
2025,cook_ex_chicago,55,single_observed,58
2025,cook_ex_chicago,55,single_all,83
2025,cook_ex_chicago,55,all_observed,87
2025,cook_ex_chicago,56,single_observed,6
2025,cook_ex_chicago,56,single_all,25
2025,cook_ex_chicago,56,all_observed,12
2025,cook_ex_chicago,57,single_observed,5
2025,cook_ex_chicago,57,single_all,23
2025,cook_ex_chicago,57,all_observed,11
2025,cook_ex_chicago,58,single_observed,5
2025,cook_ex_chicago,58,single_all,23
2025,cook_ex_chicago,58,all_observed,7
2025,cook_ex_chicago,59,single_observed,1
2025,cook_ex_chicago,59,single_all,18
2025,cook_ex_chicago,59,all_observed,3
2025,cook_ex_chicago,60,single_observed,188
2025,cook_ex_chicago,60,single_all,213
2025,cook_ex_chicago,60,all_observed,269
2025,cook_ex_chicago,61,single_observed,2
2025,cook_ex_chicago,61,single_all,19
2025,cook_ex_chicago,61,all_observed,3
2025,cook_ex_chicago,62,single_observed,8
2025,cook_ex_chicago,62,single_all,39
2025,cook_ex_chicago,62,all_observed,10
2025,cook_ex_chicago,63,single_observed,2
2025,cook_ex_chicago,63,single_all,15
2025,cook_ex_chicago,63,all_observed,5
2025,cook_ex_chicago,64,single_observed,5
2025,cook_ex_chicago,64,single_all,25
2025,cook_ex_chicago,64,all_observed,8
2025,cook_ex_chicago,65,single_observed,51
2025,cook_ex_chicago,65,single_all,65
2025,cook_ex_chicago,65,all_observed,89
2025,cook_ex_chicago,66,single_observed,4
2025,cook_ex_chicago,66,single_all,24
2025,cook_ex_chicago,66,all_observed,7
2025,cook_ex_chicago,67,single_observed,4
2025,cook_ex_chicago,67,single_all,19
2025,cook_ex_chicago,67,all_observed,5
2025,cook_ex_chicago,68,single_observed,5
2025,cook_ex_chicago,68,single_all,17
2025,cook_ex_chicago,68,all_observed,7
2025,cook_ex_chicago,69,single_observed,1
2025,cook_ex_chicago,69,single_all,12
2025,cook_ex_chicago,69,all_observed,2
2025,cook_ex_chicago,70,single_observed,110
2025,cook_ex_chicago,70,single_all,121
2025,cook_ex_chicago,70,all_observed,167
2025,cook_ex_chicago,71,single_observed,5
2025,cook_ex_chicago,71,single_all,19
2025,cook_ex_chicago,71,all_observed,6
2025,cook_ex_chicago,72,single_observed,9
2025,cook_ex_chicago,72,single_all,26
2025,cook_ex_chicago,72,all_observed,13
2025,cook_ex_chicago,73,single_observed,4
2025,cook_ex_chicago,73,single_all,20
2025,cook_ex_chicago,73,all_observed,5
2025,cook_ex_chicago,74,single_observed,3
2025,cook_ex_chicago,74,single_all,18
2025,cook_ex_chicago,74,all_observed,3
2025,cook_ex_chicago,75,single_observed,106
2025,cook_ex_chicago,75,single_all,119
2025,cook_ex_chicago,75,all_observed,159
2025,cook_ex_chicago,76,single_observed,3
2025,cook_ex_chicago,76,single_all,13
2025,cook_ex_chicago,76,all_observed,4
2025,cook_ex_chicago,77,single_observed,5
2025,cook_ex_chicago,77,single_all,13
2025,cook_ex_chicago,77,all_observed,5
2025,cook_ex_chicago,78,single_observed,2
2025,cook_ex_chicago,78,single_all,10
2025,cook_ex_chicago,78,all_observed,3
2025,cook_ex_chicago,79,single_observed,1
2025,cook_ex_chicago,79,single_all,6
2025,cook_ex_chicago,79,all_observed,2
2025,cook_ex_chicago,80,single_observed,102
2025,cook_ex_chicago,80,single_all,112
2025,cook_ex_chicago,80,all_observed,165
2025,illinois_ex_cook,20,single_observed,2806
2025,illinois_ex_cook,20,single_all,3166
2025,illinois_ex_cook,20,all_observed,4235
2025,illinois_ex_cook,21,single_observed,194
2025,illinois_ex_cook,21,single_all,490
2025,illinois_ex_cook,21,all_observed,352
2025,illinois_ex_cook,22,single_observed,338
2025,illinois_ex_cook,22,single_all,563
2025,illinois_ex_cook,22,all_observed,546
2025,illinois_ex_cook,23,single_observed,206
2025,illinois_ex_cook,23,single_all,406
2025,illinois_ex_cook,23,all_observed,351
2025,illinois_ex_cook,24,single_observed,240
2025,illinois_ex_cook,24,single_all,444
2025,illinois_ex_cook,24,all_observed,406
2025,illinois_ex_cook,25,single_observed,1501
2025,illinois_ex_cook,25,single_all,1746
2025,illinois_ex_cook,25,all_observed,2282
2025,illinois_ex_cook,26,single_observed,141
2025,illinois_ex_cook,26,single_all,311
2025,illinois_ex_cook,26,all_observed,235
2025,illinois_ex_cook,27,single_observed,143
2025,illinois_ex_cook,27,single_all,311
2025,illinois_ex_cook,27,all_observed,221
2025,illinois_ex_cook,28,single_observed,174
2025,illinois_ex_cook,28,single_all,337
2025,illinois_ex_cook,28,all_observed,272
2025,illinois_ex_cook,29,single_observed,69
2025,illinois_ex_cook,29,single_all,200
2025,illinois_ex_cook,29,all_observed,130
2025,illinois_ex_cook,30,single_observed,1718
2025,illinois_ex_cook,30,single_all,1833
2025,illinois_ex_cook,30,all_observed,2581
2025,illinois_ex_cook,31,single_observed,65
2025,illinois_ex_cook,31,single_all,190
2025,illinois_ex_cook,31,all_observed,101
2025,illinois_ex_cook,32,single_observed,141
2025,illinois_ex_cook,32,single_all,237
2025,illinois_ex_cook,32,all_observed,218
2025,illinois_ex_cook,33,single_observed,65
2025,illinois_ex_cook,33,single_all,170
2025,illinois_ex_cook,33,all_observed,103
2025,illinois_ex_cook,34,single_observed,57
2025,illinois_ex_cook,34,single_all,133
2025,illinois_ex_cook,34,all_observed,103
2025,illinois_ex_cook,35,single_observed,664
2025,illinois_ex_cook,35,single_all,753
2025,illinois_ex_cook,35,all_observed,1011
2025,illinois_ex_cook,36,single_observed,64
2025,illinois_ex_cook,36,single_all,156
2025,illinois_ex_cook,36,all_observed,107
2025,illinois_ex_cook,37,single_observed,60
2025,illinois_ex_cook,37,single_all,147
2025,illinois_ex_cook,37,all_observed,91
2025,illinois_ex_cook,38,single_observed,76
2025,illinois_ex_cook,38,single_all,180
2025,illinois_ex_cook,38,all_observed,113
2025,illinois_ex_cook,39,single_observed,28
2025,illinois_ex_cook,39,single_all,106
2025,illinois_ex_cook,39,all_observed,53
2025,illinois_ex_cook,40,single_observed,984
2025,illinois_ex_cook,40,single_all,1052
2025,illinois_ex_cook,40,all_observed,1477
2025,illinois_ex_cook,41,single_observed,39
2025,illinois_ex_cook,41,single_all,118
2025,illinois_ex_cook,41,all_observed,61
2025,illinois_ex_cook,42,single_observed,62
2025,illinois_ex_cook,42,single_all,143
2025,illinois_ex_cook,42,all_observed,101
2025,illinois_ex_cook,43,single_observed,42
2025,illinois_ex_cook,43,single_all,118
2025,illinois_ex_cook,43,all_observed,64
2025,illinois_ex_cook,44,single_observed,34
2025,illinois_ex_cook,44,single_all,109
2025,illinois_ex_cook,44,all_observed,49
2025,illinois_ex_cook,45,single_observed,346
2025,illinois_ex_cook,45,single_all,417
2025,illinois_ex_cook,45,all_observed,533
2025,illinois_ex_cook,46,single_observed,23
2025,illinois_ex_cook,46,single_all,71
2025,illinois_ex_cook,46,all_observed,45
2025,illinois_ex_cook,47,single_observed,30
2025,illinois_ex_cook,47,single_all,101
2025,illinois_ex_cook,47,all_observed,47
2025,illinois_ex_cook,48,single_observed,43
2025,illinois_ex_cook,48,single_all,92
2025,illinois_ex_cook,48,all_observed,76
2025,illinois_ex_cook,49,single_observed,78
2025,illinois_ex_cook,49,single_all,129
2025,illinois_ex_cook,49,all_observed,105
2025,illinois_ex_cook,50,single_observed,1296
2025,illinois_ex_cook,50,single_all,1354
2025,illinois_ex_cook,50,all_observed,1891
2025,illinois_ex_cook,51,single_observed,79
2025,illinois_ex_cook,51,single_all,146
2025,illinois_ex_cook,51,all_observed,105
2025,illinois_ex_cook,52,single_observed,60
2025,illinois_ex_cook,52,single_all,124
2025,illinois_ex_cook,52,all_observed,87
2025,illinois_ex_cook,53,single_observed,25
2025,illinois_ex_cook,53,single_all,61
2025,illinois_ex_cook,53,all_observed,44
2025,illinois_ex_cook,54,single_observed,39
2025,illinois_ex_cook,54,single_all,90
2025,illinois_ex_cook,54,all_observed,58
2025,illinois_ex_cook,55,single_observed,207
2025,illinois_ex_cook,55,single_all,253
2025,illinois_ex_cook,55,all_observed,307
2025,illinois_ex_cook,56,single_observed,29
2025,illinois_ex_cook,56,single_all,79
2025,illinois_ex_cook,56,all_observed,40
2025,illinois_ex_cook,57,single_observed,24
2025,illinois_ex_cook,57,single_all,55
2025,illinois_ex_cook,57,all_observed,35
2025,illinois_ex_cook,58,single_observed,35
2025,illinois_ex_cook,58,single_all,75
2025,illinois_ex_cook,58,all_observed,50
2025,illinois_ex_cook,59,single_observed,18
2025,illinois_ex_cook,59,single_all,62
2025,illinois_ex_cook,59,all_observed,22
2025,illinois_ex_cook,60,single_observed,595
2025,illinois_ex_cook,60,single_all,634
2025,illinois_ex_cook,60,all_observed,882
2025,illinois_ex_cook,61,single_observed,14
2025,illinois_ex_cook,61,single_all,51
2025,illinois_ex_cook,61,all_observed,19
2025,illinois_ex_cook,62,single_observed,22
2025,illinois_ex_cook,62,single_all,67
2025,illinois_ex_cook,62,all_observed,41
2025,illinois_ex_cook,63,single_observed,24
2025,illinois_ex_cook,63,single_all,53
2025,illinois_ex_cook,63,all_observed,41
2025,illinois_ex_cook,64,single_observed,11
2025,illinois_ex_cook,64,single_all,36
2025,illinois_ex_cook,64,all_observed,25
2025,illinois_ex_cook,65,single_observed,188
2025,illinois_ex_cook,65,single_all,223
2025,illinois_ex_cook,65,all_observed,302
2025,illinois_ex_cook,66,single_observed,12
2025,illinois_ex_cook,66,single_all,46
2025,illinois_ex_cook,66,all_observed,14
2025,illinois_ex_cook,67,single_observed,26
2025,illinois_ex_cook,67,single_all,65
2025,illinois_ex_cook,67,all_observed,34
2025,illinois_ex_cook,68,single_observed,17
2025,illinois_ex_cook,68,single_all,45
2025,illinois_ex_cook,68,all_observed,28
2025,illinois_ex_cook,69,single_observed,10
2025,illinois_ex_cook,69,single_all,39
2025,illinois_ex_cook,69,all_observed,13
2025,illinois_ex_cook,70,single_observed,332
2025,illinois_ex_cook,70,single_all,358
2025,illinois_ex_cook,70,all_observed,514
2025,illinois_ex_cook,71,single_observed,5
2025,illinois_ex_cook,71,single_all,30
2025,illinois_ex_cook,71,all_observed,11
2025,illinois_ex_cook,72,single_observed,27
2025,illinois_ex_cook,72,single_all,50
2025,illinois_ex_cook,72,all_observed,37
2025,illinois_ex_cook,73,single_observed,20
2025,illinois_ex_cook,73,single_all,46
2025,illinois_ex_cook,73,all_observed,28
2025,illinois_ex_cook,74,single_observed,10
2025,illinois_ex_cook,74,single_all,29
2025,illinois_ex_cook,74,all_observed,11
2025,illinois_ex_cook,75,single_observed,301
2025,illinois_ex_cook,75,single_all,323
2025,illinois_ex_cook,75,all_observed,442
2025,illinois_ex_cook,76,single_observed,7
2025,illinois_ex_cook,76,single_all,28
2025,illinois_ex_cook,76,all_observed,11
2025,illinois_ex_cook,77,single_observed,6
2025,illinois_ex_cook,77,single_all,29
2025,illinois_ex_cook,77,all_observed,8
2025,illinois_ex_cook,78,single_observed,13
2025,illinois_ex_cook,78,single_all,33
2025,illinois_ex_cook,78,all_observed,19
2025,illinois_ex_cook,79,single_observed,11
2025,illinois_ex_cook,79,single_all,32
2025,illinois_ex_cook,79,all_observed,14
2025,illinois_ex_cook,80,single_observed,316
2025,illinois_ex_cook,80,single_all,337
2025,illinois_ex_cook,80,all_observed,478
