sample,R,baseline,period,geo,nk,base_sum,ratio,lo,hi,se
all_verified,30,original,"1998-2002 (tax, Dec snapshots)",chicago,153.0,1773.0,0.5177664974619289,0.4389441800258872,0.6107431379502132,0.08426128117267438
all_verified,30,original,"1998-2002 (tax, Dec snapshots)",cook_ex_chicago,162.0,1944.0,0.5,0.42595256649372615,0.5869198114191483,0.08177556357710969
all_verified,30,original,"1998-2002 (tax, Dec snapshots)",illinois_ex_cook,609.0,6045.0,0.6044665012406948,0.5561390250426598,0.6569935477808624,0.042514257569341726
all_verified,30,original,"2003-2011 (tax, $4)",chicago,231.0,2789.0,0.4969523126568663,0.4345457558550423,0.5683212819995654,0.06846572705476595
all_verified,30,original,"2003-2011 (tax, $4)",cook_ex_chicago,235.0,3025.0,0.4661157024793388,0.40817832488870565,0.5322767889672899,0.0677192562077646
all_verified,30,original,"2003-2011 (tax, $4)",illinois_ex_cook,1026.0,10650.0,0.5780281690140845,0.5421553676998375,0.616274566442654,0.032688768453564214
all_verified,30,original,"2012-2013 (phase-out, $2)",chicago,50.0,525.0,0.5714285714285714,0.42754281954769724,0.7637377996204886,0.14800257398019098
all_verified,30,original,"2012-2013 (phase-out, $2)",cook_ex_chicago,47.0,507.0,0.5562130177514792,0.41252551304907803,0.7499485761003135,0.152476169719901
all_verified,30,original,"2012-2013 (phase-out, $2)",illinois_ex_cook,184.0,2018.0,0.5470763131813677,0.47043202323718614,0.6362077359967867,0.0770085887901271
all_verified,30,original,2014-2022 (repealed),chicago,197.0,1987.0,0.5948666331152491,0.5138513961682059,0.6886549571192303,0.07469547104872266
all_verified,30,original,2014-2022 (repealed),cook_ex_chicago,147.0,1936.0,0.45557851239669417,0.38524709777920413,0.5387497586718708,0.08555261547173884
all_verified,30,original,2014-2022 (repealed),illinois_ex_cook,729.0,7698.0,0.5681995323460639,0.5266417547238229,0.6130366718218012,0.03875107719300475
all_verified,30,original,"2023-2025 (repealed, new coding)",chicago,65.0,558.0,0.6989247311827957,0.5405923091700799,0.903630650256354,0.13106002472133096
all_verified,30,original,"2023-2025 (repealed, new coding)",cook_ex_chicago,36.0,557.0,0.3877917414721724,0.2768319104767947,0.5432265178353632,0.17196833986005394
all_verified,30,original,"2023-2025 (repealed, new coding)",illinois_ex_cook,206.0,2233.0,0.5535154500671742,0.4798962526832173,0.6384283097649222,0.0728161861544105
all_verified,30,original,DiD pre minus post,chicago_vs_cook_ex_chicago,,,-0.20270898802887027,-0.49455895650163456,0.08914098044389401,0.14890304513916547
all_verified,30,original,DiD pre minus post,chicago_vs_illinois_ex_cook,,,-0.19699311972004396,-0.419063548021843,0.02507730858175508,0.1133012389294893
all_verified,30,skip_51,"1998-2002 (tax, Dec snapshots)",chicago,153.0,1816.0,0.5055066079295154,0.4286172791874283,0.5961890550582821,0.08418199632563866
all_verified,30,skip_51,"1998-2002 (tax, Dec snapshots)",cook_ex_chicago,162.0,1956.0,0.49693251533742333,0.4233553733457207,0.583297013211453,0.08175626550874018
all_verified,30,skip_51,"1998-2002 (tax, Dec snapshots)",illinois_ex_cook,609.0,6127.0,0.5963766933246287,0.5487240138933727,0.648167660491583,0.0424882117439515
all_verified,30,skip_51,"2003-2011 (tax, $4)",chicago,231.0,2807.0,0.4937655860349127,0.43177342516639156,0.5646583132309414,0.06844893392581615
all_verified,30,skip_51,"2003-2011 (tax, $4)",cook_ex_chicago,235.0,3020.0,0.46688741721854304,0.40885087860533936,0.533162264688246,0.06772329714914019
all_verified,30,skip_51,"2003-2011 (tax, $4)",illinois_ex_cook,1026.0,10812.0,0.5693673695893452,0.5340545954238997,0.6070150960797865,0.03266724193308701
all_verified,30,skip_51,"2012-2013 (phase-out, $2)",chicago,50.0,534.0,0.5617977528089888,0.4204264343386442,0.750706162322342,0.14789408093642545
all_verified,30,skip_51,"2012-2013 (phase-out, $2)",cook_ex_chicago,47.0,509.0,0.5540275049115914,0.4109250575841529,0.7469646119979046,0.15245075364497396
all_verified,30,skip_51,"2012-2013 (phase-out, $2)",illinois_ex_cook,184.0,2059.0,0.5361826129188927,0.4611224330413041,0.6234608724203613,0.07694449470446267
all_verified,30,skip_51,2014-2022 (repealed),chicago,197.0,2005.0,0.5895261845386534,0.5092684599591327,0.6824320561390972,0.07466522114871607
all_verified,30,skip_51,2014-2022 (repealed),cook_ex_chicago,147.0,1919.0,0.4596143824908807,0.38863954913661886,0.5435509099929875,0.08557935399667684
all_verified,30,skip_51,2014-2022 (repealed),illinois_ex_cook,729.0,7714.0,0.5670210007778066,0.5255530015453076,0.6117609724950794,0.038747600485548796
all_verified,30,skip_51,"2023-2025 (repealed, new coding)",chicago,65.0,571.0,0.6830122591943958,0.5284458984863224,0.882788091545585,0.1309042736877953
all_verified,30,skip_51,"2023-2025 (repealed, new coding)",cook_ex_chicago,36.0,548.0,0.39416058394160586,0.2813311559600877,0.5522408828236178,0.1720540476014033
all_verified,30,skip_51,"2023-2025 (repealed, new coding)",illinois_ex_cook,206.0,2217.0,0.557510148849797,0.4833386234258755,0.6430637880073939,0.07283837534581365
all_verified,30,skip_51,DiD pre minus post,chicago_vs_cook_ex_chicago,,,-0.19295856784161503,-0.4847973855240558,0.09888024984082577,0.14889735596042897
all_verified,30,skip_51,DiD pre minus post,chicago_vs_illinois_ex_cook,,,-0.1813877799312995,-0.40338472975485573,0.040609169892256686,0.11326374990997765
all_verified,35,original,"1998-2002 (tax, Dec snapshots)",chicago,177.0,1040.0,1.021153846153846,0.8707210080437885,1.1975766840144424,0.08130963027626405
all_verified,35,original,"1998-2002 (tax, Dec snapshots)",cook_ex_chicago,169.0,1399.0,0.7248034310221587,0.6178738537758172,0.8502382976899715,0.08143682242310868
all_verified,35,original,"1998-2002 (tax, Dec snapshots)",illinois_ex_cook,514.0,4001.0,0.7708072981754561,0.7031717017460153,0.8449485231633376,0.04685576600003343
all_verified,35,original,"2003-2011 (tax, $4)",chicago,245.0,1684.0,0.8729216152019001,0.7634336597403973,0.9981118025969759,0.06837731261968204
all_verified,35,original,"2003-2011 (tax, $4)",cook_ex_chicago,263.0,1983.0,0.7957639939485628,0.6997189394479235,0.9049924167617832,0.06562444516730179
all_verified,35,original,"2003-2011 (tax, $4)",illinois_ex_cook,907.0,6771.0,0.8037217545414267,0.7499079349609793,0.8613972843969996,0.03535851389260287
all_verified,35,original,"2012-2013 (phase-out, $2)",chicago,42.0,315.0,0.8,0.5797781589867085,1.1038704892204678,0.16426846010152704
all_verified,35,original,"2012-2013 (phase-out, $2)",cook_ex_chicago,47.0,312.0,0.9038461538461539,0.6651317112796259,1.2282347330137127,0.15646636683264892
all_verified,35,original,"2012-2013 (phase-out, $2)",illinois_ex_cook,177.0,1279.0,0.8303362001563722,0.7095594755517607,0.9716707746788855,0.08019712178686197
all_verified,35,original,2014-2022 (repealed),chicago,160.0,1085.0,0.8847926267281105,0.7494723512621504,1.0445455272553497,0.08468564805310942
all_verified,35,original,2014-2022 (repealed),cook_ex_chicago,149.0,1329.0,0.672686230248307,0.5679012404999179,0.7968053811034839,0.0863936041827067
all_verified,35,original,2014-2022 (repealed),illinois_ex_cook,663.0,4929.0,0.8070602556299452,0.744207763043185,0.8752209914527269,0.04136636961166833
all_verified,35,original,"2023-2025 (repealed, new coding)",chicago,58.0,321.0,1.0841121495327102,0.8196441481329279,1.4339139191582762,0.142676711862352
all_verified,35,original,"2023-2025 (repealed, new coding)",cook_ex_chicago,36.0,399.0,0.5413533834586466,0.38490131264631916,0.7613990291880783,0.17402311180397326
all_verified,35,original,"2023-2025 (repealed, new coding)",illinois_ex_cook,184.0,1430.0,0.772027972027972,0.662163709339557,0.9001205913083058,0.07832038883966519
all_verified,35,original,DiD pre minus post,chicago_vs_cook_ex_chicago,,,-0.18153118994256684,-0.4827439651649113,0.11968158527977762,0.15367998735833902
all_verified,35,original,DiD pre minus post,chicago_vs_illinois_ex_cook,,,-0.00936233466581858,-0.24787522435774123,0.22915055502610404,0.12169024984281768
all_verified,35,skip_51,"1998-2002 (tax, Dec snapshots)",chicago,177.0,942.0,1.127388535031847,0.9601516054468562,1.3237543964004792,0.08192245503761278
all_verified,35,skip_51,"1998-2002 (tax, Dec snapshots)",cook_ex_chicago,169.0,1276.0,0.7946708463949843,0.6768737715586446,0.9329682736205819,0.0818587736462912
all_verified,35,skip_51,"1998-2002 (tax, Dec snapshots)",illinois_ex_cook,514.0,3698.0,0.8339643050297457,0.7604618702708791,0.9145711169134733,0.047073790299363254
all_verified,35,skip_51,"2003-2011 (tax, $4)",chicago,245.0,1635.0,0.8990825688073395,0.7861129782175992,1.0282866304612137,0.0685073240476393
all_verified,35,skip_51,"2003-2011 (tax, $4)",cook_ex_chicago,263.0,1828.0,0.8632385120350109,0.7585662553923544,0.9823541758722033,0.06594943002544638
all_verified,35,skip_51,"2003-2011 (tax, $4)",illinois_ex_cook,907.0,6243.0,0.8716962998558385,0.8130503690528087,0.9345724054803378,0.03553470463284582
all_verified,35,skip_51,"2012-2013 (phase-out, $2)",chicago,42.0,308.0,0.8181818181818181,0.5926999313629178,1.129444179391022,0.16448792373994225
all_verified,35,skip_51,"2012-2013 (phase-out, $2)",cook_ex_chicago,47.0,299.0,0.94314381270903,0.6934458261813927,1.2827537752295068,0.1569110491649075
all_verified,35,skip_51,"2012-2013 (phase-out, $2)",illinois_ex_cook,177.0,1189.0,0.8931875525651809,0.7627182394094497,1.0459747293772317,0.08056525558397892
all_verified,35,skip_51,2014-2022 (repealed),chicago,160.0,1066.0,0.9005628517823641,0.7626857588070961,1.0633651417313426,0.08478258255054491
all_verified,35,skip_51,2014-2022 (repealed),cook_ex_chicago,149.0,1234.0,0.7244732576985413,0.611220367342616,0.858710751741244,0.08672820860278409
all_verified,35,skip_51,2014-2022 (repealed),illinois_ex_cook,663.0,4599.0,0.8649706457925636,0.7973337388103806,0.9383451140535932,0.04154195709816332
all_verified,35,skip_51,"2023-2025 (repealed, new coding)",chicago,58.0,322.0,1.0807453416149069,0.8171529760134199,1.4293657708016962,0.1426428034373155
all_verified,35,skip_51,"2023-2025 (repealed, new coding)",cook_ex_chicago,36.0,362.0,0.5966850828729282,0.42363178026538917,0.8404305453666201,0.17475757127233227
all_verified,35,skip_51,"2023-2025 (repealed, new coding)",illinois_ex_cook,184.0,1322.0,0.8350983358547655,0.7157481377596816,0.9743500454367271,0.07868425675278386
all_verified,35,skip_51,DiD pre minus post,chicago_vs_cook_ex_chicago,,,-0.1768912619782071,-0.47896312263605845,0.12518059867964426,0.1541182962540058
all_verified,35,skip_51,DiD pre minus post,chicago_vs_illinois_ex_cook,,,-0.009390595702117727,-0.24839641599335296,0.2296152245891175,0.12194174504654859
all_verified,40,original,"1998-2002 (tax, Dec snapshots)",chicago,91.0,806.0,0.6774193548387096,0.5454101235397647,0.8413796563433908,0.11058800015414365
all_verified,40,original,"1998-2002 (tax, Dec snapshots)",cook_ex_chicago,102.0,1012.0,0.6047430830039526,0.493335459881647,0.7413093648870521,0.10388485867111515
all_verified,40,original,"1998-2002 (tax, Dec snapshots)",illinois_ex_cook,328.0,3062.0,0.6427171783148269,0.573543006196956,0.720234344831534,0.05809788653535876
all_verified,40,original,"2003-2011 (tax, $4)",chicago,183.0,1224.0,0.8970588235294118,0.767992649899553,1.0478154094016687,0.07925575271467193
all_verified,40,original,"2003-2011 (tax, $4)",cook_ex_chicago,134.0,1385.0,0.5805054151624548,0.486180109071754,0.6931310655146509,0.09046937729317031
all_verified,40,original,"2003-2011 (tax, $4)",illinois_ex_cook,550.0,5143.0,0.641648843087692,0.5876380423168652,0.700623867393817,0.04486224316217062
all_verified,40,original,"2012-2013 (phase-out, $2)",chicago,39.0,217.0,1.0783410138248848,0.7668485600611135,1.5163611209026855,0.17392331807984004
all_verified,40,original,"2012-2013 (phase-out, $2)",cook_ex_chicago,35.0,226.0,0.929203539823009,0.6508613176310641,1.3265794033699707,0.18164858197214345
all_verified,40,original,"2012-2013 (phase-out, $2)",illinois_ex_cook,99.0,995.0,0.5969849246231156,0.4855765350901551,0.7339543294881358,0.10538517555443101
all_verified,40,original,2014-2022 (repealed),chicago,118.0,755.0,0.937748344370861,0.7723676247583985,1.1385406756858356,0.09899030044627968
all_verified,40,original,2014-2022 (repealed),cook_ex_chicago,132.0,917.0,0.8636859323882224,0.7196372769968016,1.0365685792686203,0.09309280378553327
all_verified,40,original,2014-2022 (repealed),illinois_ex_cook,346.0,3744.0,0.5544871794871795,0.4966632020765773,0.619043309289185,0.0561895668918941
all_verified,40,original,"2023-2025 (repealed, new coding)",chicago,39.0,196.0,1.1938775510204083,0.8466616947338517,1.683486587022866,0.17533700823657328
all_verified,40,original,"2023-2025 (repealed, new coding)",cook_ex_chicago,32.0,277.0,0.6931407942238268,0.48071965008951134,0.9994269227974711,0.18670861871710448
all_verified,40,original,"2023-2025 (repealed, new coding)",illinois_ex_cook,84.0,1039.0,0.4850818094321463,0.38838119476651173,0.6058593078468337,0.11343379484247791
all_verified,40,original,DiD pre minus post,chicago_vs_cook_ex_chicago,,,0.3529498835529431,-0.0027322418769112344,0.7086320089827974,0.18147047215808895
all_verified,40,original,DiD pre minus post,chicago_vs_illinois_ex_cook,,,-0.19035768043884926,-0.4760772961346854,0.09536193525698689,0.14577531413052866
all_verified,40,skip_51,"1998-2002 (tax, Dec snapshots)",chicago,91.0,803.0,0.6799501867995018,0.5474252859242903,0.8445577294590273,0.11060895534026298
all_verified,40,skip_51,"1998-2002 (tax, Dec snapshots)",cook_ex_chicago,102.0,1074.0,0.5698324022346368,0.465106679877741,0.6981386866381937,0.10360994288720207
all_verified,40,skip_51,"1998-2002 (tax, Dec snapshots)",illinois_ex_cook,328.0,3078.0,0.6393762183235867,0.5705779669231706,0.7164699169199024,0.058083274508273455
all_verified,40,skip_51,"2003-2011 (tax, $4)",chicago,183.0,1211.0,0.9066886870355078,0.7761528513078955,1.0591784515290747,0.0793110629474925
all_verified,40,skip_51,"2003-2011 (tax, $4)",cook_ex_chicago,134.0,1379.0,0.5830311820159536,0.48827885369422913,0.6961705521980042,0.09048673786183015
all_verified,40,skip_51,"2003-2011 (tax, $4)",illinois_ex_cook,550.0,4995.0,0.6606606606606606,0.6049734533059299,0.7214738203130049,0.04492640669341383
all_verified,40,skip_51,"2012-2013 (phase-out, $2)",chicago,39.0,219.0,1.0684931506849316,0.7600256463756221,1.502156694981275,0.17380228907205952
all_verified,40,skip_51,"2012-2013 (phase-out, $2)",cook_ex_chicago,35.0,209.0,1.0047846889952152,0.7024406234749121,1.4372635031340402,0.18263657236885464
all_verified,40,skip_51,"2012-2013 (phase-out, $2)",illinois_ex_cook,99.0,961.0,0.6181061394380853,0.502590061908781,0.7601726109745401,0.10555374378645623
all_verified,40,skip_51,2014-2022 (repealed),chicago,118.0,783.0,0.9042145593869731,0.745097556788627,1.097311300994267,0.09875077457600083
all_verified,40,skip_51,2014-2022 (repealed),cook_ex_chicago,132.0,903.0,0.8770764119601329,0.7306644493182813,1.0528266882761192,0.09318356769210144
all_verified,40,skip_51,2014-2022 (repealed),illinois_ex_cook,346.0,3668.0,0.5659760087241003,0.5069050260548658,0.631930689155549,0.05623879039976037
all_verified,40,skip_51,"2023-2025 (repealed, new coding)",chicago,39.0,199.0,1.1758793969849246,0.8342567426346058,1.6573942835475917,0.17511753558443638
all_verified,40,skip_51,"2023-2025 (repealed, new coding)",cook_ex_chicago,32.0,288.0,0.6666666666666666,0.4626939102769764,0.9605582320683506,0.18633899812498247
all_verified,40,skip_51,"2023-2025 (repealed, new coding)",illinois_ex_cook,84.0,1024.0,0.4921875,0.3940223893801122,0.6148090608185048,0.11349592241469252
all_verified,40,skip_51,DiD pre minus post,chicago_vs_cook_ex_chicago,,,0.4110859278252428,0.05550396591643603,0.7666678897340495,0.18141936832081978
all_verified,40,skip_51,DiD pre minus post,chicago_vs_illinois_ex_cook,,,-0.151956164649027,-0.43749220270210276,0.13357987340404875,0.1456816520678958
all_verified,45,original,"1998-2002 (tax, Dec snapshots)",chicago,73.0,653.0,0.6707503828483921,0.5266380471288705,0.8542984665541465,0.12340998219404019
all_verified,45,original,"1998-2002 (tax, Dec snapshots)",cook_ex_chicago,128.0,692.0,1.1098265895953758,0.9190816853134559,1.3401584197087142,0.0962163536266175
all_verified,45,original,"1998-2002 (tax, Dec snapshots)",illinois_ex_cook,276.0,2224.0,0.7446043165467625,0.6570553571590183,0.8438186861718087,0.063818717423393
all_verified,45,original,"2003-2011 (tax, $4)",chicago,105.0,978.0,0.6441717791411042,0.5267272347291548,0.7878029721686751,0.10269520150101993
all_verified,45,original,"2003-2011 (tax, $4)",cook_ex_chicago,153.0,1031.0,0.8903976721629485,0.751341806282067,1.0551895395203967,0.08663648086788249
all_verified,45,original,"2003-2011 (tax, $4)",illinois_ex_cook,404.0,3716.0,0.6523143164693218,0.5886600329177101,0.7228518052461732,0.05238658311965661
all_verified,45,original,"2012-2013 (phase-out, $2)",chicago,22.0,167.0,0.7904191616766467,0.5067494410046947,1.2328823686651587,0.22680954434644338
all_verified,45,original,"2012-2013 (phase-out, $2)",cook_ex_chicago,22.0,176.0,0.75,0.4814736620746838,1.1682882041276597,0.22613350843332272
all_verified,45,original,"2012-2013 (phase-out, $2)",illinois_ex_cook,75.0,716.0,0.6284916201117319,0.4954384414486316,0.7972770853139872,0.12136713467008303
all_verified,45,original,2014-2022 (repealed),chicago,87.0,612.0,0.8529411764705882,0.6813776218705941,1.0677025883559148,0.11457853115513304
all_verified,45,original,2014-2022 (repealed),cook_ex_chicago,107.0,662.0,0.9697885196374623,0.7906520512662607,1.1895115826416802,0.10419389814499816
all_verified,45,original,2014-2022 (repealed),illinois_ex_cook,327.0,2682.0,0.7315436241610739,0.6521998517114129,0.8205400118482635,0.05857439759049369
all_verified,45,original,"2023-2025 (repealed, new coding)",chicago,15.0,152.0,0.5921052631578948,0.3483582697010223,1.0064025262272998,0.27063926920365367
all_verified,45,original,"2023-2025 (repealed, new coding)",cook_ex_chicago,38.0,181.0,1.2596685082872927,0.8879029776192372,1.787092498580618,0.17843948932940054
all_verified,45,original,"2023-2025 (repealed, new coding)",illinois_ex_cook,100.0,728.0,0.8241758241758242,0.6687132636491926,1.0157803442526638,0.10664720518431964
all_verified,45,original,DiD pre minus post,chicago_vs_cook_ex_chicago,,,-0.1953153148701291,-0.5971716845355481,0.2065410547952899,0.20502876003337703
all_verified,45,original,DiD pre minus post,chicago_vs_illinois_ex_cook,,,-0.16609482699134284,-0.5047262134049818,0.17253655942229615,0.17277111551716276
all_verified,45,skip_51,"1998-2002 (tax, Dec snapshots)",chicago,73.0,663.0,0.6606334841628959,0.5187899728526656,0.8412587429116593,0.1233163645382436
all_verified,45,skip_51,"1998-2002 (tax, Dec snapshots)",cook_ex_chicago,128.0,715.0,1.0741258741258741,0.8899386098393662,1.29643368734718,0.09597448305982897
all_verified,45,skip_51,"1998-2002 (tax, Dec snapshots)",illinois_ex_cook,276.0,2280.0,0.7263157894736842,0.6410259305951921,0.8229536448688834,0.06373213394375848
all_verified,45,skip_51,"2003-2011 (tax, $4)",chicago,105.0,1106.0,0.5696202531645569,0.46629559715403257,0.6958402240887379,0.10211742581859748
all_verified,45,skip_51,"2003-2011 (tax, $4)",cook_ex_chicago,153.0,1140.0,0.8052631578947368,0.6802183959051795,0.9532949378702126,0.0860995975302698
all_verified,45,skip_51,"2003-2011 (tax, $4)",illinois_ex_cook,404.0,3940.0,0.6152284263959391,0.5553522122835133,0.6815602932223346,0.05224035443363167
all_verified,45,skip_51,"2012-2013 (phase-out, $2)",chicago,22.0,220.0,0.6000000000000001,0.3870912028818467,0.930013385269012,0.22360679774997896
all_verified,45,skip_51,"2012-2013 (phase-out, $2)",cook_ex_chicago,22.0,201.0,0.6567164179104478,0.42288652774637225,1.0198396620754717,0.22456551345354636
all_verified,45,skip_51,"2012-2013 (phase-out, $2)",illinois_ex_cook,75.0,769.0,0.5851755526657998,0.4616517567592848,0.7417505130740243,0.12096992787618105
all_verified,45,skip_51,2014-2022 (repealed),chicago,87.0,837.0,0.6236559139784946,0.5001028246462356,0.7777334577453865,0.11264544377732381
all_verified,45,skip_51,2014-2022 (repealed),cook_ex_chicago,107.0,812.0,0.7906403940886699,0.6463006998129487,0.9672157757922996,0.10284610583838079
all_verified,45,skip_51,2014-2022 (repealed),illinois_ex_cook,327.0,3036.0,0.6462450592885376,0.5765734046013982,0.7243356584294189,0.05820210253675155
all_verified,45,skip_51,"2023-2025 (repealed, new coding)",chicago,15.0,238.0,0.3781512605042017,0.2244202765593688,0.6371900882275557,0.2662110954467067
all_verified,45,skip_51,"2023-2025 (repealed, new coding)",cook_ex_chicago,38.0,228.0,1.0,0.7093334479644361,1.4097742082650768,0.1752191610126156
all_verified,45,skip_51,"2023-2025 (repealed, new coding)",illinois_ex_cook,100.0,894.0,0.6711409395973155,0.5458300702260854,0.82522049512039,0.10544462163933346
all_verified,45,skip_51,DiD pre minus post,chicago_vs_cook_ex_chicago,,,-0.10895476579353128,-0.5063441100780154,0.2884345784909528,0.20274966545126738
all_verified,45,skip_51,DiD pre minus post,chicago_vs_illinois_ex_cook,,,-0.0414437233773029,-0.3765607612673091,0.2936733145127033,0.1709780805561256
all_verified,50,original,"1998-2002 (tax, Dec snapshots)",chicago,67.0,521.0,0.7715930902111324,0.5982891104304369,0.9950973308426727,0.12978736044343248
all_verified,50,original,"1998-2002 (tax, Dec snapshots)",cook_ex_chicago,101.0,557.0,1.087971274685817,0.8801540365357335,1.3448572015876052,0.1081495364551099
all_verified,50,original,"1998-2002 (tax, Dec snapshots)",illinois_ex_cook,252.0,1752.0,0.863013698630137,0.7562566528975472,0.9848411133570136,0.06737232535664574
all_verified,50,original,"2003-2011 (tax, $4)",chicago,208.0,702.0,1.7777777777777777,1.5229259106901536,2.075277467521866,0.07894424445261182
all_verified,50,original,"2003-2011 (tax, $4)",cook_ex_chicago,221.0,960.0,1.38125,1.1933381890984254,1.598751787153811,0.07460933952592477
all_verified,50,original,"2003-2011 (tax, $4)",illinois_ex_cook,528.0,2957.0,1.0713561041596213,0.9766024796243628,1.1753030796743102,0.047245317041730364
all_verified,50,original,"2012-2013 (phase-out, $2)",chicago,65.0,139.0,2.805755395683453,2.0899874016819076,3.7666558822659137,0.1502626367029806
all_verified,50,original,"2012-2013 (phase-out, $2)",cook_ex_chicago,50.0,186.0,1.6129032258064515,1.1803472780306563,2.2039757825825994,0.15929954201447505
all_verified,50,original,"2012-2013 (phase-out, $2)",illinois_ex_cook,109.0,572.0,1.1433566433566433,0.9315798819219352,1.403276776663278,0.10451106962832814
all_verified,50,original,2014-2022 (repealed),chicago,290.0,903.0,1.9269102990033222,1.688137564615706,2.1994554106438065,0.06749589301683355
all_verified,50,original,2014-2022 (repealed),cook_ex_chicago,227.0,948.0,1.4367088607594938,1.2429967430720381,1.6606096211349568,0.07389275109432211
all_verified,50,original,2014-2022 (repealed),illinois_ex_cook,609.0,2737.0,1.3350383631713554,1.2228010389152308,1.4575776225381578,0.044804013899580254
all_verified,50,original,"2023-2025 (repealed, new coding)",chicago,106.0,256.0,2.484375,1.9810785904583321,3.1155347245446987,0.11549983664123055
all_verified,50,original,"2023-2025 (repealed, new coding)",cook_ex_chicago,72.0,278.0,1.553956834532374,1.1991638201153687,2.0137213974297152,0.13223468225487275
all_verified,50,original,"2023-2025 (repealed, new coding)",illinois_ex_cook,236.0,783.0,1.8084291187739463,1.5634744641295413,2.091761619816608,0.07425919029835237
all_verified,50,original,DiD pre minus post,chicago_vs_cook_ex_chicago,,,-0.04118759571751751,-0.33067489483177676,0.24829970339674173,0.14769760158890777
all_verified,50,original,DiD pre minus post,chicago_vs_illinois_ex_cook,,,0.139481100927406,-0.10078811104776333,0.3797503129025753,0.12258633264039252
all_verified,50,skip_51,"1998-2002 (tax, Dec snapshots)",chicago,67.0,542.0,0.7416974169741698,0.5754315578704801,0.9560043254874406,0.129500546657197
all_verified,50,skip_51,"1998-2002 (tax, Dec snapshots)",cook_ex_chicago,101.0,573.0,1.057591623036649,0.8559664762331851,1.3067101015911613,0.10791751849023486
all_verified,50,skip_51,"1998-2002 (tax, Dec snapshots)",illinois_ex_cook,252.0,1812.0,0.8344370860927153,0.7314163035872516,0.9519684579519915,0.0672319146532725
all_verified,50,skip_51,"2003-2011 (tax, $4)",chicago,208.0,716.0,1.7430167597765365,1.4936649786351426,2.0339952186855244,0.07876763518339906
all_verified,50,skip_51,"2003-2011 (tax, $4)",cook_ex_chicago,221.0,954.0,1.389937106918239,1.2007401597307037,1.6089452372622626,0.07465323105651998
all_verified,50,skip_51,"2003-2011 (tax, $4)",illinois_ex_cook,528.0,3126.0,1.0134357005758157,0.9241558432387731,1.111340610694203,0.0470514295924886
all_verified,50,skip_51,"2012-2013 (phase-out, $2)",chicago,65.0,135.0,2.888888888888889,2.148930398101192,3.883643239315695,0.15097027121927944
all_verified,50,skip_51,"2012-2013 (phase-out, $2)",cook_ex_chicago,50.0,173.0,1.7341040462427746,1.2659061559110676,2.375465850413969,0.160562594712496
all_verified,50,skip_51,"2012-2013 (phase-out, $2)",illinois_ex_cook,109.0,600.0,1.09,0.8887871102090622,1.3367655610132925,0.10412002013672574
all_verified,50,skip_51,2014-2022 (repealed),chicago,290.0,483.0,3.6024844720496896,3.114347798958454,4.167130715361782,0.07428774620898232
all_verified,50,skip_51,2014-2022 (repealed),cook_ex_chicago,227.0,658.0,2.0699088145896654,1.7800383753984903,2.4069832200987427,0.07697430209178976
all_verified,50,skip_51,2014-2022 (repealed),illinois_ex_cook,609.0,2323.0,1.572965992251399,1.4386918387367738,1.719772049969985,0.045524871830533255
all_verified,50,skip_51,"2023-2025 (repealed, new coding)",chicago,106.0,141.0,4.51063829787234,3.505988844981668,5.803172444018163,0.12855411640904862
all_verified,50,skip_51,"2023-2025 (repealed, new coding)",cook_ex_chicago,72.0,190.0,2.2736842105263158,1.733522234742967,2.9821595509925425,0.13839092016323082
all_verified,50,skip_51,"2023-2025 (repealed, new coding)",illinois_ex_cook,236.0,663.0,2.1357466063348416,1.8408897438091485,2.477830941158033,0.07579962903297024
all_verified,50,skip_51,DiD pre minus post,chicago_vs_cook_ex_chicago,,,-0.32776030050065547,-0.6264347040561484,-0.02908589694516245,0.15238489977321074
all_verified,50,skip_51,DiD pre minus post,chicago_vs_illinois_ex_cook,,,-0.28638959437262623,-0.5343846741017523,-0.038394514643500216,0.12652810190261532
all_verified,55,original,"1998-2002 (tax, Dec snapshots)",chicago,75.0,407.0,1.1056511056511058,0.8642800555952408,1.4144308427730476,0.12565960285762404
all_verified,55,original,"1998-2002 (tax, Dec snapshots)",cook_ex_chicago,94.0,439.0,1.2847380410022777,1.028191954495683,1.6052954186049315,0.1136494707438563
all_verified,55,original,"1998-2002 (tax, Dec snapshots)",illinois_ex_cook,230.0,1228.0,1.1237785016286646,0.976162971592805,1.2937164771391896,0.07184816166412002
all_verified,55,original,"2003-2011 (tax, $4)",chicago,121.0,592.0,1.2263513513513513,1.008534329373839,1.4912111498425877,0.09976799085431431
all_verified,55,original,"2003-2011 (tax, $4)",cook_ex_chicago,132.0,769.0,1.0299089726918076,0.8562544739467371,1.2387818391674477,0.09421330953104602
all_verified,55,original,"2003-2011 (tax, $4)",illinois_ex_cook,476.0,2320.0,1.2310344827586206,1.1154211996599033,1.3586310697724326,0.05031773861068355
all_verified,55,original,"2012-2013 (phase-out, $2)",chicago,21.0,122.0,1.0327868852459017,0.6499913549522974,1.6410199031250379,0.23625361146556687
all_verified,55,original,"2012-2013 (phase-out, $2)",cook_ex_chicago,21.0,146.0,0.863013698630137,0.5462063229908645,1.363573823065622,0.23338458108354282
all_verified,55,original,"2012-2013 (phase-out, $2)",illinois_ex_cook,93.0,489.0,1.1411042944785277,0.9141760611455833,1.424363496508114,0.1131268224034165
all_verified,55,original,2014-2022 (repealed),chicago,71.0,881.0,0.48354143019296253,0.3796828790465078,0.6158094757926014,0.12336766522087224
all_verified,55,original,2014-2022 (repealed),cook_ex_chicago,80.0,814.0,0.5896805896805897,0.46868476061056447,0.7419127461986653,0.11716868706485205
all_verified,55,original,2014-2022 (repealed),illinois_ex_cook,414.0,2523.0,0.9845422116527943,0.8873546932004103,1.0923741925904848,0.053026526235105356
all_verified,55,original,"2023-2025 (repealed, new coding)",chicago,23.0,269.0,0.5130111524163569,0.33512239972943825,0.7853263246981933,0.2172457893459027
all_verified,55,original,"2023-2025 (repealed, new coding)",cook_ex_chicago,23.0,244.0,0.5655737704918034,0.36882572732649144,0.867275968482418,0.2181206581809777
all_verified,55,original,"2023-2025 (repealed, new coding)",illinois_ex_cook,119.0,752.0,0.949468085106383,0.7825319438632176,1.1520164150553291,0.09865672089918845
all_verified,55,original,DiD pre minus post,chicago_vs_cook_ex_chicago,,,0.3730169751982139,-0.05540280784383306,0.8014367582402608,0.21858152196022806
all_verified,55,original,DiD pre minus post,chicago_vs_illinois_ex_cook,,,0.7072282952207919,0.36483407746776647,1.0496225129738173,0.17469092742501297
all_verified,55,skip_51,"1998-2002 (tax, Dec snapshots)",chicago,75.0,362.0,1.2430939226519337,0.9694173751318518,1.5940321889980522,0.12686908320217286
all_verified,55,skip_51,"1998-2002 (tax, Dec snapshots)",cook_ex_chicago,94.0,375.0,1.504,1.199671555470643,1.8855294098496724,0.11534714794483257
all_verified,55,skip_51,"1998-2002 (tax, Dec snapshots)",illinois_ex_cook,230.0,1149.0,1.2010443864229765,1.0424851912448296,1.3837200089486628,0.07223675038443803
all_verified,55,skip_51,"2003-2011 (tax, $4)",chicago,121.0,509.0,1.426326129666012,1.169842984583396,1.7390421235825222,0.10113901004141301
all_verified,55,skip_51,"2003-2011 (tax, $4)",cook_ex_chicago,132.0,713.0,1.1107994389901823,0.9225280735615792,1.3374935994059394,0.09475379739059063
all_verified,55,skip_51,"2003-2011 (tax, $4)",illinois_ex_cook,476.0,2159.0,1.3228346456692914,1.1978521484466769,1.4608576710007022,0.050636130707998245
all_verified,55,skip_51,"2012-2013 (phase-out, $2)",chicago,21.0,111.0,1.135135135135135,0.7120104857069445,1.8097089872755143,0.2379665031639046
all_verified,55,skip_51,"2012-2013 (phase-out, $2)",cook_ex_chicago,21.0,143.0,0.8811188811188811,0.5573290394444937,1.3930199715378555,0.23369222197594555
all_verified,55,skip_51,"2012-2013 (phase-out, $2)",illinois_ex_cook,93.0,462.0,1.2077922077922079,0.966603003880475,1.509163546303192,0.1136538179585058
all_verified,55,skip_51,2014-2022 (repealed),chicago,71.0,855.0,0.4982456140350877,0.39112159447913225,0.6347097562736249,0.12350748028167514
all_verified,55,skip_51,2014-2022 (repealed),cook_ex_chicago,80.0,770.0,0.6233766233766234,0.49517628774502853,0.7847678174212857,0.1174678734748412
all_verified,55,skip_51,2014-2022 (repealed),illinois_ex_cook,414.0,2431.0,1.0218017276840805,0.9206812718509427,1.1340284663324909,0.05316777491796973
all_verified,55,skip_51,"2023-2025 (repealed, new coding)",chicago,23.0,251.0,0.549800796812749,0.3587240289704887,0.8426558907789294,0.21785849676931385
all_verified,55,skip_51,"2023-2025 (repealed, new coding)",cook_ex_chicago,23.0,229.0,0.6026200873362446,0.39251157769435874,0.9251981095546736,0.2187351665751062
all_verified,55,skip_51,"2023-2025 (repealed, new coding)",illinois_ex_cook,119.0,727.0,0.9821182943603851,0.8090744024491845,1.1921726125526915,0.09888820537844605
all_verified,55,skip_51,DiD pre minus post,chicago_vs_cook_ex_chicago,,,0.47407973859574043,0.04350302157423963,0.9046564556172412,0.21968199848035755
all_verified,55,skip_51,DiD pre minus post,chicago_vs_illinois_ex_cook,,,0.7935546967342414,0.4491629686750712,1.1379464247934115,0.1757100653363113
all_verified,60,original,"1998-2002 (tax, Dec snapshots)",chicago,21.0,304.0,0.4144736842105263,0.26634069989478026,0.6449950569736933,0.22562916766955937
all_verified,60,original,"1998-2002 (tax, Dec snapshots)",cook_ex_chicago,17.0,344.0,0.2965116279069767,0.18220131330012126,0.4825384838978924,0.24845624595882218
all_verified,60,original,"1998-2002 (tax, Dec snapshots)",illinois_ex_cook,85.0,927.0,0.5501618122977346,0.44057807250603215,0.6870020062257721,0.11332896599685857
all_verified,60,original,"2003-2011 (tax, $4)",chicago,28.0,525.0,0.32,0.2188018752619184,0.4680033015138528,0.19395630337539332
all_verified,60,original,"2003-2011 (tax, $4)",cook_ex_chicago,52.0,459.0,0.6797385620915033,0.5102607587825029,0.9055066548653992,0.14631957650376795
all_verified,60,original,"2003-2011 (tax, $4)",illinois_ex_cook,176.0,1863.0,0.5668276972624798,0.4856526514671676,0.6615708519520077,0.07885801693251526
all_verified,60,original,"2012-2013 (phase-out, $2)",chicago,4.0,97.0,0.24742268041237112,0.09102152972998627,0.672565962844663,0.5102051335987472
all_verified,60,original,"2012-2013 (phase-out, $2)",cook_ex_chicago,11.0,68.0,0.9705882352941176,0.5133370007444542,1.8351327122829197,0.32498457388318003
all_verified,60,original,"2012-2013 (phase-out, $2)",illinois_ex_cook,48.0,377.0,0.7639257294429708,0.5657196924672813,1.0315754036416664,0.15325094853615925
all_verified,60,original,2014-2022 (repealed),chicago,31.0,361.0,0.5152354570637119,0.357020839436699,0.7435632514743453,0.1871580818950176
all_verified,60,original,2014-2022 (repealed),cook_ex_chicago,18.0,290.0,0.37241379310344824,0.2313444624686316,0.5995044437793857,0.2429070427501527
all_verified,60,original,2014-2022 (repealed),illinois_ex_cook,183.0,1465.0,0.7494880546075086,0.6427269253369665,0.8739829029332243,0.07840328265431384
all_verified,60,original,"2023-2025 (repealed, new coding)",chicago,9.0,115.0,0.4695652173913043,0.2382665894856467,0.9253982854235858,0.3461311359658708
all_verified,60,original,"2023-2025 (repealed, new coding)",cook_ex_chicago,3.0,83.0,0.21686746987951808,0.06853953353318508,0.6861952083343585,0.587691693070795
all_verified,60,original,"2023-2025 (repealed, new coding)",illinois_ex_cook,62.0,439.0,0.847380410022779,0.6495191209158236,1.105515659458825,0.13567216584872058
all_verified,60,original,DiD pre minus post,chicago_vs_cook_ex_chicago,,,-1.0780056721739224,-1.8448153004302301,-0.3111960439176147,0.3912294021715856
all_verified,60,original,DiD pre minus post,chicago_vs_illinois_ex_cook,,,-0.19696799161499506,-0.7684444921774076,0.37450850894741744,0.291569643144088
all_verified,60,skip_51,"1998-2002 (tax, Dec snapshots)",chicago,21.0,313.0,0.402555910543131,0.2587886851932753,0.6261914464775844,0.22541946632436463
all_verified,60,skip_51,"1998-2002 (tax, Dec snapshots)",cook_ex_chicago,17.0,362.0,0.281767955801105,0.17324038049455975,0.45828334415847477,0.24816518762910972
all_verified,60,skip_51,"1998-2002 (tax, Dec snapshots)",illinois_ex_cook,85.0,976.0,0.5225409836065574,0.41865511623462015,0.6522052853535127,0.11308976985690336
all_verified,60,skip_51,"2003-2011 (tax, $4)",chicago,28.0,521.0,0.32245681381957775,0.2204654469173613,0.4716312611910057,0.1939939986464293
all_verified,60,skip_51,"2003-2011 (tax, $4)",cook_ex_chicago,52.0,470.0,0.6638297872340426,0.4984887979206772,0.8840118138207723,0.14614523189361095
all_verified,60,skip_51,"2003-2011 (tax, $4)",illinois_ex_cook,176.0,1824.0,0.5789473684210527,0.4959659605281512,0.6758126203756621,0.07893075316917525
all_verified,60,skip_51,"2012-2013 (phase-out, $2)",chicago,4.0,92.0,0.2608695652173913,0.09586518217611373,0.7098816119880822,0.5107539184552492
all_verified,60,skip_51,"2012-2013 (phase-out, $2)",cook_ex_chicago,11.0,71.0,0.9295774647887324,0.4925701651757109,1.7542967969543952,0.3240271561942678
all_verified,60,skip_51,"2012-2013 (phase-out, $2)",illinois_ex_cook,48.0,359.0,0.8022284122562674,0.5935801438539591,1.0842182510565108,0.15368424985556456
all_verified,60,skip_51,2014-2022 (repealed),chicago,31.0,338.0,0.5502958579881656,0.38093948529986554,0.794943929428988,0.18766098261968533
all_verified,60,skip_51,2014-2022 (repealed),cook_ex_chicago,18.0,305.0,0.3540983606557377,0.2201175258765963,0.569630466814239,0.24255771288529607
all_verified,60,skip_51,2014-2022 (repealed),illinois_ex_cook,183.0,1404.0,0.782051282051282,0.6704034084266088,0.9122928076893991,0.07859218527670325
all_verified,60,skip_51,"2023-2025 (repealed, new coding)",chicago,9.0,109.0,0.4954128440366972,0.25104207131666123,0.9776603768017107,0.3468218895019699
all_verified,60,skip_51,"2023-2025 (repealed, new coding)",cook_ex_chicago,3.0,90.0,0.2,0.0633075966100072,0.6318357060118927,0.5868938953886337
all_verified,60,skip_51,"2023-2025 (repealed, new coding)",illinois_ex_cook,62.0,431.0,0.8631090487238979,0.6613732552044449,1.1263794296592615,0.13582789799195782
all_verified,60,skip_51,DiD pre minus post,chicago_vs_cook_ex_chicago,,,-1.1629378831688604,-1.9297037833959305,-0.39617198294179023,0.3912070919525868
all_verified,60,skip_51,DiD pre minus post,chicago_vs_illinois_ex_cook,,,-0.2337780967285008,-0.806074976621839,0.3385187831648374,0.29198820402721337
all_verified,65,original,"1998-2002 (tax, Dec snapshots)",chicago,45.0,262.0,1.0305343511450382,0.7511123124064304,1.4139044605559217,0.16136609345011732
all_verified,65,original,"1998-2002 (tax, Dec snapshots)",cook_ex_chicago,44.0,257.0,1.027237354085603,0.7460942178942926,1.414320814074845,0.1631512283463729
all_verified,65,original,"1998-2002 (tax, Dec snapshots)",illinois_ex_cook,104.0,738.0,0.8455284552845529,0.6886079337585466,1.0382081495833608,0.10473966853833422
all_verified,65,original,"2003-2011 (tax, $4)",chicago,35.0,402.0,0.5223880597014925,0.369809838138152,0.7379178614949267,0.17623561149916125
all_verified,65,original,"2003-2011 (tax, $4)",cook_ex_chicago,66.0,398.0,0.9949748743718594,0.7667962998542974,1.2910534399023668,0.13290627511741313
all_verified,65,original,"2003-2011 (tax, $4)",illinois_ex_cook,160.0,1464.0,0.6557377049180327,0.5569979003130008,0.7719812541654792,0.08326499930516794
all_verified,65,original,"2012-2013 (phase-out, $2)",chicago,5.0,76.0,0.39473684210526316,0.15970149457507637,0.975677622365551,0.46169025843831935
all_verified,65,original,"2012-2013 (phase-out, $2)",cook_ex_chicago,11.0,66.0,1.0,0.5281831563856016,1.893282638626869,0.3256694736394648
all_verified,65,original,"2012-2013 (phase-out, $2)",illinois_ex_cook,27.0,286.0,0.5664335664335665,0.38174548426815796,0.8404735573958221,0.20132943285456434
all_verified,65,original,2014-2022 (repealed),chicago,27.0,260.0,0.6230769230769231,0.4192074798627497,0.926092378404394,0.20219592202413697
all_verified,65,original,2014-2022 (repealed),cook_ex_chicago,42.0,253.0,0.9960474308300395,0.7185393355150765,1.3807323210105673,0.16661960562756198
all_verified,65,original,2014-2022 (repealed),illinois_ex_cook,109.0,1115.0,0.5865470852017937,0.48181329713426185,0.7140472984141217,0.10035523361117042
all_verified,65,original,"2023-2025 (repealed, new coding)",chicago,6.0,68.0,0.5294117647058824,0.22976212440559815,1.2198564812807224,0.425878561352421
all_verified,65,original,"2023-2025 (repealed, new coding)",cook_ex_chicago,13.0,74.0,1.054054054054054,0.5846272954954133,1.9004072465113,0.300726770402288
all_verified,65,original,"2023-2025 (repealed, new coding)",illinois_ex_cook,33.0,349.0,0.5673352435530086,0.39702196509196813,0.8107089956667565,0.1821218268520396
all_verified,65,original,DiD pre minus post,chicago_vs_cook_ex_chicago,,,-0.17518186930454865,-0.8466595407910389,0.4962958021819415,0.34259064871759703
all_verified,65,original,DiD pre minus post,chicago_vs_illinois_ex_cook,,,-0.28776718449605426,-0.8723153404091089,0.29678097141700027,0.2982388550576809
all_verified,65,skip_51,"1998-2002 (tax, Dec snapshots)",chicago,45.0,246.0,1.0975609756097562,0.7987628523515473,1.508132346960046,0.16213347240045384
all_verified,65,skip_51,"1998-2002 (tax, Dec snapshots)",cook_ex_chicago,44.0,253.0,1.0434782608695652,0.7576103289755828,1.4372122966956873,0.16333965194414124
all_verified,65,skip_51,"1998-2002 (tax, Dec snapshots)",illinois_ex_cook,104.0,757.0,0.8243064729194187,0.6715383346072686,1.0118278083026027,0.1045771895701759
all_verified,65,skip_51,"2003-2011 (tax, $4)",chicago,35.0,387.0,0.5426356589147286,0.3839378087792688,0.7669300902196563,0.1765089456645015
all_verified,65,skip_51,"2003-2011 (tax, $4)",cook_ex_chicago,66.0,412.0,0.9611650485436892,0.7412071578536757,1.2463968281379856,0.13258468847319652
all_verified,65,skip_51,"2003-2011 (tax, $4)",illinois_ex_cook,160.0,1430.0,0.6713286713286714,0.5701322818246544,0.7904870489100417,0.08336246577027757
all_verified,65,skip_51,"2012-2013 (phase-out, $2)",chicago,5.0,75.0,0.4,0.16177060690993422,0.9890548292810696,0.46188021535170065
all_verified,65,skip_51,"2012-2013 (phase-out, $2)",cook_ex_chicago,11.0,69.0,0.9565217391304348,0.50622274086323,1.8073740343409541,0.3246565023717827
all_verified,65,skip_51,"2012-2013 (phase-out, $2)",illinois_ex_cook,27.0,280.0,0.5785714285714286,0.38978362693924146,0.8587967139301184,0.20151542275584172
all_verified,65,skip_51,2014-2022 (repealed),chicago,27.0,256.0,0.6328125,0.42563364859013797,0.9408364716527925,0.20234447617129814
all_verified,65,skip_51,2014-2022 (repealed),cook_ex_chicago,42.0,232.0,1.0862068965517242,0.7819376368475964,1.5088740668285363,0.16768979884629243
all_verified,65,skip_51,2014-2022 (repealed),illinois_ex_cook,109.0,1098.0,0.5956284153005464,0.48920674806559306,0.7252009718105361,0.10042439314724118
all_verified,65,skip_51,"2023-2025 (repealed, new coding)",chicago,6.0,66.0,0.5454545454545454,0.23648213531478468,1.258110515456023,0.4264014327112209
all_verified,65,skip_51,"2023-2025 (repealed, new coding)",cook_ex_chicago,13.0,65.0,1.2,0.6615503449603597,2.1767050852135603,0.3038218101251
all_verified,65,skip_51,"2023-2025 (repealed, new coding)",illinois_ex_cook,33.0,340.0,0.5823529411764706,0.4073651717221653,0.8325084509880132,0.18232993932324593
all_verified,65,skip_51,DiD pre minus post,chicago_vs_cook_ex_chicago,,,-0.03143519912497539,-0.7041386748671513,0.6412682766172005,0.3432160590521306
all_verified,65,skip_51,DiD pre minus post,chicago_vs_illinois_ex_cook,,,-0.273377884885341,-0.8585390094371226,0.3117832396664406,0.29855159415907223
all_verified,70,original,"1998-2002 (tax, Dec snapshots)",chicago,25.0,201.0,0.746268656716418,0.4924642223888783,1.1308779047862545,0.21207339384776547
all_verified,70,original,"1998-2002 (tax, Dec snapshots)",cook_ex_chicago,30.0,217.0,0.8294930875576038,0.5662490520248215,1.2151168816008642,0.19478610901244706
all_verified,70,original,"1998-2002 (tax, Dec snapshots)",illinois_ex_cook,75.0,537.0,0.8379888268156425,0.6581252524763895,1.0670085538057201,0.12327015342838259
all_verified,70,original,"2003-2011 (tax, $4)",chicago,22.0,342.0,0.38596491228070173,0.25079657429890045,0.593983047528823,0.21995118108965134
all_verified,70,original,"2003-2011 (tax, $4)",cook_ex_chicago,58.0,379.0,0.9182058047493404,0.696500970832241,1.2104820167988726,0.140996105399353
all_verified,70,original,"2003-2011 (tax, $4)",illinois_ex_cook,114.0,1149.0,0.5953002610966057,0.4910783957098034,0.7216411961056921,0.09819496852542134
all_verified,70,original,"2012-2013 (phase-out, $2)",chicago,4.0,70.0,0.34285714285714286,0.12517375739390596,0.9391027548869136,0.5140872632984738
all_verified,70,original,"2012-2013 (phase-out, $2)",cook_ex_chicago,11.0,67.0,0.9850746268656717,0.5206542010454794,1.8637552881471515,0.3253220927687194
all_verified,70,original,"2012-2013 (phase-out, $2)",illinois_ex_cook,24.0,242.0,0.5950413223140496,0.39118382144007824,0.9051350180019907,0.21400677108826566
all_verified,70,original,2014-2022 (repealed),chicago,7.0,248.0,0.1693548387096774,0.07990221311187613,0.35895202745163873,0.38326153070933033
all_verified,70,original,2014-2022 (repealed),cook_ex_chicago,25.0,287.0,0.5226480836236933,0.3473009262474223,0.7865254557971295,0.20852894417200527
all_verified,70,original,2014-2022 (repealed),illinois_ex_cook,108.0,1051.0,0.6165556612749763,0.5057761488507256,0.7515990706837735,0.10104817685231848
all_verified,70,original,"2023-2025 (repealed, new coding)",chicago,1.0,73.0,0.08219178082191782,0.011423541981712656,0.5913655191614546,1.0068260178089292
all_verified,70,original,"2023-2025 (repealed, new coding)",cook_ex_chicago,3.0,93.0,0.1935483870967742,0.06130210379174816,0.6110879697542345,0.5865884600854131
all_verified,70,original,"2023-2025 (repealed, new coding)",illinois_ex_cook,29.0,330.0,0.5272727272727272,0.3607190716434488,0.7707286661028669,0.1936828894120301
all_verified,70,original,DiD pre minus post,chicago_vs_cook_ex_chicago,,,0.26023711704996577,-0.7365383086635565,1.257012542763488,0.5085588906701645
all_verified,70,original,DiD pre minus post,chicago_vs_illinois_ex_cook,,,0.8588329991069085,-0.05023712114101986,1.7679031193548367,0.46381128584077974
all_verified,70,skip_51,"1998-2002 (tax, Dec snapshots)",chicago,25.0,201.0,0.746268656716418,0.4924642223888783,1.1308779047862545,0.21207339384776547
all_verified,70,skip_51,"1998-2002 (tax, Dec snapshots)",cook_ex_chicago,30.0,215.0,0.8372093023255813,0.5713932713044573,1.2266847565431227,0.19489611623639658
all_verified,70,skip_51,"1998-2002 (tax, Dec snapshots)",illinois_ex_cook,75.0,537.0,0.8379888268156425,0.6581252524763895,1.0670085538057201,0.12327015342838259
all_verified,70,skip_51,"2003-2011 (tax, $4)",chicago,22.0,347.0,0.3804034582132565,0.24722920681607408,0.5853143036140518,0.21985538391167253
all_verified,70,skip_51,"2003-2011 (tax, $4)",cook_ex_chicago,58.0,380.0,0.9157894736842105,0.6947016026408142,1.2072382688088112,0.1409714802990777
all_verified,70,skip_51,"2003-2011 (tax, $4)",illinois_ex_cook,114.0,1170.0,0.5846153846153846,0.4823393901353482,0.708578140037639,0.09811539471083149
all_verified,70,skip_51,"2012-2013 (phase-out, $2)",chicago,4.0,69.0,0.34782608695652173,0.12693777029301884,0.953088954439745,0.514288589824029
all_verified,70,skip_51,"2012-2013 (phase-out, $2)",cook_ex_chicago,11.0,63.0,1.0476190476190477,0.5521367087267178,1.9877426216872949,0.3267753154418289
all_verified,70,skip_51,"2012-2013 (phase-out, $2)",illinois_ex_cook,24.0,255.0,0.5647058823529412,0.3715998342220836,0.858161667998566,0.2135140166221357
all_verified,70,skip_51,2014-2022 (repealed),chicago,7.0,256.0,0.1640625,0.07743021851047358,0.3476227295239926,0.383097106302231
all_verified,70,skip_51,2014-2022 (repealed),cook_ex_chicago,25.0,268.0,0.5597014925373135,0.3714921008685555,0.8432635849216583,0.20912040379547397
all_verified,70,skip_51,2014-2022 (repealed),illinois_ex_cook,108.0,1096.0,0.5912408759124088,0.48519376181777235,0.7204663391384684,0.1008546876371314
all_verified,70,skip_51,"2023-2025 (repealed, new coding)",chicago,1.0,77.0,0.07792207792207792,0.010837616695233226,0.5602569640947904,1.006472559480393
all_verified,70,skip_51,"2023-2025 (repealed, new coding)",cook_ex_chicago,3.0,87.0,0.20689655172413793,0.06544874308533209,0.6540413321540517,0.5872202195147035
all_verified,70,skip_51,"2023-2025 (repealed, new coding)",illinois_ex_cook,29.0,344.0,0.5058139534883721,0.34625482060867596,0.7389001981078164,0.19336425565464704
all_verified,70,skip_51,DiD pre minus post,chicago_vs_cook_ex_chicago,,,0.34860205536706224,-0.6483119880644563,1.3455160987985808,0.5086296139956727
all_verified,70,skip_51,DiD pre minus post,chicago_vs_illinois_ex_cook,,,0.8522543078492709,-0.056344871914179584,1.7608534876127213,0.46357101008339313
all_verified,75,original,"1998-2002 (tax, Dec snapshots)",chicago,22.0,160.0,0.825,0.5283221177906239,1.2882765590929401,0.2273863352414684
all_verified,75,original,"1998-2002 (tax, Dec snapshots)",cook_ex_chicago,18.0,169.0,0.6390532544378698,0.3930871849247815,1.0389274381605171,0.24793691802325277
all_verified,75,original,"1998-2002 (tax, Dec snapshots)",illinois_ex_cook,48.0,459.0,0.6274509803921569,0.46607166563403923,0.8447085755781794,0.1516970091030344
all_verified,75,original,"2003-2011 (tax, $4)",chicago,45.0,319.0,0.8463949843260189,0.6194784692567417,1.1564315872862687,0.15923887232854525
all_verified,75,original,"2003-2011 (tax, $4)",cook_ex_chicago,36.0,351.0,0.6153846153846154,0.43669608340543936,0.8671894235893073,0.17500508743113907
all_verified,75,original,"2003-2011 (tax, $4)",illinois_ex_cook,113.0,957.0,0.7084639498432602,0.5829701120801478,0.8609723857653073,0.09947104906222078
all_verified,75,original,"2012-2013 (phase-out, $2)",chicago,10.0,63.0,0.9523809523809523,0.48871458620803776,1.855949267845143,0.34040125715545744
all_verified,75,original,"2012-2013 (phase-out, $2)",cook_ex_chicago,7.0,67.0,0.6268656716417911,0.2877764803957684,1.3655062072567208,0.39721847387989295
all_verified,75,original,"2012-2013 (phase-out, $2)",illinois_ex_cook,31.0,208.0,0.8942307692307693,0.6131536013556451,1.3041571750880676,0.19252469146533213
all_verified,75,original,2014-2022 (repealed),chicago,46.0,218.0,1.2660550458715596,0.9211691602415325,1.7400662640036213,0.16225377159895346
all_verified,75,original,2014-2022 (repealed),cook_ex_chicago,28.0,277.0,0.6064981949458484,0.4111780446702586,0.8946004419267065,0.19830379224194078
all_verified,75,original,2014-2022 (repealed),illinois_ex_cook,121.0,787.0,0.9224904701397714,0.7618023789072832,1.1170727357393402,0.09764789214526297
all_verified,75,original,"2023-2025 (repealed, new coding)",chicago,16.0,69.0,1.391304347826087,0.8076627888043172,2.3967029496870467,0.2774756811383448
all_verified,75,original,"2023-2025 (repealed, new coding)",cook_ex_chicago,9.0,84.0,0.6428571428571429,0.32326732088664967,1.2784011232219672,0.35073618720610084
all_verified,75,original,"2023-2025 (repealed, new coding)",illinois_ex_cook,32.0,235.0,0.8170212765957447,0.5647285511509703,1.182025886684255,0.18842855184110546
all_verified,75,original,DiD pre minus post,chicago_vs_cook_ex_chicago,,,-0.4172206577169093,-1.100792904416712,0.26635158898289324,0.34876135035704214
all_verified,75,original,DiD pre minus post,chicago_vs_illinois_ex_cook,,,-0.13869707679457907,-0.6613703370656734,0.3839761834765152,0.26667003075055834
all_verified,75,skip_51,"1998-2002 (tax, Dec snapshots)",chicago,22.0,164.0,0.8048780487804879,0.5157752096204411,1.256029102068365,0.22705088951632674
all_verified,75,skip_51,"1998-2002 (tax, Dec snapshots)",cook_ex_chicago,18.0,163.0,0.6625766871165644,0.4072062399514429,1.078097099795698,0.24837577353821955
all_verified,75,skip_51,"1998-2002 (tax, Dec snapshots)",illinois_ex_cook,48.0,442.0,0.6515837104072397,0.48373580485175255,0.8776719180383561,0.15197294750134763
all_verified,75,skip_51,"2003-2011 (tax, $4)",chicago,45.0,332.0,0.8132530120481928,0.5956721436179346,1.1103095363641327,0.15885298365153017
all_verified,75,skip_51,"2003-2011 (tax, $4)",cook_ex_chicago,36.0,319.0,0.677115987460815,0.47973599024512414,0.9557049498011776,0.17581972021369585
all_verified,75,skip_51,"2003-2011 (tax, $4)",illinois_ex_cook,113.0,918.0,0.738562091503268,0.6074713716815234,0.8979418429147884,0.09969394234786925
all_verified,75,skip_51,"2012-2013 (phase-out, $2)",chicago,10.0,65.0,0.923076923076923,0.47434441664528343,1.7963129237259297,0.3396831102433787
all_verified,75,skip_51,"2012-2013 (phase-out, $2)",cook_ex_chicago,7.0,61.0,0.6885245901639344,0.3149422389741194,1.5052477965630089,0.3990621323554687
all_verified,75,skip_51,"2012-2013 (phase-out, $2)",illinois_ex_cook,31.0,196.0,0.9489795918367347,0.649721332503899,1.3860746456515824,0.19328762332972993
all_verified,75,skip_51,2014-2022 (repealed),chicago,46.0,225.0,1.2266666666666666,0.8932812561862681,1.6844763065277468,0.16181339524040356
all_verified,75,skip_51,2014-2022 (repealed),cook_ex_chicago,28.0,253.0,0.6640316205533597,0.4494234746348243,0.9811191848690193,0.1991653958001896
all_verified,75,skip_51,2014-2022 (repealed),illinois_ex_cook,121.0,794.0,0.9143576826196473,0.7551711579291095,1.107099977253176,0.09759051518332133
all_verified,75,skip_51,"2023-2025 (repealed, new coding)",chicago,16.0,65.0,1.4769230769230768,0.8546764882477236,2.552195836836557,0.279078152825719
all_verified,75,skip_51,"2023-2025 (repealed, new coding)",cook_ex_chicago,9.0,78.0,0.6923076923076923,0.34724604622412725,1.3802603256108736,0.35203923635246104
all_verified,75,skip_51,"2023-2025 (repealed, new coding)",illinois_ex_cook,32.0,242.0,0.793388429752066,0.5487449092487559,1.1470998452198875,0.188101651786896
all_verified,75,skip_51,DiD pre minus post,chicago_vs_cook_ex_chicago,,,-0.43052628765442524,-1.1151172082380598,0.25406463292920944,0.34928108193042584
all_verified,75,skip_51,DiD pre minus post,chicago_vs_illinois_ex_cook,,,-0.19749681717308834,-0.7193158007285323,0.32432216638235567,0.2662341752833898
all_verified,80,original,"1998-2002 (tax, Dec snapshots)",chicago,17.0,135.0,0.7555555555555555,0.45624959812296517,1.2512103021666858,0.2573537192643077
all_verified,80,original,"1998-2002 (tax, Dec snapshots)",cook_ex_chicago,19.0,125.0,0.912,0.5628537207055785,1.4777267510239565,0.24623480450043697
all_verified,80,original,"1998-2002 (tax, Dec snapshots)",illinois_ex_cook,39.0,368.0,0.6358695652173912,0.4571128462160491,0.884530170868688,0.1683995752529485
all_verified,80,original,"2003-2011 (tax, $4)",chicago,39.0,302.0,0.7748344370860927,0.5550999078800701,1.08155017929535,0.170153706745317
all_verified,80,original,"2003-2011 (tax, $4)",cook_ex_chicago,20.0,267.0,0.449438202247191,0.28531985438437923,0.7079587856758902,0.23183036546591546
all_verified,80,original,"2003-2011 (tax, $4)",illinois_ex_cook,94.0,758.0,0.7440633245382586,0.600521786073035,0.921915313919342,0.1093506245343882
all_verified,80,original,"2012-2013 (phase-out, $2)",chicago,6.0,66.0,0.5454545454545454,0.23648213531478468,1.258110515456023,0.4264014327112209
all_verified,80,original,"2012-2013 (phase-out, $2)",cook_ex_chicago,4.0,53.0,0.45283018867924524,0.16389216324249967,1.2511591507635123,0.5185247578740112
all_verified,80,original,"2012-2013 (phase-out, $2)",illinois_ex_cook,16.0,173.0,0.5549132947976879,0.33250467219122876,0.926088534978934,0.2613050838020746
all_verified,80,original,2014-2022 (repealed),chicago,25.0,232.0,0.646551724137931,0.42797841408740567,0.9767528413252112,0.2105002252435522
all_verified,80,original,2014-2022 (repealed),cook_ex_chicago,10.0,192.0,0.3125,0.16548194925881143,0.5901323403392293,0.3243583409338094
all_verified,80,original,2014-2022 (repealed),illinois_ex_cook,76.0,578.0,0.7889273356401384,0.6211186351251274,1.0020732042516496,0.12201638637113656
all_verified,80,original,"2023-2025 (repealed, new coding)",chicago,5.0,71.0,0.4225352112676056,0.17061254211731922,1.04644126712673,0.4626926701842742
all_verified,80,original,"2023-2025 (repealed, new coding)",cook_ex_chicago,3.0,48.0,0.375,0.11680346265518116,1.2039454721915488,0.5951190357119042
all_verified,80,original,"2023-2025 (repealed, new coding)",illinois_ex_cook,28.0,173.0,0.9710982658959538,0.6514307706076816,1.4476317124940683,0.20370231352415946
all_verified,80,original,DiD pre minus post,chicago_vs_cook_ex_chicago,,,-0.1823977186345913,-1.126898678352553,0.7621032410833702,0.481888244754062
all_verified,80,original,DiD pre minus post,chicago_vs_illinois_ex_cook,,,0.23954425053920722,-0.3805973532752879,0.8596858543537024,0.31639877745637507
all_verified,80,skip_51,"1998-2002 (tax, Dec snapshots)",chicago,17.0,146.0,0.6986301369863014,0.42277405439102755,1.154479711411204,0.25626713499834086
all_verified,80,skip_51,"1998-2002 (tax, Dec snapshots)",cook_ex_chicago,19.0,135.0,0.8444444444444444,0.5223944776423763,1.365034375882616,0.24502854191864226
all_verified,80,skip_51,"1998-2002 (tax, Dec snapshots)",illinois_ex_cook,39.0,355.0,0.6591549295774648,0.47357810250182786,0.917452092676932,0.16869477481379305
all_verified,80,skip_51,"2003-2011 (tax, $4)",chicago,39.0,297.0,0.7878787878787878,0.5642639175477532,1.1001110740645828,0.17031743600708943
all_verified,80,skip_51,"2003-2011 (tax, $4)",cook_ex_chicago,20.0,285.0,0.42105263157894735,0.2675673642762277,0.6625819970201346,0.23131963152708107
all_verified,80,skip_51,"2003-2011 (tax, $4)",illinois_ex_cook,94.0,814.0,0.6928746928746929,0.5596641549174471,0.8577918307042788,0.10893483878375024
all_verified,80,skip_51,"2012-2013 (phase-out, $2)",chicago,6.0,52.0,0.6923076923076924,0.29736499697912966,1.6117900415227457,0.43115824925128815
all_verified,80,skip_51,"2012-2013 (phase-out, $2)",cook_ex_chicago,4.0,57.0,0.42105263157894735,0.15277325933587566,1.1604473147345162,0.5172464206247568
all_verified,80,skip_51,"2012-2013 (phase-out, $2)",illinois_ex_cook,16.0,184.0,0.5217391304347826,0.31303261876002947,0.8695953837178876,0.26064301757134345
all_verified,80,skip_51,2014-2022 (repealed),chicago,25.0,193.0,0.7772020725388602,0.5123892848424902,1.1788752798458384,0.21255904391547084
all_verified,80,skip_51,2014-2022 (repealed),cook_ex_chicago,10.0,224.0,0.26785714285714285,0.14216146057140824,0.5046898694710076,0.3232093527642505
all_verified,80,skip_51,2014-2022 (repealed),illinois_ex_cook,76.0,615.0,0.7414634146341463,0.5842395987483239,0.9409974887336499,0.1215891072300669
all_verified,80,skip_51,"2023-2025 (repealed, new coding)",chicago,5.0,65.0,0.4615384615384615,0.1858496936184561,1.1461829574850362,0.4640954808922571
all_verified,80,skip_51,"2023-2025 (repealed, new coding)",cook_ex_chicago,3.0,54.0,0.3333333333333333,0.10422247560766075,1.066095489128297,0.5931710140017395
all_verified,80,skip_51,"2023-2025 (repealed, new coding)",illinois_ex_cook,28.0,176.0,0.9545454545454546,0.6406306143301944,1.4222814277242128,0.2034603251154974
all_verified,80,skip_51,DiD pre minus post,chicago_vs_cook_ex_chicago,,,-0.4386601807827031,-1.3830516280625338,0.5057312664971276,0.48183237106113813
all_verified,80,skip_51,DiD pre minus post,chicago_vs_illinois_ex_cook,,,0.08142052757598098,-0.5409839031293009,0.7038249582812628,0.3175532809720826
all_verified,85,original,"1998-2002 (tax, Dec snapshots)",chicago,26.0,106.0,1.471698113207547,0.9583618244996557,2.25999750934302,0.218850407186483
all_verified,85,original,"1998-2002 (tax, Dec snapshots)",cook_ex_chicago,18.0,125.0,0.8640000000000001,0.5271326979716152,1.4161443653040036,0.25210227201585383
all_verified,85,original,"1998-2002 (tax, Dec snapshots)",illinois_ex_cook,38.0,365.0,0.6246575342465753,0.4472457661999593,0.8724443350382842,0.17045678484906804
all_verified,85,original,"2003-2011 (tax, $4)",chicago,45.0,240.0,1.125,0.8182296416424235,1.5467845890543936,0.16244657241348273
all_verified,85,original,"2003-2011 (tax, $4)",cook_ex_chicago,33.0,190.0,1.0421052631578946,0.7200796544043934,1.5081434017180295,0.18859000025920555
all_verified,85,original,"2003-2011 (tax, $4)",illinois_ex_cook,148.0,624.0,1.4230769230769231,1.1896033166143265,1.702372463753514,0.09142932166061858
all_verified,85,original,"2012-2013 (phase-out, $2)",chicago,6.0,51.0,0.7058823529411765,0.30293606638753046,1.644802159530126,0.43159530790304196
all_verified,85,original,"2012-2013 (phase-out, $2)",cook_ex_chicago,8.0,42.0,1.1428571428571428,0.5365717320131574,2.4341991406799717,0.3857583749052298
all_verified,85,original,"2012-2013 (phase-out, $2)",illinois_ex_cook,30.0,142.0,1.2676056338028168,0.8549551373724218,1.879424981042838,0.20093677327572496
all_verified,85,original,2014-2022 (repealed),chicago,24.0,197.0,0.7309644670050761,0.4784784523024358,1.1166836237931357,0.21620085290915567
all_verified,85,original,2014-2022 (repealed),cook_ex_chicago,53.0,140.0,2.2714285714285714,1.6558308970568483,3.115890495987591,0.1612785840437565
all_verified,85,original,2014-2022 (repealed),illinois_ex_cook,109.0,535.0,1.222429906542056,0.9948814272925998,1.502023090806909,0.1050879194061343
all_verified,85,original,"2023-2025 (repealed, new coding)",chicago,6.0,60.0,0.6,0.25922795076607336,1.3887391345575348,0.4281744192888376
all_verified,85,original,"2023-2025 (repealed, new coding)",cook_ex_chicago,15.0,38.0,2.368421052631579,1.302857884846212,4.305472106967835,0.3049302479918168
all_verified,85,original,"2023-2025 (repealed, new coding)",illinois_ex_cook,24.0,165.0,0.8727272727272727,0.5687439227196357,1.3391842306110104,0.21846572437632572
all_verified,85,original,DiD pre minus post,chicago_vs_cook_ex_chicago,,,1.2103394664551947,0.4909669501016005,1.929711982808789,0.36702679405795624
all_verified,85,original,DiD pre minus post,chicago_vs_illinois_ex_cook,,,0.2791926947568212,-0.31702915514010577,0.8754145446537481,0.30419482137598314
all_verified,85,skip_51,"1998-2002 (tax, Dec snapshots)",chicago,26.0,133.0,1.1729323308270676,0.7704531534753974,1.7856637311347565,0.2144302577856485
all_verified,85,skip_51,"1998-2002 (tax, Dec snapshots)",cook_ex_chicago,18.0,120.0,0.9,0.5483864473524979,1.4770605727229786,0.25276251480171835
all_verified,85,skip_51,"1998-2002 (tax, Dec snapshots)",illinois_ex_cook,38.0,386.0,0.5906735751295337,0.423276776473973,0.8242721825248973,0.1700190079044509
all_verified,85,skip_51,"2003-2011 (tax, $4)",chicago,45.0,259.0,1.0424710424710426,0.7596085640950139,1.4306656424883715,0.16150302190122043
all_verified,85,skip_51,"2003-2011 (tax, $4)",cook_ex_chicago,33.0,185.0,1.0702702702702702,0.7389953572901992,1.5500482379547273,0.18896675821010347
all_verified,85,skip_51,"2003-2011 (tax, $4)",illinois_ex_cook,148.0,635.0,1.3984251968503938,1.1693442029604786,1.6723844238805003,0.09127737894113226
all_verified,85,skip_51,"2012-2013 (phase-out, $2)",chicago,6.0,55.0,0.6545454545454545,0.28181714735969676,1.5202401843891007,0.4299400944881564
all_verified,85,skip_51,"2012-2013 (phase-out, $2)",cook_ex_chicago,8.0,37.0,1.2972972972972971,0.6041495503643891,2.785701448523453,0.38990643368252725
all_verified,85,skip_51,"2012-2013 (phase-out, $2)",illinois_ex_cook,30.0,141.0,1.2765957446808511,0.8608090039262031,1.8932152055846414,0.20106101540302043
all_verified,85,skip_51,2014-2022 (repealed),chicago,24.0,197.0,0.7309644670050761,0.4784784523024358,1.1166836237931357,0.21620085290915567
all_verified,85,skip_51,2014-2022 (repealed),cook_ex_chicago,53.0,145.0,2.193103448275862,1.6011335325678429,3.003936047186421,0.16051316535549293
all_verified,85,skip_51,2014-2022 (repealed),illinois_ex_cook,109.0,526.0,1.2433460076045626,1.011602578939385,1.5281784831420795,0.10523997629710942
all_verified,85,skip_51,"2023-2025 (repealed, new coding)",chicago,6.0,60.0,0.6,0.25922795076607336,1.3887391345575348,0.4281744192888376
all_verified,85,skip_51,"2023-2025 (repealed, new coding)",cook_ex_chicago,15.0,40.0,2.25,1.2429787874968192,4.0728772292205795,0.3027650354097492
all_verified,85,skip_51,"2023-2025 (repealed, new coding)",illinois_ex_cook,24.0,157.0,0.9171974522292993,0.596898373444815,1.4093708473703754,0.21917137910379406
all_verified,85,skip_51,DiD pre minus post,chicago_vs_cook_ex_chicago,,,1.072390761204217,0.3541130752142506,1.7906684471941832,0.3664682071377379
all_verified,85,skip_51,DiD pre minus post,chicago_vs_illinois_ex_cook,,,0.23744372108083545,-0.3578062053273626,0.8326936474890335,0.30369894204499903
all_verified,90,original,"1998-2002 (tax, Dec snapshots)",chicago,32.0,109.0,1.7614678899082568,1.1877655417691082,2.612274070989171,0.20105798150435486
all_verified,90,original,"1998-2002 (tax, Dec snapshots)",cook_ex_chicago,16.0,123.0,0.7804878048780488,0.4636005197835074,1.313978711343598,0.2657632053178412
all_verified,90,original,"1998-2002 (tax, Dec snapshots)",illinois_ex_cook,76.0,269.0,1.695167286245353,1.3141199389529554,2.186704609813631,0.12990522258862885
all_verified,90,original,"2003-2011 (tax, $4)",chicago,30.0,127.0,1.4173228346456692,0.9520837593633077,2.1099026192311,0.20299593365721597
all_verified,90,original,"2003-2011 (tax, $4)",cook_ex_chicago,25.0,231.0,0.6493506493506493,0.4297938002955123,0.9810664219032308,0.21054454238712608
all_verified,90,original,"2003-2011 (tax, $4)",illinois_ex_cook,108.0,363.0,1.7851239669421488,1.44001667464964,2.2129379704069043,0.10960875966773083
all_verified,90,original,"2012-2013 (phase-out, $2)",chicago,6.0,21.0,1.7142857142857142,0.6919045979903417,4.247370979669518,0.4629100498862757
all_verified,90,original,"2012-2013 (phase-out, $2)",cook_ex_chicago,4.0,52.0,0.46153846153846156,0.16692946005282244,1.2760944138433297,0.5188745216627708
all_verified,90,original,"2012-2013 (phase-out, $2)",illinois_ex_cook,21.0,81.0,1.5555555555555556,0.962591556513897,2.513790059808009,0.24487696223081765
all_verified,90,original,2014-2022 (repealed),chicago,18.0,90.0,1.2,0.7234323311711092,1.9905109820968248,0.2581988897471611
all_verified,90,original,2014-2022 (repealed),cook_ex_chicago,19.0,170.0,0.6705882352941177,0.4173971175287221,1.0773638878422171,0.2418965313693954
all_verified,90,original,2014-2022 (repealed),illinois_ex_cook,82.0,292.0,1.6849315068493151,1.3188575197428167,2.152616291202647,0.1249791161973315
all_verified,90,original,"2023-2025 (repealed, new coding)",chicago,6.0,33.0,1.0909090909090908,0.4570961664680506,2.6035717031358687,0.44381268229929727
all_verified,90,original,"2023-2025 (repealed, new coding)",cook_ex_chicago,6.0,47.0,0.7659574468085106,0.32747742288706727,1.7915458267293638,0.43352423509112786
all_verified,90,original,"2023-2025 (repealed, new coding)",illinois_ex_cook,22.0,103.0,1.2815533980582523,0.8087466122851176,2.030770932609044,0.23486865120450434
all_verified,90,original,DiD pre minus post,chicago_vs_cook_ex_chicago,,,0.19863063540743597,-0.70108612150608,1.098347392320952,0.45903916169056935
all_verified,90,original,DiD pre minus post,chicago_vs_illinois_ex_cook,,,0.10868525977426696,-0.612818069566331,0.830188589114865,0.3681139435411214
all_verified,90,skip_51,"1998-2002 (tax, Dec snapshots)",chicago,32.0,122.0,1.5737704918032789,1.066300129098101,2.322754629098305,0.19861198682726935
all_verified,90,skip_51,"1998-2002 (tax, Dec snapshots)",cook_ex_chicago,16.0,124.0,0.7741935483870968,0.45997302648071825,1.3030669536213106,0.26563982406452585
all_verified,90,skip_51,"1998-2002 (tax, Dec snapshots)",illinois_ex_cook,76.0,291.0,1.5670103092783505,1.21735979124,2.01708757513951,0.12881894601991042
all_verified,90,skip_51,"2003-2011 (tax, $4)",chicago,30.0,143.0,1.2587412587412588,0.8491804265466563,1.865833816849611,0.20081419353805727
all_verified,90,skip_51,"2003-2011 (tax, $4)",cook_ex_chicago,25.0,227.0,0.6607929515418501,0.4372120611133746,0.9987083240463528,0.21072561862197092
all_verified,90,skip_51,"2003-2011 (tax, $4)",illinois_ex_cook,108.0,423.0,1.5319148936170213,1.2401197201763128,1.8923682956610037,0.10781152745932453
all_verified,90,skip_51,"2012-2013 (phase-out, $2)",chicago,6.0,22.0,1.6363636363636365,0.6634954781453803,4.035725997557603,0.4605661864718383
all_verified,90,skip_51,"2012-2013 (phase-out, $2)",cook_ex_chicago,4.0,49.0,0.489795918367347,0.17675656142529952,1.3572341513935755,0.5200078492343227
all_verified,90,skip_51,"2012-2013 (phase-out, $2)",illinois_ex_cook,21.0,91.0,1.3846153846153846,0.8615036509038287,2.2253646415801733,0.24209101306752095
all_verified,90,skip_51,2014-2022 (repealed),chicago,18.0,87.0,1.2413793103448276,0.7472923121148732,2.062141637441755,0.25893977761077724
all_verified,90,skip_51,2014-2022 (repealed),cook_ex_chicago,19.0,163.0,0.6993865030674846,0.4348773327981841,1.1247803547856177,0.24241812694706186
all_verified,90,skip_51,2014-2022 (repealed),illinois_ex_cook,82.0,332.0,1.4819277108433735,1.1637432285932443,1.8871085014347895,0.123317355404625
all_verified,90,skip_51,"2023-2025 (repealed, new coding)",chicago,6.0,33.0,1.0909090909090908,0.4570961664680506,2.6035717031358687,0.44381268229929727
all_verified,90,skip_51,"2023-2025 (repealed, new coding)",cook_ex_chicago,6.0,44.0,0.8181818181818182,0.34866238275825145,1.919970494974377,0.4351941398892446
all_verified,90,skip_51,"2023-2025 (repealed, new coding)",illinois_ex_cook,22.0,110.0,1.2000000000000002,0.7592411568262635,1.8966305857540788,0.2335496832484569
all_verified,90,skip_51,DiD pre minus post,chicago_vs_cook_ex_chicago,,,0.07065208313354732,-0.8287038713807443,0.9700080376478389,0.45885507883382226
all_verified,90,skip_51,DiD pre minus post,chicago_vs_illinois_ex_cook,,,-0.019285657569510034,-0.7373164681513427,0.6987451530123225,0.36634225029685336
all_verified,100,original,"1998-2002 (tax, Dec snapshots)",chicago,36.0,89.0,2.426966292134831,1.6479052068556033,3.5743350762255424,0.1975189429749905
all_verified,100,original,"1998-2002 (tax, Dec snapshots)",cook_ex_chicago,56.0,107.0,3.140186915887851,2.2728019088526668,4.33859802224958,0.1649331296303633
all_verified,100,original,"1998-2002 (tax, Dec snapshots)",illinois_ex_cook,95.0,386.0,1.4766839378238343,1.1797721385143254,1.8483191635402634,0.11452942575863732
all_verified,100,original,"2003-2011 (tax, $4)",chicago,81.0,267.0,1.8202247191011236,1.419540726313279,2.3340070253789738,0.12685029508994294
all_verified,100,original,"2003-2011 (tax, $4)",cook_ex_chicago,146.0,283.0,3.0954063604240285,2.535021645874995,3.779668134883456,0.10189643748967277
all_verified,100,original,"2003-2011 (tax, $4)",illinois_ex_cook,294.0,719.0,2.4534075104311546,2.1421194565878436,2.809931254640636,0.06922558145918553
all_verified,100,original,"2012-2013 (phase-out, $2)",chicago,26.0,59.0,2.6440677966101696,1.6668653759039993,4.194156657240206,0.2353947556848099
all_verified,100,original,"2012-2013 (phase-out, $2)",cook_ex_chicago,34.0,61.0,3.3442622950819674,2.198475064200821,5.0872036169182095,0.21402151136937886
all_verified,100,original,"2012-2013 (phase-out, $2)",illinois_ex_cook,93.0,128.0,4.359375,3.337662133951447,5.693850853659069,0.13625413084396015
all_verified,100,original,2014-2022 (repealed),chicago,110.0,279.0,2.3655913978494625,1.8971705174771822,2.949667734148034,0.1125839175086304
all_verified,100,original,2014-2022 (repealed),cook_ex_chicago,148.0,218.0,4.073394495412844,3.3059417528195447,5.019006369700356,0.10650780591139557
all_verified,100,original,2014-2022 (repealed),illinois_ex_cook,383.0,592.0,3.8817567567567566,3.413573563267313,4.414152863371813,0.06557556897679534
all_verified,100,original,"2023-2025 (repealed, new coding)",chicago,31.0,78.0,2.3846153846153846,1.5728609296122609,3.6153167934218944,0.21231716213401555
all_verified,100,original,"2023-2025 (repealed, new coding)",cook_ex_chicago,42.0,56.0,4.5,3.016188873793315,6.71377053869062,0.2041241452319315
all_verified,100,original,"2023-2025 (repealed, new coding)",illinois_ex_cook,95.0,163.0,3.496932515337423,2.715271919775543,4.5036141418333475,0.1290786005293947
all_verified,100,original,DiD pre minus post,chicago_vs_cook_ex_chicago,,,0.012489399211065733,-0.4279349979814239,0.4529137964035554,0.224706325098209
all_verified,100,original,DiD pre minus post,chicago_vs_illinois_ex_cook,,,0.1967418569801439,-0.1846203158741513,0.5781040298344391,0.19457253717055878
all_verified,100,skip_51,"1998-2002 (tax, Dec snapshots)",chicago,36.0,85.0,2.5411764705882356,1.7209482183275546,3.752337104568353,0.19885291966710147
all_verified,100,skip_51,"1998-2002 (tax, Dec snapshots)",cook_ex_chicago,56.0,109.0,3.0825688073394493,2.233377177748227,4.254646526639379,0.16441245325019746
all_verified,100,skip_51,"1998-2002 (tax, Dec snapshots)",illinois_ex_cook,95.0,371.0,1.536388140161725,1.2263743525040995,1.9247699631110096,0.11498579729354011
all_verified,100,skip_51,"2003-2011 (tax, $4)",chicago,81.0,170.0,2.8588235294117648,2.19413562888177,3.724870908041178,0.1350112289904886
all_verified,100,skip_51,"2003-2011 (tax, $4)",cook_ex_chicago,146.0,195.0,4.492307692307692,3.6250224865039002,5.567090542886526,0.10944185760803897
all_verified,100,skip_51,"2003-2011 (tax, $4)",illinois_ex_cook,294.0,498.0,3.5421686746987953,3.0666444640108184,4.091429269765247,0.07354857356014284
all_verified,100,skip_51,"2012-2013 (phase-out, $2)",chicago,26.0,28.0,5.571428571428571,3.2668976812581207,9.501618769577266,0.2723523897009611
all_verified,100,skip_51,"2012-2013 (phase-out, $2)",cook_ex_chicago,34.0,35.0,5.828571428571429,3.635729651275903,9.34399643439857,0.2407969959889677
all_verified,100,skip_51,"2012-2013 (phase-out, $2)",illinois_ex_cook,93.0,78.0,7.153846153846154,5.294773641620991,9.665666231811082,0.15353566684179878
all_verified,100,skip_51,2014-2022 (repealed),chicago,110.0,116.0,5.689655172413794,4.383305762393495,7.385333749407041,0.133084930574733
all_verified,100,skip_51,2014-2022 (repealed),cook_ex_chicago,148.0,113.0,7.858407079646018,6.151712289711476,10.038597210196746,0.12492523475615586
all_verified,100,skip_51,2014-2022 (repealed),illinois_ex_cook,383.0,330.0,6.963636363636364,6.0103884156820495,8.068069490889277,0.07510838227351381
all_verified,100,skip_51,"2023-2025 (repealed, new coding)",chicago,31.0,34.0,5.470588235294118,3.362387534282315,8.900620566488703,0.24833410805205833
all_verified,100,skip_51,"2023-2025 (repealed, new coding)",cook_ex_chicago,42.0,32.0,7.875,4.971809077340697,12.47345262766419,0.23464765886222647
all_verified,100,skip_51,"2023-2025 (repealed, new coding)",illinois_ex_cook,95.0,91.0,6.263736263736264,4.698681891200202,8.350084745069417,0.1466810375559318
all_verified,100,skip_51,DiD pre minus post,chicago_vs_cook_ex_chicago,,,-0.12902206515668957,-0.623017757260357,0.3649736269469779,0.2520386184202385
all_verified,100,skip_51,DiD pre minus post,chicago_vs_illinois_ex_cook,,,-0.01227681265778302,-0.437150802817974,0.412597177502408,0.21677244395928114
recent_verified,30,original,"1998-2002 (tax, Dec snapshots)",chicago,0.0,0.0,,,,
recent_verified,30,original,"1998-2002 (tax, Dec snapshots)",cook_ex_chicago,0.0,0.0,,,,
recent_verified,30,original,"1998-2002 (tax, Dec snapshots)",illinois_ex_cook,0.0,0.0,,,,
recent_verified,30,original,"2003-2011 (tax, $4)",chicago,182.0,2225.0,0.4907865168539326,0.4219552086968832,0.5708459100895907,0.07709697592482266
recent_verified,30,original,"2003-2011 (tax, $4)",cook_ex_chicago,189.0,2444.0,0.4639934533551555,0.40017080708929276,0.5379950784575943,0.07549947412921242
recent_verified,30,original,"2003-2011 (tax, $4)",illinois_ex_cook,908.0,9354.0,0.5824246311738294,0.5440662545445506,0.6234873936115337,0.03475957022627457
recent_verified,30,original,"2012-2013 (phase-out, $2)",chicago,43.0,436.0,0.591743119266055,0.4325866911705527,0.8094560612838312,0.1598417715590632
recent_verified,30,original,"2012-2013 (phase-out, $2)",cook_ex_chicago,43.0,453.0,0.5695364238410596,0.41657271286339137,0.7786677525083979,0.15957230170757133
recent_verified,30,original,"2012-2013 (phase-out, $2)",illinois_ex_cook,131.0,1482.0,0.5303643724696356,0.4435940988315915,0.6341075508578835,0.09115015973062314
recent_verified,30,original,2014-2022 (repealed),chicago,133.0,1339.0,0.5959671396564601,0.49869326449878,0.7122150163934517,0.09091547163176154
recent_verified,30,original,2014-2022 (repealed),cook_ex_chicago,93.0,1299.0,0.4295612009237875,0.3480590059139844,0.5301481134054826,0.10734296023851143
recent_verified,30,original,2014-2022 (repealed),illinois_ex_cook,493.0,5079.0,0.5823981098641465,0.5309645614355499,0.6388139303615316,0.047172944760007066
recent_verified,30,original,"2023-2025 (repealed, new coding)",chicago,12.0,143.0,0.5034965034965035,0.27936290945002845,0.9074530671672842,0.30054340838943766
recent_verified,30,original,"2023-2025 (repealed, new coding)",cook_ex_chicago,11.0,135.0,0.4888888888888889,0.264427785613862,0.9038851387124527,0.3135546177566172
recent_verified,30,original,"2023-2025 (repealed, new coding)",illinois_ex_cook,58.0,582.0,0.5979381443298969,0.45650853351082116,0.7831836607632783,0.13769383562369114
recent_verified,30,original,DiD pre minus post,chicago_vs_cook_ex_chicago,,,-0.27128250833962664,-0.6187736958496032,0.0762086791703499,0.17729142219896762
recent_verified,30,original,DiD pre minus post,chicago_vs_illinois_ex_cook,,,-0.19422182712814318,-0.45456325760846233,0.06611960335217598,0.13282726044914242
recent_verified,30,skip_51,"1998-2002 (tax, Dec snapshots)",chicago,0.0,0.0,,,,
recent_verified,30,skip_51,"1998-2002 (tax, Dec snapshots)",cook_ex_chicago,0.0,0.0,,,,
recent_verified,30,skip_51,"1998-2002 (tax, Dec snapshots)",illinois_ex_cook,0.0,0.0,,,,
recent_verified,30,skip_51,"2003-2011 (tax, $4)",chicago,182.0,2241.0,0.48728246318607765,0.41895967850063237,0.5667471384798973,0.0770761626989662
recent_verified,30,skip_51,"2003-2011 (tax, $4)",cook_ex_chicago,189.0,2431.0,0.4664747017688194,0.40229933300982407,0.5408874177402508,0.07551396323551766
recent_verified,30,skip_51,"2003-2011 (tax, $4)",illinois_ex_cook,908.0,9488.0,0.5741989881956155,0.5364051912755882,0.6146556435459193,0.034737845010214354
recent_verified,30,skip_51,"2012-2013 (phase-out, $2)",chicago,43.0,439.0,0.5876993166287016,0.4296718120438176,0.8038472086938301,0.15979273538401736
recent_verified,30,skip_51,"2012-2013 (phase-out, $2)",cook_ex_chicago,43.0,449.0,0.5746102449888641,0.42023308061283005,0.7856995293294432,0.15963391070099509
recent_verified,30,skip_51,"2012-2013 (phase-out, $2)",illinois_ex_cook,131.0,1500.0,0.524,0.43830913498687696,0.6264437085214317,0.09110573227259747
recent_verified,30,skip_51,2014-2022 (repealed),chicago,133.0,1330.0,0.6,0.5020405352666506,0.7170735721743899,0.09094326083734475
recent_verified,30,skip_51,2014-2022 (repealed),cook_ex_chicago,93.0,1309.0,0.426279602750191,0.34541858502340195,0.526069839897438,0.10731556323504779
recent_verified,30,skip_51,2014-2022 (repealed),illinois_ex_cook,493.0,5090.0,0.581139489194499,0.5298217774027207,0.6374277545872521,0.0471684345738428
recent_verified,30,skip_51,"2023-2025 (repealed, new coding)",chicago,12.0,145.0,0.496551724137931,0.27559631732266576,0.8946549690490871,0.3003828974117389
recent_verified,30,skip_51,"2023-2025 (repealed, new coding)",cook_ex_chicago,11.0,134.0,0.49253731343283585,0.2663551109842366,0.9107878734791491,0.31364275454130147
recent_verified,30,skip_51,"2023-2025 (repealed, new coding)",illinois_ex_cook,58.0,573.0,0.6073298429319371,0.46358980256421656,0.7956377298973015,0.13779179949628753
recent_verified,30,skip_51,DiD pre minus post,chicago_vs_cook_ex_chicago,,,-0.2981940072302488,-0.6456749790953248,0.04928696463482718,0.17728621013524284
recent_verified,30,skip_51,DiD pre minus post,chicago_vs_illinois_ex_cook,,,-0.1960708865957509,-0.4564116495562676,0.06426987636476583,0.13282691987781467
recent_verified,35,original,"1998-2002 (tax, Dec snapshots)",chicago,0.0,0.0,,,,
recent_verified,35,original,"1998-2002 (tax, Dec snapshots)",cook_ex_chicago,0.0,0.0,,,,
recent_verified,35,original,"1998-2002 (tax, Dec snapshots)",illinois_ex_cook,0.0,0.0,,,,
recent_verified,35,original,"2003-2011 (tax, $4)",chicago,188.0,1341.0,0.8411633109619687,0.7220876138689187,0.9798751593555861,0.07787721805045646
recent_verified,35,original,"2003-2011 (tax, $4)",cook_ex_chicago,208.0,1565.0,0.7974440894568691,0.6900476626565898,0.921555292806153,0.07380155786617959
recent_verified,35,original,"2003-2011 (tax, $4)",illinois_ex_cook,791.0,5919.0,0.8018246325392803,0.7444827991561508,0.8635830701199353,0.03785723128414601
recent_verified,35,original,"2012-2013 (phase-out, $2)",chicago,34.0,265.0,0.769811320754717,0.5386657537258785,1.1001432065489998,0.1821684649206408
recent_verified,35,original,"2012-2013 (phase-out, $2)",cook_ex_chicago,37.0,277.0,0.8014440433212997,0.5686966726800281,1.129446654836654,0.17503466893811673
recent_verified,35,original,"2012-2013 (phase-out, $2)",illinois_ex_cook,125.0,946.0,0.7928118393234673,0.6579015198467474,0.9553870809082109,0.09516870521569204
recent_verified,35,original,2014-2022 (repealed),chicago,98.0,744.0,0.7903225806451613,0.6402219325518941,0.9756144701072058,0.10746240111852348
recent_verified,35,original,2014-2022 (repealed),cook_ex_chicago,115.0,845.0,0.8165680473372781,0.672027208576181,0.9921969935487047,0.09939358191843055
recent_verified,35,original,2014-2022 (repealed),illinois_ex_cook,443.0,3256.0,0.8163390663390664,0.7392043343260636,0.9015226782171234,0.0506405139215671
recent_verified,35,original,"2023-2025 (repealed, new coding)",chicago,13.0,67.0,1.164179104477612,0.6427551803245751,2.108599088408585,0.3030650921129078
recent_verified,35,original,"2023-2025 (repealed, new coding)",cook_ex_chicago,10.0,90.0,0.6666666666666666,0.34687234747087115,1.2812910792255265,0.33333333333333337
recent_verified,35,original,"2023-2025 (repealed, new coding)",illinois_ex_cook,43.0,370.0,0.6972972972972973,0.5084788280729761,0.9562315950514529,0.1611164692270504
recent_verified,35,original,DiD pre minus post,chicago_vs_cook_ex_chicago,,,0.08604315998980241,-0.26967811863150404,0.4417644386111089,0.18149044827617677
recent_verified,35,original,DiD pre minus post,chicago_vs_illinois_ex_cook,,,0.08028450555656669,-0.20784656327200557,0.36841557438513894,0.14700564736151647
recent_verified,35,skip_51,"1998-2002 (tax, Dec snapshots)",chicago,0.0,0.0,,,,
recent_verified,35,skip_51,"1998-2002 (tax, Dec snapshots)",cook_ex_chicago,0.0,0.0,,,,
recent_verified,35,skip_51,"1998-2002 (tax, Dec snapshots)",illinois_ex_cook,0.0,0.0,,,,
recent_verified,35,skip_51,"2003-2011 (tax, $4)",chicago,188.0,1310.0,0.8610687022900763,0.7390111769207479,1.0032856514469584,0.0779904334825507
recent_verified,35,skip_51,"2003-2011 (tax, $4)",cook_ex_chicago,208.0,1450.0,0.8606896551724138,0.7442757200279506,0.9953121707275215,0.07414409942878868
recent_verified,35,skip_51,"2003-2011 (tax, $4)",illinois_ex_cook,791.0,5473.0,0.8671660880687009,0.8048651942790177,0.9342894060290183,0.03803863365377692
recent_verified,35,skip_51,"2012-2013 (phase-out, $2)",chicago,34.0,260.0,0.7846153846153846,0.5488105331514186,1.1217374022325772,0.18236753700161715
recent_verified,35,skip_51,"2012-2013 (phase-out, $2)",cook_ex_chicago,37.0,263.0,0.844106463878327,0.5983263874829611,1.190847900522295,0.17558276793537664
recent_verified,35,skip_51,"2012-2013 (phase-out, $2)",illinois_ex_cook,125.0,883.0,0.8493771234428087,0.7042952033808753,1.0243453233314617,0.09556412941714625
recent_verified,35,skip_51,2014-2022 (repealed),chicago,98.0,728.0,0.8076923076923077,0.6541166191039427,0.9973250103307051,0.10759975839322054
recent_verified,35,skip_51,2014-2022 (repealed),cook_ex_chicago,115.0,800.0,0.8624999999999999,0.7093637795905882,1.0486950016384373,0.09972789065207908
recent_verified,35,skip_51,2014-2022 (repealed),illinois_ex_cook,443.0,3068.0,0.8663624511082139,0.7842159345151204,0.9571138045726109,0.050825993195554996
recent_verified,35,skip_51,"2023-2025 (repealed, new coding)",chicago,13.0,63.0,1.2380952380952381,0.6814789326260501,2.249342929336373,0.3046245111544585
recent_verified,35,skip_51,"2023-2025 (repealed, new coding)",cook_ex_chicago,10.0,80.0,0.75,0.388646123417934,1.4473320743639857,0.33541019662496846
recent_verified,35,skip_51,"2023-2025 (repealed, new coding)",illinois_ex_cook,43.0,353.0,0.7308781869688386,0.5325452235786111,1.0030752329299666,0.16151989085957827
recent_verified,35,skip_51,DiD pre minus post,chicago_vs_cook_ex_chicago,,,0.06609427256949071,-0.29051379265753685,0.4227023377965182,0.18194289042195283
recent_verified,35,skip_51,DiD pre minus post,chicago_vs_illinois_ex_cook,,,0.06306594709511912,-0.22559644208222593,0.35172833627246414,0.14727672917211482
recent_verified,40,original,"1998-2002 (tax, Dec snapshots)",chicago,0.0,0.0,,,,
recent_verified,40,original,"1998-2002 (tax, Dec snapshots)",cook_ex_chicago,0.0,0.0,,,,
recent_verified,40,original,"1998-2002 (tax, Dec snapshots)",illinois_ex_cook,0.0,0.0,,,,
recent_verified,40,original,"2003-2011 (tax, $4)",chicago,147.0,967.0,0.9120992761116857,0.7668091467599542,1.0849180568576229,0.08852596936395166
recent_verified,40,original,"2003-2011 (tax, $4)",cook_ex_chicago,112.0,1071.0,0.6274509803921569,0.516471393387195,0.7622779070358474,0.09930900384472288
recent_verified,40,original,"2003-2011 (tax, $4)",illinois_ex_cook,487.0,4518.0,0.646746347941567,0.5890280370779352,0.7101204225367138,0.047694076834261134
recent_verified,40,original,"2012-2013 (phase-out, $2)",chicago,35.0,186.0,1.1290322580645162,0.7868106935555043,1.620102332353898,0.18424921345137427
recent_verified,40,original,"2012-2013 (phase-out, $2)",cook_ex_chicago,31.0,196.0,0.9489795918367347,0.649721332503899,1.3860746456515824,0.19328762332972993
recent_verified,40,original,"2012-2013 (phase-out, $2)",illinois_ex_cook,71.0,718.0,0.5933147632311977,0.46492962580285857,0.7571520263098015,0.12440765532080673
recent_verified,40,original,2014-2022 (repealed),chicago,80.0,526.0,0.9125475285171102,0.7212824836094305,1.1545310065419676,0.12000475275759143
recent_verified,40,original,2014-2022 (repealed),cook_ex_chicago,93.0,588.0,0.9489795918367347,0.7625451784849204,1.1809952919929512,0.11159466136044258
recent_verified,40,original,2014-2022 (repealed),illinois_ex_cook,231.0,2418.0,0.5732009925558312,0.5008258577488821,0.6560351722728587,0.0688663143975216
recent_verified,40,original,"2023-2025 (repealed, new coding)",chicago,9.0,43.0,1.255813953488372,0.6122126939209646,2.5760143516065215,0.3665609431794384
recent_verified,40,original,"2023-2025 (repealed, new coding)",cook_ex_chicago,7.0,66.0,0.6363636363636364,0.2919738427218101,1.386969030892919,0.39750302893016803
recent_verified,40,original,"2023-2025 (repealed, new coding)",illinois_ex_cook,31.0,256.0,0.7265625,0.5004926575053272,1.0547468748842355,0.19016917341180467
recent_verified,40,original,DiD pre minus post,chicago_vs_cook_ex_chicago,,,0.41323041379655373,-0.0004811315771288682,0.8269419591702363,0.2110773190682054
recent_verified,40,original,DiD pre minus post,chicago_vs_illinois_ex_cook,,,-0.12120907731831526,-0.45645091830164064,0.21403276366501012,0.17104175560373744
recent_verified,40,skip_51,"1998-2002 (tax, Dec snapshots)",chicago,0.0,0.0,,,,
recent_verified,40,skip_51,"1998-2002 (tax, Dec snapshots)",cook_ex_chicago,0.0,0.0,,,,
recent_verified,40,skip_51,"1998-2002 (tax, Dec snapshots)",illinois_ex_cook,0.0,0.0,,,,
recent_verified,40,skip_51,"2003-2011 (tax, $4)",chicago,147.0,958.0,0.9206680584551149,0.7739297765413263,1.0952281454365893,0.08858082424854875
recent_verified,40,skip_51,"2003-2011 (tax, $4)",cook_ex_chicago,112.0,1058.0,0.6351606805293005,0.5227582797501669,0.7717316123299822,0.09936675003587675
recent_verified,40,skip_51,"2003-2011 (tax, $4)",illinois_ex_cook,487.0,4367.0,0.669109228303183,0.6092994183062422,0.73479006535906,0.04777424247198985
recent_verified,40,skip_51,"2012-2013 (phase-out, $2)",chicago,35.0,186.0,1.1290322580645162,0.7868106935555043,1.620102332353898,0.18424921345137427
recent_verified,40,skip_51,"2012-2013 (phase-out, $2)",cook_ex_chicago,31.0,180.0,1.0333333333333334,0.705854342108836,1.5127452139596482,0.19445724484236782
recent_verified,40,skip_51,"2012-2013 (phase-out, $2)",illinois_ex_cook,71.0,691.0,0.6164978292329957,0.48288932484846425,0.7870738777840363,0.1246261812186664
recent_verified,40,skip_51,2014-2022 (repealed),chicago,80.0,544.0,0.8823529411764706,0.6977752711639787,1.1157556665830994,0.11974237050483696
recent_verified,40,skip_51,2014-2022 (repealed),cook_ex_chicago,93.0,580.0,0.9620689655172413,0.7729038832993822,1.197531432317691,0.11169971397938983
recent_verified,40,skip_51,2014-2022 (repealed),illinois_ex_cook,231.0,2376.0,0.5833333333333334,0.5096258404880305,0.6677011853479001,0.0689193713688666
recent_verified,40,skip_51,"2023-2025 (repealed, new coding)",chicago,9.0,48.0,1.125,0.5520202997591315,2.292714598633859,0.36324157862838946
recent_verified,40,skip_51,"2023-2025 (repealed, new coding)",cook_ex_chicago,7.0,64.0,0.65625,0.3007470137822917,1.431981176084941,0.3980981573144277
recent_verified,40,skip_51,"2023-2025 (repealed, new coding)",illinois_ex_cook,31.0,261.0,0.7126436781609196,0.49109411974665906,1.0341419121139441,0.18997231940640746
recent_verified,40,skip_51,DiD pre minus post,chicago_vs_cook_ex_chicago,,,0.4577155517258779,0.04408879248031833,0.8713423109714376,0.2110340608395712
recent_verified,40,skip_51,DiD pre minus post,chicago_vs_illinois_ex_cook,,,-0.0946811185678339,-0.42970386589173853,0.24034162875607074,0.17092997312444114
recent_verified,45,original,"1998-2002 (tax, Dec snapshots)",chicago,0.0,0.0,,,,
recent_verified,45,original,"1998-2002 (tax, Dec snapshots)",cook_ex_chicago,0.0,0.0,,,,
recent_verified,45,original,"1998-2002 (tax, Dec snapshots)",illinois_ex_cook,0.0,0.0,,,,
recent_verified,45,original,"2003-2011 (tax, $4)",chicago,86.0,767.0,0.6727509778357236,0.538339168801761,0.8407225489208017,0.1137175797383241
recent_verified,45,original,"2003-2011 (tax, $4)",cook_ex_chicago,115.0,800.0,0.8624999999999999,0.7093637795905882,1.0486950016384373,0.09972789065207908
recent_verified,45,original,"2003-2011 (tax, $4)",illinois_ex_cook,341.0,3267.0,0.6262626262626263,0.5601631226494711,0.7001619014088311,0.056909072517747274
recent_verified,45,original,"2012-2013 (phase-out, $2)",chicago,17.0,151.0,0.6754966887417219,0.40912990795613097,1.1152833553052228,0.25582424820187805
recent_verified,45,original,"2012-2013 (phase-out, $2)",cook_ex_chicago,18.0,151.0,0.7152317880794702,0.4387238868459776,1.1660101626947608,0.24935531298098892
recent_verified,45,original,"2012-2013 (phase-out, $2)",illinois_ex_cook,53.0,523.0,0.6080305927342256,0.45837430632090725,0.8065487017981029,0.14415259420975823
recent_verified,45,original,2014-2022 (repealed),chicago,57.0,429.0,0.7972027972027972,0.6047358564747601,1.0509254463142446,0.14097823229181566
recent_verified,45,original,2014-2022 (repealed),cook_ex_chicago,71.0,443.0,0.9616252821670429,0.7484974706837415,1.2354392894048443,0.12783521965940625
recent_verified,45,original,2014-2022 (repealed),illinois_ex_cook,228.0,1760.0,0.7772727272727273,0.6771110673675508,0.8922508014981773,0.07038569975827845
recent_verified,45,original,"2023-2025 (repealed, new coding)",chicago,7.0,44.0,0.9545454545454546,0.42995080230360994,2.119212291061093,0.4069206502309948
recent_verified,45,original,"2023-2025 (repealed, new coding)",cook_ex_chicago,6.0,44.0,0.8181818181818182,0.34866238275825145,1.919970494974377,0.4351941398892446
recent_verified,45,original,"2023-2025 (repealed, new coding)",illinois_ex_cook,32.0,173.0,1.1098265895953758,0.761119937292717,1.6182929898723712,0.192432707253235
recent_verified,45,original,DiD pre minus post,chicago_vs_cook_ex_chicago,,,-0.06094414771942455,-0.5374057779894951,0.415517482550646,0.24309266850513803
recent_verified,45,original,DiD pre minus post,chicago_vs_illinois_ex_cook,,,0.046287621219515046,-0.3505789324488754,0.4431541748879054,0.20248293554509716
recent_verified,45,skip_51,"1998-2002 (tax, Dec snapshots)",chicago,0.0,0.0,,,,
recent_verified,45,skip_51,"1998-2002 (tax, Dec snapshots)",cook_ex_chicago,0.0,0.0,,,,
recent_verified,45,skip_51,"1998-2002 (tax, Dec snapshots)",illinois_ex_cook,0.0,0.0,,,,
recent_verified,45,skip_51,"2003-2011 (tax, $4)",chicago,86.0,877.0,0.588369441277081,0.47148267453071196,0.7342339774696317,0.11299627353117592
recent_verified,45,skip_51,"2003-2011 (tax, $4)",cook_ex_chicago,115.0,894.0,0.7718120805369127,0.6356005352822856,0.9372142636697998,0.0990667472292052
recent_verified,45,skip_51,"2003-2011 (tax, $4)",illinois_ex_cook,341.0,3470.0,0.5896253602305475,0.527555651708244,0.6589978977597409,0.05675152647892777
recent_verified,45,skip_51,"2012-2013 (phase-out, $2)",chicago,17.0,201.0,0.5074626865671642,0.3093145234564339,0.8325453825456557,0.25258395394378114
recent_verified,45,skip_51,"2012-2013 (phase-out, $2)",cook_ex_chicago,18.0,175.0,0.6171428571428571,0.3799146868520039,1.0025021914217687,0.24752745558794334
recent_verified,45,skip_51,"2012-2013 (phase-out, $2)",illinois_ex_cook,53.0,576.0,0.5520833333333334,0.41669666093692626,0.731457761766371,0.14354105907165726
recent_verified,45,skip_51,2014-2022 (repealed),chicago,57.0,578.0,0.5916955017301039,0.45073697888941666,0.7767358418878106,0.13883070069459125
recent_verified,45,skip_51,2014-2022 (repealed),cook_ex_chicago,71.0,558.0,0.7634408602150538,0.5963756937899359,0.9773066761691303,0.12600246718851987
recent_verified,45,skip_51,2014-2022 (repealed),illinois_ex_cook,228.0,1982.0,0.6902119071644803,0.6018039006430109,0.7916074925446926,0.06993215126171219
recent_verified,45,skip_51,"2023-2025 (repealed, new coding)",chicago,7.0,63.0,0.6666666666666666,0.30533437251760565,1.4555991216443136,0.3984095364447979
recent_verified,45,skip_51,"2023-2025 (repealed, new coding)",cook_ex_chicago,6.0,60.0,0.6,0.25922795076607336,1.3887391345575348,0.4281744192888376
recent_verified,45,skip_51,"2023-2025 (repealed, new coding)",illinois_ex_cook,32.0,223.0,0.8609865470852018,0.5944103450448317,1.2471146245036973,0.1890351949578052
recent_verified,45,skip_51,DiD pre minus post,chicago_vs_cook_ex_chicago,,,-0.016542533810579463,-0.4874851548572086,0.4544000872360497,0.24027684747276998
recent_verified,45,skip_51,DiD pre minus post,chicago_vs_illinois_ex_cook,,,0.15187421444104776,-0.24087654447452939,0.5446249733566249,0.20038304026304957
recent_verified,50,original,"1998-2002 (tax, Dec snapshots)",chicago,0.0,0.0,,,,
recent_verified,50,original,"1998-2002 (tax, Dec snapshots)",cook_ex_chicago,0.0,0.0,,,,
recent_verified,50,original,"1998-2002 (tax, Dec snapshots)",illinois_ex_cook,0.0,0.0,,,,
recent_verified,50,original,"2003-2011 (tax, $4)",chicago,170.0,563.0,1.8117229129662522,1.5261565240614323,2.150722983925598,0.08751315258552345
recent_verified,50,original,"2003-2011 (tax, $4)",cook_ex_chicago,179.0,764.0,1.405759162303665,1.1946112792486894,1.6542274936860972,0.08303910345331987
recent_verified,50,original,"2003-2011 (tax, $4)",illinois_ex_cook,461.0,2572.0,1.0754276827371694,0.973933889536049,1.1874981589852869,0.05057667333167583
recent_verified,50,original,"2012-2013 (phase-out, $2)",chicago,61.0,129.0,2.8372093023255816,2.092293356155249,3.847336513076189,0.1553878393164888
recent_verified,50,original,"2012-2013 (phase-out, $2)",cook_ex_chicago,45.0,164.0,1.6463414634146343,1.1837853988858928,2.2896381529195593,0.16828482759248375
recent_verified,50,original,"2012-2013 (phase-out, $2)",illinois_ex_cook,94.0,426.0,1.323943661971831,1.0589346245388138,1.6552738757019785,0.1139548845496147
recent_verified,50,original,2014-2022 (repealed),chicago,195.0,511.0,2.2896281800391387,1.941400613108238,2.700317063584373,0.08417334667596235
recent_verified,50,original,2014-2022 (repealed),cook_ex_chicago,166.0,549.0,1.814207650273224,1.5250712938512754,2.1581610063607064,0.08857533522552699
recent_verified,50,original,2014-2022 (repealed),illinois_ex_cook,392.0,1709.0,1.3762434172030429,1.2331783518412633,1.5359059300438591,0.056001409941870965
recent_verified,50,original,"2023-2025 (repealed, new coding)",chicago,27.0,60.0,2.7,1.7143606382151524,4.252314149950231,0.23174059571793565
recent_verified,50,original,"2023-2025 (repealed, new coding)",cook_ex_chicago,22.0,56.0,2.357142857142857,1.439475307943918,3.8598247697042534,0.25161813987009823
recent_verified,50,original,"2023-2025 (repealed, new coding)",illinois_ex_cook,61.0,170.0,2.152941176470588,1.6068943902451123,2.8845428408244826,0.14925078078230375
recent_verified,50,original,DiD pre minus post,chicago_vs_cook_ex_chicago,,,0.020960170723307137,-0.31559407048209864,0.3575144119287129,0.17171134755377845
recent_verified,50,original,DiD pre minus post,chicago_vs_illinois_ex_cook,,,0.012528039586262585,-0.2676756194403641,0.2927316986128893,0.14296105052378913
recent_verified,50,skip_51,"1998-2002 (tax, Dec snapshots)",chicago,0.0,0.0,,,,
recent_verified,50,skip_51,"1998-2002 (tax, Dec snapshots)",cook_ex_chicago,0.0,0.0,,,,
recent_verified,50,skip_51,"1998-2002 (tax, Dec snapshots)",illinois_ex_cook,0.0,0.0,,,,
recent_verified,50,skip_51,"2003-2011 (tax, $4)",chicago,170.0,565.0,1.8053097345132743,1.5208613000598852,2.1429588861259457,0.08747722243876545
recent_verified,50,skip_51,"2003-2011 (tax, $4)",cook_ex_chicago,179.0,756.0,1.4206349206349207,1.2070554429638067,1.672005697411782,0.08312246087263221
recent_verified,50,skip_51,"2003-2011 (tax, $4)",illinois_ex_cook,461.0,2714.0,1.019159911569639,0.9233410128854508,1.124922331896345,0.0503751648616736
recent_verified,50,skip_51,"2012-2013 (phase-out, $2)",chicago,61.0,124.0,2.9516129032258065,2.172387024225505,4.010343752442116,0.15639040492301015
recent_verified,50,skip_51,"2012-2013 (phase-out, $2)",cook_ex_chicago,45.0,155.0,1.7419354838709677,1.2499495329409895,2.427569393805306,0.16933350266692065
recent_verified,50,skip_51,"2012-2013 (phase-out, $2)",illinois_ex_cook,94.0,439.0,1.2847380410022777,1.028191954495683,1.6052954186049315,0.1136494707438563
recent_verified,50,skip_51,2014-2022 (repealed),chicago,195.0,334.0,3.502994011976048,2.935789115115318,4.179784911920707,0.09012334383639475
recent_verified,50,skip_51,2014-2022 (repealed),cook_ex_chicago,166.0,433.0,2.300230946882217,1.9233805447715862,2.7509181286966844,0.09128836293697609
recent_verified,50,skip_51,2014-2022 (repealed),illinois_ex_cook,392.0,1558.0,1.5096277278562258,1.351361155262655,1.6864299138962608,0.056505477008088875
recent_verified,50,skip_51,"2023-2025 (repealed, new coding)",chicago,27.0,32.0,5.0625,3.0333796008688028,8.448961100239321,0.2613178850309275
recent_verified,50,skip_51,"2023-2025 (repealed, new coding)",cook_ex_chicago,22.0,41.0,3.2195121951219514,1.9179134037915426,5.404445661648634,0.26428164778694807
recent_verified,50,skip_51,"2023-2025 (repealed, new coding)",illinois_ex_cook,61.0,157.0,2.3312101910828025,1.7344235353145476,3.133341334660067,0.15087368681961472
recent_verified,50,skip_51,DiD pre minus post,chicago_vs_cook_ex_chicago,,,-0.18098022899039423,-0.5261706205416636,0.16421016256087517,0.17611754670983132
recent_verified,50,skip_51,DiD pre minus post,chicago_vs_illinois_ex_cook,,,-0.2700014489252909,-0.5574273309264016,0.017424433075819867,0.14664585816383202
recent_verified,55,original,"1998-2002 (tax, Dec snapshots)",chicago,0.0,0.0,,,,
recent_verified,55,original,"1998-2002 (tax, Dec snapshots)",cook_ex_chicago,0.0,0.0,,,,
recent_verified,55,original,"1998-2002 (tax, Dec snapshots)",illinois_ex_cook,0.0,0.0,,,,
recent_verified,55,original,"2003-2011 (tax, $4)",chicago,90.0,492.0,1.0975609756097562,0.8766783589117476,1.3740958504745149,0.11464567779168286
recent_verified,55,original,"2003-2011 (tax, $4)",cook_ex_chicago,101.0,624.0,0.9711538461538461,0.7870295813343965,1.1983536772535657,0.10725462321771496
recent_verified,55,original,"2003-2011 (tax, $4)",illinois_ex_cook,399.0,2047.0,1.1695163654127991,1.050567001569471,1.3019336481395443,0.05472463292898085
recent_verified,55,original,"2012-2013 (phase-out, $2)",chicago,18.0,108.0,1.0,0.6071426084851337,1.6470594980890487,0.2545875386086578
recent_verified,55,original,"2012-2013 (phase-out, $2)",cook_ex_chicago,19.0,130.0,0.8769230769230769,0.5418695094255498,1.4191499419398366,0.24560921529876706
recent_verified,55,original,"2012-2013 (phase-out, $2)",illinois_ex_cook,65.0,374.0,1.0427807486631016,0.8013183437787678,1.3570033660462308,0.13438159165622066
recent_verified,55,original,2014-2022 (repealed),chicago,53.0,474.0,0.6708860759493671,0.5050814392330445,0.8911199104567954,0.14483656019683738
recent_verified,55,original,2014-2022 (repealed),cook_ex_chicago,54.0,445.0,0.7280898876404494,0.548936294230311,0.9657129434802282,0.14410312116590143
recent_verified,55,original,2014-2022 (repealed),illinois_ex_cook,269.0,1553.0,1.039278815196394,0.9130972014943899,1.1828975644085982,0.06604079892141435
recent_verified,55,original,"2023-2025 (repealed, new coding)",chicago,3.0,55.0,0.32727272727272727,0.10238447323617227,1.0461296975124548,0.5928871321888775
recent_verified,55,original,"2023-2025 (repealed, new coding)",cook_ex_chicago,6.0,51.0,0.7058823529411765,0.30293606638753046,1.644802159530126,0.43159530790304196
recent_verified,55,original,"2023-2025 (repealed, new coding)",illinois_ex_cook,27.0,171.0,0.9473684210526315,0.6313104288229097,1.4216570552797219,0.20708691473246518
recent_verified,55,original,DiD pre minus post,chicago_vs_cook_ex_chicago,,,0.20418597790711396,-0.30083465364584766,0.7092066094600755,0.25766358752702123
recent_verified,55,original,DiD pre minus post,chicago_vs_illinois_ex_cook,,,0.3741830872054899,-0.02499069361451095,0.7733568680254908,0.20366009225510245
recent_verified,55,skip_51,"1998-2002 (tax, Dec snapshots)",chicago,0.0,0.0,,,,
recent_verified,55,skip_51,"1998-2002 (tax, Dec snapshots)",cook_ex_chicago,0.0,0.0,,,,
recent_verified,55,skip_51,"1998-2002 (tax, Dec snapshots)",illinois_ex_cook,0.0,0.0,,,,
recent_verified,55,skip_51,"2003-2011 (tax, $4)",chicago,90.0,418.0,1.2918660287081338,1.0287321706935542,1.6223054782130206,0.11620437000697852
recent_verified,55,skip_51,"2003-2011 (tax, $4)",cook_ex_chicago,101.0,582.0,1.041237113402062,0.8429365584005404,1.2861878103650692,0.1077924076984513
recent_verified,55,skip_51,"2003-2011 (tax, $4)",illinois_ex_cook,399.0,1892.0,1.2653276955602537,1.1358219080728231,1.4095996615071196,0.05508908140798906
recent_verified,55,skip_51,"2012-2013 (phase-out, $2)",chicago,18.0,99.0,1.0909090909090908,0.6602016559328467,1.8026047555826634,0.2562353715952691
recent_verified,55,skip_51,"2012-2013 (phase-out, $2)",cook_ex_chicago,19.0,129.0,0.8837209302325582,0.5459401696057428,1.4304913358822444,0.2457305779341768
recent_verified,55,skip_51,"2012-2013 (phase-out, $2)",illinois_ex_cook,65.0,352.0,1.1079545454545454,0.8503661617295697,1.443570228966582,0.13500194248796749
recent_verified,55,skip_51,2014-2022 (repealed),chicago,53.0,458.0,0.6943231441048036,0.5224658247429046,0.9227103584752252,0.14509076690761202
recent_verified,55,skip_51,2014-2022 (repealed),cook_ex_chicago,54.0,417.0,0.7769784172661871,0.5851956020727624,1.0316131200562346,0.14462572403722201
recent_verified,55,skip_51,2014-2022 (repealed),illinois_ex_cook,269.0,1474.0,1.0949796472184532,0.9615436656294866,1.2469328962171684,0.06630156989483348
recent_verified,55,skip_51,"2023-2025 (repealed, new coding)",chicago,3.0,49.0,0.3673469387755102,0.11449988047034605,1.1785494698633079,0.5947617141331808
recent_verified,55,skip_51,"2023-2025 (repealed, new coding)",cook_ex_chicago,6.0,48.0,0.75,0.32097662809989186,1.752464044905298,0.4330127018922193
recent_verified,55,skip_51,"2023-2025 (repealed, new coding)",illinois_ex_cook,27.0,160.0,1.0125,0.6734335138055039,1.5222827925609863,0.20805537012304448
recent_verified,55,skip_51,DiD pre minus post,chicago_vs_cook_ex_chicago,,,0.328153264023223,-0.17952301912820023,0.8358295471746462,0.2590185118119506
recent_verified,55,skip_51,DiD pre minus post,chicago_vs_illinois_ex_cook,,,0.476310147942089,0.07469906315722025,0.8779212327269577,0.20490361468615753
recent_verified,60,original,"1998-2002 (tax, Dec snapshots)",chicago,0.0,0.0,,,,
recent_verified,60,original,"1998-2002 (tax, Dec snapshots)",cook_ex_chicago,0.0,0.0,,,,
recent_verified,60,original,"1998-2002 (tax, Dec snapshots)",illinois_ex_cook,0.0,0.0,,,,
recent_verified,60,original,"2003-2011 (tax, $4)",chicago,21.0,434.0,0.2903225806451613,0.1873652780325887,0.44985496628572774,0.22343499073440892
recent_verified,60,original,"2003-2011 (tax, $4)",cook_ex_chicago,43.0,362.0,0.712707182320442,0.519527259000048,0.9777187220335956,0.16130172005504123
recent_verified,60,original,"2003-2011 (tax, $4)",illinois_ex_cook,148.0,1657.0,0.5359082679541339,0.4529631615637132,0.6340420061316685,0.08579194052186317
recent_verified,60,original,"2012-2013 (phase-out, $2)",chicago,4.0,84.0,0.2857142857142857,0.10478706426443225,0.7790336873568939,0.511766315719159
recent_verified,60,original,"2012-2013 (phase-out, $2)",cook_ex_chicago,11.0,60.0,1.1,0.57836785062725,2.0920941554544124,0.3279874350882326
recent_verified,60,original,"2012-2013 (phase-out, $2)",illinois_ex_cook,37.0,294.0,0.7551020408163265,0.5364405236307731,1.0628933999725756,0.17443734568963354
recent_verified,60,original,2014-2022 (repealed),chicago,19.0,228.0,0.5,0.3131218788797938,0.7984111518951825,0.23878346647045964
recent_verified,60,original,2014-2022 (repealed),cook_ex_chicago,11.0,183.0,0.36065573770491804,0.19626379416964387,0.6627435370328583,0.31044093123073807
recent_verified,60,original,2014-2022 (repealed),illinois_ex_cook,115.0,979.0,0.7048008171603678,0.5809748788624949,0.8550183664438469,0.09857536524693049
recent_verified,60,original,"2023-2025 (repealed, new coding)",chicago,0.0,22.0,,,,
recent_verified,60,original,"2023-2025 (repealed, new coding)",cook_ex_chicago,1.0,18.0,0.3333333333333333,0.04449756266107019,2.4970156670697707,1.0274023338281628
recent_verified,60,original,"2023-2025 (repealed, new coding)",illinois_ex_cook,10.0,117.0,0.5128205128205128,0.26885576196289646,0.9781634451479119,0.329464730353658
recent_verified,60,original,DiD pre minus post,chicago_vs_cook_ex_chicago,,,-1.224762230499823,-2.1633803347737497,-0.286144126225896,0.47888678789486067
recent_verified,60,original,DiD pre minus post,chicago_vs_illinois_ex_cook,,,-0.26966321709379376,-0.9599008049726729,0.42057437078508547,0.35216203463208123
recent_verified,60,skip_51,"1998-2002 (tax, Dec snapshots)",chicago,0.0,0.0,,,,
recent_verified,60,skip_51,"1998-2002 (tax, Dec snapshots)",cook_ex_chicago,0.0,0.0,,,,
recent_verified,60,skip_51,"1998-2002 (tax, Dec snapshots)",illinois_ex_cook,0.0,0.0,,,,
recent_verified,60,skip_51,"2003-2011 (tax, $4)",chicago,21.0,432.0,0.2916666666666667,0.18822390358201865,0.45195877264002976,0.22345886071906487
recent_verified,60,skip_51,"2003-2011 (tax, $4)",cook_ex_chicago,43.0,374.0,0.6898395721925134,0.5031290297648641,0.9458381592196148,0.16102673922343524
recent_verified,60,skip_51,"2003-2011 (tax, $4)",illinois_ex_cook,148.0,1622.0,0.5474722564734895,0.4626685364422848,0.6478198710310688,0.08586780286056454
recent_verified,60,skip_51,"2012-2013 (phase-out, $2)",chicago,4.0,80.0,0.3,0.10990114716225319,0.8189177485757084,0.51234753829798
recent_verified,60,skip_51,"2012-2013 (phase-out, $2)",cook_ex_chicago,11.0,62.0,1.064516129032258,0.5606117978588613,2.021353445107329,0.32716681244764945
recent_verified,60,skip_51,"2012-2013 (phase-out, $2)",illinois_ex_cook,37.0,278.0,0.7985611510791366,0.5666922066692951,1.125302067873643,0.17499756949507986
recent_verified,60,skip_51,2014-2022 (repealed),chicago,19.0,212.0,0.5377358490566038,0.336297198596054,0.8598342316492299,0.23947559391187212
recent_verified,60,skip_51,2014-2022 (repealed),cook_ex_chicago,11.0,195.0,0.3384615384615385,0.1843818207338814,0.6212988491044933,0.30989884807352225
recent_verified,60,skip_51,2014-2022 (repealed),illinois_ex_cook,115.0,929.0,0.7427341227125941,0.6119096516061641,0.9015284782543372,0.09885382359177568
recent_verified,60,skip_51,"2023-2025 (repealed, new coding)",chicago,0.0,21.0,,,,
recent_verified,60,skip_51,"2023-2025 (repealed, new coding)",cook_ex_chicago,1.0,20.0,0.3,0.04026087382526411,2.235420929774358,1.02469507659596
recent_verified,60,skip_51,"2023-2025 (repealed, new coding)",illinois_ex_cook,10.0,114.0,0.5263157894736842,0.27574646385266555,1.0045761108919102,0.32980589719494313
recent_verified,60,skip_51,DiD pre minus post,chicago_vs_cook_ex_chicago,,,-1.323804459059522,-2.2622522324714076,-0.38535668564763637,0.47879988439381915
recent_verified,60,skip_51,DiD pre minus post,chicago_vs_illinois_ex_cook,,,-0.3067295045544607,-0.998106219266561,0.3846472101576396,0.3527432217918879
recent_verified,65,original,"1998-2002 (tax, Dec snapshots)",chicago,0.0,0.0,,,,
recent_verified,65,original,"1998-2002 (tax, Dec snapshots)",cook_ex_chicago,0.0,0.0,,,,
recent_verified,65,original,"1998-2002 (tax, Dec snapshots)",illinois_ex_cook,0.0,0.0,,,,
recent_verified,65,original,"2003-2011 (tax, $4)",chicago,29.0,321.0,0.5420560747663551,0.3706733972217763,0.7926783804647062,0.19390209750850412
recent_verified,65,original,"2003-2011 (tax, $4)",cook_ex_chicago,55.0,318.0,1.0377358490566038,0.7794326365548345,1.3816404932403272,0.1460358595341175
recent_verified,65,original,"2003-2011 (tax, $4)",illinois_ex_cook,140.0,1288.0,0.6521739130434783,0.5477891683225695,0.77644984138128,0.08899019416983589
recent_verified,65,original,"2012-2013 (phase-out, $2)",chicago,4.0,66.0,0.36363636363636365,0.13254128903417486,0.9976619808230682,0.5149286505444373
recent_verified,65,original,"2012-2013 (phase-out, $2)",cook_ex_chicago,10.0,60.0,1.0,0.5119811607433747,1.9531968687051742,0.3415650255319866
recent_verified,65,original,"2012-2013 (phase-out, $2)",illinois_ex_cook,17.0,210.0,0.4857142857142857,0.2963034133889502,0.7962053647936026,0.2521615239755452
recent_verified,65,original,2014-2022 (repealed),chicago,15.0,163.0,0.5521472392638036,0.32537289503368594,0.9369759389302452,0.2698177829421553
recent_verified,65,original,2014-2022 (repealed),cook_ex_chicago,31.0,171.0,1.087719298245614,0.741912600245506,1.5947070738310967,0.195207627239571
recent_verified,65,original,2014-2022 (repealed),illinois_ex_cook,77.0,719.0,0.6425591098748261,0.5079788982800448,0.8127940177851838,0.11990760430914144
recent_verified,65,original,"2023-2025 (repealed, new coding)",chicago,2.0,13.0,0.9230769230769231,0.20830132342339913,4.090569334431046,0.7595545253127499
recent_verified,65,original,"2023-2025 (repealed, new coding)",cook_ex_chicago,4.0,16.0,1.5,0.5014716513640489,4.486794006958904,0.5590169943749475
recent_verified,65,original,"2023-2025 (repealed, new coding)",illinois_ex_cook,9.0,86.0,0.627906976744186,0.31599396167595173,1.2477047642079324,0.35034128801478037
recent_verified,65,original,DiD pre minus post,chicago_vs_cook_ex_chicago,,,0.02859655209120282,-0.7791330964810373,0.836326200663443,0.4121069635572654
recent_verified,65,original,DiD pre minus post,chicago_vs_illinois_ex_cook,,,-0.03329774525135776,-0.7472780150992958,0.6806825245965803,0.36427564788160105
recent_verified,65,skip_51,"1998-2002 (tax, Dec snapshots)",chicago,0.0,0.0,,,,
recent_verified,65,skip_51,"1998-2002 (tax, Dec snapshots)",cook_ex_chicago,0.0,0.0,,,,
recent_verified,65,skip_51,"1998-2002 (tax, Dec snapshots)",illinois_ex_cook,0.0,0.0,,,,
recent_verified,65,skip_51,"2003-2011 (tax, $4)",chicago,29.0,307.0,0.5667752442996743,0.3872991493883608,0.8294213350539553,0.19426808181200964
recent_verified,65,skip_51,"2003-2011 (tax, $4)",cook_ex_chicago,55.0,328.0,1.0060975609756098,0.7561563312603047,1.3386547997475042,0.14570723616081344
recent_verified,65,skip_51,"2003-2011 (tax, $4)",illinois_ex_cook,140.0,1258.0,0.6677265500794913,0.5607382258533576,0.7951281455843869,0.08909416199996263
recent_verified,65,skip_51,"2012-2013 (phase-out, $2)",chicago,4.0,66.0,0.36363636363636365,0.13254128903417486,0.9976619808230682,0.5149286505444373
recent_verified,65,skip_51,"2012-2013 (phase-out, $2)",cook_ex_chicago,10.0,62.0,0.9677419354838709,0.49623139448882647,1.8872736874271987,0.3407771005482389
recent_verified,65,skip_51,"2012-2013 (phase-out, $2)",illinois_ex_cook,17.0,208.0,0.4903846153846154,0.29909926521446434,0.8040042185776919,0.2522522977486172
recent_verified,65,skip_51,2014-2022 (repealed),chicago,15.0,163.0,0.5521472392638036,0.32537289503368594,0.9369759389302452,0.2698177829421553
recent_verified,65,skip_51,2014-2022 (repealed),cook_ex_chicago,31.0,162.0,1.1481481481481481,0.7818564098579843,1.6860438227211907,0.1960380167781287
recent_verified,65,skip_51,2014-2022 (repealed),illinois_ex_cook,77.0,714.0,0.6470588235294118,0.5114954628511794,0.8185509970575903,0.11994821053730907
recent_verified,65,skip_51,"2023-2025 (repealed, new coding)",chicago,2.0,13.0,0.9230769230769231,0.20830132342339913,4.090569334431046,0.7595545253127499
recent_verified,65,skip_51,"2023-2025 (repealed, new coding)",cook_ex_chicago,4.0,15.0,1.6,0.5310229803710581,4.820883642759062,0.5627314338711378
recent_verified,65,skip_51,"2023-2025 (repealed, new coding)",illinois_ex_cook,9.0,87.0,0.6206896551724138,0.3124786825922975,1.2329021770125268,0.3501504876259268
recent_verified,65,skip_51,DiD pre minus post,chicago_vs_cook_ex_chicago,,,0.1582193745082643,-0.6503922220778693,0.9668309710943979,0.41255693703374163
recent_verified,65,skip_51,DiD pre minus post,chicago_vs_illinois_ex_cook,,,-0.005293443730989722,-0.7197317704808074,0.7091448830188279,0.36450935038256005
recent_verified,70,original,"1998-2002 (tax, Dec snapshots)",chicago,0.0,0.0,,,,
recent_verified,70,original,"1998-2002 (tax, Dec snapshots)",cook_ex_chicago,0.0,0.0,,,,
recent_verified,70,original,"1998-2002 (tax, Dec snapshots)",illinois_ex_cook,0.0,0.0,,,,
recent_verified,70,original,"2003-2011 (tax, $4)",chicago,17.0,274.0,0.3722627737226278,0.22808199523684447,0.6075866381112671,0.24994632313411025
recent_verified,70,original,"2003-2011 (tax, $4)",cook_ex_chicago,47.0,307.0,0.9185667752442997,0.6757436221007166,1.2486465176832293,0.15663308952743307
recent_verified,70,original,"2003-2011 (tax, $4)",illinois_ex_cook,101.0,1013.0,0.5982230997038499,0.4875754027356765,0.7339805802576358,0.10434633165667288
recent_verified,70,original,"2012-2013 (phase-out, $2)",chicago,4.0,61.0,0.3934426229508197,0.14306717059234939,1.081988949061517,0.5161331636534808
recent_verified,70,original,"2012-2013 (phase-out, $2)",cook_ex_chicago,10.0,63.0,0.9523809523809523,0.48871458620803776,1.855949267845143,0.34040125715545744
recent_verified,70,original,"2012-2013 (phase-out, $2)",illinois_ex_cook,18.0,178.0,0.6067415730337078,0.3736541332077836,0.9852302001506391,0.24733283866815065
recent_verified,70,original,2014-2022 (repealed),chicago,6.0,158.0,0.2278481012658228,0.1008325338273264,0.5148611790252496,0.41592761460465366
recent_verified,70,original,2014-2022 (repealed),cook_ex_chicago,18.0,183.0,0.5901639344262295,0.3636662556565894,0.957728312924202,0.24702233994088973
recent_verified,70,original,2014-2022 (repealed),illinois_ex_cook,67.0,679.0,0.5920471281296024,0.46063137470206295,0.760955117643097,0.1280551724234597
recent_verified,70,original,"2023-2025 (repealed, new coding)",chicago,0.0,20.0,,,,
recent_verified,70,original,"2023-2025 (repealed, new coding)",cook_ex_chicago,1.0,18.0,0.3333333333333333,0.04449756266107019,2.4970156670697707,1.0274023338281628
recent_verified,70,original,"2023-2025 (repealed, new coding)",illinois_ex_cook,11.0,79.0,0.8354430379746836,0.44460995194961916,1.5698368123335626,0.32181876694374456
recent_verified,70,original,DiD pre minus post,chicago_vs_cook_ex_chicago,,,0.04850655239893997,-1.0620075611864586,1.1590206659843383,0.566588833461938
recent_verified,70,original,DiD pre minus post,chicago_vs_illinois_ex_cook,,,0.4805432807067517,-0.524145968920421,1.4852325303339242,0.512596555932231
recent_verified,70,skip_51,"1998-2002 (tax, Dec snapshots)",chicago,0.0,0.0,,,,
recent_verified,70,skip_51,"1998-2002 (tax, Dec snapshots)",cook_ex_chicago,0.0,0.0,,,,
recent_verified,70,skip_51,"1998-2002 (tax, Dec snapshots)",illinois_ex_cook,0.0,0.0,,,,
recent_verified,70,skip_51,"2003-2011 (tax, $4)",chicago,17.0,278.0,0.3669064748201439,0.2248465394562537,0.5987210725612999,0.24984125302664284
recent_verified,70,skip_51,"2003-2011 (tax, $4)",cook_ex_chicago,47.0,309.0,0.912621359223301,0.6714584618405054,1.24040099670145,0.15656577435497646
recent_verified,70,skip_51,"2003-2011 (tax, $4)",illinois_ex_cook,101.0,1032.0,0.5872093023255814,0.47868045791427416,0.720344352974293,0.10425920749301673
recent_verified,70,skip_51,"2012-2013 (phase-out, $2)",chicago,4.0,61.0,0.3934426229508197,0.14306717059234939,1.081988949061517,0.5161331636534808
recent_verified,70,skip_51,"2012-2013 (phase-out, $2)",cook_ex_chicago,10.0,59.0,1.0169491525423728,0.5202372429612486,1.9879114631815866,0.3419782925016921
recent_verified,70,skip_51,"2012-2013 (phase-out, $2)",illinois_ex_cook,18.0,188.0,0.574468085106383,0.35419856331634264,0.9317191400097579,0.24672799697587172
recent_verified,70,skip_51,2014-2022 (repealed),chicago,6.0,162.0,0.2222222222222222,0.09837906735623927,0.5019636532084976,0.41573970964154905
recent_verified,70,skip_51,2014-2022 (repealed),cook_ex_chicago,18.0,175.0,0.6171428571428571,0.3799146868520039,1.0025021914217687,0.24752745558794334
recent_verified,70,skip_51,2014-2022 (repealed),illinois_ex_cook,67.0,695.0,0.5784172661870504,0.45014375740700224,0.7432437489537354,0.12792271907363315
recent_verified,70,skip_51,"2023-2025 (repealed, new coding)",chicago,0.0,25.0,,,,
recent_verified,70,skip_51,"2023-2025 (repealed, new coding)",cook_ex_chicago,1.0,18.0,0.3333333333333333,0.04449756266107019,2.4970156670697707,1.0274023338281628
recent_verified,70,skip_51,"2023-2025 (repealed, new coding)",illinois_ex_cook,11.0,85.0,0.7764705882352941,0.41435405828715116,1.455051693922698,0.32042752190073165
recent_verified,70,skip_51,DiD pre minus post,chicago_vs_cook_ex_chicago,,,0.11020855553024544,-1.0003400374778777,1.2207571485383686,0.5666064250041445
recent_verified,70,skip_51,DiD pre minus post,chicago_vs_illinois_ex_cook,,,0.4863432993963306,-0.5178470919984102,1.4905336907910713,0.5123420364258882
recent_verified,75,original,"1998-2002 (tax, Dec snapshots)",chicago,0.0,0.0,,,,
recent_verified,75,original,"1998-2002 (tax, Dec snapshots)",cook_ex_chicago,0.0,0.0,,,,
recent_verified,75,original,"1998-2002 (tax, Dec snapshots)",illinois_ex_cook,0.0,0.0,,,,
recent_verified,75,original,"2003-2011 (tax, $4)",chicago,38.0,258.0,0.8837209302325582,0.6286509142410568,1.242283538987485,0.17375775800214582
recent_verified,75,original,"2003-2011 (tax, $4)",cook_ex_chicago,30.0,278.0,0.6474820143884892,0.44426977011627433,0.9436450264145905,0.19217298362540872
recent_verified,75,original,"2003-2011 (tax, $4)",illinois_ex_cook,99.0,831.0,0.7148014440433214,0.5803396724367751,0.8804173291497348,0.10632205573363632
recent_verified,75,original,"2012-2013 (phase-out, $2)",chicago,9.0,58.0,0.9310344827586208,0.46132395807302135,1.8789945610160697,0.3582631580576713
recent_verified,75,original,"2012-2013 (phase-out, $2)",cook_ex_chicago,7.0,61.0,0.6885245901639344,0.3149422389741194,1.5052477965630089,0.3990621323554687
recent_verified,75,original,"2012-2013 (phase-out, $2)",illinois_ex_cook,23.0,158.0,0.8734177215189873,0.5639635599364834,1.3526734180295914,0.22317565905271983
recent_verified,75,original,2014-2022 (repealed),chicago,30.0,147.0,1.2244897959183674,0.8268418491695946,1.8133761151712897,0.20033984731392981
recent_verified,75,original,2014-2022 (repealed),cook_ex_chicago,20.0,170.0,0.7058823529411765,0.4441291473043757,1.1219031653698055,0.23639448585188377
recent_verified,75,original,2014-2022 (repealed),illinois_ex_cook,73.0,509.0,0.8605108055009824,0.6733238015445547,1.0997366269918667,0.12515297311380974
recent_verified,75,original,"2023-2025 (repealed, new coding)",chicago,6.0,22.0,1.6363636363636365,0.6634954781453803,4.035725997557603,0.4605661864718383
recent_verified,75,original,"2023-2025 (repealed, new coding)",cook_ex_chicago,2.0,15.0,0.8,0.18294349384524863,3.4983479682604846,0.752772652709081
recent_verified,75,original,"2023-2025 (repealed, new coding)",illinois_ex_cook,7.0,63.0,0.6666666666666666,0.30533437251760565,1.4555991216443136,0.3984095364447979
recent_verified,75,original,DiD pre minus post,chicago_vs_cook_ex_chicago,,,-0.23978065154643968,-1.0314377815070812,0.551876478414202,0.40390669895951103
recent_verified,75,original,DiD pre minus post,chicago_vs_illinois_ex_cook,,,-0.1406168507599241,-0.7519843635438477,0.4707506620239994,0.311922200399961
recent_verified,75,skip_51,"1998-2002 (tax, Dec snapshots)",chicago,0.0,0.0,,,,
recent_verified,75,skip_51,"1998-2002 (tax, Dec snapshots)",cook_ex_chicago,0.0,0.0,,,,
recent_verified,75,skip_51,"1998-2002 (tax, Dec snapshots)",illinois_ex_cook,0.0,0.0,,,,
recent_verified,75,skip_51,"2003-2011 (tax, $4)",chicago,38.0,269.0,0.8475836431226765,0.6034839389495209,1.1904178151611087,0.1733010721047141
recent_verified,75,skip_51,"2003-2011 (tax, $4)",cook_ex_chicago,30.0,253.0,0.7114624505928854,0.4872879916604048,1.0387672736996034,0.19309557867360352
recent_verified,75,skip_51,"2003-2011 (tax, $4)",illinois_ex_cook,99.0,805.0,0.737888198757764,0.598869166803644,0.909178538564668,0.10650467654452936
recent_verified,75,skip_51,"2012-2013 (phase-out, $2)",chicago,9.0,60.0,0.9,0.44664889554842974,1.8135049880855967,0.35746017649212025
recent_verified,75,skip_51,"2012-2013 (phase-out, $2)",cook_ex_chicago,7.0,54.0,0.7777777777777778,0.35392240488487053,1.7092398312610986,0.4017158963442465
recent_verified,75,skip_51,"2012-2013 (phase-out, $2)",illinois_ex_cook,23.0,151.0,0.9139072847682119,0.5893488889881122,1.4172021713427767,0.2238320294905459
recent_verified,75,skip_51,2014-2022 (repealed),chicago,30.0,155.0,1.1612903225806452,0.7855170760658133,1.7168248207585357,0.19946164101540712
recent_verified,75,skip_51,2014-2022 (repealed),cook_ex_chicago,20.0,157.0,0.7643312101910827,0.479936203442289,1.21724969835999,0.23742246471552003
recent_verified,75,skip_51,2014-2022 (repealed),illinois_ex_cook,73.0,505.0,0.8673267326732673,0.6785743886385138,1.1085824543407907,0.12521512750777472
recent_verified,75,skip_51,"2023-2025 (repealed, new coding)",chicago,6.0,20.0,1.7999999999999998,0.7228571292181447,4.482213523306386,0.4654746681256314
recent_verified,75,skip_51,"2023-2025 (repealed, new coding)",cook_ex_chicago,2.0,15.0,0.8,0.18294349384524863,3.4983479682604846,0.752772652709081
recent_verified,75,skip_51,"2023-2025 (repealed, new coding)",illinois_ex_cook,7.0,67.0,0.6268656716417911,0.2877764803957684,1.3655062072567208,0.39721847387989295
recent_verified,75,skip_51,DiD pre minus post,chicago_vs_cook_ex_chicago,,,-0.2432189093473145,-1.0356833817763533,0.5492455630817243,0.40431860838216266
recent_verified,75,skip_51,DiD pre minus post,chicago_vs_illinois_ex_cook,,,-0.15327404546135753,-0.7632098025381713,0.45666171161545616,0.3111917127942927
recent_verified,80,original,"1998-2002 (tax, Dec snapshots)",chicago,0.0,0.0,,,,
recent_verified,80,original,"1998-2002 (tax, Dec snapshots)",cook_ex_chicago,0.0,0.0,,,,
recent_verified,80,original,"1998-2002 (tax, Dec snapshots)",illinois_ex_cook,0.0,0.0,,,,
recent_verified,80,original,"2003-2011 (tax, $4)",chicago,34.0,243.0,0.8395061728395061,0.5863579491673342,1.2019460386551495,0.18310377124278712
recent_verified,80,original,"2003-2011 (tax, $4)",cook_ex_chicago,17.0,213.0,0.4788732394366197,0.2922063016971521,0.7847865638647076,0.2520285005560202
recent_verified,80,original,"2003-2011 (tax, $4)",illinois_ex_cook,85.0,657.0,0.776255707762557,0.6192791630878116,0.9730230883749363,0.11526827793271505
recent_verified,80,original,"2012-2013 (phase-out, $2)",chicago,6.0,60.0,0.6,0.25922795076607336,1.3887391345575348,0.4281744192888376
recent_verified,80,original,"2012-2013 (phase-out, $2)",cook_ex_chicago,1.0,47.0,0.12765957446808512,0.017612798550730068,0.9252911686029046,1.0105823052798226
recent_verified,80,original,"2012-2013 (phase-out, $2)",illinois_ex_cook,12.0,128.0,0.5625,0.3112697554040899,1.016501746497156,0.30190368221228
recent_verified,80,original,2014-2022 (repealed),chicago,20.0,152.0,0.7894736842105263,0.49529544427722577,1.258377611307257,0.2378632955468772
recent_verified,80,original,2014-2022 (repealed),cook_ex_chicago,7.0,125.0,0.336,0.15693640239559747,0.7193742068549361,0.3884033249820898
recent_verified,80,original,2014-2022 (repealed),illinois_ex_cook,40.0,360.0,0.6666666666666666,0.480882762892628,0.9242261913714725,0.16666666666666669
recent_verified,80,original,"2023-2025 (repealed, new coding)",chicago,1.0,21.0,0.2857142857142857,0.038431150930053906,2.1241272011290757,1.023532631438318
recent_verified,80,original,"2023-2025 (repealed, new coding)",cook_ex_chicago,2.0,9.0,1.3333333333333333,0.28807903509234156,6.171145974603547,0.7817359599705717
recent_verified,80,original,"2023-2025 (repealed, new coding)",illinois_ex_cook,9.0,41.0,1.3170731707317074,0.6401364062993447,2.709862648008947,0.3681050869161551
recent_verified,80,original,DiD pre minus post,chicago_vs_cook_ex_chicago,,,-0.2928774380258803,-1.3744022525086528,0.7886473764568922,0.5517983747361084
recent_verified,80,original,DiD pre minus post,chicago_vs_illinois_ex_cook,,,-0.09074448677402705,-0.8006068413201858,0.6191178677721317,0.3621746706868157
recent_verified,80,skip_51,"1998-2002 (tax, Dec snapshots)",chicago,0.0,0.0,,,,
recent_verified,80,skip_51,"1998-2002 (tax, Dec snapshots)",cook_ex_chicago,0.0,0.0,,,,
recent_verified,80,skip_51,"1998-2002 (tax, Dec snapshots)",illinois_ex_cook,0.0,0.0,,,,
recent_verified,80,skip_51,"2003-2011 (tax, $4)",chicago,34.0,239.0,0.8535564853556484,0.5959518609200403,1.2225126247075166,0.18329174865304873
recent_verified,80,skip_51,"2003-2011 (tax, $4)",cook_ex_chicago,17.0,230.0,0.4434782608695652,0.27097433167991075,0.7257992542858807,0.25133912448865026
recent_verified,80,skip_51,"2003-2011 (tax, $4)",illinois_ex_cook,85.0,707.0,0.7213578500707214,0.5760108772124295,0.9033807666565098,0.11480040522295362
recent_verified,80,skip_51,"2012-2013 (phase-out, $2)",chicago,6.0,50.0,0.72,0.30871991052949227,1.679191987037314,0.43204937989385733
recent_verified,80,skip_51,"2012-2013 (phase-out, $2)",cook_ex_chicago,1.0,49.0,0.12244897959183675,0.01690814507249139,0.8867769077446617,1.0101525445522108
recent_verified,80,skip_51,"2012-2013 (phase-out, $2)",illinois_ex_cook,12.0,136.0,0.5294117647058824,0.29339767449514176,0.9552796118485852,0.30114161869426803
recent_verified,80,skip_51,2014-2022 (repealed),chicago,20.0,124.0,0.9677419354838709,0.603455614344226,1.5519359360203944,0.24096579867074966
recent_verified,80,skip_51,2014-2022 (repealed),cook_ex_chicago,7.0,152.0,0.27631578947368424,0.129524217677891,0.5894682622391005,0.3865696447285584
recent_verified,80,skip_51,2014-2022 (repealed),illinois_ex_cook,40.0,381.0,0.6299212598425197,0.454787222605916,0.8724976733689472,0.16620671441313825
recent_verified,80,skip_51,"2023-2025 (repealed, new coding)",chicago,1.0,18.0,0.3333333333333333,0.04449756266107019,2.4970156670697707,1.0274023338281628
recent_verified,80,skip_51,"2023-2025 (repealed, new coding)",cook_ex_chicago,2.0,10.0,1.2,0.2629246170912146,5.476854985778798,0.7745966692414834
recent_verified,80,skip_51,"2023-2025 (repealed, new coding)",illinois_ex_cook,9.0,47.0,1.148936170212766,0.5630921783927688,2.34429525728985,0.36385121527321024
recent_verified,80,skip_51,DiD pre minus post,chicago_vs_cook_ex_chicago,,,-0.5986581421882871,-1.6798034997222246,0.48248721534565053,0.5516047742520089
recent_verified,80,skip_51,DiD pre minus post,chicago_vs_illinois_ex_cook,,,-0.26109424687081184,-0.9744485892135929,0.4522600954719692,0.3639562971136638
recent_verified,85,original,"1998-2002 (tax, Dec snapshots)",chicago,0.0,0.0,,,,
recent_verified,85,original,"1998-2002 (tax, Dec snapshots)",cook_ex_chicago,0.0,0.0,,,,
recent_verified,85,original,"1998-2002 (tax, Dec snapshots)",illinois_ex_cook,0.0,0.0,,,,
recent_verified,85,original,"2003-2011 (tax, $4)",chicago,36.0,195.0,1.1076923076923078,0.7762619319135277,1.5806291640453534,0.18140006313665635
recent_verified,85,original,"2003-2011 (tax, $4)",cook_ex_chicago,30.0,155.0,1.1612903225806452,0.7855170760658133,1.7168248207585357,0.19946164101540712
recent_verified,85,original,"2003-2011 (tax, $4)",illinois_ex_cook,133.0,545.0,1.4642201834862385,1.2113830686426281,1.7698288850369932,0.09671431837014778
recent_verified,85,original,"2012-2013 (phase-out, $2)",chicago,6.0,46.0,0.7826086956521738,0.3342470476931968,1.8324062238915717,0.4340573661412156
recent_verified,85,original,"2012-2013 (phase-out, $2)",cook_ex_chicago,6.0,38.0,0.9473684210526316,0.40048030725586986,2.241076299999771,0.4392976851069794
recent_verified,85,original,"2012-2013 (phase-out, $2)",illinois_ex_cook,23.0,110.0,1.2545454545454546,0.8004230759490111,1.9663154959077185,0.22927967629180374
recent_verified,85,original,2014-2022 (repealed),chicago,14.0,134.0,0.6268656716417911,0.3614831972738038,1.0870783849609134,0.2808758764930438
recent_verified,85,original,2014-2022 (repealed),cook_ex_chicago,39.0,96.0,2.4375,1.6799956539656578,3.5365604881031754,0.18988863132818748
recent_verified,85,original,2014-2022 (repealed),illinois_ex_cook,73.0,343.0,1.2769679300291545,0.9918861356094002,1.643986175208607,0.12889562456511094
recent_verified,85,original,"2023-2025 (repealed, new coding)",chicago,1.0,17.0,0.3529411764705882,0.046968541267807896,2.6521469623290406,1.0289915108550531
recent_verified,85,original,"2023-2025 (repealed, new coding)",cook_ex_chicago,3.0,9.0,2.0,0.5414419144797877,7.387680733663116,0.6666666666666666
recent_verified,85,original,"2023-2025 (repealed, new coding)",illinois_ex_cook,10.0,40.0,1.5,0.7501369137432412,2.9994524449841107,0.3535533905932738
recent_verified,85,original,DiD pre minus post,chicago_vs_cook_ex_chicago,,,1.3107430401469173,0.46172162647136217,2.1597644538224725,0.43317419065079343
recent_verified,85,original,DiD pre minus post,chicago_vs_illinois_ex_cook,,,0.43246751065195754,-0.29501991607654177,1.1599549373804567,0.371167054453316
recent_verified,85,skip_51,"1998-2002 (tax, Dec snapshots)",chicago,0.0,0.0,,,,
recent_verified,85,skip_51,"1998-2002 (tax, Dec snapshots)",cook_ex_chicago,0.0,0.0,,,,
recent_verified,85,skip_51,"1998-2002 (tax, Dec snapshots)",illinois_ex_cook,0.0,0.0,,,,
recent_verified,85,skip_51,"2003-2011 (tax, $4)",chicago,36.0,210.0,1.0285714285714285,0.7222464903584991,1.4648173411660799,0.180387589760722
recent_verified,85,skip_51,"2003-2011 (tax, $4)",cook_ex_chicago,30.0,149.0,1.2080536912751678,0.8161079564852578,1.7882361143600995,0.20011182556087606
recent_verified,85,skip_51,"2003-2011 (tax, $4)",illinois_ex_cook,133.0,563.0,1.4174067495559504,1.1733516049988153,1.7122249504135574,0.09641055920780588
recent_verified,85,skip_51,"2012-2013 (phase-out, $2)",chicago,6.0,50.0,0.72,0.30871991052949227,1.679191987037314,0.43204937989385733
recent_verified,85,skip_51,"2012-2013 (phase-out, $2)",cook_ex_chicago,6.0,35.0,1.0285714285714287,0.43263108030094627,2.445407257697559,0.4418575508442684
recent_verified,85,skip_51,"2012-2013 (phase-out, $2)",illinois_ex_cook,23.0,109.0,1.2660550458715596,0.8074786156677903,1.9850623262031917,0.2294614843414265
recent_verified,85,skip_51,2014-2022 (repealed),chicago,14.0,134.0,0.6268656716417911,0.3614831972738038,1.0870783849609134,0.2808758764930438
recent_verified,85,skip_51,2014-2022 (repealed),cook_ex_chicago,39.0,96.0,2.4375,1.6799956539656578,3.5365604881031754,0.18988863132818748
recent_verified,85,skip_51,2014-2022 (repealed),illinois_ex_cook,73.0,341.0,1.284457478005865,0.9975739821326682,1.6538432661185574,0.12896193801519268
recent_verified,85,skip_51,"2023-2025 (repealed, new coding)",chicago,1.0,16.0,0.375,0.04972979594286757,2.8277815610093806,1.0307764064044151
recent_verified,85,skip_51,"2023-2025 (repealed, new coding)",cook_ex_chicago,3.0,10.0,1.7999999999999998,0.4953734835153245,6.540519643901709,0.6582805886043833
recent_verified,85,skip_51,"2023-2025 (repealed, new coding)",illinois_ex_cook,10.0,37.0,1.6216216216216215,0.8064333443778956,3.260848155701356,0.356408511440211
recent_verified,85,skip_51,DiD pre minus post,chicago_vs_cook_ex_chicago,,,1.1971562570194079,0.3483758286405504,2.0459366853982655,0.4330512389688048
recent_verified,85,skip_51,DiD pre minus post,chicago_vs_illinois_ex_cook,,,0.3967013418571047,-0.32970839389601503,1.1231110776102244,0.37061721211893867
recent_verified,90,original,"1998-2002 (tax, Dec snapshots)",chicago,0.0,0.0,,,,
recent_verified,90,original,"1998-2002 (tax, Dec snapshots)",cook_ex_chicago,0.0,0.0,,,,
recent_verified,90,original,"1998-2002 (tax, Dec snapshots)",illinois_ex_cook,0.0,0.0,,,,
recent_verified,90,original,"2003-2011 (tax, $4)",chicago,23.0,99.0,1.393939393939394,0.8855456962840136,2.1942030119165548,0.23147196584160104
recent_verified,90,original,"2003-2011 (tax, $4)",cook_ex_chicago,19.0,192.0,0.59375,0.3705838487341897,0.9513071433203967,0.24049929787985194
recent_verified,90,original,"2003-2011 (tax, $4)",illinois_ex_cook,98.0,306.0,1.9215686274509804,1.5305792295785339,2.4124370164232567,0.11606918406218858
recent_verified,90,original,"2012-2013 (phase-out, $2)",chicago,6.0,20.0,1.7999999999999998,0.7228571292181447,4.482213523306386,0.4654746681256314
recent_verified,90,original,"2012-2013 (phase-out, $2)",cook_ex_chicago,4.0,44.0,0.5454545454545455,0.19598592754092622,1.5180715518204535,0.5222329678670935
recent_verified,90,original,"2012-2013 (phase-out, $2)",illinois_ex_cook,16.0,70.0,1.3714285714285714,0.7967075043587577,2.3607363006382327,0.27710235344672607
recent_verified,90,original,2014-2022 (repealed),chicago,12.0,57.0,1.263157894736842,0.6777992787452621,2.3540418484801524,0.3176117015830118
recent_verified,90,original,2014-2022 (repealed),cook_ex_chicago,9.0,121.0,0.44628099173553715,0.22672859353993585,0.8784367268144037,0.34550770457549634
recent_verified,90,original,2014-2022 (repealed),illinois_ex_cook,56.0,191.0,1.7591623036649215,1.3060277858987943,2.3695146795869793,0.1519629723037283
recent_verified,90,original,"2023-2025 (repealed, new coding)",chicago,1.0,9.0,0.6666666666666666,0.08445921593821881,5.262237394786517,1.0540925533894598
recent_verified,90,original,"2023-2025 (repealed, new coding)",cook_ex_chicago,2.0,16.0,0.75,0.17244411389004288,3.2619263557970557,0.75
recent_verified,90,original,"2023-2025 (repealed, new coding)",illinois_ex_cook,8.0,26.0,1.8461538461538463,0.8358292640378188,4.077727557902812,0.40430377003131995
recent_verified,90,original,DiD pre minus post,chicago_vs_cook_ex_chicago,,,-0.18699059155807096,-1.3157735484255693,0.9417923653094273,0.5759096718711726
recent_verified,90,original,DiD pre minus post,chicago_vs_illinois_ex_cook,,,0.010214869811437988,-0.8464223283612857,0.8668520679841616,0.4370597949860835
recent_verified,90,skip_51,"1998-2002 (tax, Dec snapshots)",chicago,0.0,0.0,,,,
recent_verified,90,skip_51,"1998-2002 (tax, Dec snapshots)",cook_ex_chicago,0.0,0.0,,,,
recent_verified,90,skip_51,"1998-2002 (tax, Dec snapshots)",illinois_ex_cook,0.0,0.0,,,,
recent_verified,90,skip_51,"2003-2011 (tax, $4)",chicago,23.0,112.0,1.232142857142857,0.7866758921001515,1.9298621397373195,0.2289253858752599
recent_verified,90,skip_51,"2003-2011 (tax, $4)",cook_ex_chicago,19.0,190.0,0.6,0.37440109979811,0.9615356370323818,0.2406132515928939
recent_verified,90,skip_51,"2003-2011 (tax, $4)",illinois_ex_cook,98.0,359.0,1.6378830083565459,1.3099901392955455,2.0478480475476744,0.11397191300047271
recent_verified,90,skip_51,"2012-2013 (phase-out, $2)",chicago,6.0,22.0,1.6363636363636365,0.6634954781453803,4.035725997557603,0.4605661864718383
recent_verified,90,skip_51,"2012-2013 (phase-out, $2)",cook_ex_chicago,4.0,42.0,0.5714285714285714,0.2049024431594238,1.593590623957771,0.5232681184722836
recent_verified,90,skip_51,"2012-2013 (phase-out, $2)",illinois_ex_cook,16.0,77.0,1.2467532467532467,0.7276280582537975,2.136247552107986,0.2747489999745458
recent_verified,90,skip_51,2014-2022 (repealed),chicago,12.0,60.0,1.2,0.6456582986511669,2.2302818735673005,0.31622776601683794
recent_verified,90,skip_51,2014-2022 (repealed),cook_ex_chicago,9.0,112.0,0.4821428571428571,0.24448752482716143,0.9508122545647862,0.3464674335917916
recent_verified,90,skip_51,2014-2022 (repealed),illinois_ex_cook,56.0,217.0,1.5483870967741937,1.154237207808187,2.07713162011949,0.1498847483502522
recent_verified,90,skip_51,"2023-2025 (repealed, new coding)",chicago,1.0,10.0,0.6,0.07680458299618335,4.6872202928032225,1.0488088481701516
recent_verified,90,skip_51,"2023-2025 (repealed, new coding)",cook_ex_chicago,2.0,15.0,0.8,0.18294349384524863,3.4983479682604846,0.752772652709081
recent_verified,90,skip_51,"2023-2025 (repealed, new coding)",illinois_ex_cook,8.0,28.0,1.7142857142857142,0.7813347916648445,3.761224434844668,0.40089186286863654
recent_verified,90,skip_51,DiD pre minus post,chicago_vs_cook_ex_chicago,,,-0.1922559438966741,-1.318772234259844,0.9342603464664957,0.5747532093689642
recent_verified,90,skip_51,DiD pre minus post,chicago_vs_illinois_ex_cook,,,-0.029757495919447763,-0.8792809790660701,0.8197659872271745,0.43343034854419504
recent_verified,100,original,"1998-2002 (tax, Dec snapshots)",chicago,0.0,0.0,,,,
recent_verified,100,original,"1998-2002 (tax, Dec snapshots)",cook_ex_chicago,0.0,0.0,,,,
recent_verified,100,original,"1998-2002 (tax, Dec snapshots)",illinois_ex_cook,0.0,0.0,,,,
recent_verified,100,original,"2003-2011 (tax, $4)",chicago,68.0,220.0,1.8545454545454547,1.4129662548436686,2.4341266687616243,0.13874918701886407
recent_verified,100,original,"2003-2011 (tax, $4)",cook_ex_chicago,124.0,238.0,3.1260504201680672,2.516061415345876,3.8839239653812636,0.1107528636257373
recent_verified,100,original,"2003-2011 (tax, $4)",illinois_ex_cook,273.0,636.0,2.5754716981132075,2.2349430664483707,2.967885208066152,0.07235558518199421
recent_verified,100,original,"2012-2013 (phase-out, $2)",chicago,22.0,50.0,2.6399999999999997,1.5989238869139462,4.358931689645275,0.25584085962673253
recent_verified,100,original,"2012-2013 (phase-out, $2)",cook_ex_chicago,30.0,55.0,3.272727272727273,2.0975362801972466,5.106344954684495,0.2269694946796849
recent_verified,100,original,"2012-2013 (phase-out, $2)",illinois_ex_cook,76.0,95.0,4.8,3.550108911813513,6.489941737655143,0.1538967528127731
recent_verified,100,original,2014-2022 (repealed),chicago,74.0,165.0,2.690909090909091,2.045536927679903,3.5398978319839465,0.13990753937554465
recent_verified,100,original,2014-2022 (repealed),cook_ex_chicago,104.0,160.0,3.9,3.0468221549713688,4.992086582796602,0.1259578684139447
recent_verified,100,original,2014-2022 (repealed),illinois_ex_cook,245.0,387.0,3.798449612403101,3.2367583388076,4.4576140532260204,0.08164319923439184
recent_verified,100,original,"2023-2025 (repealed, new coding)",chicago,9.0,16.0,3.375,1.4914199573477729,7.637436353108896,0.4166666666666667
recent_verified,100,original,"2023-2025 (repealed, new coding)",cook_ex_chicago,8.0,14.0,3.4285714285714284,1.4383067103260105,8.172875754818582,0.44320263021395917
recent_verified,100,original,"2023-2025 (repealed, new coding)",illinois_ex_cook,18.0,37.0,2.918918918918919,1.6619049094418112,5.126699853172981,0.2873718541934519
recent_verified,100,original,DiD pre minus post,chicago_vs_cook_ex_chicago,,,-0.15103326850586052,-0.6582040057878481,0.35613746877612706,0.25876058024591203
recent_verified,100,original,DiD pre minus post,chicago_vs_illinois_ex_cook,,,0.016320825190263677,-0.42512060355880243,0.4577622539393298,0.22522521874952353
recent_verified,100,skip_51,"1998-2002 (tax, Dec snapshots)",chicago,0.0,0.0,,,,
recent_verified,100,skip_51,"1998-2002 (tax, Dec snapshots)",cook_ex_chicago,0.0,0.0,,,,
recent_verified,100,skip_51,"1998-2002 (tax, Dec snapshots)",illinois_ex_cook,0.0,0.0,,,,
recent_verified,100,skip_51,"2003-2011 (tax, $4)",chicago,68.0,140.0,2.9142857142857146,2.1812778984834793,3.8936172371225823,0.14781319121038664
recent_verified,100,skip_51,"2003-2011 (tax, $4)",cook_ex_chicago,124.0,160.0,4.6499999999999995,3.67798988866691,5.87889055014153,0.11964328702034334
recent_verified,100,skip_51,"2003-2011 (tax, $4)",illinois_ex_cook,273.0,433.0,3.782909930715935,3.251190577290352,4.401589880294252,0.07728177330505921
recent_verified,100,skip_51,"2012-2013 (phase-out, $2)",chicago,22.0,23.0,5.739130434782608,3.1988912611570144,10.29657323692045,0.29821603968282906
recent_verified,100,skip_51,"2012-2013 (phase-out, $2)",cook_ex_chicago,30.0,30.0,6.0,3.6171616558555457,9.952554910484125,0.2581988897471611
recent_verified,100,skip_51,"2012-2013 (phase-out, $2)",illinois_ex_cook,76.0,59.0,7.728813559322034,5.500661015561417,10.8595237673746,0.17351382446138114
recent_verified,100,skip_51,2014-2022 (repealed),chicago,74.0,69.0,6.434782608695652,4.63534497841402,8.932760649745472,0.16735073091176483
recent_verified,100,skip_51,2014-2022 (repealed),cook_ex_chicago,104.0,79.0,7.89873417721519,5.89547625537866,10.582690676666983,0.1492434670713793
recent_verified,100,skip_51,2014-2022 (repealed),illinois_ex_cook,245.0,221.0,6.651583710407239,5.545701775920511,7.977992262162547,0.09277132925041702
recent_verified,100,skip_51,"2023-2025 (repealed, new coding)",chicago,9.0,12.0,4.5,1.8960990331861003,10.679821910975303,0.4409585518440984
recent_verified,100,skip_51,"2023-2025 (repealed, new coding)",cook_ex_chicago,8.0,9.0,5.333333333333333,2.0576974688022016,13.823433656164298,0.485912657903775
recent_verified,100,skip_51,"2023-2025 (repealed, new coding)",illinois_ex_cook,18.0,23.0,4.695652173913043,2.53408364726039,8.701034538544821,0.3146963876899777
recent_verified,100,skip_51,DiD pre minus post,chicago_vs_cook_ex_chicago,,,-0.2622580097369662,-0.8385217933295417,0.31400577385560924,0.2940121344860079
recent_verified,100,skip_51,DiD pre minus post,chicago_vs_illinois_ex_cook,,,-0.22773186419560365,-0.7252553804320965,0.2697916520408892,0.2538385286920882
