sample,R,year,geo,baseline,n_below,n_round,n_above,nk,base_sum,ratio,lo,hi,se
all_verified,30,1998,chicago,original,78,758,24,38.0,342.0,0.6666666666666666,0.4768191328301943,0.9321027908557538,0.17099639201419234
all_verified,30,1998,chicago,skip_51,78,758,24,38.0,360.0,0.6333333333333333,0.4533583536613325,0.8847550902541633,0.17056836533033312
all_verified,35,1998,chicago,original,44,294,37,42.0,208.0,1.2115384615384617,0.8696409802431787,1.6878522023841758,0.16916623811273962
all_verified,35,1998,chicago,skip_51,44,294,37,42.0,190.0,1.3263157894736841,0.9495292331070372,1.8526165515210664,0.17050713094841707
all_verified,40,1998,chicago,original,24,427,16,19.0,161.0,0.7080745341614907,0.4401439548290216,1.1391035601585717,0.24257526475630614
all_verified,40,1998,chicago,skip_51,24,427,16,19.0,157.0,0.7261146496815286,0.45106954015071576,1.1688718424790145,0.24290122621954952
all_verified,45,1998,chicago,original,16,160,15,12.0,128.0,0.5625,0.3112697554040899,1.016501746497156,0.30190368221228
all_verified,45,1998,chicago,skip_51,16,160,15,12.0,126.0,0.5714285714285714,0.3160833271986316,1.0330523129418374,0.3021089890583219
all_verified,50,1998,chicago,original,27,569,11,13.0,109.0,0.7155963302752293,0.40262517200720926,1.2718482189042217,0.29342356560045146
all_verified,50,1998,chicago,skip_51,27,569,11,13.0,108.0,0.7222222222222222,0.4062379395227127,1.2839887354795971,0.2935682819759931
all_verified,55,1998,chicago,original,17,71,16,10.0,84.0,0.7142857142857143,0.370784313213028,1.3760131252896983,0.3345216912320663
all_verified,55,1998,chicago,skip_51,17,71,16,10.0,72.0,0.8333333333333334,0.4300855470945489,1.6146658476104978,0.3374742788552765
all_verified,60,1998,chicago,original,8,287,7,4.0,64.0,0.375,0.13656014601110875,1.0297660342905652,0.5153882032022076
all_verified,60,1998,chicago,skip_51,8,287,7,4.0,68.0,0.3529411764705882,0.1287522124554273,0.9674977359442803,0.5144957554275266
all_verified,65,1998,chicago,original,6,89,7,11.0,59.0,1.11864406779661,0.5876747876665583,2.1293487089777283,0.32841778796445203
all_verified,65,1998,chicago,skip_51,6,89,7,11.0,59.0,1.11864406779661,0.5876747876665583,2.1293487089777283,0.32841778796445203
all_verified,70,1998,chicago,original,10,150,5,7.0,45.0,0.9333333333333333,0.4209083824884355,2.0695979157294286,0.406299600146696
all_verified,70,1998,chicago,skip_51,10,150,5,7.0,44.0,0.9545454545454546,0.42995080230360994,2.119212291061093,0.4069206502309948
all_verified,75,1998,chicago,original,4,155,3,4.0,30.0,0.8,0.2818350748008432,2.2708316218350455,0.5322906474223771
all_verified,75,1998,chicago,skip_51,4,155,3,4.0,32.0,0.75,0.2652376557358123,2.120739600263521,0.5303300858899106
all_verified,80,1998,chicago,original,6,123,6,5.0,28.0,1.0714285714285714,0.41370783174427117,2.7748065073688704,0.4855041562276122
all_verified,80,1998,chicago,skip_51,6,123,6,5.0,27.0,1.1111111111111112,0.42788795902888743,2.8852597395740696,0.48686449556014766
all_verified,85,1998,chicago,original,1,54,1,5.0,21.0,1.4285714285714286,0.5386726477921139,3.788602103513914,0.4976133515281193
all_verified,85,1998,chicago,skip_51,1,54,1,5.0,28.0,1.0714285714285714,0.41370783174427117,2.7748065073688704,0.4855041562276122
all_verified,90,1998,chicago,original,1,69,4,8.0,23.0,2.0869565217391304,0.9335163207987598,4.6655719097688815,0.4104610345325914
all_verified,90,1998,chicago,skip_51,1,69,4,8.0,23.0,2.0869565217391304,0.9335163207987598,4.6655719097688815,0.4104610345325914
all_verified,100,1998,chicago,original,3,313,6,8.0,16.0,3.0,1.2839065123995674,7.009856179621192,0.4330127018922193
all_verified,100,1998,chicago,skip_51,3,313,6,8.0,15.0,3.2,1.3567168153710532,7.547632552338809,0.43779751788545657
all_verified,30,1998,cook_ex_chicago,original,84,878,28,34.0,398.0,0.5125628140703518,0.36112444272749805,0.727507217133915,0.1786738019966909
all_verified,30,1998,cook_ex_chicago,skip_51,84,878,28,34.0,404.0,0.504950495049505,0.3558340504565564,0.7165559398365388,0.17856934851937728
all_verified,35,1998,cook_ex_chicago,original,42,375,47,34.0,295.0,0.6915254237288135,0.4848890913901288,0.9862201896362363,0.18111210675809866
all_verified,35,1998,cook_ex_chicago,skip_51,42,375,47,34.0,271.0,0.7527675276752768,0.5269765243859161,1.0753020760890142,0.18193900518099837
all_verified,40,1998,cook_ex_chicago,original,61,503,13,23.0,198.0,0.696969696969697,0.4525818907498299,1.0733234546552917,0.22029245543157003
all_verified,40,1998,cook_ex_chicago,skip_51,61,503,13,23.0,213.0,0.647887323943662,0.42137734454304293,0.9961569836700183,0.21948370452112473
all_verified,45,1998,cook_ex_chicago,original,17,242,15,28.0,124.0,1.3548387096774193,0.8990506352129236,2.0416958259594007,0.20923384488011965
all_verified,45,1998,cook_ex_chicago,skip_51,17,242,15,28.0,130.0,1.2923076923076922,0.859055496876673,1.9440643563420308,0.20834249064123575
all_verified,50,1998,cook_ex_chicago,original,31,704,16,21.0,107.0,1.177570093457944,0.7376054807887524,1.8799634237041263,0.2386730860645393
all_verified,50,1998,cook_ex_chicago,skip_51,31,704,16,21.0,113.0,1.1150442477876108,0.6998682767654,1.7765109747087569,0.23763123772175138
all_verified,55,1998,cook_ex_chicago,original,6,97,13,22.0,84.0,1.5714285714285714,0.9827200222492513,2.5128090393946607,0.23949803205727466
all_verified,55,1998,cook_ex_chicago,skip_51,6,97,13,22.0,76.0,1.736842105263158,1.0806389213844114,2.7915156847676306,0.24210006235312614
all_verified,60,1998,cook_ex_chicago,original,17,293,6,5.0,68.0,0.4411764705882353,0.1779054411901355,1.0940456733567532,0.4633636610190113
all_verified,60,1998,cook_ex_chicago,skip_51,17,293,6,5.0,70.0,0.4285714285714286,0.17297614949758539,1.0618427449173797,0.46291004988627577
all_verified,65,1998,cook_ex_chicago,original,13,110,11,8.0,51.0,0.9411764705882353,0.44665872907659926,1.9831990088276452,0.3802733794748916
all_verified,65,1998,cook_ex_chicago,skip_51,13,110,11,8.0,45.0,1.0666666666666667,0.5028292539727865,2.2627517567610633,0.38369548110737794
all_verified,70,1998,cook_ex_chicago,original,5,181,4,5.0,41.0,0.7317073170731707,0.2891459522336833,1.8516447964165834,0.47369847361210593
all_verified,70,1998,cook_ex_chicago,skip_51,5,181,4,5.0,41.0,0.7317073170731707,0.2891459522336833,1.8516447964165834,0.47369847361210593
all_verified,75,1998,cook_ex_chicago,original,8,152,5,4.0,31.0,0.7741935483870968,0.27328461407436566,2.193228668925734,0.5312796481290517
all_verified,75,1998,cook_ex_chicago,skip_51,8,152,5,4.0,27.0,0.8888888888888888,0.3110288978917995,2.5403538454005354,0.5357583756107197
all_verified,80,1998,cook_ex_chicago,original,3,144,2,1.0,22.0,0.27272727272727276,0.03676042470668186,2.0233761139254822,1.02247471629109
all_verified,80,1998,cook_ex_chicago,skip_51,3,144,2,1.0,23.0,0.2608695652173913,0.03522884375569465,1.9317389616487257,1.0215078369104984
all_verified,85,1998,cook_ex_chicago,original,6,47,4,3.0,23.0,0.7826086956521738,0.2349768938861308,2.6065387127263726,0.6138498140448513
all_verified,85,1998,cook_ex_chicago,skip_51,6,47,4,3.0,22.0,0.8181818181818182,0.24488481862104947,2.7336177529208614,0.6154574548966637
all_verified,90,1998,cook_ex_chicago,original,3,74,0,3.0,19.0,0.9473684210526316,0.28034388185281994,3.201450016586936,0.6212607441973955
all_verified,90,1998,cook_ex_chicago,skip_51,3,74,0,3.0,21.0,0.8571428571428571,0.2556645760257141,2.873663176071474,0.6172133998483676
all_verified,100,1998,cook_ex_chicago,original,2,282,0,13.0,15.0,5.2,2.4742842784537613,10.928412808288115,0.3789323733725367
all_verified,100,1998,cook_ex_chicago,skip_51,2,282,0,13.0,21.0,3.7142857142857144,1.8598429967154928,7.417786550644712,0.35290526284276996
all_verified,30,1998,illinois_ex_cook,original,289,1960,83,118.0,1174.0,0.6030664395229983,0.49906886001035566,0.728735370248105,0.09657310716537423
all_verified,30,1998,illinois_ex_cook,skip_51,289,1960,83,118.0,1182.0,0.5989847715736041,0.495720071876246,0.7237608015732132,0.09654325434669024
all_verified,35,1998,illinois_ex_cook,original,118,990,129,91.0,796.0,0.6859296482412061,0.5521857582867344,0.852067398109148,0.11065844927544469
all_verified,35,1998,illinois_ex_cook,skip_51,118,990,129,91.0,723.0,0.7551867219917012,0.6072581697792774,0.9391507820798243,0.11123010767532618
all_verified,40,1998,illinois_ex_cook,original,140,1217,41,56.0,612.0,0.5490196078431373,0.41758883878531033,0.7218165377049237,0.1396106363614443
all_verified,40,1998,illinois_ex_cook,skip_51,140,1217,41,56.0,621.0,0.5410628019323671,0.4116052625066367,0.7112371543844964,0.13952579981951332
all_verified,45,1998,illinois_ex_cook,original,71,537,40,50.0,422.0,0.7109004739336493,0.5302693988172668,0.9530617549613555,0.14956492986808606
all_verified,45,1998,illinois_ex_cook,skip_51,71,537,40,50.0,428.0,0.7009345794392524,0.522949574086209,0.9394964811132795,0.14945383433733256
all_verified,50,1998,illinois_ex_cook,original,76,1319,24,46.0,320.0,0.8624999999999999,0.6331929625327137,1.174849207142864,0.15768364035239232
all_verified,50,1998,illinois_ex_cook,skip_51,76,1319,24,46.0,338.0,0.8165680473372781,0.6000940228113271,1.1111315070402819,0.15715505183238435
all_verified,55,1998,illinois_ex_cook,original,34,277,32,42.0,218.0,1.1559633027522935,0.83081200435201,1.608367657557135,0.16851314421381663
all_verified,55,1998,illinois_ex_cook,skip_51,34,277,32,42.0,202.0,1.2475247524752475,0.8947323280300977,1.7394230199158234,0.16958779100816415
all_verified,60,1998,illinois_ex_cook,original,30,638,10,16.0,179.0,0.5363128491620112,0.3215930334927986,0.8943958426348033,0.2609340763081184
all_verified,60,1998,illinois_ex_cook,skip_51,30,638,10,16.0,187.0,0.5133689839572192,0.3081117276200883,0.8553641100420247,0.26047570631997086
all_verified,65,1998,illinois_ex_cook,original,46,276,8,18.0,149.0,0.7248322147651007,0.4444575503638493,1.1820740566364194,0.24953349464857158
all_verified,65,1998,illinois_ex_cook,skip_51,46,276,8,18.0,155.0,0.6967741935483871,0.42768934915790957,1.1351563412811414,0.24901238615535043
all_verified,70,1998,illinois_ex_cook,original,18,367,9,14.0,101.0,0.8316831683168318,0.475559559978211,1.4544905636913608,0.2851833822781077
all_verified,70,1998,illinois_ex_cook,skip_51,18,367,9,14.0,100.0,0.84,0.48015181247417316,1.4695352212961883,0.2853569193634025
all_verified,75,1998,illinois_ex_cook,original,20,350,8,8.0,80.0,0.6,0.2900757812447226,1.2410550045068593,0.37080992435478316
all_verified,75,1998,illinois_ex_cook,skip_51,20,350,8,8.0,81.0,0.5925925925925926,0.2866115020298269,1.2252333849430281,0.3706017795590648
all_verified,80,1998,illinois_ex_cook,original,17,324,8,9.0,64.0,0.84375,0.41993331981123766,1.6953026323798486,0.3560001560548971
all_verified,80,1998,illinois_ex_cook,skip_51,17,324,8,9.0,60.0,0.9,0.44664889554842974,1.8135049880855967,0.35746017649212025
all_verified,85,1998,illinois_ex_cook,original,13,130,10,4.0,72.0,0.3333333333333333,0.12178883728414275,0.9123259043181463,0.5137011669140814
all_verified,85,1998,illinois_ex_cook,skip_51,13,130,10,4.0,75.0,0.32,0.11704132922501276,0.8749046228203313,0.5131601439446883
all_verified,90,1998,illinois_ex_cook,original,15,190,3,13.0,60.0,1.3,0.7137321152365275,2.367835163813446,0.30592440829352535
all_verified,90,1998,illinois_ex_cook,skip_51,15,190,3,13.0,63.0,1.2380952380952381,0.6814789326260501,2.249342929336373,0.3046245111544585
all_verified,100,1998,illinois_ex_cook,original,16,544,6,22.0,65.0,2.0307692307692307,1.2522838673653767,3.293201945750048,0.2466559564234378
all_verified,100,1998,illinois_ex_cook,skip_51,16,544,6,22.0,70.0,1.885714285714286,1.1679464029991915,3.044590366660345,0.24441820664643568
all_verified,30,1999,chicago,original,82,820,26,30.0,368.0,0.4891304347826087,0.3371349973082159,0.7096521694302113,0.18987028371412193
all_verified,30,1999,chicago,skip_51,82,820,26,30.0,379.0,0.474934036939314,0.32748343278450176,0.6887748107608955,0.18966247852639165
all_verified,35,1999,chicago,original,44,318,41,37.0,209.0,1.062200956937799,0.748832974333619,1.506705649445547,0.17835839207125168
all_verified,35,1999,chicago,skip_51,44,318,41,37.0,187.0,1.1871657754010694,0.834357733756004,1.6891586441455222,0.17992948788321142
all_verified,40,1999,chicago,original,22,482,16,19.0,163.0,0.6993865030674846,0.4348773327981841,1.1247803547856177,0.24241812694706186
all_verified,40,1999,chicago,skip_51,22,482,16,19.0,161.0,0.7080745341614907,0.4401439548290216,1.1391035601585717,0.24257526475630614
all_verified,45,1999,chicago,original,20,165,13,14.0,134.0,0.6268656716417911,0.3614831972738038,1.0870783849609134,0.2808758764930438
all_verified,45,1999,chicago,skip_51,20,165,13,14.0,134.0,0.6268656716417911,0.3614831972738038,1.0870783849609134,0.2808758764930438
all_verified,50,1999,chicago,original,28,589,10,13.0,111.0,0.7027027027027027,0.39558911065755314,1.248242368362712,0.29314175057825853
all_verified,50,1999,chicago,skip_51,28,589,10,13.0,119.0,0.6554621848739496,0.36974408265298514,1.1619676851000524,0.2921068952757102
all_verified,55,1999,chicago,original,17,82,13,18.0,89.0,1.2134831460674156,0.7312143797828857,2.013829851413622,0.2584405359299027
all_verified,55,1999,chicago,skip_51,17,82,13,18.0,80.0,1.3499999999999999,0.8096043411227217,2.251099589550917,0.2608745973749755
all_verified,60,1999,chicago,original,8,285,7,4.0,59.0,0.4067796610169491,0.14776099482819963,1.1198469041809995,0.516671222870379
all_verified,60,1999,chicago,skip_51,8,285,7,4.0,63.0,0.38095238095238093,0.1386623744523594,1.046604871194881,0.5156287578025647
all_verified,65,1999,chicago,original,5,96,8,11.0,50.0,1.3199999999999998,0.6872154767354518,2.535449300817694,0.3330301651638946
all_verified,65,1999,chicago,skip_51,5,96,8,11.0,47.0,1.4042553191489362,0.7283468926354392,2.707409094892777,0.33494131822421036
all_verified,70,1999,chicago,original,7,156,5,5.0,41.0,0.7317073170731707,0.2891459522336833,1.8516447964165834,0.47369847361210593
all_verified,70,1999,chicago,skip_51,7,156,5,5.0,39.0,0.7692307692307693,0.30318947850757244,1.951637567517312,0.4750168687962835
all_verified,75,1999,chicago,original,3,163,2,3.0,30.0,0.6,0.183110668582763,1.9660241688063405,0.6055300708194983
all_verified,75,1999,chicago,skip_51,3,163,2,3.0,31.0,0.5806451612903225,0.1775127441453124,1.8992935124357815,0.6046415449251419
all_verified,80,1999,chicago,original,7,138,2,3.0,23.0,0.7826086956521738,0.2349768938861308,2.6065387127263726,0.6138498140448513
all_verified,80,1999,chicago,skip_51,7,138,2,3.0,26.0,0.6923076923076924,0.20954128939502772,2.287329347892119,0.609749843620211
all_verified,85,1999,chicago,original,1,58,1,5.0,19.0,1.5789473684210527,0.589555751178563,4.228734580673562,0.5026246899500346
all_verified,85,1999,chicago,skip_51,1,58,1,5.0,25.0,1.2,0.4593795876347317,3.134662572654388,0.48989794855663565
all_verified,90,1999,chicago,original,1,82,4,7.0,25.0,1.68,0.7266302983787518,3.88423109564424,0.427617987059879
all_verified,90,1999,chicago,skip_51,1,82,4,7.0,26.0,1.6153846153846154,0.701155960055393,3.721664799676163,0.4258153136263201
all_verified,100,1999,chicago,original,3,325,5,5.0,16.0,1.875,0.6868821697640825,5.118235928598178,0.51234753829798
all_verified,100,1999,chicago,skip_51,3,325,5,5.0,15.0,2.0,0.7268810246995351,5.502963847011205,0.5163977794943222
all_verified,30,1999,cook_ex_chicago,original,69,900,33,36.0,386.0,0.5595854922279793,0.39767536677433263,0.7874159409268212,0.1742654623065262
all_verified,30,1999,cook_ex_chicago,skip_51,69,900,33,36.0,389.0,0.5552699228791774,0.3946528083360018,0.7812555257221034,0.17420812801124227
all_verified,35,1999,cook_ex_chicago,original,45,369,44,36.0,282.0,0.7659574468085106,0.5414414749729295,1.083571978579486,0.1769855278506068
all_verified,35,1999,cook_ex_chicago,skip_51,45,369,44,36.0,265.0,0.8150943396226416,0.5754514579145953,1.1545348844758212,0.17762703252443912
all_verified,40,1999,cook_ex_chicago,original,56,501,16,27.0,209.0,0.7751196172248803,0.5191486658673401,1.157299364341181,0.20450360884896956
all_verified,40,1999,cook_ex_chicago,skip_51,56,501,16,27.0,220.0,0.7363636363636364,0.4937577795232565,1.098172884449992,0.20391785498698142
all_verified,45,1999,cook_ex_chicago,original,24,234,17,27.0,149.0,1.087248322147651,0.7215842732637904,1.638213245233433,0.20916129286512403
all_verified,45,1999,cook_ex_chicago,skip_51,24,234,17,27.0,155.0,1.0451612903225806,0.6944980961818419,1.5728799384681773,0.20853932468544834
all_verified,50,1999,cook_ex_chicago,original,35,685,18,23.0,112.0,1.232142857142857,0.7866758921001515,1.9298621397373195,0.2289253858752599
all_verified,50,1999,cook_ex_chicago,skip_51,35,685,18,23.0,114.0,1.2105263157894737,0.7733933832396229,1.8947329948448952,0.22858300613590377
all_verified,55,1999,cook_ex_chicago,original,7,93,13,20.0,81.0,1.4814814814814814,0.908144202432775,2.4167829008797015,0.24969116726938037
all_verified,55,1999,cook_ex_chicago,skip_51,7,93,13,20.0,71.0,1.6901408450704225,1.0290535271123984,2.775925645181091,0.25314917942243764
all_verified,60,1999,cook_ex_chicago,original,17,276,5,3.0,67.0,0.26865671641791045,0.08450163078389868,0.8541424657357783,0.5901344816799486
all_verified,60,1999,cook_ex_chicago,skip_51,17,276,5,3.0,69.0,0.2608695652173913,0.08211129605959035,0.8287888916930862,0.5897678246195885
all_verified,65,1999,cook_ex_chicago,original,11,122,9,7.0,56.0,0.75,0.3418339713533695,1.6455356902445424,0.40089186286863654
all_verified,65,1999,cook_ex_chicago,skip_51,11,122,9,7.0,51.0,0.8235294117647058,0.37374850760634204,1.81459103712556,0.40306945554630874
all_verified,70,1999,cook_ex_chicago,original,10,165,4,4.0,43.0,0.5581395348837209,0.20034502773616691,1.5549162558227034,0.5227387626276516
all_verified,70,1999,cook_ex_chicago,skip_51,10,165,4,4.0,43.0,0.5581395348837209,0.20034502773616691,1.5549162558227034,0.5227387626276516
all_verified,75,1999,cook_ex_chicago,original,4,157,5,4.0,31.0,0.7741935483870968,0.27328461407436566,2.193228668925734,0.5312796481290517
all_verified,75,1999,cook_ex_chicago,skip_51,4,157,5,4.0,31.0,0.7741935483870968,0.27328461407436566,2.193228668925734,0.5312796481290517
all_verified,80,1999,cook_ex_chicago,original,3,153,2,5.0,25.0,1.2,0.4593795876347317,3.134662572654388,0.48989794855663565
all_verified,80,1999,cook_ex_chicago,skip_51,3,153,2,5.0,26.0,1.153846153846154,0.4430748225092161,3.004821937761696,0.48832523840319625
all_verified,85,1999,cook_ex_chicago,original,7,44,3,3.0,26.0,0.6923076923076924,0.20954128939502772,2.287329347892119,0.609749843620211
all_verified,85,1999,cook_ex_chicago,skip_51,7,44,3,3.0,27.0,0.6666666666666666,0.2022434473705817,2.197571541737343,0.6085806194501846
all_verified,90,1999,cook_ex_chicago,original,6,90,0,4.0,25.0,0.96,0.33410021145222696,2.7584538064016746,0.5385164807134504
all_verified,90,1999,cook_ex_chicago,skip_51,6,90,0,4.0,27.0,0.8888888888888888,0.3110288978917995,2.5403538454005354,0.5357583756107197
all_verified,100,1999,cook_ex_chicago,original,2,290,1,13.0,18.0,4.333333333333333,2.123241284839304,8.843920807238334,0.36397614273277923
all_verified,100,1999,cook_ex_chicago,skip_51,2,290,1,13.0,20.0,3.9,1.9400267390681356,7.840098125300019,0.35626265159721265
all_verified,30,1999,illinois_ex_cook,original,282,1982,83,125.0,1184.0,0.6334459459459459,0.5268127059146149,0.7616630387430118,0.09404570481736312
all_verified,30,1999,illinois_ex_cook,skip_51,282,1982,83,125.0,1206.0,0.6218905472636815,0.5172856037041326,0.7476485910424181,0.09396375575907753
all_verified,35,1999,illinois_ex_cook,original,127,1003,121,105.0,802.0,0.7855361596009975,0.6409515546715986,0.9627358784656473,0.1037819460061671
all_verified,35,1999,illinois_ex_cook,skip_51,127,1003,121,105.0,741.0,0.8502024291497976,0.6930449738945429,1.0429974933231507,0.1042752952003813
all_verified,40,1999,illinois_ex_cook,original,146,1202,51,60.0,611.0,0.5891980360065466,0.4519603065088327,0.7681079967299902,0.135289792215806
all_verified,40,1999,illinois_ex_cook,skip_51,146,1202,51,60.0,616.0,0.5844155844155844,0.4483349464190952,0.7618000292766433,0.13524068651867785
all_verified,45,1999,illinois_ex_cook,original,67,540,43,56.0,439.0,0.7653758542141229,0.5795470863283655,1.0107896528740201,0.1418980168471747
all_verified,45,1999,illinois_ex_cook,skip_51,67,540,43,56.0,443.0,0.7584650112866818,0.5743957635423901,1.0015205714581348,0.14182552379687507
all_verified,50,1999,illinois_ex_cook,original,84,1351,38,47.0,348.0,0.8103448275862069,0.5975688877371303,1.0988837489219863,0.1554032141336583
all_verified,50,1999,illinois_ex_cook,skip_51,84,1351,38,47.0,352.0,0.8011363636363636,0.5909000405328602,1.0861726673122543,0.15529811600785742
all_verified,55,1999,illinois_ex_cook,original,44,277,29,42.0,239.0,1.0543933054393304,0.7595965421748664,1.4635996622261385,0.16731295295921905
all_verified,55,1999,illinois_ex_cook,skip_51,44,277,29,42.0,227.0,1.1101321585903083,0.7987180147964094,1.542964333727355,0.16797264703854656
all_verified,60,1999,illinois_ex_cook,original,30,654,11,17.0,175.0,0.5828571428571429,0.3542553415242971,0.9589762218343051,0.2540429395319823
all_verified,60,1999,illinois_ex_cook,skip_51,30,654,11,17.0,185.0,0.5513513513513514,0.3355064147863541,0.9060581235996246,0.25343428106152116
all_verified,65,1999,illinois_ex_cook,original,41,262,12,21.0,140.0,0.9,0.5689144291308936,1.4237642051677308,0.2340126166724879
all_verified,65,1999,illinois_ex_cook,skip_51,41,262,12,21.0,145.0,0.8689655172413793,0.5498642101926404,1.3732500791241429,0.2334857583305362
all_verified,70,1999,illinois_ex_cook,original,15,398,7,17.0,104.0,0.9807692307692308,0.5873288488246253,1.6377678126124053,0.26160832178497173
all_verified,70,1999,illinois_ex_cook,skip_51,15,398,7,17.0,105.0,0.9714285714285714,0.581934903525807,1.6216134548215941,0.2614332399209677
all_verified,75,1999,illinois_ex_cook,original,25,368,11,8.0,92.0,0.5217391304347826,0.25333231571304077,1.074524264544235,0.3686048903872428
all_verified,75,1999,illinois_ex_cook,skip_51,25,368,11,8.0,88.0,0.5454545454545455,0.2645000680175039,1.1248415298605359,0.3692744729379982
all_verified,80,1999,illinois_ex_cook,original,17,341,11,7.0,75.0,0.56,0.2580946411971078,1.2150581606245074,0.3952094080237415
all_verified,80,1999,illinois_ex_cook,skip_51,17,341,11,7.0,70.0,0.6,0.2758786754548567,1.3049214456552236,0.3964124835860459
all_verified,85,1999,illinois_ex_cook,original,11,137,10,6.0,79.0,0.4556962025316456,0.1987066604912586,1.0450531878919973,0.4234677018554874
all_verified,85,1999,illinois_ex_cook,skip_51,11,137,10,6.0,84.0,0.42857142857142855,0.18720536989357228,0.9811335513087841,0.4225771273642583
all_verified,90,1999,illinois_ex_cook,original,17,184,3,15.0,58.0,1.5517241379310345,0.879515318708065,2.7376985357966714,0.28966885572496653
all_verified,90,1999,illinois_ex_cook,skip_51,17,184,3,15.0,62.0,1.4516129032258063,0.8258849066698313,2.551420910824386,0.28774241766679304
all_verified,100,1999,illinois_ex_cook,original,17,554,12,17.0,74.0,1.3783783783783783,0.8136337163763698,2.335113351057519,0.2689554664350182
all_verified,100,1999,illinois_ex_cook,skip_51,17,554,12,17.0,73.0,1.3972602739726028,0.8242236010972003,2.3686973663737096,0.26929938646189117
all_verified,30,2000,chicago,original,78,811,26,28.0,360.0,0.4666666666666667,0.3176896927941778,0.6855047007107966,0.19619394356621583
all_verified,30,2000,chicago,skip_51,78,811,26,28.0,371.0,0.45283018867924524,0.3083972360880066,0.6649060230901833,0.19598393685208776
all_verified,35,2000,chicago,original,44,314,41,37.0,206.0,1.0776699029126213,0.7594476500356323,1.5292330150593112,0.17855362208329983
all_verified,35,2000,chicago,skip_51,44,314,41,37.0,183.0,1.2131147540983607,0.8520529302512116,1.7271783880576983,0.18025400939048197
all_verified,40,2000,chicago,original,21,480,16,18.0,162.0,0.6666666666666666,0.40965865156598136,1.0849140931004122,0.24845199749997662
all_verified,40,2000,chicago,skip_51,21,480,16,18.0,160.0,0.6749999999999999,0.41465320369346237,1.09880979078803,0.2486072315029383
all_verified,45,2000,chicago,original,21,163,12,14.0,132.0,0.6363636363636364,0.3668155246805023,1.1039845656441911,0.28107708729871417
all_verified,45,2000,chicago,skip_51,21,163,12,14.0,133.0,0.631578947368421,0.3641298345612523,1.0954663114590322,0.28097574347450816
all_verified,50,2000,chicago,original,27,579,10,13.0,109.0,0.7155963302752293,0.40262517200720926,1.2718482189042217,0.29342356560045146
all_verified,50,2000,chicago,skip_51,27,579,10,13.0,117.0,0.6666666666666666,0.37588337845413544,1.1823998344174578,0.2923526731023431
all_verified,55,2000,chicago,original,17,82,13,18.0,88.0,1.2272727272727273,0.7391658406893402,2.037700153598507,0.2586874405903617
all_verified,55,2000,chicago,skip_51,17,82,13,18.0,79.0,1.3670886075949367,0.819365606361459,2.280949122718477,0.2611776855009953
all_verified,60,2000,chicago,original,8,284,7,4.0,57.0,0.42105263157894735,0.15277325933587566,1.1604473147345162,0.5172464206247568
all_verified,60,2000,chicago,skip_51,8,284,7,4.0,61.0,0.3934426229508197,0.14306717059234939,1.081988949061517,0.5161331636534808
all_verified,65,2000,chicago,original,5,94,8,11.0,49.0,1.3469387755102042,0.7003993061774918,2.5902996318976523,0.3336424046406527
all_verified,65,2000,chicago,skip_51,5,94,8,11.0,46.0,1.434782608695652,0.743175119368154,2.7700081455441077,0.33563107922818103
all_verified,70,2000,chicago,original,7,156,5,5.0,41.0,0.7317073170731707,0.2891459522336833,1.8516447964165834,0.47369847361210593
all_verified,70,2000,chicago,skip_51,7,156,5,5.0,39.0,0.7692307692307693,0.30318947850757244,1.951637567517312,0.4750168687962835
all_verified,75,2000,chicago,original,3,163,2,3.0,30.0,0.6,0.183110668582763,1.9660241688063405,0.6055300708194983
all_verified,75,2000,chicago,skip_51,3,163,2,3.0,31.0,0.5806451612903225,0.1775127441453124,1.8992935124357815,0.6046415449251419
all_verified,80,2000,chicago,original,7,135,2,3.0,22.0,0.8181818181818182,0.24488481862104947,2.7336177529208614,0.6154574548966637
all_verified,80,2000,chicago,skip_51,7,135,2,3.0,25.0,0.72,0.2173853163667934,2.3847056860331155,0.6110100926607787
all_verified,85,2000,chicago,original,1,58,1,5.0,18.0,1.6666666666666667,0.6187812667487528,4.489110978380111,0.5055250296034367
all_verified,85,2000,chicago,skip_51,1,58,1,5.0,24.0,1.25,0.4769304111404761,3.276159295993767,0.4915960401250875
all_verified,90,2000,chicago,original,2,83,4,7.0,25.0,1.68,0.7266302983787518,3.88423109564424,0.427617987059879
all_verified,90,2000,chicago,skip_51,2,83,4,7.0,26.0,1.6153846153846154,0.701155960055393,3.721664799676163,0.4258153136263201
all_verified,100,2000,chicago,original,3,317,5,5.0,16.0,1.875,0.6868821697640825,5.118235928598178,0.51234753829798
all_verified,100,2000,chicago,skip_51,3,317,5,5.0,15.0,2.0,0.7268810246995351,5.502963847011205,0.5163977794943222
all_verified,30,2000,cook_ex_chicago,original,68,875,32,36.0,382.0,0.5654450261780105,0.4017782228066016,0.7957824976077762,0.17434327869148897
all_verified,30,2000,cook_ex_chicago,skip_51,68,875,32,36.0,386.0,0.5595854922279793,0.39767536677433263,0.7874159409268212,0.1742654623065262
all_verified,35,2000,cook_ex_chicago,original,45,359,44,36.0,281.0,0.7686832740213523,0.5433303492830553,1.0875040875958164,0.17702117567959982
all_verified,35,2000,cook_ex_chicago,skip_51,45,359,44,36.0,262.0,0.8244274809160306,0.5819019071054812,1.1680330705057242,0.17774861932208516
all_verified,40,2000,cook_ex_chicago,original,57,494,14,25.0,208.0,0.7211538461538463,0.47625959510869825,1.091973526966506,0.21167827547410792
all_verified,40,2000,cook_ex_chicago,skip_51,57,494,14,25.0,221.0,0.6787330316742081,0.44883252344735064,1.026392928808557,0.21100921040994408
all_verified,45,2000,cook_ex_chicago,original,24,232,16,27.0,145.0,1.1172413793103448,0.7408477892454304,1.6848647154830947,0.20960340827661883
all_verified,45,2000,cook_ex_chicago,skip_51,24,232,16,27.0,154.0,1.051948051948052,0.698870255124315,1.5834050682275218,0.20863974580732103
all_verified,50,2000,cook_ex_chicago,original,35,687,17,25.0,113.0,1.3274336283185841,0.860750608056659,2.047143529261442,0.22101936006179163
all_verified,50,2000,cook_ex_chicago,skip_51,35,687,17,25.0,116.0,1.293103448275862,0.8393421480727851,1.992175100204696,0.22050099694825057
all_verified,55,2000,cook_ex_chicago,original,12,92,14,20.0,85.0,1.411764705882353,0.8673882160692561,2.2977941685755514,0.2485250608738542
all_verified,55,2000,cook_ex_chicago,skip_51,12,92,14,20.0,74.0,1.6216216216216215,0.9895249039562957,2.6574941905927827,0.2520188753119764
all_verified,60,2000,cook_ex_chicago,original,17,274,5,3.0,67.0,0.26865671641791045,0.08450163078389868,0.8541424657357783,0.5901344816799486
all_verified,60,2000,cook_ex_chicago,skip_51,17,274,5,3.0,71.0,0.2535211267605634,0.07985246896284662,0.804896361361729,0.5894216151241713
all_verified,65,2000,cook_ex_chicago,original,11,121,9,9.0,55.0,0.9818181818181819,0.4852394841171966,1.986579768755875,0.3595732599803958
all_verified,65,2000,cook_ex_chicago,skip_51,11,121,9,9.0,50.0,1.0799999999999998,0.5311341688501149,2.1960552877349446,0.3620926830400072
all_verified,70,2000,cook_ex_chicago,original,10,165,4,4.0,42.0,0.5714285714285714,0.2049024431594238,1.593590623957771,0.5232681184722836
all_verified,70,2000,cook_ex_chicago,skip_51,10,165,4,4.0,42.0,0.5714285714285714,0.2049024431594238,1.593590623957771,0.5232681184722836
all_verified,75,2000,cook_ex_chicago,original,4,156,6,4.0,30.0,0.8,0.2818350748008432,2.2708316218350455,0.5322906474223771
all_verified,75,2000,cook_ex_chicago,skip_51,4,156,6,4.0,30.0,0.8,0.2818350748008432,2.2708316218350455,0.5322906474223771
all_verified,80,2000,cook_ex_chicago,original,2,149,2,6.0,24.0,1.5,0.6131483275071982,3.669585154293005,0.4564354645876384
all_verified,80,2000,cook_ex_chicago,skip_51,2,149,2,6.0,26.0,1.3846153846153848,0.5699065982300913,3.363989413822483,0.4529108136578383
all_verified,85,2000,cook_ex_chicago,original,6,45,5,4.0,27.0,0.8888888888888888,0.3110288978917995,2.5403538454005354,0.5357583756107197
all_verified,85,2000,cook_ex_chicago,skip_51,6,45,5,4.0,24.0,1.0,0.34696860426886966,2.882105146392696,0.5400617248673217
all_verified,90,2000,cook_ex_chicago,original,6,82,1,2.0,29.0,0.4137931034482759,0.09873533386313949,1.7341788978877228,0.7310832774866962
all_verified,90,2000,cook_ex_chicago,skip_51,6,82,1,2.0,29.0,0.4137931034482759,0.09873533386313949,1.7341788978877228,0.7310832774866962
all_verified,100,2000,cook_ex_chicago,original,3,294,2,11.0,18.0,3.6666666666666665,1.7318276010311666,7.7631540439933735,0.38270699819136633
all_verified,100,2000,cook_ex_chicago,skip_51,3,294,2,11.0,20.0,3.3,1.5811942545195583,6.88719932346889,0.3753785967647742
all_verified,30,2000,illinois_ex_cook,original,285,2033,86,118.0,1182.0,0.5989847715736041,0.495720071876246,0.7237608015732132,0.09654325434669024
all_verified,30,2000,illinois_ex_cook,skip_51,285,2033,86,118.0,1198.0,0.5909849749582639,0.4891555547068384,0.7140126229083523,0.09648471802357067
all_verified,35,2000,illinois_ex_cook,original,117,1013,124,102.0,794.0,0.7707808564231737,0.6271879869566526,0.9472488966366347,0.10518254328763954
all_verified,35,2000,illinois_ex_cook,skip_51,117,1013,124,102.0,734.0,0.8337874659400545,0.677807789711075,1.025661771540095,0.10567080670076735
all_verified,40,2000,illinois_ex_cook,original,143,1203,50,64.0,617.0,0.6223662884927067,0.4811290907953313,0.8050641802013973,0.13132305792567334
all_verified,40,2000,illinois_ex_cook,skip_51,143,1203,50,64.0,627.0,0.6124401913875598,0.4735469532541614,0.7920713784542436,0.13122460261604316
all_verified,45,2000,illinois_ex_cook,original,70,556,43,60.0,443.0,0.8126410835214447,0.6205852842091437,1.0641334034668324,0.13756454125166773
all_verified,45,2000,illinois_ex_cook,skip_51,70,556,43,60.0,444.0,0.8108108108108109,0.6192099976874053,1.0616982500007468,0.1375460610810754
all_verified,50,2000,illinois_ex_cook,original,80,1364,40,44.0,358.0,0.7374301675977654,0.5391847570866396,1.0085657002278472,0.15975158470781503
all_verified,50,2000,illinois_ex_cook,skip_51,80,1364,40,44.0,363.0,0.7272727272727273,0.5318835410767468,0.9944387802712451,0.15963111746746575
all_verified,55,2000,illinois_ex_cook,original,47,287,31,45.0,252.0,1.0714285714285714,0.7802014079979068,1.4713626147115966,0.1618347187425374
all_verified,55,2000,illinois_ex_cook,skip_51,47,287,31,45.0,240.0,1.125,0.8182296416424235,1.5467845890543936,0.16244657241348273
all_verified,60,2000,illinois_ex_cook,original,32,675,10,19.0,180.0,0.6333333333333333,0.39473138246947015,1.016162202766167,0.24122009556196594
all_verified,60,2000,illinois_ex_cook,skip_51,32,675,10,19.0,192.0,0.59375,0.3705838487341897,0.9513071433203967,0.24049929787985194
all_verified,65,2000,illinois_ex_cook,original,45,265,12,22.0,141.0,0.9361702127659575,0.5973510774762968,1.4671684714673252,0.2292307659021924
all_verified,65,2000,illinois_ex_cook,skip_51,45,265,12,22.0,146.0,0.904109589041096,0.5774938824353282,1.4154507499698046,0.22870037280913777
all_verified,70,2000,illinois_ex_cook,original,15,391,6,17.0,105.0,0.9714285714285714,0.581934903525807,1.6216134548215941,0.2614332399209677
all_verified,70,2000,illinois_ex_cook,skip_51,15,391,6,17.0,110.0,0.9272727272727274,0.5563868970266135,1.5453899352030815,0.2606039878871269
all_verified,75,2000,illinois_ex_cook,original,27,367,9,11.0,92.0,0.717391304347826,0.3838789255870231,1.3406578200844916,0.3190276729791355
all_verified,75,2000,illinois_ex_cook,skip_51,27,367,9,11.0,90.0,0.7333333333333333,0.39211868526534877,1.3714668491603779,0.31940601437700267
all_verified,80,2000,illinois_ex_cook,original,17,343,10,7.0,75.0,0.56,0.2580946411971078,1.2150581606245074,0.3952094080237415
all_verified,80,2000,illinois_ex_cook,skip_51,17,343,10,7.0,71.0,0.5915492957746479,0.27212843183392604,1.2859022740594657,0.39615861709597633
all_verified,85,2000,illinois_ex_cook,original,12,138,9,6.0,83.0,0.43373493975903615,0.18939785885087287,0.9932847135083,0.42274680298939105
all_verified,85,2000,illinois_ex_cook,skip_51,12,138,9,6.0,91.0,0.39560439560439564,0.17317280901233464,0.9037379408124742,0.42149220355266076
all_verified,90,2000,illinois_ex_cook,original,17,195,2,17.0,60.0,1.7,0.9921399108178482,2.912895619346361,0.27475479263960323
all_verified,90,2000,illinois_ex_cook,skip_51,17,195,2,17.0,65.0,1.5692307692307692,0.9200369686940912,2.6765068044992426,0.2724117192713634
all_verified,100,2000,illinois_ex_cook,original,17,555,12,17.0,73.0,1.3972602739726028,0.8242236010972003,2.3686973663737096,0.26929938646189117
all_verified,100,2000,illinois_ex_cook,skip_51,17,555,12,17.0,73.0,1.3972602739726028,0.8242236010972003,2.3686973663737096,0.26929938646189117
all_verified,30,2001,chicago,original,84,768,28,29.0,363.0,0.4793388429752066,0.3283846839820273,0.6996846612900649,0.19297041109281177
all_verified,30,2001,chicago,skip_51,84,768,28,29.0,365.0,0.4767123287671233,0.32661035520811155,0.6957974258157563,0.19293129514956073
all_verified,35,2001,chicago,original,38,299,35,30.0,212.0,0.8490566037735848,0.5792873579863722,1.2444551162266058,0.19506489808627486
all_verified,35,2001,chicago,skip_51,38,299,35,30.0,195.0,0.9230769230769231,0.6284930352576776,1.3557365923200995,0.19611613513818404
all_verified,40,2001,chicago,original,25,463,13,18.0,159.0,0.6792452830188679,0.41719644561617175,1.1058918630573724,0.24868627572034646
all_verified,40,2001,chicago,skip_51,25,463,13,18.0,162.0,0.6666666666666666,0.40965865156598136,1.0849140931004122,0.24845199749997662
all_verified,45,2001,chicago,original,16,172,9,16.0,131.0,0.732824427480916,0.43608810998190684,1.231475083177603,0.2648274679602921
all_verified,45,2001,chicago,skip_51,16,172,9,16.0,135.0,0.7111111111111111,0.42352159998406785,1.1939863571650224,0.2644000896509065
all_verified,50,2001,chicago,original,30,613,11,13.0,100.0,0.7799999999999999,0.4376557361493842,1.390133727831082,0.29482719841133537
all_verified,50,2001,chicago,skip_51,30,613,11,13.0,105.0,0.7428571428571429,0.41747617153750394,1.3218400769115592,0.29401851378252775
all_verified,55,2001,chicago,original,17,78,11,16.0,73.0,1.315068493150685,0.7655570064470406,2.2590154973615926,0.2760409935806388
all_verified,55,2001,chicago,skip_51,17,78,11,16.0,66.0,1.4545454545454546,0.8424166351731156,2.511468068177534,0.27866021451135636
all_verified,60,2001,chicago,original,8,266,7,4.0,58.0,0.4137931034482759,0.15022533050178272,1.1397860260279051,0.5169539431229293
all_verified,60,2001,chicago,skip_51,8,266,7,4.0,57.0,0.42105263157894735,0.15277325933587566,1.1604473147345162,0.5172464206247568
all_verified,65,2001,chicago,original,6,89,10,6.0,50.0,0.72,0.30871991052949227,1.679191987037314,0.43204937989385733
all_verified,65,2001,chicago,skip_51,6,89,10,6.0,44.0,0.8181818181818182,0.34866238275825145,1.919970494974377,0.4351941398892446
all_verified,70,2001,chicago,original,8,160,4,4.0,40.0,0.6,0.21466893067630913,1.6770009468339409,0.5244044240850758
all_verified,70,2001,chicago,skip_51,8,160,4,4.0,41.0,0.5853658536585367,0.2096720215823319,1.6342341722252045,0.5238227218271837
all_verified,75,2001,chicago,original,4,155,3,5.0,35.0,0.8571428571428572,0.3358099481529366,2.1878264226300463,0.4780914437337575
all_verified,75,2001,chicago,skip_51,4,155,3,5.0,35.0,0.8571428571428572,0.3358099481529366,2.1878264226300463,0.4780914437337575
all_verified,80,2001,chicago,original,10,156,3,3.0,30.0,0.6,0.183110668582763,1.9660241688063405,0.6055300708194983
all_verified,80,2001,chicago,skip_51,10,156,3,3.0,34.0,0.5294117647058824,0.16259970242063013,1.7237228139812135,0.6022832373885361
all_verified,85,2001,chicago,original,4,56,2,7.0,25.0,1.68,0.7266302983787518,3.88423109564424,0.427617987059879
all_verified,85,2001,chicago,skip_51,4,56,2,7.0,28.0,1.5,0.655218794627503,3.4339674295807443,0.4225771273642583
all_verified,90,2001,chicago,original,3,78,1,5.0,19.0,1.5789473684210527,0.589555751178563,4.228734580673562,0.5026246899500346
all_verified,90,2001,chicago,skip_51,3,78,1,5.0,25.0,1.2,0.4593795876347317,3.134662572654388,0.48989794855663565
all_verified,100,2001,chicago,original,3,302,6,7.0,18.0,2.3333333333333335,0.9745733145627223,5.586490377983819,0.44543540318737396
all_verified,100,2001,chicago,skip_51,3,302,6,7.0,19.0,2.210526315789474,0.9292607984448666,5.2584017328346375,0.4421410655034333
all_verified,30,2001,cook_ex_chicago,original,76,919,31,32.0,388.0,0.49484536082474223,0.34507372785286294,0.7096220644017879,0.18392204758437436
all_verified,30,2001,cook_ex_chicago,skip_51,76,919,31,32.0,388.0,0.49484536082474223,0.34507372785286294,0.7096220644017879,0.18392204758437436
all_verified,35,2001,cook_ex_chicago,original,42,376,47,31.0,274.0,0.6788321167883212,0.46823346866280896,0.9841522950064048,0.18949327046791237
all_verified,35,2001,cook_ex_chicago,skip_51,42,376,47,31.0,239.0,0.7782426778242677,0.5353269663486543,1.1313864304616859,0.19089831045490965
all_verified,40,2001,cook_ex_chicago,original,54,511,10,12.0,204.0,0.35294117647058826,0.19717558947518957,0.6317591055768956,0.2970442628930023
all_verified,40,2001,cook_ex_chicago,skip_51,54,511,10,12.0,219.0,0.3287671232876712,0.18387417055148014,0.5878358065772427,0.29647857153426016
all_verified,45,2001,cook_ex_chicago,original,27,231,15,25.0,144.0,1.0416666666666667,0.6812372340793093,1.5927923345395436,0.21666666666666665
all_verified,45,2001,cook_ex_chicago,skip_51,27,231,15,25.0,147.0,1.0204081632653061,0.6677626725616674,1.5592857499268478,0.21633936555429614
all_verified,50,2001,cook_ex_chicago,original,33,669,15,18.0,117.0,0.9230769230769231,0.5619822588077116,1.5161884428965673,0.25318484177091666
all_verified,50,2001,cook_ex_chicago,skip_51,33,669,15,18.0,118.0,0.9152542372881355,0.5573759870791233,1.5029178477238037,0.25304175905716036
all_verified,55,2001,cook_ex_chicago,original,10,99,18,16.0,96.0,1.0,0.589040409707916,1.6976763962524473,0.27003086243366087
all_verified,55,2001,cook_ex_chicago,skip_51,10,99,18,16.0,80.0,1.2,0.7015616153655725,2.0525638353940434,0.27386127875258304
all_verified,60,2001,cook_ex_chicago,original,20,262,5,2.0,71.0,0.16901408450704225,0.041457474571566885,0.6890376477814957,0.7169968668287564
all_verified,60,2001,cook_ex_chicago,skip_51,20,262,5,2.0,77.0,0.15584415584415584,0.03828443886060431,0.6343935456180841,0.7162311170195086
all_verified,65,2001,cook_ex_chicago,original,7,114,2,11.0,44.0,1.5,0.7747222065038054,2.904266821205348,0.3370999312316211
all_verified,65,2001,cook_ex_chicago,skip_51,7,114,2,11.0,51.0,1.2941176470588236,0.6745192920150738,2.48286521120235,0.33244087300803704
all_verified,70,2001,cook_ex_chicago,original,12,188,5,9.0,44.0,1.2272727272727273,0.5991456293237094,2.5139102638661854,0.36583928689847384
all_verified,70,2001,cook_ex_chicago,skip_51,12,188,5,9.0,42.0,1.2857142857142858,0.6258629630714037,2.641251075758578,0.36731544334622646
all_verified,75,2001,cook_ex_chicago,original,8,141,4,3.0,38.0,0.4736842105263158,0.1462202601861688,1.534511913850111,0.599707531057446
all_verified,75,2001,cook_ex_chicago,skip_51,8,141,4,3.0,38.0,0.4736842105263158,0.1462202601861688,1.534511913850111,0.599707531057446
all_verified,80,2001,cook_ex_chicago,original,4,179,2,4.0,26.0,0.9230769230769231,0.32215207171658095,2.644934118774765,0.5370861555295746
all_verified,80,2001,cook_ex_chicago,skip_51,4,179,2,4.0,28.0,0.8571428571428571,0.30064811594437474,2.4437002548419486,0.5345224838248488
all_verified,85,2001,cook_ex_chicago,original,5,51,5,4.0,25.0,0.96,0.33410021145222696,2.7584538064016746,0.5385164807134504
all_verified,85,2001,cook_ex_chicago,skip_51,5,51,5,4.0,24.0,1.0,0.34696860426886966,2.882105146392696,0.5400617248673217
all_verified,90,2001,cook_ex_chicago,original,3,92,4,4.0,24.0,1.0,0.34696860426886966,2.882105146392696,0.5400617248673217
all_verified,90,2001,cook_ex_chicago,skip_51,3,92,4,4.0,22.0,1.090909090909091,0.37592675926332586,3.165730066569911,0.543557306504609
all_verified,100,2001,cook_ex_chicago,original,6,315,6,9.0,27.0,2.0,0.9405813182611226,4.252689185231645,0.3849001794597505
all_verified,100,2001,cook_ex_chicago,skip_51,6,315,6,9.0,25.0,2.1599999999999997,1.0082308629227175,4.627511586458572,0.38873012632302
all_verified,30,2001,illinois_ex_cook,original,308,2092,91,124.0,1251.0,0.5947242206235012,0.4945100148854819,0.7152471900455639,0.09414816323552459
all_verified,30,2001,illinois_ex_cook,skip_51,308,2092,91,124.0,1275.0,0.5835294117647059,0.4852776234652017,0.7016737593689618,0.09406821915249833
all_verified,35,2001,illinois_ex_cook,original,129,1016,127,115.0,808.0,0.853960396039604,0.7024258248953865,1.038185573704847,0.09966582130444358
all_verified,35,2001,illinois_ex_cook,skip_51,129,1016,127,115.0,756.0,0.9126984126984127,0.7501140255410321,1.1105223528401216,0.1000919751861475
all_verified,40,2001,illinois_ex_cook,original,133,1266,58,75.0,612.0,0.7352941176470589,0.5785252652417059,0.9345442142798759,0.12234099992005096
all_verified,40,2001,illinois_ex_cook,skip_51,133,1266,58,75.0,610.0,0.7377049180327868,0.5803971637027607,0.9376485278078766,0.12236289305025612
all_verified,45,2001,illinois_ex_cook,original,63,573,36,56.0,461.0,0.7288503253796096,0.5523048007375678,0.9618290409508456,0.14151445245665187
all_verified,45,2001,illinois_ex_cook,skip_51,63,573,36,56.0,480.0,0.7,0.5307585783438739,0.9232069343635427,0.1412107509734163
all_verified,50,2001,illinois_ex_cook,original,90,1442,31,55.0,367.0,0.899182561307902,0.6772817374927085,1.1937857376066388,0.14459119552083782
all_verified,50,2001,illinois_ex_cook,skip_51,90,1442,31,55.0,385.0,0.8571428571428571,0.6461751589101701,1.1369887365991362,0.14414999403128945
all_verified,55,2001,illinois_ex_cook,original,47,286,36,49.0,266.0,1.1052631578947367,0.8149597393848828,1.4989779116223494,0.15545919645214534
all_verified,55,2001,illinois_ex_cook,skip_51,47,286,36,49.0,245.0,1.2,0.8830238439437649,1.6307600410524203,0.15649215928719032
all_verified,60,2001,illinois_ex_cook,original,41,664,11,15.0,205.0,0.4390243902439025,0.25990007476202914,0.7416019999436709,0.2674784392192284
all_verified,60,2001,illinois_ex_cook,skip_51,41,664,11,15.0,214.0,0.42056074766355145,0.24915703914797807,0.7098789706289569,0.2670946720976073
all_verified,65,2001,illinois_ex_cook,original,44,278,12,20.0,155.0,0.7741935483870969,0.48596410385871847,1.2333743286900407,0.23759548165574573
all_verified,65,2001,illinois_ex_cook,skip_51,44,278,12,20.0,158.0,0.759493670886076,0.47697800820582714,1.2093443013982548,0.2373375527051095
all_verified,70,2001,illinois_ex_cook,original,20,416,13,15.0,116.0,0.7758620689655172,0.45313012846225265,1.3284527164465487,0.27438541565075775
all_verified,70,2001,illinois_ex_cook,skip_51,20,416,13,15.0,113.0,0.7964601769911505,0.4647803403004326,1.3648357267494007,0.27480215462909047
all_verified,75,2001,illinois_ex_cook,original,21,383,14,10.0,97.0,0.6185567010309277,0.3226012969927567,1.186022486446653,0.33212840641913705
all_verified,75,2001,illinois_ex_cook,skip_51,21,383,14,10.0,91.0,0.6593406593406593,0.34318376934821926,1.2667560178776014,0.3331501328065336
all_verified,80,2001,illinois_ex_cook,original,18,366,11,8.0,76.0,0.6315789473684211,0.30481311367715447,1.3086443753909252,0.37169597083751404
all_verified,80,2001,illinois_ex_cook,skip_51,18,366,11,8.0,75.0,0.64,0.30873449414117593,1.3267063051681585,0.3719318934070233
all_verified,85,2001,illinois_ex_cook,original,12,156,14,10.0,70.0,0.8571428571428572,0.44186467208657204,1.6627124184462434,0.33806170189140666
all_verified,85,2001,illinois_ex_cook,skip_51,12,156,14,10.0,73.0,0.8219178082191781,0.424428492985483,1.591667135059483,0.3371922747291022
all_verified,90,2001,illinois_ex_cook,original,9,196,3,17.0,48.0,2.125,1.2221239326304378,3.694899411944906,0.2822354739310741
all_verified,90,2001,illinois_ex_cook,skip_51,9,196,3,17.0,50.0,2.04,1.1766476862754445,3.53682758955071,0.28075528385368764
all_verified,100,2001,illinois_ex_cook,original,16,614,22,18.0,87.0,1.2413793103448276,0.7472923121148732,2.062141637441755,0.25893977761077724
all_verified,100,2001,illinois_ex_cook,skip_51,16,614,22,18.0,79.0,1.3670886075949367,0.819365606361459,2.280949122718477,0.2611776855009953
all_verified,30,2002,chicago,original,75,697,30,28.0,340.0,0.49411764705882355,0.33610317789286,0.7264205315332568,0.1966099239226595
all_verified,30,2002,chicago,skip_51,75,697,30,28.0,341.0,0.49266862170087977,0.3351319465515891,0.7242591263118531,0.19658798802046326
all_verified,35,2002,chicago,original,38,278,35,31.0,205.0,0.9073170731707317,0.6219039226411623,1.3237161582306054,0.19270732548768568
all_verified,35,2002,chicago,skip_51,38,278,35,31.0,187.0,0.9946524064171123,0.6801454281737325,1.4545909868832387,0.19392178345667288
all_verified,40,2002,chicago,original,23,442,15,17.0,161.0,0.6335403726708074,0.38432417938885466,1.0443615711145788,0.25501903759521233
all_verified,40,2002,chicago,skip_51,23,442,15,17.0,163.0,0.6257668711656441,0.37971976886643277,1.031245168555289,0.2548695720107014
all_verified,45,2002,chicago,original,19,171,8,17.0,128.0,0.796875,0.4804601556232817,1.3216699828130956,0.2581395541403229
all_verified,45,2002,chicago,skip_51,19,171,8,17.0,135.0,0.7555555555555555,0.45624959812296517,1.2512103021666858,0.2573537192643077
all_verified,50,2002,chicago,original,29,572,12,15.0,92.0,0.9782608695652174,0.5668008082568057,1.688413839538671,0.2784532849223689
all_verified,50,2002,chicago,skip_51,29,572,12,15.0,93.0,0.967741935483871,0.5609369523168735,1.6695716868462354,0.27824333745610097
all_verified,55,2002,chicago,original,16,86,13,13.0,73.0,1.0684931506849316,0.5922786697402838,1.9276021092592133,0.30103439514458014
all_verified,55,2002,chicago,skip_51,16,86,13,13.0,65.0,1.2,0.6615503449603597,2.1767050852135603,0.3038218101251
all_verified,60,2002,chicago,original,9,250,8,5.0,66.0,0.45454545454545453,0.1831239290930093,1.1282609065415754,0.4638442789897437
all_verified,60,2002,chicago,skip_51,9,250,8,5.0,64.0,0.46875,0.18865783393784677,1.1646829496218472,0.46435439052516775
all_verified,65,2002,chicago,original,8,86,8,6.0,54.0,0.6666666666666666,0.2868158764372927,1.5495810412071607,0.4303314829119352
all_verified,65,2002,chicago,skip_51,8,86,8,6.0,50.0,0.72,0.30871991052949227,1.679191987037314,0.43204937989385733
all_verified,70,2002,chicago,original,7,156,3,4.0,34.0,0.7058823529411764,0.2504862604623284,1.9892104871305234,0.5285941398709244
all_verified,70,2002,chicago,skip_51,7,156,3,4.0,38.0,0.6315789473684211,0.22541300172733617,1.769604963787804,0.5256574830378468
all_verified,75,2002,chicago,original,3,144,3,7.0,35.0,1.2,0.5330204216592128,2.701585045311201,0.4140393356054125
all_verified,75,2002,chicago,skip_51,3,144,3,7.0,35.0,1.2,0.5330204216592128,2.701585045311201,0.4140393356054125
all_verified,80,2002,chicago,original,12,145,2,3.0,32.0,0.5625,0.17224686334101685,1.8369347566786995,0.60380736442456
all_verified,80,2002,chicago,skip_51,12,145,2,3.0,34.0,0.5294117647058824,0.16259970242063013,1.7237228139812135,0.6022832373885361
all_verified,85,2002,chicago,original,3,50,0,4.0,23.0,1.0434782608695652,0.3608677938317365,3.017301348357715,0.5417363388859614
all_verified,85,2002,chicago,skip_51,3,50,0,4.0,28.0,0.8571428571428571,0.30064811594437474,2.4437002548419486,0.5345224838248488
all_verified,90,2002,chicago,original,3,75,1,5.0,17.0,1.7647058823529411,0.6510556739500639,4.783288090121047,0.5087470190691683
all_verified,90,2002,chicago,skip_51,3,75,1,5.0,22.0,1.3636363636363638,0.5163889013778302,3.600976177586063,0.4954336943068623
all_verified,100,2002,chicago,original,6,284,8,11.0,23.0,2.869565217391304,1.3988444021861666,5.886576465540389,0.3665888047644883
all_verified,100,2002,chicago,skip_51,6,284,8,11.0,21.0,3.142857142857143,1.5153291610026383,6.518419413160733,0.37219368415938836
all_verified,30,2002,cook_ex_chicago,original,84,893,33,24.0,390.0,0.36923076923076925,0.24449919946830204,0.5575943039618017,0.21031112483834333
all_verified,30,2002,cook_ex_chicago,skip_51,84,893,33,24.0,389.0,0.3701799485861183,0.2451202034281388,0.5590448784667186,0.21032679514049146
all_verified,35,2002,cook_ex_chicago,original,42,350,43,32.0,267.0,0.7191011235955056,0.4983706580742876,1.0375940428644541,0.18707035668982921
all_verified,35,2002,cook_ex_chicago,skip_51,42,350,43,32.0,239.0,0.803347280334728,0.5554828445090702,1.1618123929490072,0.1882394762487668
all_verified,40,2002,cook_ex_chicago,original,54,517,13,15.0,193.0,0.4663212435233161,0.27575339116508585,0.788586864670496,0.26804479815308063
all_verified,40,2002,cook_ex_chicago,skip_51,54,517,13,15.0,201.0,0.44776119402985076,0.26497798600084493,0.7566292200530137,0.2676598420472823
all_verified,45,2002,cook_ex_chicago,original,19,211,15,21.0,130.0,0.9692307692307692,0.6112724426617657,1.5368078428876104,0.23518366293464202
all_verified,45,2002,cook_ex_chicago,skip_51,19,211,15,21.0,129.0,0.9767441860465116,0.6158579845199971,1.5491058473801194,0.23531040266750583
all_verified,50,2002,cook_ex_chicago,original,28,668,12,14.0,108.0,0.7777777777777778,0.4457200316764737,1.3572158050191319,0.2840560344154489
all_verified,50,2002,cook_ex_chicago,skip_51,28,668,12,14.0,112.0,0.75,0.4302925951868847,1.3072500114850802,0.2834733547569204
all_verified,55,2002,cook_ex_chicago,original,11,103,23,16.0,93.0,1.032258064516129,0.6073015131050863,1.754576085790524,0.2706523381979971
all_verified,55,2002,cook_ex_chicago,skip_51,11,103,23,16.0,74.0,1.2972972972972971,0.755708432132665,2.227023288367151,0.2757054832851779
all_verified,60,2002,cook_ex_chicago,original,16,261,5,4.0,71.0,0.3380281690140845,0.12345810019689558,0.9255208274287675,0.5138915323706488
all_verified,60,2002,cook_ex_chicago,skip_51,16,261,5,4.0,75.0,0.32,0.11704132922501276,0.8749046228203313,0.5131601439446883
all_verified,65,2002,cook_ex_chicago,original,7,119,3,9.0,51.0,1.0588235294117647,0.5212731566119911,2.150709761696938,0.36155076303109357
all_verified,65,2002,cook_ex_chicago,skip_51,7,119,3,9.0,56.0,0.9642857142857142,0.4769966600114233,1.9493783012091566,0.3591215030713894
all_verified,70,2002,cook_ex_chicago,original,13,185,3,8.0,47.0,1.021276595744681,0.4825983185062369,2.1612298365319838,0.38246123430313933
all_verified,70,2002,cook_ex_chicago,skip_51,13,185,3,8.0,47.0,1.021276595744681,0.4825983185062369,2.1612298365319838,0.38246123430313933
all_verified,75,2002,cook_ex_chicago,original,9,148,5,3.0,39.0,0.46153846153846156,0.14262827914568207,1.4935169431702342,0.5991446895152781
all_verified,75,2002,cook_ex_chicago,skip_51,9,148,5,3.0,37.0,0.48648648648648646,0.14999780833151147,1.57781706390604,0.6003002251876642
all_verified,80,2002,cook_ex_chicago,original,5,170,0,3.0,28.0,0.6428571428571428,0.1954366820466967,2.1145738957219162,0.6074928962939559
all_verified,80,2002,cook_ex_chicago,skip_51,5,170,0,3.0,32.0,0.5625,0.17224686334101685,1.8369347566786995,0.60380736442456
all_verified,85,2002,cook_ex_chicago,original,4,54,4,4.0,24.0,1.0,0.34696860426886966,2.882105146392696,0.5400617248673217
all_verified,85,2002,cook_ex_chicago,skip_51,4,54,4,4.0,23.0,1.0434782608695652,0.3608677938317365,3.017301348357715,0.5417363388859614
all_verified,90,2002,cook_ex_chicago,original,4,86,3,3.0,26.0,0.6923076923076924,0.20954128939502772,2.287329347892119,0.609749843620211
all_verified,90,2002,cook_ex_chicago,skip_51,4,86,3,3.0,25.0,0.72,0.2173853163667934,2.3847056860331155,0.6110100926607787
all_verified,100,2002,cook_ex_chicago,original,6,312,8,10.0,29.0,2.0689655172413794,1.0083140407789826,4.2453225269251,0.3667189095488391
all_verified,100,2002,cook_ex_chicago,skip_51,6,312,8,10.0,23.0,2.608695652173913,1.241637742892157,5.480900564297806,0.37878524373260003
all_verified,30,2002,illinois_ex_cook,original,304,2082,89,124.0,1254.0,0.5933014354066986,0.49333679729048535,0.7135218682023049,0.0941380066439771
all_verified,30,2002,illinois_ex_cook,skip_51,304,2082,89,124.0,1266.0,0.5876777251184834,0.4886990807882378,0.7067030043178835,0.09409785090273896
all_verified,35,2002,illinois_ex_cook,original,134,1016,130,101.0,801.0,0.7565543071161048,0.6151193007309812,0.9305096083568576,0.10559085921469027
all_verified,35,2002,illinois_ex_cook,skip_51,134,1016,130,101.0,744.0,0.8145161290322581,0.6616590121544395,1.0026864476514374,0.10604280324715713
all_verified,40,2002,illinois_ex_cook,original,126,1288,60,73.0,610.0,0.7180327868852459,0.5632794946944476,0.915302417180774,0.12384657604989079
all_verified,40,2002,illinois_ex_cook,skip_51,126,1288,60,73.0,604.0,0.7251655629139072,0.5688017038797034,0.924513921195039,0.12391230478067602
all_verified,45,2002,illinois_ex_cook,original,78,580,34,54.0,459.0,0.7058823529411765,0.532441473993912,0.9358209691220805,0.14386510263434732
all_verified,45,2002,illinois_ex_cook,skip_51,78,580,34,54.0,485.0,0.6680412371134021,0.5042998434416373,0.8849479139996059,0.14345861489858883
all_verified,50,2002,illinois_ex_cook,original,92,1418,37,60.0,359.0,1.0027855153203342,0.7629355864819456,1.3180389112181814,0.13947107939282943
all_verified,50,2002,illinois_ex_cook,skip_51,92,1418,37,60.0,374.0,0.9625668449197861,0.7329125006297976,1.2641821911110158,0.13906999481595775
all_verified,55,2002,illinois_ex_cook,original,49,270,36,52.0,253.0,1.233201581027668,0.9150126520449691,1.6620383729671093,0.1522607579146042
all_verified,55,2002,illinois_ex_cook,skip_51,49,270,36,52.0,235.0,1.3276595744680852,0.983187249482539,1.7928222183561604,0.15325171574799873
all_verified,60,2002,illinois_ex_cook,original,31,695,13,18.0,188.0,0.574468085106383,0.35419856331634264,0.9317191400097579,0.24672799697587172
all_verified,60,2002,illinois_ex_cook,skip_51,31,695,13,18.0,198.0,0.5454545454545454,0.3366691949100591,0.8837180997106289,0.24618298195866545
all_verified,65,2002,illinois_ex_cook,original,45,270,12,23.0,153.0,0.9019607843137255,0.5818655758500726,1.3981463936087044,0.22363856684834912
all_verified,65,2002,illinois_ex_cook,skip_51,45,270,12,23.0,153.0,0.9019607843137255,0.5818655758500726,1.3981463936087044,0.22363856684834912
all_verified,70,2002,illinois_ex_cook,original,23,419,13,12.0,111.0,0.6486486486486487,0.35755482000362837,1.1767288422778037,0.30387882838780056
all_verified,70,2002,illinois_ex_cook,skip_51,23,419,13,12.0,109.0,0.6605504587155963,0.363921488558282,1.198958902476315,0.30415069498513203
all_verified,75,2002,illinois_ex_cook,original,17,384,14,11.0,98.0,0.6734693877551021,0.36111479911521976,1.2560022944352272,0.3179829752388388
all_verified,75,2002,illinois_ex_cook,skip_51,17,384,14,11.0,92.0,0.717391304347826,0.3838789255870231,1.3406578200844916,0.3190276729791355
all_verified,80,2002,illinois_ex_cook,original,22,365,11,8.0,78.0,0.6153846153846154,0.2972618597176563,1.2739549742834964,0.3712418521941092
all_verified,80,2002,illinois_ex_cook,skip_51,22,365,11,8.0,79.0,0.6075949367088608,0.29362484976520475,1.2572900672727472,0.37102321739764654
all_verified,85,2002,illinois_ex_cook,original,13,159,12,12.0,61.0,1.180327868852459,0.6356120682595261,2.1918619037625673,0.3157954653827128
all_verified,85,2002,illinois_ex_cook,skip_51,13,159,12,12.0,63.0,1.1428571428571428,0.6164299550427071,2.118849738392583,0.314970394174356
all_verified,90,2002,illinois_ex_cook,original,5,202,2,14.0,43.0,1.9534883720930232,1.0687700004680203,3.570568801736156,0.3077082796774565
all_verified,90,2002,illinois_ex_cook,skip_51,5,202,2,14.0,51.0,1.6470588235294117,0.9117542722332542,2.9753661164880985,0.3017224130982422
all_verified,100,2002,illinois_ex_cook,original,14,649,22,21.0,87.0,1.4482758620689655,0.899275841579994,2.3324355839097946,0.24313226954193232
all_verified,100,2002,illinois_ex_cook,skip_51,14,649,22,21.0,76.0,1.6578947368421053,1.0226017943901804,2.687864399932787,0.24652980013760958
all_verified,30,2003,chicago,original,78,699,28,29.0,342.0,0.5087719298245614,0.34824970023977686,0.7432852817940284,0.19340820879393095
all_verified,30,2003,chicago,skip_51,78,699,28,29.0,349.0,0.498567335243553,0.34136621603815226,0.7281604801339697,0.19325653451716357
all_verified,35,2003,chicago,original,35,287,31,35.0,195.0,1.0769230769230769,0.7514893485344025,1.5432864296364335,0.18357459982152677
all_verified,35,2003,chicago,skip_51,35,287,31,35.0,182.0,1.153846153846154,0.8035984655733107,1.6567489906737571,0.18456959139016932
all_verified,40,2003,chicago,original,24,446,13,18.0,152.0,0.7105263157894737,0.43591219463111797,1.158140679814154,0.24926793400671615
all_verified,40,2003,chicago,skip_51,24,446,13,18.0,155.0,0.6967741935483871,0.42768934915790957,1.1351563412811414,0.24901238615535043
all_verified,45,2003,chicago,original,22,169,10,16.0,123.0,0.7804878048780488,0.4636005197835074,1.313978711343598,0.2657632053178412
all_verified,45,2003,chicago,skip_51,22,169,10,16.0,130.0,0.7384615384615384,0.43934717585915056,1.2412175922619497,0.26493830921991574
all_verified,50,2003,chicago,original,27,585,13,17.0,93.0,1.096774193548387,0.6540170602803749,1.839269500275772,0.26377304180641303
all_verified,50,2003,chicago,skip_51,27,585,13,17.0,93.0,1.096774193548387,0.6540170602803749,1.839269500275772,0.26377304180641303
all_verified,55,2003,chicago,original,13,83,14,13.0,77.0,1.0129870129870129,0.5628158364363199,1.8232299484992442,0.29985011240633197
all_verified,55,2003,chicago,skip_51,13,83,14,13.0,68.0,1.1470588235294117,0.6337528146709243,2.0761153468326246,0.3027027572983406
all_verified,60,2003,chicago,original,12,259,6,5.0,69.0,0.43478260869565216,0.17540616948564655,1.077703922151184,0.4631336239393426
all_verified,60,2003,chicago,skip_51,12,259,6,5.0,69.0,0.43478260869565216,0.17540616948564655,1.077703922151184,0.4631336239393426
all_verified,65,2003,chicago,original,8,78,8,6.0,53.0,0.6792452830188679,0.29199517118339896,1.5800746040885654,0.43073726469272255
all_verified,65,2003,chicago,skip_51,8,78,8,6.0,47.0,0.7659574468085106,0.32747742288706727,1.7915458267293638,0.43352423509112786
all_verified,70,2003,chicago,original,6,145,3,2.0,33.0,0.36363636363636365,0.08725588145569788,1.5154440337161124,0.7282190812544191
all_verified,70,2003,chicago,skip_51,6,145,3,2.0,35.0,0.34285714285714286,0.08246192523275361,1.4255187479114588,0.7270291799999699
all_verified,75,2003,chicago,original,3,150,2,5.0,31.0,0.9677419354838709,0.37629730109968607,2.488788654495215,0.4819315973414993
all_verified,75,2003,chicago,skip_51,3,150,2,5.0,33.0,0.9090909090909091,0.3549024985612007,2.3286572631700424,0.47989897926858555
all_verified,80,2003,chicago,original,10,142,2,4.0,28.0,0.8571428571428571,0.30064811594437474,2.4437002548419486,0.5345224838248488
all_verified,80,2003,chicago,skip_51,10,142,2,4.0,31.0,0.7741935483870968,0.27328461407436566,2.193228668925734,0.5312796481290517
all_verified,85,2003,chicago,original,4,53,0,5.0,24.0,1.25,0.4769304111404761,3.276159295993767,0.4915960401250875
all_verified,85,2003,chicago,skip_51,4,53,0,5.0,29.0,1.0344827586206897,0.40043754122906056,2.67246316266665,0.4842341981115023
all_verified,90,2003,chicago,original,3,75,1,5.0,16.0,1.875,0.6868821697640825,5.118235928598178,0.51234753829798
all_verified,90,2003,chicago,skip_51,3,75,1,5.0,20.0,1.5,0.5629666482770994,3.9966843628941255,0.5
all_verified,100,2003,chicago,original,7,306,11,10.0,27.0,2.2222222222222223,1.0756711840880875,4.590874681768804,0.3701851388657263
all_verified,100,2003,chicago,skip_51,7,306,11,10.0,22.0,2.7272727272727275,1.2914781807328397,5.759304833709985,0.3813850356982369
all_verified,30,2003,cook_ex_chicago,original,79,917,35,29.0,386.0,0.4507772020725389,0.3090755501476348,0.6574447115318078,0.19254462390785984
all_verified,30,2003,cook_ex_chicago,skip_51,79,917,35,29.0,384.0,0.453125,0.3106639846299437,0.6609142861203414,0.19257965958884735
all_verified,35,2003,cook_ex_chicago,original,38,346,43,33.0,268.0,0.7388059701492538,0.5146291498973858,1.0606361136694575,0.18448407407310907
all_verified,35,2003,cook_ex_chicago,skip_51,38,346,43,33.0,239.0,0.8284518828451882,0.5756920153118433,1.1921869748670424,0.1857071100454701
all_verified,40,2003,cook_ex_chicago,original,54,499,14,14.0,194.0,0.43298969072164945,0.2517181359052584,0.7448016075480288,0.2767367171226636
all_verified,40,2003,cook_ex_chicago,skip_51,54,499,14,14.0,199.0,0.42211055276381915,0.2455061810514539,0.7257549198618101,0.27650261672669957
all_verified,45,2003,cook_ex_chicago,original,20,208,15,19.0,135.0,0.8444444444444444,0.5223944776423763,1.365034375882616,0.24502854191864226
all_verified,45,2003,cook_ex_chicago,skip_51,20,208,15,19.0,136.0,0.838235294117647,0.5186663411428402,1.3547021515918887,0.24491737407509295
all_verified,50,2003,cook_ex_chicago,original,31,669,12,16.0,114.0,0.8421052631578947,0.49902075116262484,1.4210657023501745,0.26696803146549475
all_verified,50,2003,cook_ex_chicago,skip_51,31,669,12,16.0,117.0,0.8205128205128205,0.48662728378110803,1.383484467608967,0.26654644726015114
all_verified,55,2003,cook_ex_chicago,original,12,100,20,15.0,93.0,0.967741935483871,0.5609369523168735,1.6695716868462354,0.27824333745610097
all_verified,55,2003,cook_ex_chicago,skip_51,12,100,20,15.0,75.0,1.2,0.6893196656195395,2.0890162747725642,0.282842712474619
all_verified,60,2003,cook_ex_chicago,original,17,256,5,2.0,73.0,0.16438356164383564,0.04034292944980937,0.6698064743248434,0.716727723851245
all_verified,60,2003,cook_ex_chicago,skip_51,17,256,5,2.0,77.0,0.15584415584415584,0.03828443886060431,0.6343935456180841,0.7162311170195086
all_verified,65,2003,cook_ex_chicago,original,9,122,3,9.0,53.0,1.0188679245283019,0.5026109170793361,2.0653985266872916,0.3605260540368934
all_verified,65,2003,cook_ex_chicago,skip_51,9,122,3,9.0,57.0,0.9473684210526315,0.4690293489604504,1.9135410762609568,0.35868505789931354
all_verified,70,2003,cook_ex_chicago,original,11,192,3,7.0,39.0,1.0769230769230769,0.48169546268622787,2.407669167448494,0.41048528414325464
all_verified,70,2003,cook_ex_chicago,skip_51,11,192,3,7.0,38.0,1.105263157894737,0.49357668989580583,2.475008794392879,0.4113063728303113
all_verified,75,2003,cook_ex_chicago,original,5,144,6,2.0,35.0,0.34285714285714286,0.08246192523275361,1.4255187479114588,0.7270291799999699
all_verified,75,2003,cook_ex_chicago,skip_51,5,144,6,2.0,32.0,0.375,0.08986807950428502,1.5647936483753926,0.7288689868556626
all_verified,80,2003,cook_ex_chicago,original,5,166,1,3.0,31.0,0.5806451612903225,0.1775127441453124,1.8992935124357815,0.6046415449251419
all_verified,80,2003,cook_ex_chicago,skip_51,5,166,1,3.0,34.0,0.5294117647058824,0.16259970242063013,1.7237228139812135,0.6022832373885361
all_verified,85,2003,cook_ex_chicago,original,4,51,1,4.0,22.0,1.090909090909091,0.37592675926332586,3.165730066569911,0.543557306504609
all_verified,85,2003,cook_ex_chicago,skip_51,4,51,1,4.0,23.0,1.0434782608695652,0.3608677938317365,3.017301348357715,0.5417363388859614
all_verified,90,2003,cook_ex_chicago,original,4,89,3,2.0,23.0,0.5217391304347826,0.1230064191870192,2.2129879239307977,0.7372097807744856
all_verified,90,2003,cook_ex_chicago,skip_51,4,89,3,2.0,23.0,0.5217391304347826,0.1230064191870192,2.2129879239307977,0.7372097807744856
all_verified,100,2003,cook_ex_chicago,original,7,318,7,12.0,29.0,2.4827586206896552,1.2669507799030029,4.865295847626156,0.3432434878537727
all_verified,100,2003,cook_ex_chicago,skip_51,7,318,7,12.0,25.0,2.88,1.4469543738846626,5.732316201326987,0.3511884584284246
all_verified,30,2003,illinois_ex_cook,original,305,2089,89,126.0,1255.0,0.602390438247012,0.5015681137314815,0.72347948395638,0.0934522374558893
all_verified,30,2003,illinois_ex_cook,skip_51,305,2089,89,126.0,1269.0,0.5957446808510638,0.4960803998141324,0.7154318632530362,0.09340519258117155
all_verified,35,2003,illinois_ex_cook,original,136,1006,120,103.0,797.0,0.7754077791718945,0.6315419658248289,0.952046350894535,0.1047064611586542
all_verified,35,2003,illinois_ex_cook,skip_51,136,1006,120,103.0,753.0,0.8207171314741036,0.6679870493668617,1.0083677678085488,0.10505598085029544
all_verified,40,2003,illinois_ex_cook,original,129,1277,55,76.0,588.0,0.7755102040816326,0.6106997686647193,0.9847982715790405,0.12189575467977114
all_verified,40,2003,illinois_ex_cook,skip_51,129,1277,55,76.0,588.0,0.7755102040816326,0.6106997686647193,0.9847982715790405,0.12189575467977114
all_verified,45,2003,illinois_ex_cook,original,70,583,35,55.0,443.0,0.744920993227991,0.562879539822242,0.9858366611211643,0.1429655711174313
all_verified,45,2003,illinois_ex_cook,skip_51,70,583,35,55.0,467.0,0.7066381156316917,0.5343774926149081,0.9344282522455505,0.14255927119954184
all_verified,50,2003,illinois_ex_cook,original,91,1420,34,59.0,354.0,1.0,0.7591048358571247,1.317341100680612,0.14062009564580386
all_verified,50,2003,illinois_ex_cook,skip_51,91,1420,34,59.0,375.0,0.944,0.717387007227821,1.2421970164243596,0.14005648577998647
all_verified,55,2003,illinois_ex_cook,original,49,267,36,55.0,258.0,1.2790697674418605,0.9560324052620031,1.7112594311438847,0.1485186425135452
all_verified,55,2003,illinois_ex_cook,skip_51,49,267,36,55.0,239.0,1.3807531380753137,1.0299460373711409,1.8510476851495734,0.14955239416414645
all_verified,60,2003,illinois_ex_cook,original,38,694,16,17.0,195.0,0.5230769230769231,0.31864269673879037,0.8586717042503399,0.2528868018303245
all_verified,60,2003,illinois_ex_cook,skip_51,38,694,16,17.0,199.0,0.5125628140703518,0.3123626198553486,0.8410757935420723,0.25268291402448523
all_verified,65,2003,illinois_ex_cook,original,40,278,14,20.0,154.0,0.7792207792207791,0.4890352196171458,1.2415977385939383,0.2376836268940427
all_verified,65,2003,illinois_ex_cook,skip_51,40,278,14,20.0,153.0,0.7843137254901961,0.4921454160686592,1.2499314225177938,0.2377728910376839
all_verified,70,2003,illinois_ex_cook,original,22,418,13,13.0,117.0,0.6666666666666666,0.37588337845413544,1.1823998344174578,0.2923526731023431
all_verified,70,2003,illinois_ex_cook,skip_51,22,418,13,13.0,114.0,0.6842105263157895,0.38548448710303373,1.2144303077913545,0.2927370949292869
all_verified,75,2003,illinois_ex_cook,original,17,376,13,10.0,103.0,0.5825242718446602,0.3043485495302994,1.114953653670589,0.3312230937964285
all_verified,75,2003,illinois_ex_cook,skip_51,17,376,13,10.0,100.0,0.6,0.31320915565567714,1.149391687629214,0.33166247903553997
all_verified,80,2003,illinois_ex_cook,original,23,352,11,10.0,80.0,0.75,0.388646123417934,1.4473320743639857,0.33541019662496846
all_verified,80,2003,illinois_ex_cook,skip_51,23,352,11,10.0,80.0,0.75,0.388646123417934,1.4473320743639857,0.33541019662496846
all_verified,85,2003,illinois_ex_cook,original,14,145,12,11.0,66.0,1.0,0.5281831563856016,1.893282638626869,0.3256694736394648
all_verified,85,2003,illinois_ex_cook,skip_51,14,145,12,11.0,70.0,0.942857142857143,0.49930308956544334,1.7804407992156372,0.32433748657040123
all_verified,90,2003,illinois_ex_cook,original,8,193,3,16.0,49.0,1.959183673469388,1.1142369835543675,3.444869200216882,0.2879377767249482
all_verified,90,2003,illinois_ex_cook,skip_51,8,193,3,16.0,55.0,1.7454545454545456,1.0002859633344088,3.0457406001101823,0.28404545090850897
all_verified,100,2003,illinois_ex_cook,original,12,626,20,22.0,83.0,1.5903614457831325,0.9939768471841702,2.5445758977168413,0.23979728569279052
all_verified,100,2003,illinois_ex_cook,skip_51,12,626,20,22.0,73.0,1.808219178082192,1.1225945116614524,2.9125891513090596,0.24321425861065743
all_verified,30,2004,chicago,original,70,673,28,27.0,317.0,0.5110410094637223,0.3449888395278555,0.7570184406867261,0.20047845562436167
all_verified,30,2004,chicago,skip_51,70,673,28,27.0,324.0,0.5,0.3376478965092307,0.7404162815306193,0.20030840419244383
all_verified,35,2004,chicago,original,31,250,28,35.0,191.0,1.0994764397905759,0.7667879458402587,1.5765094485541034,0.18386688300417073
all_verified,35,2004,chicago,skip_51,31,250,28,35.0,179.0,1.1731843575418994,0.8166674602628049,1.6853390195540345,0.18481888634606453
all_verified,40,2004,chicago,original,34,433,12,16.0,150.0,0.64,0.3822201956646876,1.0716335888209636,0.26299556396765833
all_verified,40,2004,chicago,skip_51,34,433,12,16.0,150.0,0.64,0.3822201956646876,1.0716335888209636,0.26299556396765833
all_verified,45,2004,chicago,original,18,149,11,12.0,118.0,0.6101694915254237,0.3369249820012743,1.105013959418972,0.3029982006621818
all_verified,45,2004,chicago,skip_51,18,149,11,12.0,126.0,0.5714285714285714,0.3160833271986316,1.0330523129418374,0.3021089890583219
all_verified,50,2004,chicago,original,25,578,13,19.0,87.0,1.3103448275862069,0.7976845869763581,2.1524843217671634,0.25323078766400353
all_verified,50,2004,chicago,skip_51,25,578,13,19.0,90.0,1.2666666666666666,0.7722410085372546,2.0776472975496514,0.25247314720278574
all_verified,55,2004,chicago,original,5,74,13,16.0,69.0,1.391304347826087,0.8076627888043172,2.3967029496870467,0.2774756811383448
all_verified,55,2004,chicago,skip_51,5,74,13,16.0,59.0,1.6271186440677965,0.9364594261530325,2.8271540740948007,0.2818672605010608
all_verified,60,2004,chicago,original,11,252,4,3.0,58.0,0.3103448275862069,0.09723986552175402,0.9904776347923436,0.5920934999167599
all_verified,60,2004,chicago,skip_51,11,252,4,3.0,59.0,0.30508474576271183,0.0956379885935029,0.9732189422417611,0.5918466742963977
all_verified,65,2004,chicago,original,5,77,5,5.0,42.0,0.7142857142857143,0.2826010601249317,1.8053862975853776,0.47308511264837305
all_verified,65,2004,chicago,skip_51,5,77,5,5.0,39.0,0.7692307692307693,0.30318947850757244,1.951637567517312,0.4750168687962835
all_verified,70,2004,chicago,original,6,138,3,2.0,35.0,0.34285714285714286,0.08246192523275361,1.4255187479114588,0.7270291799999699
all_verified,70,2004,chicago,skip_51,6,138,3,2.0,37.0,0.3243243243243243,0.07816720017250026,1.3456573488151453,0.7259662712736915
all_verified,75,2004,chicago,original,4,136,1,5.0,38.0,0.7894736842105263,0.3107355976875809,2.005784669343186,0.4757265910937544
all_verified,75,2004,chicago,skip_51,4,136,1,5.0,40.0,0.75,0.29600121955708286,1.9003300082401307,0.4743416490252569
all_verified,80,2004,chicago,original,13,136,5,3.0,34.0,0.5294117647058824,0.16259970242063013,1.7237228139812135,0.6022832373885361
all_verified,80,2004,chicago,skip_51,13,136,5,3.0,35.0,0.5142857142857143,0.15817024748527236,1.672184245289208,0.6015852075182383
all_verified,85,2004,chicago,original,4,58,2,6.0,24.0,1.5,0.6131483275071982,3.669585154293005,0.4564354645876384
all_verified,85,2004,chicago,skip_51,4,58,2,6.0,27.0,1.3333333333333333,0.5504960805088448,3.2294104185710264,0.45133546692422
all_verified,90,2004,chicago,original,3,76,2,5.0,15.0,2.0,0.7268810246995351,5.502963847011205,0.5163977794943222
all_verified,90,2004,chicago,skip_51,3,76,2,5.0,16.0,1.875,0.6868821697640825,5.118235928598178,0.51234753829798
all_verified,100,2004,chicago,original,6,280,11,10.0,28.0,2.142857142857143,1.0409017683312027,4.4114025688087874,0.36839419880650365
all_verified,100,2004,chicago,skip_51,6,280,11,10.0,23.0,2.608695652173913,1.241637742892157,5.480900564297806,0.37878524373260003
all_verified,30,2004,cook_ex_chicago,original,77,878,31,25.0,374.0,0.40106951871657753,0.2675335796224876,0.6012582011967603,0.20657637036080348
all_verified,30,2004,cook_ex_chicago,skip_51,77,878,31,25.0,372.0,0.4032258064516129,0.2689535914772286,0.6045319941463567,0.20661116146764857
all_verified,35,2004,cook_ex_chicago,original,33,339,39,29.0,241.0,0.7219917012448133,0.49116222943687343,1.0613031406426094,0.19655059454005894
all_verified,35,2004,cook_ex_chicago,skip_51,33,339,39,29.0,217.0,0.8018433179723503,0.5442412679257778,1.1813744096020884,0.19771457597143724
all_verified,40,2004,cook_ex_chicago,original,41,471,12,15.0,166.0,0.5421686746987951,0.3196213964711728,0.9196720716135144,0.26961224573859555
all_verified,40,2004,cook_ex_chicago,skip_51,41,471,12,15.0,177.0,0.5084745762711864,0.3001666386778269,0.8613428722559141,0.2689170581811257
all_verified,45,2004,cook_ex_chicago,original,20,213,13,23.0,122.0,1.1311475409836067,0.7244683921562864,1.7661153658684952,0.22732131924005858
all_verified,45,2004,cook_ex_chicago,skip_51,20,213,13,23.0,133.0,1.037593984962406,0.6665014290680054,1.6153022794499012,0.22582528171585753
all_verified,50,2004,cook_ex_chicago,original,28,667,15,24.0,111.0,1.2972972972972974,0.8344874564168272,2.0167831938437457,0.22511258444537408
all_verified,50,2004,cook_ex_chicago,skip_51,28,667,15,24.0,113.0,1.2743362831858407,0.8202874221879832,1.9797121334767345,0.22475814598984073
all_verified,55,2004,cook_ex_chicago,original,13,94,14,17.0,92.0,1.108695652173913,0.6608390400355133,1.8600687530253681,0.2639944973463576
all_verified,55,2004,cook_ex_chicago,skip_51,13,94,14,17.0,83.0,1.2289156626506024,0.7293117737508152,2.0707655631841924,0.26621743403250103
all_verified,60,2004,cook_ex_chicago,original,17,270,7,5.0,62.0,0.48387096774193544,0.19453664522565098,1.2035321836250386,0.4648967974271973
all_verified,60,2004,cook_ex_chicago,skip_51,17,270,7,5.0,63.0,0.47619047619047616,0.1915521417813436,1.1837892675371677,0.4646213682914464
all_verified,65,2004,cook_ex_chicago,original,7,110,2,8.0,44.0,1.090909090909091,0.5135948183701412,2.3171624830732274,0.3843530573929037
all_verified,65,2004,cook_ex_chicago,skip_51,7,110,2,8.0,49.0,0.979591836734694,0.4639331711397491,2.068401714496492,0.3813242232868325
all_verified,70,2004,cook_ex_chicago,original,8,188,3,7.0,41.0,1.024390243902439,0.45957096748662,2.283380470140447,0.40895890595459816
all_verified,70,2004,cook_ex_chicago,skip_51,8,188,3,7.0,42.0,1.0,0.4492540899947944,2.225911844256303,0.408248290463863
all_verified,75,2004,cook_ex_chicago,original,7,147,4,4.0,39.0,0.6153846153846154,0.21990981909387983,1.7220614632510076,0.5250152622934172
all_verified,75,2004,cook_ex_chicago,skip_51,7,147,4,4.0,38.0,0.6315789473684211,0.22541300172733617,1.769604963787804,0.5256574830378468
all_verified,80,2004,cook_ex_chicago,original,6,161,1,3.0,25.0,0.72,0.2173853163667934,2.3847056860331155,0.6110100926607787
all_verified,80,2004,cook_ex_chicago,skip_51,6,161,1,3.0,25.0,0.72,0.2173853163667934,2.3847056860331155,0.6110100926607787
all_verified,85,2004,cook_ex_chicago,original,2,46,4,1.0,17.0,0.3529411764705882,0.046968541267807896,2.6521469623290406,1.0289915108550531
all_verified,85,2004,cook_ex_chicago,skip_51,2,46,4,1.0,15.0,0.4,0.052835602406824625,3.0282611101512353,1.0327955589886444
all_verified,90,2004,cook_ex_chicago,original,3,93,3,2.0,24.0,0.5,0.11816561494286273,2.115674683543803,0.7359800721939872
all_verified,90,2004,cook_ex_chicago,skip_51,3,93,3,2.0,24.0,0.5,0.11816561494286273,2.115674683543803,0.7359800721939872
all_verified,100,2004,cook_ex_chicago,original,8,316,7,19.0,30.0,3.8,2.1389894642870426,6.750851390852019,0.29319773580418684
all_verified,100,2004,cook_ex_chicago,skip_51,8,316,7,19.0,25.0,4.56,2.511268665540668,8.280117649428481,0.30435436410107286
all_verified,30,2004,illinois_ex_cook,original,307,2067,93,126.0,1272.0,0.5943396226415094,0.4949200500757458,0.7137306055545531,0.09339524323283555
all_verified,30,2004,illinois_ex_cook,skip_51,307,2067,93,126.0,1294.0,0.5842349304482226,0.4865739076017949,0.7014976525111564,0.09332365972011518
all_verified,35,2004,illinois_ex_cook,original,129,1005,130,115.0,820.0,0.8414634146341464,0.6922697531181435,1.0228103639924868,0.09957491837322788
all_verified,35,2004,illinois_ex_cook,skip_51,129,1005,130,115.0,764.0,0.9031413612565445,0.7423601301643394,1.0987447806925694,0.10002276089707408
all_verified,40,2004,illinois_ex_cook,original,125,1243,61,74.0,602.0,0.7375415282392027,0.5793339083186873,0.9389533360063334,0.12318540125201455
all_verified,40,2004,illinois_ex_cook,skip_51,125,1243,61,74.0,594.0,0.7474747474747475,0.5870319337990362,0.9517684915310052,0.12327617449051215
all_verified,45,2004,illinois_ex_cook,original,64,549,32,53.0,435.0,0.7310344827586207,0.5496622707509549,0.9722541338921538,0.14548805828319564
all_verified,45,2004,illinois_ex_cook,skip_51,64,549,32,53.0,462.0,0.6883116883116883,0.5180084634915044,0.9146047094928533,0.1450256070244288
all_verified,50,2004,illinois_ex_cook,original,95,1474,36,59.0,357.0,0.9915966386554622,0.7528503788254773,1.3060548569116779,0.1405356644789932
all_verified,50,2004,illinois_ex_cook,skip_51,95,1474,36,59.0,382.0,0.9267015706806283,0.7044821585043495,1.219017104599451,0.13988192731548024
all_verified,55,2004,illinois_ex_cook,original,51,276,36,61.0,261.0,1.4022988505747127,1.0611712183407058,1.8530865069992906,0.14221413518870724
all_verified,55,2004,illinois_ex_cook,skip_51,51,276,36,61.0,243.0,1.5061728395061729,1.1375573268221377,1.9942349884058077,0.14320848075585252
all_verified,60,2004,illinois_ex_cook,original,37,700,21,18.0,199.0,0.542713567839196,0.3350112378853699,0.8791884671568272,0.2461314307107003
all_verified,60,2004,illinois_ex_cook,skip_51,37,700,21,18.0,195.0,0.5538461538461539,0.3417430350519767,0.8975912620531497,0.24634074101488102
all_verified,65,2004,illinois_ex_cook,original,36,274,21,17.0,169.0,0.6035502958579881,0.36654570485353594,0.9937995584365692,0.2544419170951955
all_verified,65,2004,illinois_ex_cook,skip_51,36,274,21,17.0,161.0,0.6335403726708074,0.38432417938885466,1.0443615711145788,0.25501903759521233
all_verified,70,2004,illinois_ex_cook,original,28,414,9,13.0,133.0,0.5864661654135338,0.3318094475923371,1.0365665163260334,0.2905888399707706
all_verified,70,2004,illinois_ex_cook,skip_51,28,414,9,13.0,134.0,0.582089552238806,0.3293955937748243,1.0286362453809796,0.29049227784958603
all_verified,75,2004,illinois_ex_cook,original,20,368,13,10.0,101.0,0.5940594059405941,0.31019883245101854,1.1376786140618913,0.3315131823910022
all_verified,75,2004,illinois_ex_cook,skip_51,20,368,13,10.0,101.0,0.5940594059405941,0.31019883245101854,1.1376786140618913,0.3315131823910022
all_verified,80,2004,illinois_ex_cook,original,17,366,11,13.0,76.0,1.0263157894736843,0.5699030835028086,1.8482512732672396,0.3001349224264298
all_verified,80,2004,illinois_ex_cook,skip_51,17,366,11,13.0,77.0,1.0129870129870129,0.5628158364363199,1.8232299484992442,0.29985011240633197
all_verified,85,2004,illinois_ex_cook,original,15,147,12,12.0,68.0,1.0588235294117647,0.5731880727518635,1.955915204330011,0.3131121455425747
all_verified,85,2004,illinois_ex_cook,skip_51,15,147,12,12.0,72.0,1.0,0.5427332276834034,1.8425258469402899,0.31180478223116176
all_verified,90,2004,illinois_ex_cook,original,9,196,3,16.0,45.0,2.1333333333333333,1.2058526313478737,3.7741851639233777,0.29107081994288303
all_verified,90,2004,illinois_ex_cook,skip_51,9,196,3,16.0,49.0,1.959183673469388,1.1142369835543675,3.444869200216882,0.2879377767249482
all_verified,100,2004,illinois_ex_cook,original,12,638,25,18.0,81.0,1.3333333333333333,0.8000731739478196,2.2220189798461147,0.26057865332352387
all_verified,100,2004,illinois_ex_cook,skip_51,12,638,25,18.0,65.0,1.6615384615384614,0.9858075496624195,2.8004553831191257,0.26634596099841823
all_verified,30,2005,chicago,original,68,675,28,28.0,314.0,0.535031847133758,0.36349255688917587,0.7875239039203699,0.1972282918094711
all_verified,30,2005,chicago,skip_51,68,675,28,28.0,321.0,0.5233644859813084,0.35568870274140996,0.7700845797894664,0.19705215175631424
all_verified,35,2005,chicago,original,31,243,28,35.0,192.0,1.09375,0.7629051542825155,1.5680704944575534,0.1837927145040355
all_verified,35,2005,chicago,skip_51,31,243,28,35.0,181.0,1.160220994475138,0.8079080345485364,1.6661707749609074,0.18465180868294143
all_verified,40,2005,chicago,original,33,421,12,17.0,147.0,0.6938775510204082,0.41997287848412274,1.1464217821586808,0.2561762098638359
all_verified,40,2005,chicago,skip_51,33,421,12,17.0,146.0,0.6986301369863014,0.42277405439102755,1.154479711411204,0.25626713499834086
all_verified,45,2005,chicago,original,18,149,11,11.0,114.0,0.5789473684210527,0.3118101371395011,1.0749491933666846,0.315723012676701
all_verified,45,2005,chicago,skip_51,18,149,11,11.0,122.0,0.5409836065573771,0.29188500147135527,1.0026663277953598,0.3148107562021449
all_verified,50,2005,chicago,original,23,574,12,19.0,83.0,1.3734939759036144,0.8343405438171017,2.2610500182729476,0.25432218094073655
all_verified,50,2005,chicago,skip_51,23,574,12,19.0,87.0,1.3103448275862069,0.7976845869763581,2.1524843217671634,0.25323078766400353
all_verified,55,2005,chicago,original,4,73,13,16.0,67.0,1.4328358208955225,0.8305039731075567,2.472015253532645,0.278254152052271
all_verified,55,2005,chicago,skip_51,4,73,13,16.0,57.0,1.6842105263157894,0.9673192067723607,2.932398196059429,0.2829202354889498
all_verified,60,2005,chicago,original,10,247,4,3.0,58.0,0.3103448275862069,0.09723986552175402,0.9904776347923436,0.5920934999167599
all_verified,60,2005,chicago,skip_51,10,247,4,3.0,58.0,0.3103448275862069,0.09723986552175402,0.9904776347923436,0.5920934999167599
all_verified,65,2005,chicago,original,6,77,5,4.0,44.0,0.5454545454545455,0.19598592754092622,1.5180715518204535,0.5222329678670935
all_verified,65,2005,chicago,skip_51,6,77,5,4.0,41.0,0.5853658536585367,0.2096720215823319,1.6342341722252045,0.5238227218271837
all_verified,70,2005,chicago,original,6,138,3,2.0,36.0,0.3333333333333333,0.08025716183602605,1.384438579302405,0.7264831572567789
all_verified,70,2005,chicago,skip_51,6,138,3,2.0,39.0,0.3076923076923077,0.074297597833354,1.274261335142602,0.7250110520819842
all_verified,75,2005,chicago,original,3,138,1,6.0,38.0,0.9473684210526316,0.40048030725586986,2.241076299999771,0.4392976851069794
all_verified,75,2005,chicago,skip_51,3,138,1,6.0,40.0,0.8999999999999999,0.38157660432310864,2.1227716553452898,0.43779751788545657
all_verified,80,2005,chicago,original,13,136,5,3.0,35.0,0.5142857142857143,0.15817024748527236,1.672184245289208,0.6015852075182383
all_verified,80,2005,chicago,skip_51,13,136,5,3.0,36.0,0.5,0.15397568214117335,1.6236330083005333,0.6009252125773316
all_verified,85,2005,chicago,original,4,57,2,6.0,25.0,1.44,0.5907367706759957,3.5101928691981112,0.4546060565661952
all_verified,85,2005,chicago,skip_51,4,57,2,6.0,28.0,1.2857142857142856,0.5323648191676441,3.105128597855823,0.4498677054212187
all_verified,90,2005,chicago,original,3,75,2,5.0,15.0,2.0,0.7268810246995351,5.502963847011205,0.5163977794943222
all_verified,90,2005,chicago,skip_51,3,75,2,5.0,16.0,1.875,0.6868821697640825,5.118235928598178,0.51234753829798
all_verified,100,2005,chicago,original,6,278,11,10.0,27.0,2.2222222222222223,1.0756711840880875,4.590874681768804,0.3701851388657263
all_verified,100,2005,chicago,skip_51,6,278,11,10.0,22.0,2.7272727272727275,1.2914781807328397,5.759304833709985,0.3813850356982369
all_verified,30,2005,cook_ex_chicago,original,71,879,30,23.0,371.0,0.3719676549865229,0.24411535899428147,0.5667809552262302,0.21488061489888433
all_verified,30,2005,cook_ex_chicago,skip_51,71,879,30,23.0,372.0,0.3709677419354839,0.24346718058210784,0.5652386708864904,0.2148637543015945
all_verified,35,2005,cook_ex_chicago,original,36,327,36,31.0,243.0,0.7654320987654321,0.5267012826072086,1.1123692255319286,0.19071783045530272
all_verified,35,2005,cook_ex_chicago,skip_51,36,327,36,31.0,220.0,0.8454545454545455,0.5804845802196019,1.231373601964311,0.19184243290154443
all_verified,40,2005,cook_ex_chicago,original,41,468,15,13.0,161.0,0.484472049689441,0.27531962874015986,0.8525115626674221,0.2883301181758516
all_verified,40,2005,cook_ex_chicago,skip_51,41,468,15,13.0,167.0,0.46706586826347307,0.26562943945169404,0.8212588399351107,0.287942877799005
all_verified,45,2005,cook_ex_chicago,original,18,201,12,21.0,122.0,1.0327868852459017,0.6499913549522974,1.6410199031250379,0.23625361146556687
all_verified,45,2005,cook_ex_chicago,skip_51,18,201,12,21.0,132.0,0.9545454545454546,0.6023033363152904,1.5127876102556088,0.2349357469496824
all_verified,50,2005,cook_ex_chicago,original,28,674,16,22.0,110.0,1.2000000000000002,0.7592411568262635,1.8966305857540788,0.2335496832484569
all_verified,50,2005,cook_ex_chicago,skip_51,28,674,16,22.0,111.0,1.1891891891891893,0.7526598594618341,1.8788977649154823,0.23337427978154418
all_verified,55,2005,cook_ex_chicago,original,12,96,12,17.0,83.0,1.2289156626506024,0.7293117737508152,2.0707655631841924,0.26621743403250103
all_verified,55,2005,cook_ex_chicago,skip_51,12,96,12,17.0,77.0,1.3246753246753247,0.7834379661429454,2.239825987043758,0.2679748913588318
all_verified,60,2005,cook_ex_chicago,original,15,266,8,6.0,59.0,0.6101694915254237,0.26345132093241,1.4131901372546605,0.428504164751102
all_verified,60,2005,cook_ex_chicago,skip_51,15,266,8,6.0,58.0,0.6206896551724138,0.2678146079034115,1.4385161849610313,0.4288450139351179
all_verified,65,2005,cook_ex_chicago,original,5,109,2,7.0,49.0,0.8571428571428572,0.3882482692619008,1.8923300777302827,0.40406101782088427
all_verified,65,2005,cook_ex_chicago,skip_51,5,109,2,7.0,52.0,0.8076923076923077,0.36689744746391545,1.7780632392365885,0.40260143080708505
all_verified,70,2005,cook_ex_chicago,original,11,185,3,5.0,41.0,0.7317073170731707,0.2891459522336833,1.8516447964165834,0.47369847361210593
all_verified,70,2005,cook_ex_chicago,skip_51,11,185,3,5.0,41.0,0.7317073170731707,0.2891459522336833,1.8516447964165834,0.47369847361210593
all_verified,75,2005,cook_ex_chicago,original,5,140,6,3.0,40.0,0.44999999999999996,0.13920852140565143,1.4546523298664897,0.5986094998689324
all_verified,75,2005,cook_ex_chicago,skip_51,5,140,6,3.0,37.0,0.48648648648648646,0.14999780833151147,1.57781706390604,0.6003002251876642
all_verified,80,2005,cook_ex_chicago,original,7,156,1,3.0,29.0,0.6206896551724138,0.18907305496107052,2.0376020693026446,0.6064784348631227
all_verified,80,2005,cook_ex_chicago,skip_51,7,156,1,3.0,32.0,0.5625,0.17224686334101685,1.8369347566786995,0.60380736442456
all_verified,85,2005,cook_ex_chicago,original,3,49,2,4.0,17.0,1.4117647058823528,0.4750341337744069,4.1956555183497555,0.5557189302262113
all_verified,85,2005,cook_ex_chicago,skip_51,3,49,2,4.0,19.0,1.2631578947368423,0.42972080447687777,3.7130337894121324,0.5501196042201808
all_verified,90,2005,cook_ex_chicago,original,3,91,2,4.0,24.0,1.0,0.34696860426886966,2.882105146392696,0.5400617248673217
all_verified,90,2005,cook_ex_chicago,skip_51,3,91,2,4.0,24.0,1.0,0.34696860426886966,2.882105146392696,0.5400617248673217
all_verified,100,2005,cook_ex_chicago,original,6,316,9,16.0,30.0,3.2,1.7443716523342134,5.870308650279571,0.30956959368344517
all_verified,100,2005,cook_ex_chicago,skip_51,6,316,9,16.0,23.0,4.173913043478261,2.205137019456142,7.900438812103692,0.32554302460591167
all_verified,30,2005,illinois_ex_cook,original,318,2120,86,111.0,1258.0,0.5294117647058824,0.4360241334813934,0.6428011549983549,0.09901475429766743
all_verified,30,2005,illinois_ex_cook,skip_51,318,2120,86,111.0,1277.0,0.5215348472983555,0.4295869949667716,0.6331630150199449,0.0989550118251362
all_verified,35,2005,illinois_ex_cook,original,124,1006,131,105.0,784.0,0.8035714285714286,0.6554901773716595,0.9851055944202237,0.10391977544188188
all_verified,35,2005,illinois_ex_cook,skip_51,124,1006,131,105.0,722.0,0.8725761772853186,0.7110458301135372,1.0708018427508166,0.10444544544907673
all_verified,40,2005,illinois_ex_cook,original,116,1275,62,69.0,589.0,0.7028862478777589,0.5477399309106454,0.9019774706479636,0.1272420783092541
all_verified,40,2005,illinois_ex_cook,skip_51,116,1275,62,69.0,581.0,0.7125645438898451,0.5551820273066838,0.9145617189233357,0.12733390757790164
all_verified,45,2005,illinois_ex_cook,original,63,571,34,54.0,419.0,0.7732696897374702,0.5824474870556896,1.0266093104622014,0.14458614512942536
all_verified,45,2005,illinois_ex_cook,skip_51,63,571,34,54.0,450.0,0.72,0.5429292140004794,0.9548206039241467,0.14401645996461912
all_verified,50,2005,illinois_ex_cook,original,81,1476,40,65.0,338.0,1.1538461538461537,0.8848335065965371,1.504645717889423,0.1354370527819924
all_verified,50,2005,illinois_ex_cook,skip_51,81,1476,40,65.0,359.0,1.0863509749303621,0.834120803593143,1.4148531431519016,0.13479662720168353
all_verified,55,2005,illinois_ex_cook,original,48,275,39,61.0,263.0,1.391634980988593,1.0533130127436994,1.838625267969003,0.1421116602948967
all_verified,55,2005,illinois_ex_cook,skip_51,48,275,39,61.0,245.0,1.493877551020408,1.128530655910285,1.9775006782094393,0.1430911432479734
all_verified,60,2005,illinois_ex_cook,original,40,701,21,21.0,204.0,0.6176470588235294,0.394151332639034,0.9678716210829741,0.22917462425705282
all_verified,60,2005,illinois_ex_cook,skip_51,40,701,21,21.0,205.0,0.6146341463414634,0.39226875633421565,0.9630518050411143,0.2291224484845067
all_verified,65,2005,illinois_ex_cook,original,33,272,16,22.0,152.0,0.868421052631579,0.5553419216101162,1.3580014317435276,0.22810851107086405
all_verified,65,2005,illinois_ex_cook,skip_51,33,272,16,22.0,151.0,0.8741721854304635,0.5589150759495474,1.3672506659119963,0.22820399210100784
all_verified,70,2005,illinois_ex_cook,original,26,422,11,15.0,122.0,0.7377049180327869,0.43149886531148707,1.261205045572743,0.27361174678390926
all_verified,70,2005,illinois_ex_cook,skip_51,26,422,11,15.0,122.0,0.7377049180327869,0.43149886531148707,1.261205045572743,0.27361174678390926
all_verified,75,2005,illinois_ex_cook,original,20,380,15,11.0,108.0,0.6111111111111112,0.32863603747002434,1.1363841683294416,0.3164938390685515
all_verified,75,2005,illinois_ex_cook,skip_51,20,380,15,11.0,106.0,0.6226415094339622,0.3346557136539446,1.1584516069882236,0.31676971631335255
all_verified,80,2005,illinois_ex_cook,original,18,370,9,13.0,84.0,0.9285714285714286,0.5177481442154336,1.6653751589313395,0.2980399953493471
all_verified,80,2005,illinois_ex_cook,skip_51,18,370,9,13.0,89.0,0.8764044943820224,0.48973901998462416,1.5683554024286712,0.29691586683647725
all_verified,85,2005,illinois_ex_cook,original,14,143,9,14.0,68.0,1.2352941176470587,0.6949434010461083,2.1957925707279013,0.2934867182369802
all_verified,85,2005,illinois_ex_cook,skip_51,14,143,9,14.0,70.0,1.2,0.676036854388011,2.1300613874129306,0.29277002188455997
all_verified,90,2005,illinois_ex_cook,original,11,199,2,11.0,38.0,1.736842105263158,0.8878090851570529,3.397825668883891,0.34238119163116293
all_verified,90,2005,illinois_ex_cook,skip_51,11,199,2,11.0,43.0,1.5348837209302324,0.7915232663241679,2.9763724416052617,0.337882975100225
all_verified,100,2005,illinois_ex_cook,original,15,645,26,25.0,87.0,1.7241379310344827,1.10512362922126,2.6898814997979774,0.22692345157247018
all_verified,100,2005,illinois_ex_cook,skip_51,15,645,26,25.0,69.0,2.1739130434782608,1.37574114796569,3.4351650581892565,0.2334368300487059
all_verified,30,2006,chicago,original,79,756,25,24.0,349.0,0.41260744985673353,0.27284001211933456,0.6239733914203731,0.21102605568877186
all_verified,30,2006,chicago,skip_51,79,756,25,24.0,345.0,0.41739130434782606,0.2759608044084564,0.6313052366933927,0.21110475454452546
all_verified,35,2006,chicago,original,37,240,24,21.0,206.0,0.6116504854368932,0.39040408289681494,0.9582797227919032,0.22907076756121994
all_verified,35,2006,chicago,skip_51,37,240,24,21.0,202.0,0.6237623762376238,0.3979712354578269,0.9776573464210524,0.22928048907081597
all_verified,40,2006,chicago,original,38,444,14,20.0,150.0,0.8,0.5017180977389093,1.2756167315555988,0.23804761428476168
all_verified,40,2006,chicago,skip_51,38,444,14,20.0,149.0,0.8053691275167786,0.5049923245499103,1.2844144356753122,0.2381415742703763
all_verified,45,2006,chicago,original,21,143,10,13.0,116.0,0.6724137931034483,0.3790301452694096,1.192887465017833,0.2924786600390691
all_verified,45,2006,chicago,skip_51,21,143,10,13.0,125.0,0.624,0.35247359382021476,1.1046955199673991,0.29141564289357724
all_verified,50,2006,chicago,original,20,579,12,19.0,81.0,1.4074074074074074,0.853963186407542,2.3195327877751555,0.25490637096729085
all_verified,50,2006,chicago,skip_51,20,579,12,19.0,83.0,1.3734939759036144,0.8343405438171017,2.2610500182729476,0.25432218094073655
all_verified,55,2006,chicago,original,5,84,15,14.0,69.0,1.2173913043478262,0.6853596368854574,2.162429049129124,0.293123395606287
all_verified,55,2006,chicago,skip_51,5,84,15,14.0,56.0,1.5,0.835105754157176,2.694269544664789,0.2988071523335984
all_verified,60,2006,chicago,original,9,265,4,2.0,62.0,0.1935483870967742,0.047343142142885125,0.7912651432112962,0.7184212081070996
all_verified,60,2006,chicago,skip_51,9,265,4,2.0,61.0,0.19672131147540986,0.04810190879011096,0.8045267924286867,0.7186052063706126
all_verified,65,2006,chicago,original,7,70,5,3.0,51.0,0.35294117647058826,0.11015493707385071,1.1308387745247377,0.5940885257860046
all_verified,65,2006,chicago,skip_51,7,70,5,3.0,50.0,0.36,0.1122853954772269,1.154201750362849,0.594418483337567
all_verified,70,2006,chicago,original,6,137,4,4.0,43.0,0.5581395348837209,0.20034502773616691,1.5549162558227034,0.5227387626276516
all_verified,70,2006,chicago,skip_51,6,137,4,4.0,45.0,0.5333333333333333,0.19181247419544775,1.4829298544713476,0.521749194749951
all_verified,75,2006,chicago,original,4,143,4,6.0,33.0,1.0909090909090908,0.4570961664680506,2.6035717031358687,0.44381268229929727
all_verified,75,2006,chicago,skip_51,4,143,4,6.0,34.0,1.0588235294117647,0.4445271375706278,2.5220221032239265,0.44280744277004763
all_verified,80,2006,chicago,original,6,137,3,5.0,33.0,0.9090909090909091,0.3549024985612007,2.3286572631700424,0.47989897926858555
all_verified,80,2006,chicago,skip_51,6,137,3,5.0,35.0,0.8571428571428572,0.3358099481529366,2.1878264226300463,0.4780914437337575
all_verified,85,2006,chicago,original,5,49,1,5.0,29.0,1.0344827586206897,0.40043754122906056,2.67246316266665,0.4842341981115023
all_verified,85,2006,chicago,skip_51,5,49,1,5.0,31.0,0.9677419354838709,0.37629730109968607,2.488788654495215,0.4819315973414993
all_verified,90,2006,chicago,original,5,74,1,3.0,14.0,1.2857142857142856,0.36948126930976133,4.474005482274994,0.6362090102803518
all_verified,90,2006,chicago,skip_51,5,74,1,3.0,16.0,1.125,0.3277983688388834,3.8609862656823313,0.6291528696058958
all_verified,100,2006,chicago,original,5,289,13,7.0,30.0,1.4,0.6149349868325894,3.1873288103114428,0.41975049278169546
all_verified,100,2006,chicago,skip_51,5,289,13,7.0,22.0,1.9090909090909092,0.8155335066333909,4.469010861637025,0.43394894666502914
all_verified,30,2006,cook_ex_chicago,original,63,853,28,24.0,333.0,0.43243243243243246,0.28576681908722046,0.6543720128765391,0.2113520041770829
all_verified,30,2006,cook_ex_chicago,skip_51,63,853,28,24.0,337.0,0.427299703264095,0.2824216105753744,0.6464981062801999,0.2112676636807246
all_verified,35,2006,cook_ex_chicago,original,36,324,35,32.0,228.0,0.8421052631578947,0.5816717047855245,1.2191434934929548,0.18877490540927494
all_verified,35,2006,cook_ex_chicago,skip_51,36,324,35,32.0,210.0,0.9142857142857143,0.6303011895586584,1.3262205136123175,0.1897680288191474
all_verified,40,2006,cook_ex_chicago,original,36,469,23,17.0,159.0,0.6415094339622641,0.3890416596356528,1.0578156443399833,0.2551721724402278
all_verified,40,2006,cook_ex_chicago,skip_51,36,469,23,17.0,156.0,0.6538461538461539,0.39633917036866423,1.0786589488536935,0.2554090558731642
all_verified,45,2006,cook_ex_chicago,original,17,192,13,20.0,122.0,0.9836065573770493,0.6130188238420403,1.5782253694128425,0.24123996623999808
all_verified,45,2006,cook_ex_chicago,skip_51,17,192,13,20.0,134.0,0.8955223880597015,0.5597936607550426,1.4325999091066461,0.239713759653392
all_verified,50,2006,cook_ex_chicago,original,22,657,14,25.0,101.0,1.4851485148514854,0.9585626066777836,2.3010141390868974,0.2233852951718396
all_verified,50,2006,cook_ex_chicago,skip_51,22,657,14,25.0,105.0,1.4285714285714286,0.923575812593556,2.209690096581955,0.22253945610567472
all_verified,55,2006,cook_ex_chicago,original,14,97,12,18.0,76.0,1.4210526315789473,0.8501165481799837,2.3754279175493864,0.2621325052190164
all_verified,55,2006,cook_ex_chicago,skip_51,14,97,12,18.0,70.0,1.542857142857143,0.9191159512480518,2.589888860086685,0.26427498905736396
all_verified,60,2006,cook_ex_chicago,original,9,268,7,6.0,49.0,0.7346938775510204,0.31472895880212265,1.7150474356264205,0.4325214791567845
all_verified,60,2006,cook_ex_chicago,skip_51,9,268,7,6.0,51.0,0.7058823529411765,0.30293606638753046,1.644802159530126,0.43159530790304196
all_verified,65,2006,cook_ex_chicago,original,2,102,3,9.0,44.0,1.2272727272727273,0.5991456293237094,2.5139102638661854,0.36583928689847384
all_verified,65,2006,cook_ex_chicago,skip_51,2,102,3,9.0,48.0,1.125,0.5520202997591315,2.292714598633859,0.36324157862838946
all_verified,70,2006,cook_ex_chicago,original,8,175,2,7.0,39.0,1.0769230769230769,0.48169546268622787,2.407669167448494,0.41048528414325464
all_verified,70,2006,cook_ex_chicago,skip_51,8,175,2,7.0,40.0,1.05,0.470373067635156,2.3438841971606084,0.4097037257057139
all_verified,75,2006,cook_ex_chicago,original,6,132,7,3.0,37.0,0.48648648648648646,0.14999780833151147,1.57781706390604,0.6003002251876642
all_verified,75,2006,cook_ex_chicago,skip_51,6,132,7,3.0,33.0,0.5454545454545454,0.1672843408964788,1.7785326442547338,0.6030226891555273
all_verified,80,2006,cook_ex_chicago,original,6,164,1,3.0,27.0,0.6666666666666666,0.2022434473705817,2.197571541737343,0.6085806194501846
all_verified,80,2006,cook_ex_chicago,skip_51,6,164,1,3.0,29.0,0.6206896551724138,0.18907305496107052,2.0376020693026446,0.6064784348631227
all_verified,85,2006,cook_ex_chicago,original,3,47,2,3.0,16.0,1.125,0.3277983688388834,3.8609862656823313,0.6291528696058958
all_verified,85,2006,cook_ex_chicago,skip_51,3,47,2,3.0,18.0,1.0,0.294559356431645,3.394901496643032,0.6236095644623235
all_verified,90,2006,cook_ex_chicago,original,3,78,2,4.0,25.0,0.96,0.33410021145222696,2.7584538064016746,0.5385164807134504
all_verified,90,2006,cook_ex_chicago,skip_51,3,78,2,4.0,25.0,0.96,0.33410021145222696,2.7584538064016746,0.5385164807134504
all_verified,100,2006,cook_ex_chicago,original,7,319,9,16.0,27.0,3.5555555555555554,1.9158115247610372,6.598757312632219,0.3154949081000152
all_verified,100,2006,cook_ex_chicago,skip_51,7,319,9,16.0,22.0,4.363636363636364,2.2917588333163534,8.308606489145857,0.32856437033638547
all_verified,30,2006,illinois_ex_cook,original,293,2178,90,113.0,1213.0,0.5589447650453422,0.4609420495369351,0.6777842262068537,0.0983562902434326
all_verified,30,2006,illinois_ex_cook,skip_51,293,2178,90,113.0,1230.0,0.551219512195122,0.4546229309405435,0.6683405740137763,0.09829835020083091
all_verified,35,2006,illinois_ex_cook,original,115,949,129,107.0,790.0,0.8126582278481014,0.6640820674840874,0.9944755740675701,0.10301270396088771
all_verified,35,2006,illinois_ex_cook,skip_51,115,949,129,107.0,723.0,0.8879668049792531,0.7248150927881337,1.0878430300230244,0.10358050133580658
all_verified,40,2006,illinois_ex_cook,original,112,1289,64,62.0,594.0,0.6262626262626263,0.48211426365976945,0.8135102124465311,0.13346360530708812
all_verified,40,2006,illinois_ex_cook,skip_51,112,1289,64,62.0,575.0,0.6469565217391304,0.49784175836684275,0.840734498435498,0.13367184704659063
all_verified,45,2006,illinois_ex_cook,original,59,555,35,45.0,419.0,0.6443914081145585,0.473824497115823,0.8763588404133545,0.15687210417117176
all_verified,45,2006,illinois_ex_cook,skip_51,59,555,35,45.0,445.0,0.6067415730337078,0.44652973442606486,0.8244363321528658,0.15642702206926454
all_verified,50,2006,illinois_ex_cook,original,83,1533,35,61.0,336.0,1.0892857142857142,0.8292277011424085,1.43090174835243,0.13917482925853114
all_verified,50,2006,illinois_ex_cook,skip_51,83,1533,35,61.0,360.0,1.0166666666666666,0.7750306953940039,1.3336389348884459,0.1384601762266992
all_verified,55,2006,illinois_ex_cook,original,50,274,37,59.0,267.0,1.3258426966292134,1.0000910291623217,1.757698854350699,0.14385572944597239
all_verified,55,2006,illinois_ex_cook,skip_51,50,274,37,59.0,248.0,1.4274193548387095,1.0746155008766252,1.8960512042735578,0.14484961376161487
all_verified,60,2006,illinois_ex_cook,original,45,730,21,18.0,212.0,0.5094339622641509,0.31485464988537354,0.8242627574426316,0.24550465716077774
all_verified,60,2006,illinois_ex_cook,skip_51,45,730,21,18.0,211.0,0.5118483412322276,0.3163186258509036,0.8282431163116868,0.24555018234252352
all_verified,65,2006,illinois_ex_cook,original,34,268,17,20.0,161.0,0.7453416149068324,0.46831833787190286,1.1862318384463468,0.23708897090380143
all_verified,65,2006,illinois_ex_cook,skip_51,34,268,17,20.0,153.0,0.7843137254901961,0.4921454160686592,1.2499314225177938,0.2377728910376839
all_verified,70,2006,illinois_ex_cook,original,30,423,11,9.0,128.0,0.421875,0.2146045701722552,0.8293323645537612,0.344853028275976
all_verified,70,2006,illinois_ex_cook,skip_51,30,423,11,9.0,130.0,0.41538461538461535,0.2113751649007798,0.8162944723388754,0.34467871823397916
all_verified,75,2006,illinois_ex_cook,original,18,390,15,13.0,105.0,0.7428571428571429,0.41747617153750394,1.3218400769115592,0.29401851378252775
all_verified,75,2006,illinois_ex_cook,skip_51,18,390,15,13.0,98.0,0.7959183673469389,0.44628481745364484,1.4194658269906668,0.29517309930908336
all_verified,80,2006,illinois_ex_cook,original,17,382,11,8.0,79.0,0.6075949367088608,0.29362484976520475,1.2572900672727472,0.37102321739764654
all_verified,80,2006,illinois_ex_cook,skip_51,17,382,11,8.0,85.0,0.5647058823529412,0.27354426865447273,1.16578108228187,0.3698171249176449
all_verified,85,2006,illinois_ex_cook,original,9,128,12,17.0,66.0,1.5454545454545454,0.9068577636347858,2.6337424101581552,0.27198353730194746
all_verified,85,2006,illinois_ex_cook,skip_51,9,128,12,17.0,63.0,1.619047619047619,0.9475808459936828,2.766323531998915,0.2733066872302626
all_verified,90,2006,illinois_ex_cook,original,11,192,3,9.0,40.0,1.3499999999999999,0.6550767339270736,2.782116820230238,0.3689323936863109
all_verified,90,2006,illinois_ex_cook,skip_51,11,192,3,9.0,46.0,1.1739130434782608,0.5746176358330158,2.3982414525976385,0.3644862707234577
all_verified,100,2006,illinois_ex_cook,original,15,725,35,32.0,96.0,2.0,1.3405283883525845,2.9838980171958314,0.2041241452319315
all_verified,100,2006,illinois_ex_cook,skip_51,15,725,35,32.0,67.0,2.865671641791045,1.8806717362917003,4.366564244091801,0.2148845576916321
all_verified,30,2007,chicago,original,76,762,24,24.0,342.0,0.42105263157894735,0.2783486615871771,0.6369181642500268,0.21116496696860917
all_verified,30,2007,chicago,skip_51,76,762,24,24.0,340.0,0.4235294117647059,0.27996366032057884,0.640715878712108,0.21120568916876956
all_verified,35,2007,chicago,original,36,236,26,22.0,207.0,0.6376811594202898,0.4108876285036705,0.9896556451710556,0.22424420467191922
all_verified,35,2007,chicago,skip_51,36,236,26,22.0,201.0,0.6567164179104478,0.42288652774637225,1.0198396620754717,0.22456551345354636
all_verified,40,2007,chicago,original,39,444,13,20.0,152.0,0.7894736842105263,0.49529544427722577,1.258377611307257,0.2378632955468772
all_verified,40,2007,chicago,skip_51,39,444,13,20.0,151.0,0.7947019867549668,0.4984860746844679,1.2669385963330095,0.2379548624346462
all_verified,45,2007,chicago,original,20,144,9,12.0,115.0,0.6260869565217391,0.34546736832296937,1.1346509484513643,0.30336279519289505
all_verified,45,2007,chicago,skip_51,20,144,9,12.0,126.0,0.5714285714285714,0.3160833271986316,1.0330523129418374,0.3021089890583219
all_verified,50,2007,chicago,original,19,587,13,20.0,80.0,1.5,0.9189395912766242,2.4484743299330685,0.25
all_verified,50,2007,chicago,skip_51,19,587,13,20.0,82.0,1.4634146341463414,0.8975998408682633,2.385898809164318,0.24938949847822284
all_verified,55,2007,chicago,original,6,81,15,15.0,69.0,1.3043478260869565,0.7462674085025965,2.2797769700696366,0.2848849246447679
all_verified,55,2007,chicago,skip_51,6,81,15,15.0,57.0,1.5789473684210527,0.8940308669718281,2.7885779835410616,0.29019050004400465
all_verified,60,2007,chicago,original,9,263,4,3.0,60.0,0.3,0.0940880303546699,0.9565510050613255,0.5916079783099616
all_verified,60,2007,chicago,skip_51,9,263,4,3.0,59.0,0.30508474576271183,0.0956379885935029,0.9732189422417611,0.5918466742963977
all_verified,65,2007,chicago,original,7,67,4,3.0,47.0,0.3829787234042553,0.1192016289450696,1.2304588777720706,0.5954913341754137
all_verified,65,2007,chicago,skip_51,7,67,4,3.0,47.0,0.3829787234042553,0.1192016289450696,1.2304588777720706,0.5954913341754137
all_verified,70,2007,chicago,original,6,137,4,4.0,40.0,0.6,0.21466893067630913,1.6770009468339409,0.5244044240850758
all_verified,70,2007,chicago,skip_51,6,137,4,4.0,41.0,0.5853658536585367,0.2096720215823319,1.6342341722252045,0.5238227218271837
all_verified,75,2007,chicago,original,3,144,4,5.0,32.0,0.9375,0.36528685127097504,2.4060714119381608,0.48088460154178364
all_verified,75,2007,chicago,skip_51,3,144,4,5.0,33.0,0.9090909090909091,0.3549024985612007,2.3286572631700424,0.47989897926858555
all_verified,80,2007,chicago,original,6,140,3,5.0,33.0,0.9090909090909091,0.3549024985612007,2.3286572631700424,0.47989897926858555
all_verified,80,2007,chicago,skip_51,6,140,3,5.0,35.0,0.8571428571428572,0.3358099481529366,2.1878264226300463,0.4780914437337575
all_verified,85,2007,chicago,original,5,49,1,5.0,29.0,1.0344827586206897,0.40043754122906056,2.67246316266665,0.4842341981115023
all_verified,85,2007,chicago,skip_51,5,49,1,5.0,31.0,0.9677419354838709,0.37629730109968607,2.488788654495215,0.4819315973414993
all_verified,90,2007,chicago,original,5,74,1,3.0,14.0,1.2857142857142856,0.36948126930976133,4.474005482274994,0.6362090102803518
all_verified,90,2007,chicago,skip_51,5,74,1,3.0,16.0,1.125,0.3277983688388834,3.8609862656823313,0.6291528696058958
all_verified,100,2007,chicago,original,5,290,14,7.0,31.0,1.3548387096774193,0.5965965091661812,3.076766124236697,0.4184676897602393
all_verified,100,2007,chicago,skip_51,5,290,14,7.0,22.0,1.9090909090909092,0.8155335066333909,4.469010861637025,0.43394894666502914
all_verified,30,2007,cook_ex_chicago,original,65,895,33,29.0,351.0,0.49572649572649574,0.3394492150444577,0.7239514710119044,0.19321428898943396
all_verified,30,2007,cook_ex_chicago,skip_51,65,895,33,29.0,350.0,0.4971428571428571,0.3404050161721233,0.7260498778407928,0.19323535255701144
all_verified,35,2007,cook_ex_chicago,original,35,327,30,32.0,231.0,0.8311688311688312,0.5742873882932422,1.2029545485226711,0.18862397601843814
all_verified,35,2007,cook_ex_chicago,skip_51,35,327,30,32.0,217.0,0.8847926267281107,0.610453473747808,1.2824204070887897,0.1893628657653754
all_verified,40,2007,cook_ex_chicago,original,34,486,22,16.0,158.0,0.6075949367088608,0.36332454302161993,1.0160932263039457,0.2623530329995265
all_verified,40,2007,cook_ex_chicago,skip_51,34,486,22,16.0,154.0,0.6233766233766234,0.3725328468975083,1.043125237972243,0.26266615026208934
all_verified,45,2007,cook_ex_chicago,original,18,192,12,18.0,123.0,0.8780487804878049,0.5354332806782686,1.439898655420678,0.2523601332547765
all_verified,45,2007,cook_ex_chicago,skip_51,18,192,12,18.0,143.0,0.7552447552447553,0.4625948179018813,1.2330329226595316,0.2500971062378822
all_verified,50,2007,cook_ex_chicago,original,21,696,13,32.0,110.0,1.7454545454545456,1.177446482548138,2.587473499139167,0.2008504645025973
all_verified,50,2007,cook_ex_chicago,skip_51,21,696,13,32.0,112.0,1.7142857142857142,1.1573379244738538,2.5392544805270254,0.20044593143431827
all_verified,55,2007,cook_ex_chicago,original,14,94,10,15.0,82.0,1.0975609756097562,0.6329755620925416,1.9031383947889613,0.28082341180515236
all_verified,55,2007,cook_ex_chicago,skip_51,14,94,10,15.0,78.0,1.1538461538461537,0.6639880121006891,2.0050978669531614,0.2819347078441735
all_verified,60,2007,cook_ex_chicago,original,8,285,6,6.0,46.0,0.7826086956521738,0.3342470476931968,1.8324062238915717,0.4340573661412156
all_verified,60,2007,cook_ex_chicago,skip_51,8,285,6,6.0,46.0,0.7826086956521738,0.3342470476931968,1.8324062238915717,0.4340573661412156
all_verified,65,2007,cook_ex_chicago,original,2,97,6,6.0,46.0,0.7826086956521738,0.3342470476931968,1.8324062238915717,0.4340573661412156
all_verified,65,2007,cook_ex_chicago,skip_51,2,97,6,6.0,47.0,0.7659574468085106,0.32747742288706727,1.7915458267293638,0.43352423509112786
all_verified,70,2007,cook_ex_chicago,original,8,188,3,7.0,46.0,0.9130434782608695,0.41223862228474695,2.0222471843477057,0.4057046626450397
all_verified,70,2007,cook_ex_chicago,skip_51,8,188,3,7.0,47.0,0.8936170212765958,0.4039189417435871,1.9770089941020552,0.40513422294570933
all_verified,75,2007,cook_ex_chicago,original,9,132,6,4.0,43.0,0.5581395348837209,0.20034502773616691,1.5549162558227034,0.5227387626276516
all_verified,75,2007,cook_ex_chicago,skip_51,9,132,6,4.0,38.0,0.6315789473684211,0.22541300172733617,1.769604963787804,0.5256574830378468
all_verified,80,2007,cook_ex_chicago,original,7,166,2,1.0,33.0,0.18181818181818182,0.024866756933469614,1.3293993795859618,1.0150384378451045
all_verified,80,2007,cook_ex_chicago,skip_51,7,166,2,1.0,35.0,0.17142857142857143,0.02348504603347151,1.2513390461384069,1.01418510567422
all_verified,85,2007,cook_ex_chicago,original,5,53,3,4.0,23.0,1.0434782608695652,0.3608677938317365,3.017301348357715,0.5417363388859614
all_verified,85,2007,cook_ex_chicago,skip_51,5,53,3,4.0,24.0,1.0,0.34696860426886966,2.882105146392696,0.5400617248673217
all_verified,90,2007,cook_ex_chicago,original,5,78,4,4.0,27.0,0.8888888888888888,0.3110288978917995,2.5403538454005354,0.5357583756107197
all_verified,90,2007,cook_ex_chicago,skip_51,5,78,4,4.0,26.0,0.9230769230769231,0.32215207171658095,2.644934118774765,0.5370861555295746
all_verified,100,2007,cook_ex_chicago,original,7,326,14,18.0,33.0,3.272727272727273,1.8428469008832271,5.81206382175292,0.2930163576638442
all_verified,100,2007,cook_ex_chicago,skip_51,7,326,14,18.0,21.0,5.142857142857143,2.7402277474415735,9.652109981198079,0.3212080372198105
all_verified,30,2007,illinois_ex_cook,original,285,2250,86,114.0,1218.0,0.5615763546798029,0.4634869833758219,0.6804247226933173,0.09794359543614262
all_verified,30,2007,illinois_ex_cook,skip_51,285,2250,86,114.0,1238.0,0.5525040387722132,0.45605985177398844,0.6693435339072265,0.09787586151452685
all_verified,35,2007,illinois_ex_cook,original,116,980,126,106.0,795.0,0.8,0.6532404117378868,0.9797311808945471,0.10340127610126999
all_verified,35,2007,illinois_ex_cook,skip_51,116,980,126,106.0,730.0,0.8712328767123287,0.7106528565629712,1.0680977617335172,0.10394145120138343
all_verified,40,2007,illinois_ex_cook,original,123,1288,69,61.0,604.0,0.6059602649006622,0.4656780987091429,0.7885014211669463,0.1343468338369895
all_verified,40,2007,illinois_ex_cook,skip_51,123,1288,69,61.0,578.0,0.6332179930795848,0.4863615363462624,0.8244176333760741,0.13462372164362116
all_verified,45,2007,illinois_ex_cook,original,64,527,36,43.0,440.0,0.5863636363636364,0.4287088974341133,0.8019948177129392,0.1597765352804211
all_verified,45,2007,illinois_ex_cook,skip_51,64,527,36,43.0,468.0,0.5512820512820513,0.4033963933738545,0.7533827893798017,0.15935045054922345
all_verified,50,2007,illinois_ex_cook,original,93,1591,32,64.0,347.0,1.1066282420749278,0.8476221170121565,1.4447783293746708,0.1360398632034135
all_verified,50,2007,illinois_ex_cook,skip_51,93,1591,32,64.0,371.0,1.0350404312668464,0.7938575290803807,1.3494974288372417,0.1353529378689558
all_verified,55,2007,illinois_ex_cook,original,54,281,41,56.0,274.0,1.2262773722627738,0.9199327974454744,1.6346370059850193,0.14665189359036318
all_verified,55,2007,illinois_ex_cook,skip_51,54,281,41,56.0,251.0,1.3386454183266931,1.0019963033406625,1.7884013643888725,0.14778770788588197
all_verified,60,2007,illinois_ex_cook,original,47,757,22,18.0,228.0,0.47368421052631576,0.29314721158511314,0.765406329770914,0.24482957433250635
all_verified,60,2007,illinois_ex_cook,skip_51,47,757,22,18.0,225.0,0.48,0.29698633104213484,0.7757932804231049,0.2449489742783178
all_verified,65,2007,illinois_ex_cook,original,35,269,17,19.0,173.0,0.6589595375722543,0.41032862826086863,1.058243666784509,0.24168559280225552
all_verified,65,2007,illinois_ex_cook,skip_51,35,269,17,19.0,167.0,0.6826347305389222,0.4247134896608435,1.097187131282468,0.24211485476827774
all_verified,70,2007,illinois_ex_cook,original,30,454,9,11.0,131.0,0.5038167938931298,0.2723094591703685,0.9321430205990187,0.3139150819813385
all_verified,70,2007,illinois_ex_cook,skip_51,30,454,9,11.0,134.0,0.49253731343283585,0.2663551109842366,0.9107878734791491,0.31364275454130147
all_verified,75,2007,illinois_ex_cook,original,19,408,14,12.0,104.0,0.6923076923076924,0.38087668149185766,1.2583861499503448,0.3048749218101055
all_verified,75,2007,illinois_ex_cook,skip_51,19,408,14,12.0,99.0,0.7272727272727273,0.3994895967425748,1.3240034888206178,0.30567031820957596
all_verified,80,2007,illinois_ex_cook,original,17,401,12,9.0,84.0,0.6428571428571429,0.32326732088664967,1.2784011232219672,0.35073618720610084
all_verified,80,2007,illinois_ex_cook,skip_51,17,401,12,9.0,91.0,0.5934065934065934,0.2991665352358733,1.1770413586559254,0.3494282789073061
all_verified,85,2007,illinois_ex_cook,original,15,137,13,19.0,76.0,1.5,0.9073161849183184,2.4798411374118245,0.2564945880212885
all_verified,85,2007,illinois_ex_cook,skip_51,15,137,13,19.0,75.0,1.52,0.9187980621818135,2.5145895437716037,0.2568363531136154
all_verified,90,2007,illinois_ex_cook,original,11,186,2,12.0,45.0,1.6,0.846379926391832,3.0246464030797995,0.32489314482696546
all_verified,90,2007,illinois_ex_cook,skip_51,11,186,2,12.0,55.0,1.309090909090909,0.701067336851607,2.4444428062510073,0.31861442452461486
all_verified,100,2007,illinois_ex_cook,original,15,792,40,30.0,91.0,1.978021978021978,1.30925862527411,2.988386610566596,0.210528725646512
all_verified,100,2007,illinois_ex_cook,skip_51,15,792,40,30.0,57.0,3.1578947368421053,2.029538661960205,4.9135793054286765,0.22555973262631818
all_verified,30,2008,chicago,original,59,818,28,22.0,305.0,0.43278688524590164,0.280777787682926,0.667091544479176,0.2207560508324418
all_verified,30,2008,chicago,skip_51,59,818,28,22.0,303.0,0.43564356435643564,0.2826039575359414,0.6715592973995882,0.22080506218732568
all_verified,35,2008,chicago,original,39,246,24,26.0,190.0,0.8210526315789474,0.5449763358604902,1.2369847633077524,0.20910451060719687
all_verified,35,2008,chicago,skip_51,39,246,24,26.0,189.0,0.8253968253968254,0.5477883228255704,1.243691935346519,0.2091710872767643
all_verified,40,2008,chicago,original,29,471,15,23.0,122.0,1.1311475409836067,0.7244683921562864,1.7661153658684952,0.22732131924005858
all_verified,40,2008,chicago,skip_51,29,471,15,23.0,119.0,1.1596638655462186,0.7420715987376979,1.8122513829409548,0.22777537666328868
all_verified,45,2008,chicago,original,16,151,7,12.0,100.0,0.72,0.3956228352662308,1.3103389233110048,0.30550504633038933
all_verified,45,2008,chicago,skip_51,16,151,7,12.0,120.0,0.6,0.3314610099991518,1.086100594458821,0.30276503540974914
all_verified,50,2008,chicago,original,24,623,11,27.0,71.0,2.2816901408450705,1.4648590264676837,3.5540006272026403,0.22610073878537099
all_verified,50,2008,chicago,skip_51,24,623,11,27.0,73.0,2.219178082191781,1.4271153086867314,3.4508433414622077,0.22524579279982865
all_verified,55,2008,chicago,original,4,87,11,13.0,61.0,1.278688524590164,0.7026467586061096,2.3269791298292253,0.3054775270720053
all_verified,55,2008,chicago,skip_51,4,87,11,13.0,54.0,1.4444444444444444,0.7883680460949194,2.646504717461893,0.30893623199876613
all_verified,60,2008,chicago,original,11,277,4,4.0,58.0,0.4137931034482759,0.15022533050178272,1.1397860260279051,0.5169539431229293
all_verified,60,2008,chicago,skip_51,11,277,4,4.0,59.0,0.4067796610169491,0.14776099482819963,1.1198469041809995,0.516671222870379
all_verified,65,2008,chicago,original,7,75,3,5.0,43.0,0.6976744186046512,0.27634592968869576,1.7613778314870148,0.4724995385748947
all_verified,65,2008,chicago,skip_51,7,75,3,5.0,42.0,0.7142857142857143,0.2826010601249317,1.8053862975853776,0.47308511264837305
all_verified,70,2008,chicago,original,7,131,5,2.0,40.0,0.3,0.07250297195691532,1.2413284251779666,0.724568837309472
all_verified,70,2008,chicago,skip_51,7,131,5,2.0,39.0,0.3076923076923077,0.074297597833354,1.274261335142602,0.7250110520819842
all_verified,75,2008,chicago,original,5,149,4,4.0,40.0,0.6,0.21466893067630913,1.6770009468339409,0.5244044240850758
all_verified,75,2008,chicago,skip_51,5,149,4,4.0,40.0,0.6,0.21466893067630913,1.6770009468339409,0.5244044240850758
all_verified,80,2008,chicago,original,8,156,7,4.0,38.0,0.6315789473684211,0.22541300172733617,1.769604963787804,0.5256574830378468
all_verified,80,2008,chicago,skip_51,8,156,7,4.0,35.0,0.6857142857142857,0.24370918958909416,1.9293654146790304,0.5277986629117476
all_verified,85,2008,chicago,original,5,47,2,4.0,30.0,0.8,0.2818350748008432,2.2708316218350455,0.5322906474223771
all_verified,85,2008,chicago,skip_51,5,47,2,4.0,31.0,0.7741935483870968,0.27328461407436566,2.193228668925734,0.5312796481290517
all_verified,90,2008,chicago,original,4,77,1,3.0,14.0,1.2857142857142856,0.36948126930976133,4.474005482274994,0.6362090102803518
all_verified,90,2008,chicago,skip_51,4,77,1,3.0,16.0,1.125,0.3277983688388834,3.8609862656823313,0.6291528696058958
all_verified,100,2008,chicago,original,5,339,17,9.0,30.0,1.8,0.8545947097087058,3.791270836563423,0.38005847503304596
all_verified,100,2008,chicago,skip_51,5,339,17,9.0,18.0,3.0,1.3477622699843832,6.677735532768909,0.408248290463863
all_verified,30,2008,cook_ex_chicago,original,60,918,36,28.0,336.0,0.5,0.34004506743727503,0.7351966663833911,0.1966989481173608
all_verified,30,2008,cook_ex_chicago,skip_51,60,918,36,28.0,327.0,0.5137614678899083,0.34926161438928155,0.7557396376064327,0.1969070585068521
all_verified,35,2008,cook_ex_chicago,original,39,326,29,27.0,223.0,0.7264573991031391,0.48725852353473037,1.0830808025343488,0.20376786294647264
all_verified,35,2008,cook_ex_chicago,skip_51,39,326,29,27.0,206.0,0.7864077669902912,0.5265333110474251,1.1745452054161742,0.20467390153382006
all_verified,40,2008,cook_ex_chicago,original,34,494,19,12.0,149.0,0.48322147651006714,0.26835988941869604,0.8701113861179798,0.30007456194970356
all_verified,40,2008,cook_ex_chicago,skip_51,34,494,19,12.0,148.0,0.48648648648648646,0.2701331278386093,0.8761202427395873,0.3001501125938321
all_verified,45,2008,cook_ex_chicago,original,16,174,13,18.0,116.0,0.9310344827586208,0.566665345734487,1.5296951094866609,0.25333030851188726
all_verified,45,2008,cook_ex_chicago,skip_51,16,174,13,18.0,133.0,0.8120300751879699,0.49635483534665764,1.3284706747124877,0.2511460781060233
all_verified,50,2008,cook_ex_chicago,original,21,749,15,30.0,112.0,1.607142857142857,1.0741472069113749,2.404612837650301,0.20557700445795188
all_verified,50,2008,cook_ex_chicago,skip_51,21,749,15,30.0,109.0,1.6513761467889907,1.1024205648561338,2.4736867808153904,0.2061738229260418
all_verified,55,2008,cook_ex_chicago,original,13,88,9,12.0,87.0,0.8275862068965517,0.45257303459377646,1.5133445377720707,0.30794088102571987
all_verified,55,2008,cook_ex_chicago,skip_51,13,88,9,12.0,86.0,0.8372093023255813,0.4576408837826654,1.5315926542816372,0.30815781721396834
all_verified,60,2008,cook_ex_chicago,original,9,305,5,8.0,46.0,1.0434782608695652,0.4925059950713277,2.21082969913834,0.38306543884143684
all_verified,60,2008,cook_ex_chicago,skip_51,9,305,5,8.0,48.0,1.0,0.4730816123018544,2.113800185837576,0.3818813079129867
all_verified,65,2008,cook_ex_chicago,original,1,94,8,7.0,44.0,0.9545454545454546,0.42995080230360994,2.119212291061093,0.4069206502309948
all_verified,65,2008,cook_ex_chicago,skip_51,1,94,8,7.0,44.0,0.9545454545454546,0.42995080230360994,2.119212291061093,0.4069206502309948
all_verified,70,2008,cook_ex_chicago,original,8,192,4,8.0,49.0,0.979591836734694,0.4639331711397491,2.068401714496492,0.3813242232868325
all_verified,70,2008,cook_ex_chicago,skip_51,8,192,4,8.0,50.0,0.96,0.45513201516495105,2.0249069924601755,0.3807886552931954
all_verified,75,2008,cook_ex_chicago,original,9,146,6,5.0,44.0,0.6818181818181819,0.27036173333604996,1.7194594342980742,0.47193990372426947
all_verified,75,2008,cook_ex_chicago,skip_51,9,146,6,5.0,39.0,0.7692307692307693,0.30318947850757244,1.951637567517312,0.4750168687962835
all_verified,80,2008,cook_ex_chicago,original,7,164,2,1.0,33.0,0.18181818181818182,0.024866756933469614,1.3293993795859618,1.0150384378451045
all_verified,80,2008,cook_ex_chicago,skip_51,7,164,2,1.0,36.0,0.16666666666666666,0.02285020410891249,1.215646811966259,1.0137937550497031
all_verified,85,2008,cook_ex_chicago,original,4,43,4,5.0,25.0,1.2,0.4593795876347317,3.134662572654388,0.48989794855663565
all_verified,85,2008,cook_ex_chicago,skip_51,4,43,4,5.0,23.0,1.3043478260869565,0.49587581563675576,3.430946212275133,0.49343516379516894
all_verified,90,2008,cook_ex_chicago,original,5,81,4,2.0,28.0,0.42857142857142855,0.10209301518892741,1.799079682854499,0.7319250547113999
all_verified,90,2008,cook_ex_chicago,skip_51,5,81,4,2.0,26.0,0.46153846153846156,0.10954315648555553,1.9446011810640014,0.7337993857053428
all_verified,100,2008,cook_ex_chicago,original,7,334,17,20.0,39.0,3.076923076923077,1.7947630185284207,5.275044963353671,0.2750291359856727
all_verified,100,2008,cook_ex_chicago,skip_51,7,334,17,20.0,24.0,5.0,2.762175083326265,9.050838287156843,0.3027650354097492
all_verified,30,2008,illinois_ex_cook,original,281,2299,80,122.0,1178.0,0.6213921901528013,0.5157127176697776,0.7487274227550498,0.09510845254818513
all_verified,30,2008,illinois_ex_cook,skip_51,281,2299,80,122.0,1199.0,0.6105087572977481,0.506757879850642,0.7355010302890479,0.0950302565946212
all_verified,35,2008,illinois_ex_cook,original,109,970,120,101.0,762.0,0.7952755905511811,0.646218991358269,0.9787135218622618,0.10589299342739891
all_verified,35,2008,illinois_ex_cook,skip_51,109,970,120,101.0,700.0,0.8657142857142857,0.7027011680686188,1.0665433025388267,0.10644041303744237
all_verified,40,2008,illinois_ex_cook,original,113,1315,65,58.0,582.0,0.5979381443298969,0.45650853351082116,0.7831836607632783,0.13769383562369114
all_verified,40,2008,illinois_ex_cook,skip_51,113,1315,65,58.0,559.0,0.6225402504472272,0.475052667895685,0.8158176758455724,0.13795031016999484
all_verified,45,2008,illinois_ex_cook,original,65,538,33,42.0,424.0,0.5943396226415094,0.43284985409899446,0.816078794289866,0.16176530646452453
all_verified,45,2008,illinois_ex_cook,skip_51,65,538,33,42.0,451.0,0.5587583148558758,0.4072851560134618,0.7665657581938946,0.1613282948206716
all_verified,50,2008,illinois_ex_cook,original,84,1685,35,60.0,337.0,1.0682492581602374,0.8117060793098795,1.4058740061798232,0.14012146772394218
all_verified,50,2008,illinois_ex_cook,skip_51,84,1685,35,60.0,354.0,1.0169491525423728,0.7734977590483206,1.3370246607166245,0.1396120532895667
all_verified,55,2008,illinois_ex_cook,original,48,276,38,52.0,271.0,1.1512915129151293,0.8556856821041933,1.549017560339417,0.15139618928869455
all_verified,55,2008,illinois_ex_cook,skip_51,48,276,38,52.0,254.0,1.2283464566929134,0.9115015445754127,1.65532908490338,0.15220964852723687
all_verified,60,2008,illinois_ex_cook,original,44,769,24,21.0,226.0,0.5575221238938054,0.3565110061356049,0.8718690679435294,0.22813116047596296
all_verified,60,2008,illinois_ex_cook,skip_51,44,769,24,21.0,219.0,0.5753424657534246,0.36768303051816087,0.9002834654423374,0.22844092817336764
all_verified,65,2008,illinois_ex_cook,original,38,276,20,17.0,180.0,0.5666666666666667,0.34462600197949744,0.9317669278193778,0.25373033907540554
all_verified,65,2008,illinois_ex_cook,skip_51,38,276,20,17.0,175.0,0.5828571428571429,0.3542553415242971,0.9589762218343051,0.2540429395319823
all_verified,70,2008,illinois_ex_cook,original,29,467,10,15.0,136.0,0.6617647058823529,0.388254784828759,1.127951394455341,0.2720654477200978
all_verified,70,2008,illinois_ex_cook,skip_51,29,467,10,15.0,139.0,0.6474820143884892,0.3800925144784167,1.102976099205399,0.2717736397647557
all_verified,75,2008,illinois_ex_cook,original,21,421,16,13.0,106.0,0.7358490566037735,0.41366161080976904,1.3089777246786183,0.293865682221024
all_verified,75,2008,illinois_ex_cook,skip_51,21,421,16,13.0,100.0,0.7799999999999999,0.4376557361493842,1.390133727831082,0.29482719841133537
all_verified,80,2008,illinois_ex_cook,original,18,431,11,10.0,90.0,0.6666666666666666,0.34687234747087115,1.2812910792255265,0.33333333333333337
all_verified,80,2008,illinois_ex_cook,skip_51,18,431,11,10.0,97.0,0.6185567010309277,0.3226012969927567,1.186022486446653,0.33212840641913705
all_verified,85,2008,illinois_ex_cook,original,18,136,12,18.0,77.0,1.4025974025974026,0.8396126248851068,2.3430799102647897,0.26180635695599247
all_verified,85,2008,illinois_ex_cook,skip_51,18,136,12,18.0,76.0,1.4210526315789473,0.8501165481799837,2.3754279175493864,0.2621325052190164
all_verified,90,2008,illinois_ex_cook,original,13,193,2,11.0,41.0,1.6097560975609757,0.8274139730038276,3.1318237039523074,0.33955755743545146
all_verified,90,2008,illinois_ex_cook,skip_51,13,193,2,11.0,50.0,1.3199999999999998,0.6872154767354518,2.535449300817694,0.3330301651638946
all_verified,100,2008,illinois_ex_cook,original,13,800,37,35.0,78.0,2.6923076923076925,1.8069430895737952,4.011482570692852,0.2034500955810574
all_verified,100,2008,illinois_ex_cook,skip_51,13,800,37,35.0,47.0,4.468085106382979,2.8845161544043885,6.921016714501166,0.22326671116874863
all_verified,30,2009,chicago,original,56,782,26,27.0,290.0,0.5586206896551724,0.37656844655046584,0.8286861997318199,0.2012096242705751
all_verified,30,2009,chicago,skip_51,56,782,26,27.0,288.0,0.5625,0.3791392894826164,0.834538278614639,0.20126912147485332
all_verified,35,2009,chicago,original,34,238,23,24.0,176.0,0.8181818181818182,0.5341060028278575,1.2533494925333402,0.2175970699446223
all_verified,35,2009,chicago,skip_51,34,238,23,24.0,176.0,0.8181818181818182,0.5341060028278575,1.2533494925333402,0.2175970699446223
all_verified,40,2009,chicago,original,28,443,14,23.0,119.0,1.1596638655462186,0.7420715987376979,1.8122513829409548,0.22777537666328868
all_verified,40,2009,chicago,skip_51,28,443,14,23.0,114.0,1.2105263157894737,0.7733933832396229,1.8947329948448952,0.22858300613590377
all_verified,45,2009,chicago,original,16,137,7,9.0,100.0,0.5399999999999999,0.2729992681219798,1.068134731664222,0.348010216963685
all_verified,45,2009,chicago,skip_51,16,137,7,9.0,120.0,0.45,0.22857334996230821,0.8859300527965851,0.3456073558887953
all_verified,50,2009,chicago,original,25,604,11,27.0,71.0,2.2816901408450705,1.4648590264676837,3.5540006272026403,0.22610073878537099
all_verified,50,2009,chicago,skip_51,25,604,11,27.0,72.0,2.25,1.4457402275934705,3.5016664151532004,0.22566773346211
all_verified,55,2009,chicago,original,6,82,11,12.0,64.0,1.125,0.6072669634878418,2.0841328050037076,0.3145764348029479
all_verified,55,2009,chicago,skip_51,6,82,11,12.0,56.0,1.2857142857142856,0.6892367853324481,2.3983937881267523,0.3181045051401759
all_verified,60,2009,chicago,original,12,269,4,3.0,57.0,0.3157894736842105,0.09889631406640619,1.0083590337127166,0.5923488777590924
all_verified,60,2009,chicago,skip_51,12,269,4,3.0,56.0,0.3214285714285714,0.10061017101751163,1.0268974347795272,0.592613260221602
all_verified,65,2009,chicago,original,7,75,3,3.0,43.0,0.41860465116279066,0.12986705058928405,1.3493018681798008,0.5971508580642095
all_verified,65,2009,chicago,skip_51,7,75,3,3.0,42.0,0.42857142857142855,0.13283840392884297,1.3826835008206115,0.5976143046671968
all_verified,70,2009,chicago,original,9,126,6,2.0,41.0,0.29268292682926833,0.07079298352537537,1.2100534741079432,0.7241479433806597
all_verified,70,2009,chicago,skip_51,9,126,6,2.0,39.0,0.3076923076923077,0.074297597833354,1.274261335142602,0.7250110520819842
all_verified,75,2009,chicago,original,5,147,4,4.0,38.0,0.6315789473684211,0.22541300172733617,1.769604963787804,0.5256574830378468
all_verified,75,2009,chicago,skip_51,5,147,4,4.0,39.0,0.6153846153846154,0.21990981909387983,1.7220614632510076,0.5250152622934172
all_verified,80,2009,chicago,original,8,147,8,5.0,35.0,0.8571428571428572,0.3358099481529366,2.1878264226300463,0.4780914437337575
all_verified,80,2009,chicago,skip_51,8,147,8,5.0,32.0,0.9375,0.36528685127097504,2.4060714119381608,0.48088460154178364
all_verified,85,2009,chicago,original,4,46,1,5.0,27.0,1.1111111111111112,0.42788795902888743,2.8852597395740696,0.48686449556014766
all_verified,85,2009,chicago,skip_51,4,46,1,5.0,28.0,1.0714285714285714,0.41370783174427117,2.7748065073688704,0.4855041562276122
all_verified,90,2009,chicago,original,4,73,1,2.0,14.0,0.8571428571428571,0.194802040297238,3.771489643691567,0.7559289460184544
all_verified,90,2009,chicago,skip_51,4,73,1,2.0,15.0,0.8,0.18294349384524863,3.4983479682604846,0.752772652709081
all_verified,100,2009,chicago,original,5,303,21,7.0,32.0,1.3125,0.5793208639664956,2.973578818144599,0.4172614801981401
all_verified,100,2009,chicago,skip_51,5,303,21,7.0,14.0,3.0,1.2108330464830979,7.432899214421658,0.4629100498862757
all_verified,30,2009,cook_ex_chicago,original,63,871,28,27.0,309.0,0.5242718446601942,0.353779391161802,0.7769275824710047,0.2006820445175143
all_verified,30,2009,cook_ex_chicago,skip_51,63,871,28,27.0,309.0,0.5242718446601942,0.353779391161802,0.7769275824710047,0.2006820445175143
all_verified,35,2009,cook_ex_chicago,original,33,303,28,28.0,205.0,0.8195121951219513,0.5521487620765818,1.2163392985393486,0.201475394266331
all_verified,35,2009,cook_ex_chicago,skip_51,33,303,28,28.0,192.0,0.875,0.5885893991969927,1.3007794585572476,0.20229339842817176
all_verified,40,2009,cook_ex_chicago,original,34,453,17,15.0,146.0,0.6164383561643836,0.36231979922718516,1.048786866633194,0.27113830739155953
all_verified,40,2009,cook_ex_chicago,skip_51,34,453,17,15.0,141.0,0.6382978723404256,0.37483908388126963,1.086930876085926,0.271585834034522
all_verified,45,2009,cook_ex_chicago,original,15,165,11,12.0,102.0,0.7058823529411765,0.38810968989277783,1.28383781484927,0.3051839689465369
all_verified,45,2009,cook_ex_chicago,skip_51,15,165,11,12.0,115.0,0.6260869565217391,0.34546736832296937,1.1346509484513643,0.30336279519289505
all_verified,50,2009,cook_ex_chicago,original,16,730,19,24.0,106.0,1.3584905660377358,0.8722383287032318,2.1158169244376728,0.2260544822179326
all_verified,50,2009,cook_ex_chicago,skip_51,16,730,19,24.0,99.0,1.4545454545454546,0.9312236818007831,2.2719594880228313,0.2275251123891092
all_verified,55,2009,cook_ex_chicago,original,13,84,12,12.0,91.0,0.7912087912087913,0.43337690882705004,1.4444963230283743,0.30711943006319925
all_verified,55,2009,cook_ex_chicago,skip_51,13,84,12,12.0,86.0,0.8372093023255813,0.4576408837826654,1.5315926542816372,0.30815781721396834
all_verified,60,2009,cook_ex_chicago,original,10,305,5,7.0,44.0,0.9545454545454546,0.42995080230360994,2.119212291061093,0.4069206502309948
all_verified,60,2009,cook_ex_chicago,skip_51,10,305,5,7.0,46.0,0.9130434782608695,0.41223862228474695,2.0222471843477057,0.4057046626450397
all_verified,65,2009,cook_ex_chicago,original,0,87,6,7.0,39.0,1.0769230769230769,0.48169546268622787,2.407669167448494,0.41048528414325464
all_verified,65,2009,cook_ex_chicago,skip_51,0,87,6,7.0,39.0,1.0769230769230769,0.48169546268622787,2.407669167448494,0.41048528414325464
all_verified,70,2009,cook_ex_chicago,original,8,181,7,6.0,43.0,0.8372093023255813,0.35634672781848015,1.9669590350708335,0.4358009644552832
all_verified,70,2009,cook_ex_chicago,skip_51,8,181,7,6.0,41.0,0.8780487804878049,0.3727787307347657,2.068169660314314,0.43710057260212515
all_verified,75,2009,cook_ex_chicago,original,5,139,6,5.0,40.0,0.75,0.29600121955708286,1.9003300082401307,0.4743416490252569
all_verified,75,2009,cook_ex_chicago,skip_51,5,139,6,5.0,36.0,0.8333333333333334,0.3270139223726693,2.1235929021182365,0.4772607021092118
all_verified,80,2009,cook_ex_chicago,original,7,162,3,2.0,31.0,0.3870967741935484,0.09264145877144937,1.6174606334807684,0.7295601856708801
all_verified,80,2009,cook_ex_chicago,skip_51,7,162,3,2.0,32.0,0.375,0.08986807950428502,1.5647936483753926,0.7288689868556626
all_verified,85,2009,cook_ex_chicago,original,2,45,4,4.0,24.0,1.0,0.34696860426886966,2.882105146392696,0.5400617248673217
all_verified,85,2009,cook_ex_chicago,skip_51,2,45,4,4.0,22.0,1.090909090909091,0.37592675926332586,3.165730066569911,0.543557306504609
all_verified,90,2009,cook_ex_chicago,original,6,76,2,2.0,26.0,0.46153846153846156,0.10954315648555553,1.9446011810640014,0.7337993857053428
all_verified,90,2009,cook_ex_chicago,skip_51,6,76,2,2.0,26.0,0.46153846153846156,0.10954315648555553,1.9446011810640014,0.7337993857053428
all_verified,100,2009,cook_ex_chicago,original,6,342,17,16.0,35.0,2.742857142857143,1.51817732205402,4.955458889310661,0.3017804310611087
all_verified,100,2009,cook_ex_chicago,skip_51,6,342,17,16.0,21.0,4.571428571428571,2.385516414080726,8.760350195170059,0.33184190154205606
all_verified,30,2009,illinois_ex_cook,original,267,2277,72,116.0,1145.0,0.6078602620087336,0.5021845427665911,0.7357735387348677,0.097437426590542
all_verified,30,2009,illinois_ex_cook,skip_51,267,2277,72,116.0,1165.0,0.5974248927038627,0.4936378128511115,0.7230331492653971,0.09736045785576843
all_verified,35,2009,illinois_ex_cook,original,102,936,117,92.0,725.0,0.7613793103448276,0.6129046512240186,0.9458215940496815,0.11067463829721284
all_verified,35,2009,illinois_ex_cook,skip_51,102,936,117,92.0,659.0,0.8376327769347497,0.6734661443134855,1.041817283496326,0.11129697165801103
all_verified,40,2009,illinois_ex_cook,original,107,1270,59,51.0,554.0,0.552346570397112,0.41462148728372666,0.7358198819558044,0.1463314637693461
all_verified,40,2009,illinois_ex_cook,skip_51,107,1270,59,51.0,533.0,0.574108818011257,0.4307523769067443,0.7651749649883873,0.1465742669950453
all_verified,45,2009,illinois_ex_cook,original,56,501,33,38.0,387.0,0.5891472868217055,0.4221993296670814,0.8221105557961752,0.16999932000407997
all_verified,45,2009,illinois_ex_cook,skip_51,56,501,33,38.0,409.0,0.5574572127139364,0.3998099459323802,0.7772656662707175,0.1695900269731252
all_verified,50,2009,illinois_ex_cook,original,72,1698,33,55.0,310.0,1.064516129032258,0.7991121355428095,1.4180670503772075,0.1463134465229737
all_verified,50,2009,illinois_ex_cook,skip_51,72,1698,33,55.0,321.0,1.02803738317757,0.7723005716440762,1.3684579553796483,0.1459352013029275
all_verified,55,2009,illinois_ex_cook,original,42,267,37,44.0,252.0,1.0476190476190477,0.7605451551037583,1.443051292312173,0.16338765772091446
all_verified,55,2009,illinois_ex_cook,skip_51,42,267,37,44.0,236.0,1.11864406779661,0.8108014029445361,1.5433675199278707,0.16420889398222602
all_verified,60,2009,illinois_ex_cook,original,38,738,25,21.0,205.0,0.6146341463414634,0.39226875633421565,0.9630518050411143,0.2291224484845067
all_verified,60,2009,illinois_ex_cook,skip_51,38,738,25,21.0,195.0,0.6461538461538462,0.4119446245925846,1.013521643381881,0.22966770070528583
all_verified,65,2009,illinois_ex_cook,original,33,277,15,15.0,166.0,0.5421686746987951,0.3196213964711728,0.9196720716135144,0.26961224573859555
all_verified,65,2009,illinois_ex_cook,skip_51,33,277,15,15.0,165.0,0.5454545454545454,0.32151583090924374,0.9253686212453027,0.26967994498529685
all_verified,70,2009,illinois_ex_cook,original,29,450,9,14.0,136.0,0.6176470588235293,0.35630372188728315,1.0706817409952294,0.2806804457119199
all_verified,70,2009,illinois_ex_cook,skip_51,29,450,9,14.0,142.0,0.5915492957746479,0.3416193784739238,1.0243288038713894,0.2801264445740498
all_verified,75,2009,illinois_ex_cook,original,25,406,17,15.0,115.0,0.7826086956521738,0.4569480623791108,1.340363207410322,0.27452198243597853
all_verified,75,2009,illinois_ex_cook,skip_51,25,406,17,15.0,108.0,0.8333333333333334,0.4855889073539734,1.4301077185402515,0.2755465948363832
all_verified,80,2009,illinois_ex_cook,original,21,408,10,10.0,92.0,0.6521739130434783,0.3395728356948203,1.2525466354932295,0.3329708173660138
all_verified,80,2009,illinois_ex_cook,skip_51,21,408,10,10.0,101.0,0.5940594059405941,0.31019883245101854,1.1376786140618913,0.3315131823910022
all_verified,85,2009,illinois_ex_cook,original,18,143,10,19.0,74.0,1.5405405405405406,0.930574692980065,2.5503220482482876,0.257186882365493
all_verified,85,2009,illinois_ex_cook,skip_51,18,143,10,19.0,75.0,1.52,0.9187980621818135,2.5145895437716037,0.2568363531136154
all_verified,90,2009,illinois_ex_cook,original,15,190,3,11.0,39.0,1.6923076923076923,0.8667195110057165,3.3043046672857206,0.3413943709994594
all_verified,90,2009,illinois_ex_cook,skip_51,15,190,3,11.0,45.0,1.4666666666666666,0.758620428827137,2.8355565304731254,0.3363499860730087
all_verified,100,2009,illinois_ex_cook,original,12,755,39,41.0,74.0,3.324324324324324,2.269764884260902,4.868844473683417,0.19468887337480933
all_verified,100,2009,illinois_ex_cook,skip_51,12,755,39,41.0,43.0,5.720930232558139,3.7296077663294906,8.775465082755376,0.21827976969001822
all_verified,30,2010,chicago,original,53,738,21,24.0,271.0,0.5313653136531366,0.35003261527782975,0.8066365367969741,0.2129711331777987
all_verified,30,2010,chicago,skip_51,53,738,21,24.0,274.0,0.5255474452554745,0.34626452437186706,0.7976564094043137,0.21287625913465086
all_verified,35,2010,chicago,original,31,230,25,24.0,165.0,0.8727272727272727,0.5687439227196357,1.3391842306110104,0.21846572437632572
all_verified,35,2010,chicago,skip_51,31,230,25,24.0,164.0,0.8780487804878049,0.5721170421456196,1.347573318257994,0.21855028630106257
all_verified,40,2010,chicago,original,26,433,13,24.0,118.0,1.2203389830508473,0.7868172752232099,1.8927231016008155,0.2239224038318924
all_verified,40,2010,chicago,skip_51,26,433,13,24.0,115.0,1.2521739130434781,0.8065630409401433,1.9439763898417652,0.22441550490235676
all_verified,45,2010,chicago,original,15,127,8,10.0,98.0,0.6122448979591837,0.3194085998297894,1.1735558005539075,0.3319700011034929
all_verified,45,2010,chicago,skip_51,15,127,8,10.0,120.0,0.5,0.2623011107686388,0.9531030931108447,0.32914029430219166
all_verified,50,2010,chicago,original,24,600,12,30.0,70.0,2.5714285714285716,1.6765775517449435,3.9438944479945537,0.21821789023599236
all_verified,50,2010,chicago,skip_51,24,600,12,30.0,69.0,2.608695652173913,1.6992967549590547,4.004770200267377,0.21869176243407465
all_verified,55,2010,chicago,original,5,75,10,11.0,60.0,1.1,0.57836785062725,2.0920941554544124,0.3279874350882326
all_verified,55,2010,chicago,skip_51,5,75,10,11.0,53.0,1.2452830188679245,0.6504854043220386,2.383957867120851,0.3313261466250329
all_verified,60,2010,chicago,original,11,248,4,3.0,53.0,0.33962264150943394,0.10612767096288346,1.0868375568722801,0.5934654647590163
all_verified,60,2010,chicago,skip_51,11,248,4,3.0,52.0,0.3461538461538462,0.10810381222461721,1.1084020326511193,0.5937710859953543
all_verified,65,2010,chicago,original,8,72,2,3.0,41.0,0.43902439024390244,0.13594889239001043,1.4177564218477818,0.5980999726097406
all_verified,65,2010,chicago,skip_51,8,72,2,3.0,41.0,0.43902439024390244,0.13594889239001043,1.4177564218477818,0.5980999726097406
all_verified,70,2010,chicago,original,9,125,6,2.0,40.0,0.3,0.07250297195691532,1.2413284251779666,0.724568837309472
all_verified,70,2010,chicago,skip_51,9,125,6,2.0,39.0,0.3076923076923077,0.074297597833354,1.274261335142602,0.7250110520819842
all_verified,75,2010,chicago,original,6,144,3,5.0,36.0,0.8333333333333334,0.3270139223726693,2.1235929021182365,0.4772607021092118
all_verified,75,2010,chicago,skip_51,6,144,3,5.0,38.0,0.7894736842105263,0.3107355976875809,2.005784669343186,0.4757265910937544
all_verified,80,2010,chicago,original,8,139,8,5.0,32.0,0.9375,0.36528685127097504,2.4060714119381608,0.48088460154178364
all_verified,80,2010,chicago,skip_51,8,139,8,5.0,28.0,1.0714285714285714,0.41370783174427117,2.7748065073688704,0.4855041562276122
all_verified,85,2010,chicago,original,3,47,1,4.0,26.0,0.9230769230769231,0.32215207171658095,2.644934118774765,0.5370861555295746
all_verified,85,2010,chicago,skip_51,3,47,1,4.0,27.0,0.8888888888888888,0.3110288978917995,2.5403538454005354,0.5357583756107197
all_verified,90,2010,chicago,original,4,70,0,2.0,13.0,0.9230769230769231,0.20830132342339913,4.090569334431046,0.7595545253127499
all_verified,90,2010,chicago,skip_51,4,70,0,2.0,15.0,0.8,0.18294349384524863,3.4983479682604846,0.752772652709081
all_verified,100,2010,chicago,original,5,304,21,9.0,32.0,1.6875,0.8055137745826891,3.535204908786668,0.377307714089059
all_verified,100,2010,chicago,skip_51,5,304,21,9.0,14.0,3.8571428571428568,1.669498568322358,8.911388906046371,0.4272466296411038
all_verified,30,2010,cook_ex_chicago,original,63,845,24,28.0,289.0,0.5813148788927336,0.39439724637378315,0.8568188331158101,0.19792547417334247
all_verified,30,2010,cook_ex_chicago,skip_51,63,845,24,28.0,290.0,0.5793103448275861,0.3930604783257986,0.8538138381495721,0.19789532984978367
all_verified,35,2010,cook_ex_chicago,original,29,286,26,25.0,180.0,0.8333333333333334,0.5484500845446123,1.2661944341225762,0.21343747458109497
all_verified,35,2010,cook_ex_chicago,skip_51,29,286,26,25.0,170.0,0.8823529411764707,0.5798427083252389,1.342686045068061,0.214201664188625
all_verified,40,2010,cook_ex_chicago,original,29,442,18,16.0,134.0,0.7164179104477613,0.4265948112128858,1.203143144078713,0.26450460594697434
all_verified,40,2010,cook_ex_chicago,skip_51,29,442,18,16.0,126.0,0.7619047619047619,0.45288578854350275,1.2817776156766973,0.26539877154295183
all_verified,45,2010,cook_ex_chicago,original,13,155,11,10.0,100.0,0.6,0.31320915565567714,1.149391687629214,0.33166247903553997
all_verified,45,2010,cook_ex_chicago,skip_51,13,155,11,10.0,112.0,0.5357142857142857,0.28053994661249526,1.0229908409969906,0.3300432872042263
all_verified,50,2010,cook_ex_chicago,original,18,703,18,23.0,101.0,1.3663366336633664,0.8687462024302081,2.148931173763051,0.2310395008836695
all_verified,50,2010,cook_ex_chicago,skip_51,18,703,18,23.0,96.0,1.4375,0.9120011614686617,2.2657934411753553,0.23215281074376826
all_verified,55,2010,cook_ex_chicago,original,12,78,10,13.0,85.0,0.9176470588235295,0.5118927677315631,1.6450244614689682,0.2978049408680619
all_verified,55,2010,cook_ex_chicago,skip_51,12,78,10,13.0,81.0,0.9629629629629629,0.5361470945176252,1.7295583199470737,0.2987787742384365
all_verified,60,2010,cook_ex_chicago,original,10,298,6,6.0,41.0,0.8780487804878049,0.3727787307347657,2.068169660314314,0.43710057260212515
all_verified,60,2010,cook_ex_chicago,skip_51,10,298,6,6.0,41.0,0.8780487804878049,0.3727787307347657,2.068169660314314,0.43710057260212515
all_verified,65,2010,cook_ex_chicago,original,1,87,7,6.0,40.0,0.8999999999999999,0.38157660432310864,2.1227716553452898,0.43779751788545657
all_verified,65,2010,cook_ex_chicago,skip_51,1,87,7,6.0,39.0,0.9230769230769231,0.39079991879922665,2.1803254425825793,0.4385290096535146
all_verified,70,2010,cook_ex_chicago,original,8,174,6,6.0,43.0,0.8372093023255813,0.35634672781848015,1.9669590350708335,0.4358009644552832
all_verified,70,2010,cook_ex_chicago,skip_51,8,174,6,6.0,42.0,0.8571428571428571,0.36437751868713847,2.0162985910825157,0.4364357804719847
all_verified,75,2010,cook_ex_chicago,original,5,140,6,5.0,39.0,0.7692307692307693,0.30318947850757244,1.951637567517312,0.4750168687962835
all_verified,75,2010,cook_ex_chicago,skip_51,5,140,6,5.0,35.0,0.8571428571428572,0.3358099481529366,2.1878264226300463,0.4780914437337575
all_verified,80,2010,cook_ex_chicago,original,7,161,2,2.0,30.0,0.4,0.09559140691214423,1.673790617466821,0.7302967433402214
all_verified,80,2010,cook_ex_chicago,skip_51,7,161,2,2.0,32.0,0.375,0.08986807950428502,1.5647936483753926,0.7288689868556626
all_verified,85,2010,cook_ex_chicago,original,2,40,5,4.0,24.0,1.0,0.34696860426886966,2.882105146392696,0.5400617248673217
all_verified,85,2010,cook_ex_chicago,skip_51,2,40,5,4.0,22.0,1.090909090909091,0.37592675926332586,3.165730066569911,0.543557306504609
all_verified,90,2010,cook_ex_chicago,original,6,78,2,3.0,27.0,0.6666666666666666,0.2022434473705817,2.197571541737343,0.6085806194501846
all_verified,90,2010,cook_ex_chicago,skip_51,6,78,2,3.0,27.0,0.6666666666666666,0.2022434473705817,2.197571541737343,0.6085806194501846
all_verified,100,2010,cook_ex_chicago,original,4,335,17,13.0,33.0,2.3636363636363638,1.2440739896829527,4.490711087793018,0.32745397726414505
all_verified,100,2010,cook_ex_chicago,skip_51,4,335,17,13.0,19.0,4.105263157894737,2.02747929550213,8.312383575485034,0.35993701653267807
all_verified,30,2010,illinois_ex_cook,original,270,2199,74,102.0,1075.0,0.5693023255813954,0.46467782939550295,0.697483541089128,0.10360576299978194
all_verified,30,2010,illinois_ex_cook,skip_51,270,2199,74,102.0,1089.0,0.5619834710743802,0.45875591506585517,0.6884389092083346,0.1035480333670023
all_verified,35,2010,illinois_ex_cook,original,91,921,109,88.0,664.0,0.7951807228915663,0.6366487829807776,0.9931887077485316,0.11344452591474789
all_verified,35,2010,illinois_ex_cook,skip_51,91,921,109,88.0,604.0,0.8741721854304635,0.6989907105340165,1.0932577475835907,0.11410199605050392
all_verified,40,2010,illinois_ex_cook,original,103,1241,63,49.0,531.0,0.5536723163841808,0.41320301583057806,0.7418944736258111,0.1493030556843392
all_verified,40,2010,illinois_ex_cook,skip_51,103,1241,63,49.0,505.0,0.5821782178217821,0.43420071188288706,0.7805871064475899,0.14962740820153272
all_verified,45,2010,illinois_ex_cook,original,58,499,33,37.0,384.0,0.578125,0.4125681157023973,0.8101171731508527,0.17213713630037447
all_verified,45,2010,illinois_ex_cook,skip_51,58,499,33,37.0,408.0,0.5441176470588235,0.38863862977519975,0.7617976988342171,0.17169160555829133
all_verified,50,2010,illinois_ex_cook,original,67,1654,31,57.0,292.0,1.1712328767123288,0.8818255227626046,1.5556211700408387,0.14480510068146557
all_verified,50,2010,illinois_ex_cook,skip_51,67,1654,31,57.0,304.0,1.125,0.8477931530397581,1.4928464513568052,0.14433756729740643
all_verified,55,2010,illinois_ex_cook,original,38,258,38,43.0,239.0,1.0794979079497908,0.7802211148275913,1.4935711314676223,0.16564997546603627
all_verified,55,2010,illinois_ex_cook,skip_51,38,258,38,43.0,221.0,1.1674208144796379,0.8420743471453619,1.618469156197959,0.16667543559660022
all_verified,60,2010,illinois_ex_cook,original,40,713,25,20.0,204.0,0.5882352941176471,0.37162160510093495,0.9311104534724056,0.23431167445160245
all_verified,60,2010,illinois_ex_cook,skip_51,40,713,25,20.0,194.0,0.6185567010309277,0.39036506907472174,0.9801399323386355,0.23485024840365346
all_verified,65,2010,illinois_ex_cook,original,30,269,16,15.0,162.0,0.5555555555555556,0.32733634813662366,0.942889407380512,0.2698879511442471
all_verified,65,2010,illinois_ex_cook,skip_51,30,269,16,15.0,158.0,0.569620253164557,0.33543304957689574,0.9673084784714158,0.2701773132420953
all_verified,70,2010,illinois_ex_cook,original,27,433,10,12.0,125.0,0.5760000000000001,0.3185463908063178,1.041531185332833,0.3022140521771503
all_verified,70,2010,illinois_ex_cook,skip_51,27,433,10,12.0,129.0,0.5581395348837209,0.3089175453037413,1.0084235911363222,0.3018033653189266
all_verified,75,2010,illinois_ex_cook,original,20,393,16,14.0,109.0,0.7706422018348623,0.4417603390208336,1.3443701273981423,0.283906469378873
all_verified,75,2010,illinois_ex_cook,skip_51,20,393,16,14.0,105.0,0.8,0.45803698882194743,1.3972670671118812,0.2845213189769458
all_verified,80,2010,illinois_ex_cook,original,24,406,9,12.0,89.0,0.8089887640449438,0.4427669132818701,1.4781204302281,0.3075211999025646
all_verified,80,2010,illinois_ex_cook,skip_51,24,406,9,12.0,100.0,0.72,0.3956228352662308,1.3103389233110048,0.30550504633038933
all_verified,85,2010,illinois_ex_cook,original,16,139,8,20.0,64.0,1.875,1.1348586115933803,3.097852863859351,0.25617376914899
all_verified,85,2010,illinois_ex_cook,skip_51,16,139,8,20.0,67.0,1.791044776119403,1.0869571097165478,2.9512124824328443,0.2548045783229343
all_verified,90,2010,illinois_ex_cook,original,12,186,2,11.0,33.0,2.0,1.0108208961626592,3.9571797686267143,0.3481553119113957
all_verified,90,2010,illinois_ex_cook,skip_51,12,186,2,11.0,41.0,1.6097560975609757,0.8274139730038276,3.1318237039523074,0.33955755743545146
all_verified,100,2010,illinois_ex_cook,original,13,767,36,44.0,69.0,3.8260869565217392,2.621403200866311,5.5843913649102,0.19292492412972756
all_verified,100,2010,illinois_ex_cook,skip_51,13,767,36,44.0,42.0,6.285714285714286,4.118383208743723,9.593620136598433,0.21572388958294939
all_verified,30,2011,chicago,original,48,692,19,26.0,259.0,0.6023166023166023,0.40244696970900884,0.9014486795329326,0.2057244329741665
all_verified,30,2011,chicago,skip_51,48,692,19,26.0,263.0,0.5931558935361216,0.3964370229908191,0.8874900517169477,0.20558166219378554
all_verified,35,2011,chicago,original,34,208,23,23.0,162.0,0.8518518518518519,0.5504164107596853,1.3183683540646698,0.22282526871012195
all_verified,35,2011,chicago,skip_51,34,208,23,23.0,161.0,0.8571428571428572,0.5537417819327948,1.3267806431124374,0.22291128503014113
all_verified,40,2011,chicago,original,26,410,12,22.0,114.0,1.1578947368421053,0.7335837784542163,1.8276306823901831,0.23286578812506328
all_verified,40,2011,chicago,skip_51,26,410,12,22.0,112.0,1.1785714285714286,0.7461917802690218,1.8614927810436563,0.23320188010201992
all_verified,45,2011,chicago,original,16,128,7,10.0,94.0,0.6382978723404256,0.33257429491066626,1.2250621291815522,0.33262335737638815
all_verified,45,2011,chicago,skip_51,16,128,7,10.0,117.0,0.5128205128205128,0.26885576196289646,0.9781634451479119,0.329464730353658
all_verified,50,2011,chicago,original,21,564,10,30.0,66.0,2.727272727272727,1.7713187274478264,4.199140681836834,0.2201927530252721
all_verified,50,2011,chicago,skip_51,21,564,10,30.0,67.0,2.6865671641791047,1.7466402578203066,4.132300910464818,0.2196786436312408
all_verified,55,2011,chicago,original,6,74,9,11.0,56.0,1.1785714285714286,0.6174855685843926,2.2494948593362265,0.329797261611181
all_verified,55,2011,chicago,skip_51,6,74,9,11.0,49.0,1.3469387755102042,0.7003993061774918,2.5902996318976523,0.3336424046406527
all_verified,60,2011,chicago,original,10,229,5,2.0,50.0,0.24,0.058396901000141305,0.9863537107878484,0.7211102550927979
all_verified,60,2011,chicago,skip_51,10,229,5,2.0,48.0,0.25,0.06076128087197748,1.028615577273395,0.7216878364870323
all_verified,65,2011,chicago,original,8,67,2,3.0,38.0,0.4736842105263158,0.1462202601861688,1.534511913850111,0.599707531057446
all_verified,65,2011,chicago,skip_51,8,67,2,3.0,38.0,0.4736842105263158,0.1462202601861688,1.534511913850111,0.599707531057446
all_verified,70,2011,chicago,original,7,120,6,2.0,34.0,0.3529411764705882,0.08479121400006588,1.4691082739816188,0.7276068751089989
all_verified,70,2011,chicago,skip_51,7,120,6,2.0,33.0,0.36363636363636365,0.08725588145569788,1.5154440337161124,0.7282190812544191
all_verified,75,2011,chicago,original,4,135,3,5.0,33.0,0.9090909090909091,0.3549024985612007,2.3286572631700424,0.47989897926858555
all_verified,75,2011,chicago,skip_51,4,135,3,5.0,35.0,0.8571428571428572,0.3358099481529366,2.1878264226300463,0.4780914437337575
all_verified,80,2011,chicago,original,8,134,9,5.0,34.0,0.8823529411764706,0.34509231166011733,2.256053486261269,0.47896948201934786
all_verified,80,2011,chicago,skip_51,8,134,9,5.0,30.0,1.0,0.3879922369508297,2.577371155306724,0.48304589153964794
all_verified,85,2011,chicago,original,3,45,1,5.0,26.0,1.153846153846154,0.4430748225092161,3.004821937761696,0.48832523840319625
all_verified,85,2011,chicago,skip_51,3,45,1,5.0,27.0,1.1111111111111112,0.42788795902888743,2.8852597395740696,0.48686449556014766
all_verified,90,2011,chicago,original,3,64,1,2.0,12.0,1.0,0.2238062118981221,4.468151225646971,0.7637626158259734
all_verified,90,2011,chicago,skip_51,3,64,1,2.0,13.0,0.9230769230769231,0.20830132342339913,4.090569334431046,0.7595545253127499
all_verified,100,2011,chicago,original,5,270,20,12.0,30.0,2.4,1.2287547857840992,4.687672484892418,0.3415650255319866
all_verified,100,2011,chicago,skip_51,5,270,20,12.0,13.0,5.538461538461539,2.527141464164942,12.138044762426363,0.40032038451271784
all_verified,30,2011,cook_ex_chicago,original,61,803,23,22.0,276.0,0.4782608695652174,0.309806476995181,0.7383107725047202,0.22153494952341618
all_verified,30,2011,cook_ex_chicago,skip_51,61,803,23,22.0,279.0,0.4731182795698925,0.30652805822834184,0.7302460588988863,0.22144700233967146
all_verified,35,2011,cook_ex_chicago,original,26,272,23,26.0,164.0,0.951219512195122,0.6289224395321247,1.4386806758776949,0.211090263719453
all_verified,35,2011,cook_ex_chicago,skip_51,26,272,23,26.0,157.0,0.9936305732484076,0.656136160491364,1.5047207813612857,0.21173324069009763
all_verified,40,2011,cook_ex_chicago,original,27,416,19,16.0,118.0,0.8135593220338982,0.48263186845492806,1.3713946668858803,0.2664105408409856
all_verified,40,2011,cook_ex_chicago,skip_51,27,416,19,16.0,111.0,0.8648648648648649,0.5120623359396617,1.4607425346078564,0.26741168450351793
all_verified,45,2011,cook_ex_chicago,original,8,147,12,12.0,89.0,0.8089887640449438,0.4427669132818701,1.4781204302281,0.3075211999025646
all_verified,45,2011,cook_ex_chicago,skip_51,8,147,12,12.0,102.0,0.7058823529411765,0.38810968989277783,1.28383781484927,0.3051839689465369
all_verified,50,2011,cook_ex_chicago,original,15,675,16,25.0,95.0,1.5789473684210527,1.016320179412166,2.453040727466169,0.22478059477960655
all_verified,50,2011,cook_ex_chicago,skip_51,15,675,16,25.0,92.0,1.6304347826086956,1.04789436394103,2.536818282276648,0.2255428234668337
all_verified,55,2011,cook_ex_chicago,original,13,80,9,13.0,80.0,0.975,0.5425743443590143,1.7520640440952806,0.29903691565269486
all_verified,55,2011,cook_ex_chicago,skip_51,13,80,9,13.0,77.0,1.0129870129870129,0.5628158364363199,1.8232299484992442,0.29985011240633197
all_verified,60,2011,cook_ex_chicago,original,8,280,6,6.0,39.0,0.9230769230769231,0.39079991879922665,2.1803254425825793,0.4385290096535146
all_verified,60,2011,cook_ex_chicago,skip_51,8,280,6,6.0,40.0,0.8999999999999999,0.38157660432310864,2.1227716553452898,0.43779751788545657
all_verified,65,2011,cook_ex_chicago,original,1,82,7,7.0,39.0,1.0769230769230769,0.48169546268622787,2.407669167448494,0.41048528414325464
all_verified,65,2011,cook_ex_chicago,skip_51,1,82,7,7.0,37.0,1.135135135135135,0.5060591904508138,2.546207636048257,0.41217007397938277
all_verified,70,2011,cook_ex_chicago,original,9,155,4,5.0,38.0,0.7894736842105263,0.3107355976875809,2.005784669343186,0.4757265910937544
all_verified,70,2011,cook_ex_chicago,skip_51,9,155,4,5.0,39.0,0.7692307692307693,0.30318947850757244,1.951637567517312,0.4750168687962835
all_verified,75,2011,cook_ex_chicago,original,4,135,5,5.0,34.0,0.8823529411764706,0.34509231166011733,2.256053486261269,0.47896948201934786
all_verified,75,2011,cook_ex_chicago,skip_51,4,135,5,5.0,31.0,0.9677419354838709,0.37629730109968607,2.488788654495215,0.4819315973414993
all_verified,80,2011,cook_ex_chicago,original,7,147,2,2.0,28.0,0.42857142857142855,0.10209301518892741,1.799079682854499,0.7319250547113999
all_verified,80,2011,cook_ex_chicago,skip_51,7,147,2,2.0,30.0,0.4,0.09559140691214423,1.673790617466821,0.7302967433402214
all_verified,85,2011,cook_ex_chicago,original,2,40,5,4.0,22.0,1.090909090909091,0.37592675926332586,3.165730066569911,0.543557306504609
all_verified,85,2011,cook_ex_chicago,skip_51,2,40,5,4.0,19.0,1.2631578947368423,0.42972080447687777,3.7130337894121324,0.5501196042201808
all_verified,90,2011,cook_ex_chicago,original,6,76,3,2.0,27.0,0.4444444444444444,0.10568700780102012,1.8690174725111692,0.7328281087929399
all_verified,90,2011,cook_ex_chicago,skip_51,6,76,3,2.0,26.0,0.46153846153846156,0.10954315648555553,1.9446011810640014,0.7337993857053428
all_verified,100,2011,cook_ex_chicago,original,5,284,14,16.0,27.0,3.5555555555555554,1.9158115247610372,6.598757312632219,0.3154949081000152
all_verified,100,2011,cook_ex_chicago,skip_51,5,284,14,16.0,15.0,6.4,3.1641314916130874,12.945100451283214,0.3593976442141304
all_verified,30,2011,illinois_ex_cook,original,255,2101,75,96.0,1036.0,0.555984555984556,0.45107599053780123,0.685292130323303,0.10668607046806829
all_verified,30,2011,illinois_ex_cook,skip_51,255,2101,75,96.0,1051.0,0.5480494766888677,0.44469446668086954,0.6754260540743152,0.10662148682411458
all_verified,35,2011,illinois_ex_cook,original,89,872,96,90.0,634.0,0.8517350157728706,0.6830005025506237,1.0621552024990522,0.11264279017033078
all_verified,35,2011,illinois_ex_cook,skip_51,89,872,96,90.0,588.0,0.9183673469387755,0.7356442676779857,1.146476117574462,0.11318918403814013
all_verified,40,2011,illinois_ex_cook,original,101,1155,54,50.0,499.0,0.6012024048096192,0.44952442779242857,0.8040593774266901,0.14833748014588916
all_verified,40,2011,illinois_ex_cook,skip_51,101,1155,54,50.0,482.0,0.6224066390041494,0.4651619368675246,0.83280680032676,0.14857553229479104
all_verified,45,2011,illinois_ex_cook,original,56,464,33,37.0,365.0,0.6082191780821917,0.4337097983341498,0.8529449184866362,0.17253044095006623
all_verified,45,2011,illinois_ex_cook,skip_51,56,464,33,37.0,380.0,0.5842105263157894,0.4168458942077768,0.8187724619594063,0.1722167412721407
all_verified,50,2011,illinois_ex_cook,original,65,1562,31,48.0,286.0,1.006993006993007,0.7417428858579127,1.367097596035543,0.15598024499864344
all_verified,50,2011,illinois_ex_cook,skip_51,65,1562,31,48.0,300.0,0.96,0.7078547392276778,1.301962039564126,0.15545631755148026
all_verified,55,2011,illinois_ex_cook,original,39,244,35,45.0,235.0,1.148936170212766,0.8351923618783871,1.5805392667316946,0.16271921020936156
all_verified,55,2011,illinois_ex_cook,skip_51,39,244,35,45.0,222.0,1.2162162162162162,0.8827773028805397,1.6756002672029024,0.1634831083834863
all_verified,60,2011,illinois_ex_cook,original,38,680,24,22.0,190.0,0.6947368421052631,0.4468082535006092,1.0802380573700283,0.22520591322006245
all_verified,60,2011,illinois_ex_cook,skip_51,38,680,24,22.0,181.0,0.7292817679558011,0.4684920917860916,1.1352419953239612,0.22578619827836796
all_verified,65,2011,illinois_ex_cook,original,30,246,12,15.0,147.0,0.6122448979591837,0.3599156561850112,1.0414768255715063,0.27105237087157535
all_verified,65,2011,illinois_ex_cook,skip_51,30,246,12,15.0,147.0,0.6122448979591837,0.3599156561850112,1.0414768255715063,0.27105237087157535
all_verified,70,2011,illinois_ex_cook,original,24,418,10,12.0,121.0,0.5950413223140496,0.3287949641767385,1.0768844229345487,0.30265127811269965
all_verified,70,2011,illinois_ex_cook,skip_51,24,418,10,12.0,126.0,0.5714285714285714,0.3160833271986316,1.0330523129418374,0.3021089890583219
all_verified,75,2011,illinois_ex_cook,original,21,382,14,15.0,106.0,0.8490566037735848,0.49444382417409705,1.4579959970492045,0.2758634244165355
all_verified,75,2011,illinois_ex_cook,skip_51,21,382,14,15.0,101.0,0.8910891089108911,0.5180623231998883,1.5327109586257928,0.2767086134649165
all_verified,80,2011,illinois_ex_cook,original,21,380,8,9.0,84.0,0.6428571428571429,0.32326732088664967,1.2784011232219672,0.35073618720610084
all_verified,80,2011,illinois_ex_cook,skip_51,21,380,8,9.0,94.0,0.574468085106383,0.2899038822072225,1.138355162039195,0.34892607954042576
all_verified,85,2011,illinois_ex_cook,original,17,132,9,18.0,65.0,1.6615384615384614,0.9858075496624195,2.8004553831191257,0.26634596099841823
all_verified,85,2011,illinois_ex_cook,skip_51,17,132,9,18.0,67.0,1.6119402985074627,0.9580004945431647,2.7122653284134124,0.2654824451632987
all_verified,90,2011,illinois_ex_cook,original,11,192,2,11.0,33.0,2.0,1.0108208961626592,3.9571797686267143,0.3481553119113957
all_verified,90,2011,illinois_ex_cook,skip_51,11,192,2,11.0,39.0,1.6923076923076923,0.8667195110057165,3.3043046672857206,0.3413943709994594
all_verified,100,2011,illinois_ex_cook,original,14,631,29,47.0,60.0,4.7,3.2084036671213667,6.885043869750815,0.194790303689243
all_verified,100,2011,illinois_ex_cook,skip_51,14,631,29,47.0,35.0,8.057142857142857,5.201547906187178,12.48042932435353,0.22326671116874863
all_verified,30,2012,chicago,original,50,710,16,26.0,262.0,0.5954198473282443,0.39792261426321934,0.8909390466506067,0.20561695541629887
all_verified,30,2012,chicago,skip_51,50,710,16,26.0,268.0,0.582089552238806,0.3891724451061735,0.8706378138697228,0.205409059549769
all_verified,35,2012,chicago,original,37,213,22,22.0,158.0,0.8354430379746836,0.5348274187075663,1.305028585458523,0.2275602324190149
all_verified,35,2012,chicago,skip_51,37,213,22,22.0,156.0,0.8461538461538461,0.5414949991485338,1.3222215024825226,0.22773845056292508
all_verified,40,2012,chicago,original,28,397,10,20.0,109.0,1.1009174311926604,0.6834230272020988,1.773453837611815,0.243257706818521
all_verified,40,2012,chicago,skip_51,28,397,10,20.0,109.0,1.1009174311926604,0.6834230272020988,1.773453837611815,0.243257706818521
all_verified,45,2012,chicago,original,13,128,6,10.0,85.0,0.7058823529411765,0.36657256647991,1.3592667366751225,0.33431228796194873
all_verified,45,2012,chicago,skip_51,13,128,6,10.0,110.0,0.5454545454545455,0.2855030698328299,1.0420926868885563,0.3302891295379082
all_verified,50,2012,chicago,original,19,543,12,31.0,67.0,2.7761194029850746,1.813589037031803,4.249495769032409,0.21721748928310858
all_verified,50,2012,chicago,skip_51,19,543,12,31.0,65.0,2.8615384615384616,1.8655319146032872,4.3893124008040365,0.21827203187936015
all_verified,55,2012,chicago,original,7,71,9,10.0,59.0,1.0169491525423728,0.5202372429612486,1.9879114631815866,0.3419782925016921
all_verified,55,2012,chicago,skip_51,7,71,9,10.0,52.0,1.153846153846154,0.5864408855566479,2.270238961053745,0.3452980874994376
all_verified,60,2012,chicago,original,10,231,5,2.0,50.0,0.24,0.058396901000141305,0.9863537107878484,0.7211102550927979
all_verified,60,2012,chicago,skip_51,10,231,5,2.0,48.0,0.25,0.06076128087197748,1.028615577273395,0.7216878364870323
all_verified,65,2012,chicago,original,8,64,2,3.0,38.0,0.4736842105263158,0.1462202601861688,1.534511913850111,0.599707531057446
all_verified,65,2012,chicago,skip_51,8,64,2,3.0,38.0,0.4736842105263158,0.1462202601861688,1.534511913850111,0.599707531057446
all_verified,70,2012,chicago,original,7,112,6,2.0,35.0,0.34285714285714286,0.08246192523275361,1.4255187479114588,0.7270291799999699
all_verified,70,2012,chicago,skip_51,7,112,6,2.0,34.0,0.3529411764705882,0.08479121400006588,1.4691082739816188,0.7276068751089989
all_verified,75,2012,chicago,original,4,134,2,5.0,31.0,0.9677419354838709,0.37629730109968607,2.488788654495215,0.4819315973414993
all_verified,75,2012,chicago,skip_51,4,134,2,5.0,32.0,0.9375,0.36528685127097504,2.4060714119381608,0.48088460154178364
all_verified,80,2012,chicago,original,6,129,10,3.0,32.0,0.5625,0.17224686334101685,1.8369347566786995,0.60380736442456
all_verified,80,2012,chicago,skip_51,6,129,10,3.0,25.0,0.72,0.2173853163667934,2.3847056860331155,0.6110100926607787
all_verified,85,2012,chicago,original,3,46,1,3.0,27.0,0.6666666666666666,0.2022434473705817,2.197571541737343,0.6085806194501846
all_verified,85,2012,chicago,skip_51,3,46,1,3.0,28.0,0.6428571428571428,0.1954366820466967,2.1145738957219162,0.6074928962939559
all_verified,90,2012,chicago,original,3,60,1,2.0,12.0,1.0,0.2238062118981221,4.468151225646971,0.7637626158259734
all_verified,90,2012,chicago,skip_51,3,60,1,2.0,13.0,0.9230769230769231,0.20830132342339913,4.090569334431046,0.7595545253127499
all_verified,100,2012,chicago,original,6,277,17,13.0,28.0,2.7857142857142856,1.4429636776066108,5.377962177470891,0.33561490228737256
all_verified,100,2012,chicago,skip_51,6,277,17,13.0,14.0,5.571428571428571,2.6188340202668754,11.852914727053744,0.38516444325982163
all_verified,30,2012,cook_ex_chicago,original,58,774,23,24.0,252.0,0.5714285714285714,0.375943096935041,0.8685639260489438,0.2136233148205519
all_verified,30,2012,cook_ex_chicago,skip_51,58,774,23,24.0,253.0,0.5691699604743083,0.3744841029039583,0.8650686141125954,0.21358660032087018
all_verified,35,2012,cook_ex_chicago,original,22,264,24,24.0,154.0,0.935064935064935,0.608188959541115,1.437622993761174,0.21945426211439403
all_verified,35,2012,cook_ex_chicago,skip_51,22,264,24,24.0,148.0,0.9729729729729729,0.6321027605336451,1.497662192357213,0.22005322861395019
all_verified,40,2012,cook_ex_chicago,original,25,403,19,18.0,112.0,0.9642857142857142,0.5862056254101564,1.5862129233661222,0.253937250091685
all_verified,40,2012,cook_ex_chicago,skip_51,25,403,19,18.0,104.0,1.0384615384615385,0.6296317049989001,1.7127510547865268,0.2552859968171779
all_verified,45,2012,cook_ex_chicago,original,8,145,13,11.0,88.0,0.75,0.4007200686816107,1.4037230574716497,0.31980107453341566
all_verified,45,2012,cook_ex_chicago,skip_51,8,145,13,11.0,100.0,0.6599999999999999,0.35411527146298133,1.230107919944754,0.31766191290283907
all_verified,50,2012,cook_ex_chicago,original,17,648,17,25.0,96.0,1.5625,1.0062146769762226,2.426327408915038,0.22453655975512465
all_verified,50,2012,cook_ex_chicago,skip_51,17,648,17,25.0,90.0,1.6666666666666667,1.0700585838126604,2.5959118685637264,0.22607766610417562
all_verified,55,2012,cook_ex_chicago,original,11,80,7,11.0,77.0,0.8571428571428571,0.4557021404685498,1.6122238899198789,0.3223291856101521
all_verified,55,2012,cook_ex_chicago,skip_51,11,80,7,11.0,75.0,0.88,0.4673622428767192,1.6569588403919726,0.32286595398465945
all_verified,60,2012,cook_ex_chicago,original,8,271,4,5.0,37.0,0.8108108108108107,0.3186669854026654,2.0630131172734454,0.47647353234678946
all_verified,60,2012,cook_ex_chicago,skip_51,8,271,4,5.0,38.0,0.7894736842105263,0.3107355976875809,2.005784669343186,0.4757265910937544
all_verified,65,2012,cook_ex_chicago,original,1,84,4,5.0,34.0,0.8823529411764706,0.34509231166011733,2.256053486261269,0.47896948201934786
all_verified,65,2012,cook_ex_chicago,skip_51,1,84,4,5.0,35.0,0.8571428571428572,0.3358099481529366,2.1878264226300463,0.4780914437337575
all_verified,70,2012,cook_ex_chicago,original,9,154,5,5.0,33.0,0.9090909090909091,0.3549024985612007,2.3286572631700424,0.47989897926858555
all_verified,70,2012,cook_ex_chicago,skip_51,9,154,5,5.0,31.0,0.9677419354838709,0.37629730109968607,2.488788654495215,0.4819315973414993
all_verified,75,2012,cook_ex_chicago,original,3,115,5,3.0,33.0,0.5454545454545454,0.1672843408964788,1.7785326442547338,0.6030226891555273
all_verified,75,2012,cook_ex_chicago,skip_51,3,115,5,3.0,30.0,0.6,0.183110668582763,1.9660241688063405,0.6055300708194983
all_verified,80,2012,cook_ex_chicago,original,7,134,2,2.0,26.0,0.46153846153846156,0.10954315648555553,1.9446011810640014,0.7337993857053428
all_verified,80,2012,cook_ex_chicago,skip_51,7,134,2,2.0,28.0,0.42857142857142855,0.10209301518892741,1.799079682854499,0.7319250547113999
all_verified,85,2012,cook_ex_chicago,original,1,36,6,4.0,22.0,1.090909090909091,0.37592675926332586,3.165730066569911,0.543557306504609
all_verified,85,2012,cook_ex_chicago,skip_51,1,36,6,4.0,18.0,1.3333333333333333,0.45124326601824605,3.9397325382045545,0.5527707983925667
all_verified,90,2012,cook_ex_chicago,original,5,72,3,2.0,28.0,0.42857142857142855,0.10209301518892741,1.799079682854499,0.7319250547113999
all_verified,90,2012,cook_ex_chicago,skip_51,5,72,3,2.0,27.0,0.4444444444444444,0.10568700780102012,1.8690174725111692,0.7328281087929399
all_verified,100,2012,cook_ex_chicago,original,5,297,16,16.0,31.0,3.096774193548387,1.693873890384813,5.661584643499412,0.3078279787740696
all_verified,100,2012,cook_ex_chicago,skip_51,5,297,16,16.0,18.0,5.333333333333333,2.719738804811485,10.458520646954563,0.3435921354681384
all_verified,30,2012,illinois_ex_cook,original,246,2162,71,95.0,1024.0,0.556640625,0.4511080766935604,0.6868615336516622,0.1072514722018942
all_verified,30,2012,illinois_ex_cook,skip_51,246,2162,71,95.0,1043.0,0.5465004793863854,0.44296241042380463,0.6742395448042716,0.10716850544972152
all_verified,35,2012,illinois_ex_cook,original,90,895,99,90.0,647.0,0.8346213292117466,0.6694618297052087,1.0405264830138574,0.11250202738265182
all_verified,35,2012,illinois_ex_cook,skip_51,90,895,99,90.0,598.0,0.903010033444816,0.7235207542917803,1.127026578940628,0.11306348620923865
all_verified,40,2012,illinois_ex_cook,original,104,1212,55,50.0,504.0,0.5952380952380952,0.4451233342264337,0.7959780195266948,0.14827045216133586
all_verified,40,2012,illinois_ex_cook,skip_51,104,1212,55,50.0,486.0,0.6172839506172839,0.4613854166904667,0.8258593832958365,0.1485180567093587
all_verified,45,2012,illinois_ex_cook,original,55,466,29,37.0,358.0,0.6201117318435755,0.44205568601727335,0.8698871480074404,0.17268561930980966
all_verified,45,2012,illinois_ex_cook,skip_51,55,466,29,37.0,381.0,0.5826771653543307,0.415768152680401,0.8165913546686192,0.17219668679459987
all_verified,50,2012,illinois_ex_cook,original,65,1612,31,52.0,286.0,1.090909090909091,0.8118255996080274,1.4659338720073687,0.15075567228888181
all_verified,50,2012,illinois_ex_cook,skip_51,65,1612,31,52.0,301.0,1.036544850498339,0.7722450747111372,1.3913008477218438,0.15017665719738824
all_verified,55,2012,illinois_ex_cook,original,38,260,36,46.0,242.0,1.140495867768595,0.8321067256823365,1.5631778764083746,0.16084577035079686
all_verified,55,2012,illinois_ex_cook,skip_51,38,260,36,46.0,230.0,1.2,0.874374066120909,1.6468923951375245,0.16151457061744964
all_verified,60,2012,illinois_ex_cook,original,40,708,24,24.0,190.0,0.7578947368421053,0.49568664934760015,1.1588055334735536,0.21663292584785793
all_verified,60,2012,illinois_ex_cook,skip_51,40,708,24,24.0,180.0,0.8,0.5225342353332355,1.2248001312140882,0.2173067468400883
all_verified,65,2012,illinois_ex_cook,original,30,256,15,14.0,148.0,0.5675675675675675,0.32809777892840647,0.9818199465009402,0.27961639470054
all_verified,65,2012,illinois_ex_cook,skip_51,30,256,15,14.0,145.0,0.5793103448275861,0.3347220436515181,1.0026243624804503,0.27986625940386123
all_verified,70,2012,illinois_ex_cook,original,22,419,10,12.0,123.0,0.5853658536585366,0.3235895304507198,1.0589130685165065,0.3024291894545669
all_verified,70,2012,illinois_ex_cook,skip_51,22,419,10,12.0,128.0,0.5625,0.3112697554040899,1.016501746497156,0.30190368221228
all_verified,75,2012,illinois_ex_cook,original,20,407,14,15.0,106.0,0.8490566037735848,0.49444382417409705,1.4579959970492045,0.2758634244165355
all_verified,75,2012,illinois_ex_cook,skip_51,20,407,14,15.0,100.0,0.8999999999999999,0.5230595592570387,1.5485808177381089,0.27688746209726917
all_verified,80,2012,illinois_ex_cook,original,23,387,10,8.0,88.0,0.5454545454545455,0.2645000680175039,1.1248415298605359,0.3692744729379982
all_verified,80,2012,illinois_ex_cook,skip_51,23,387,10,8.0,93.0,0.5161290322580645,0.25068621467526253,1.062639915340878,0.3684463165402024
all_verified,85,2012,illinois_ex_cook,original,17,133,12,15.0,72.0,1.25,0.7166628754305872,2.1802440918419483,0.2838231060987733
all_verified,85,2012,illinois_ex_cook,skip_51,17,133,12,15.0,71.0,1.2676056338028168,0.7262663005815014,2.212444721119651,0.2841675099460179
all_verified,90,2012,illinois_ex_cook,original,12,179,2,11.0,41.0,1.6097560975609757,0.8274139730038276,3.1318237039523074,0.33955755743545146
all_verified,90,2012,illinois_ex_cook,skip_51,12,179,2,11.0,46.0,1.434782608695652,0.743175119368154,2.7700081455441077,0.33563107922818103
all_verified,100,2012,illinois_ex_cook,original,14,725,29,49.0,62.0,4.741935483870967,3.260228093276453,6.897048761578128,0.19114705209176164
all_verified,100,2012,illinois_ex_cook,skip_51,14,725,29,49.0,39.0,7.538461538461538,4.9501617664508695,11.480110155593625,0.21459074748537452
all_verified,30,2013,chicago,original,53,728,17,24.0,263.0,0.5475285171102662,0.36049386716523424,0.8316021556936998,0.21323449072673012
all_verified,30,2013,chicago,skip_51,53,728,17,24.0,266.0,0.5413533834586466,0.3564984168221185,0.8220611143088299,0.21313391368552134
all_verified,35,2013,chicago,original,35,213,24,20.0,157.0,0.7643312101910827,0.479936203442289,1.21724969835999,0.23742246471552003
all_verified,35,2013,chicago,skip_51,35,213,24,20.0,152.0,0.7894736842105263,0.49529544427722577,1.258377611307257,0.2378632955468772
all_verified,40,2013,chicago,original,27,402,10,19.0,108.0,1.0555555555555556,0.6482110005715085,1.718880935192156,0.2487786932328162
all_verified,40,2013,chicago,skip_51,27,402,10,19.0,110.0,1.0363636363636364,0.6368478333192913,1.686508975274117,0.24844010956018658
all_verified,45,2013,chicago,original,12,132,6,12.0,82.0,0.8780487804878049,0.47910111156493224,1.6092003176486733,0.30907677894748553
all_verified,45,2013,chicago,skip_51,12,132,6,12.0,110.0,0.6545454545454545,0.36071005426156305,1.1877399784244627,0.30401355631656035
all_verified,50,2013,chicago,original,18,552,13,34.0,72.0,2.8333333333333335,1.884384451360604,4.26015921113199,0.20808809094893257
all_verified,50,2013,chicago,skip_51,18,552,13,34.0,70.0,2.9142857142857146,1.9346133534331693,4.390056136756211,0.20903941970737633
all_verified,55,2013,chicago,original,8,73,6,11.0,63.0,1.0476190476190477,0.5521367087267178,1.9877426216872949,0.3267753154418289
all_verified,55,2013,chicago,skip_51,8,73,6,11.0,59.0,1.11864406779661,0.5876747876665583,2.1293487089777283,0.32841778796445203
all_verified,60,2013,chicago,original,10,226,5,2.0,47.0,0.25531914893617025,0.06201674177314315,1.0511333867223642,0.7219948723811555
all_verified,60,2013,chicago,skip_51,10,226,5,2.0,44.0,0.27272727272727276,0.06611493296602865,1.1250130939023175,0.7229988054812212
all_verified,65,2013,chicago,original,6,65,3,2.0,38.0,0.31578947368421056,0.07618330306710928,1.308987503494112,0.7254762501100116
all_verified,65,2013,chicago,skip_51,6,65,3,2.0,37.0,0.3243243243243243,0.07816720017250026,1.3456573488151453,0.7259662712736915
all_verified,70,2013,chicago,original,9,109,5,2.0,35.0,0.34285714285714286,0.08246192523275361,1.4255187479114588,0.7270291799999699
all_verified,70,2013,chicago,skip_51,9,109,5,2.0,35.0,0.34285714285714286,0.08246192523275361,1.4255187479114588,0.7270291799999699
all_verified,75,2013,chicago,original,4,129,2,5.0,32.0,0.9375,0.36528685127097504,2.4060714119381608,0.48088460154178364
all_verified,75,2013,chicago,skip_51,4,129,2,5.0,33.0,0.9090909090909091,0.3549024985612007,2.3286572631700424,0.47989897926858555
all_verified,80,2013,chicago,original,7,140,10,3.0,34.0,0.5294117647058824,0.16259970242063013,1.7237228139812135,0.6022832373885361
all_verified,80,2013,chicago,skip_51,7,140,10,3.0,27.0,0.6666666666666666,0.2022434473705817,2.197571541737343,0.6085806194501846
all_verified,85,2013,chicago,original,4,45,1,3.0,24.0,0.75,0.22583919795807328,2.490710226948412,0.6123724356957945
all_verified,85,2013,chicago,skip_51,4,45,1,3.0,27.0,0.6666666666666666,0.2022434473705817,2.197571541737343,0.6085806194501846
all_verified,90,2013,chicago,original,1,59,2,4.0,9.0,2.6666666666666665,0.8212036380862578,8.65937604426951,0.6009252125773316
all_verified,90,2013,chicago,skip_51,1,59,2,4.0,9.0,2.6666666666666665,0.8212036380862578,8.65937604426951,0.6009252125773316
all_verified,100,2013,chicago,original,5,282,20,13.0,31.0,2.5161290322580645,1.3166455544053337,4.8083596118860354,0.3304256973045619
all_verified,100,2013,chicago,skip_51,5,282,20,13.0,14.0,5.571428571428571,2.6188340202668754,11.852914727053744,0.38516444325982163
all_verified,30,2013,cook_ex_chicago,original,60,772,22,23.0,255.0,0.5411764705882353,0.35319629601678104,0.8292045404248071,0.21771501899734938
all_verified,30,2013,cook_ex_chicago,skip_51,60,772,22,23.0,256.0,0.5390625,0.3518408848382482,0.8259085041803548,0.2176798356981308
all_verified,35,2013,cook_ex_chicago,original,24,268,24,23.0,158.0,0.8734177215189873,0.5639635599364834,1.3526734180295914,0.22317565905271983
all_verified,35,2013,cook_ex_chicago,skip_51,24,268,24,23.0,151.0,0.9139072847682119,0.5893488889881122,1.4172021713427767,0.2238320294905459
all_verified,40,2013,cook_ex_chicago,original,25,418,20,17.0,114.0,0.8947368421052632,0.5375096747342925,1.4893760135875456,0.25999126761552227
all_verified,40,2013,cook_ex_chicago,skip_51,25,418,20,17.0,105.0,0.9714285714285714,0.581934903525807,1.6216134548215941,0.2614332399209677
all_verified,45,2013,cook_ex_chicago,original,6,149,12,11.0,88.0,0.75,0.4007200686816107,1.4037230574716497,0.31980107453341566
all_verified,45,2013,cook_ex_chicago,skip_51,6,149,12,11.0,101.0,0.6534653465346535,0.35071631574648754,1.2175565833393407,0.3175060330263046
all_verified,50,2013,cook_ex_chicago,original,16,646,17,25.0,90.0,1.6666666666666667,1.0700585838126604,2.5959118685637264,0.22607766610417562
all_verified,50,2013,cook_ex_chicago,skip_51,16,646,17,25.0,83.0,1.8072289156626504,1.1556221478867366,2.8262493580447625,0.22814073018881206
all_verified,55,2013,cook_ex_chicago,original,10,74,7,10.0,69.0,0.8695652173913043,0.44799966760808213,1.6878219382034765,0.3383677786420988
all_verified,55,2013,cook_ex_chicago,skip_51,10,74,7,10.0,68.0,0.8823529411764706,0.45430750899453604,1.7136998561301169,0.338682568717289
all_verified,60,2013,cook_ex_chicago,original,6,265,4,6.0,31.0,1.161290322580645,0.48449534723445187,2.783504983107424,0.44600978821411047
all_verified,60,2013,cook_ex_chicago,skip_51,6,265,4,6.0,33.0,1.0909090909090908,0.4570961664680506,2.6035717031358687,0.44381268229929727
all_verified,65,2013,cook_ex_chicago,original,1,81,4,6.0,32.0,1.125,0.4703969553324687,2.6905467513187395,0.44487826050130463
all_verified,65,2013,cook_ex_chicago,skip_51,1,81,4,6.0,34.0,1.0588235294117647,0.4445271375706278,2.5220221032239265,0.44280744277004763
all_verified,70,2013,cook_ex_chicago,original,9,160,6,6.0,34.0,1.0588235294117647,0.4445271375706278,2.5220221032239265,0.44280744277004763
all_verified,70,2013,cook_ex_chicago,skip_51,9,160,6,6.0,32.0,1.125,0.4703969553324687,2.6905467513187395,0.44487826050130463
all_verified,75,2013,cook_ex_chicago,original,3,116,5,4.0,34.0,0.7058823529411764,0.2504862604623284,1.9892104871305234,0.5285941398709244
all_verified,75,2013,cook_ex_chicago,skip_51,3,116,5,4.0,31.0,0.7741935483870968,0.27328461407436566,2.193228668925734,0.5312796481290517
all_verified,80,2013,cook_ex_chicago,original,6,145,2,2.0,27.0,0.4444444444444444,0.10568700780102012,1.8690174725111692,0.7328281087929399
all_verified,80,2013,cook_ex_chicago,skip_51,6,145,2,2.0,29.0,0.4137931034482759,0.09873533386313949,1.7341788978877228,0.7310832774866962
all_verified,85,2013,cook_ex_chicago,original,1,35,3,4.0,20.0,1.2,0.41015725012862625,3.510848581972921,0.5477225575051661
all_verified,85,2013,cook_ex_chicago,skip_51,1,35,3,4.0,19.0,1.2631578947368423,0.42972080447687777,3.7130337894121324,0.5501196042201808
all_verified,90,2013,cook_ex_chicago,original,5,71,3,2.0,24.0,0.5,0.11816561494286273,2.115674683543803,0.7359800721939872
all_verified,90,2013,cook_ex_chicago,skip_51,5,71,3,2.0,22.0,0.5454545454545455,0.12826052429898435,2.3196588567148155,0.7385489458759964
all_verified,100,2013,cook_ex_chicago,original,4,317,16,18.0,30.0,3.6,2.0068668952125,6.457827388013051,0.2981423969999719
all_verified,100,2013,cook_ex_chicago,skip_51,4,317,16,18.0,17.0,6.352941176470588,3.274110837765049,12.32696863104539,0.33819977079726155
all_verified,30,2013,illinois_ex_cook,original,239,2135,65,89.0,994.0,0.5372233400402415,0.4324871382068131,0.6673236995685676,0.1106435324521212
all_verified,30,2013,illinois_ex_cook,skip_51,239,2135,65,89.0,1016.0,0.5255905511811023,0.42320394450093946,0.6527477616415309,0.1105450452290093
all_verified,35,2013,illinois_ex_cook,original,89,877,90,87.0,632.0,0.8259493670886077,0.660107205751042,1.0334569158624805,0.11435266221026896
all_verified,35,2013,illinois_ex_cook,skip_51,89,877,90,87.0,591.0,0.883248730964467,0.7052390901197272,1.106189846365295,0.11483161694798948
all_verified,40,2013,illinois_ex_cook,original,103,1218,54,49.0,491.0,0.5987780040733198,0.446416167800879,0.8031409344518876,0.1498159642464932
all_verified,40,2013,illinois_ex_cook,skip_51,103,1218,54,49.0,475.0,0.6189473684210526,0.461246467168542,0.8305664588111866,0.1500447480693705
all_verified,45,2013,illinois_ex_cook,original,51,455,27,38.0,358.0,0.6368715083798883,0.4558504416886836,0.8897771749074586,0.17061384927100637
all_verified,45,2013,illinois_ex_cook,skip_51,51,455,27,38.0,388.0,0.5876288659793814,0.42112735543856694,0.8199602321549647,0.16997973132498204
all_verified,50,2013,illinois_ex_cook,original,68,1572,34,57.0,286.0,1.1958041958041958,0.8998880714296,1.589028369307357,0.1450529666901932
all_verified,50,2013,illinois_ex_cook,skip_51,68,1572,34,57.0,299.0,1.1438127090301002,0.8616486362656564,1.5183770486876396,0.14452799470854766
all_verified,55,2013,illinois_ex_cook,original,37,259,39,47.0,247.0,1.1417004048582997,0.8357770036925618,1.5596023923782028,0.15913886621637174
all_verified,55,2013,illinois_ex_cook,skip_51,37,259,39,47.0,232.0,1.2155172413793105,0.8883847955482622,1.663110592948125,0.15995918408227475
all_verified,60,2013,illinois_ex_cook,original,40,702,21,24.0,187.0,0.7700534759358288,0.5034465905167281,1.1778456085922167,0.2168277202055917
all_verified,60,2013,illinois_ex_cook,skip_51,40,702,21,24.0,179.0,0.8044692737430168,0.525379891808518,1.2318149637757496,0.2173781471202605
all_verified,65,2013,illinois_ex_cook,original,29,252,15,13.0,138.0,0.5652173913043478,0.32008153596493655,0.9980916220918433,0.29011972310525724
all_verified,65,2013,illinois_ex_cook,skip_51,29,252,15,13.0,135.0,0.5777777777777777,0.3270166156752833,1.0208262959497645,0.2903971148797528
all_verified,70,2013,illinois_ex_cook,original,22,422,8,12.0,119.0,0.6050420168067228,0.3341706563846578,1.0954757250743266,0.30288066078551656
all_verified,70,2013,illinois_ex_cook,skip_51,22,422,8,12.0,127.0,0.5669291338582677,0.3136580700726329,1.0247102608992589,0.302005544785795
all_verified,75,2013,illinois_ex_cook,original,20,385,14,16.0,102.0,0.9411764705882353,0.5556277979389358,1.5942563566380086,0.2688938853314211
all_verified,75,2013,illinois_ex_cook,skip_51,20,385,14,16.0,96.0,1.0,0.589040409707916,1.6976763962524473,0.27003086243366087
all_verified,80,2013,illinois_ex_cook,original,22,378,9,8.0,85.0,0.5647058823529412,0.27354426865447273,1.16578108228187,0.3698171249176449
all_verified,80,2013,illinois_ex_cook,skip_51,22,378,9,8.0,91.0,0.5274725274725275,0.2560348839659738,1.086677186047944,0.3687668789208312
all_verified,85,2013,illinois_ex_cook,original,18,128,10,15.0,70.0,1.2857142857142858,0.7361308748924156,2.245607786429809,0.2845213189769458
all_verified,85,2013,illinois_ex_cook,skip_51,18,128,10,15.0,70.0,1.2857142857142858,0.7361308748924156,2.245607786429809,0.2845213189769458
all_verified,90,2013,illinois_ex_cook,original,14,172,2,10.0,40.0,1.5,0.7501369137432412,2.9994524449841107,0.3535533905932738
all_verified,90,2013,illinois_ex_cook,skip_51,14,172,2,10.0,45.0,1.3333333333333333,0.6719712592460368,2.645615795789353,0.34960294939005054
all_verified,100,2013,illinois_ex_cook,original,14,719,33,44.0,66.0,4.0,2.7314425561404834,5.857710594729816,0.19462473604038075
all_verified,100,2013,illinois_ex_cook,skip_51,14,719,33,44.0,39.0,6.769230769230769,4.398786451949612,10.417074278927846,0.21992793903526303
all_verified,30,2014,chicago,original,49,712,20,25.0,255.0,0.5882352941176471,0.3900833957947918,0.8870430399649802,0.20957473279823352
all_verified,30,2014,chicago,skip_51,49,712,20,25.0,255.0,0.5882352941176471,0.3900833957947918,0.8870430399649802,0.20957473279823352
all_verified,35,2014,chicago,original,33,212,22,20.0,152.0,0.7894736842105263,0.49529544427722577,1.258377611307257,0.2378632955468772
all_verified,35,2014,chicago,skip_51,33,212,22,20.0,147.0,0.8163265306122449,0.5116707412888232,1.3023785626336357,0.2383332144046133
all_verified,40,2014,chicago,original,22,375,10,17.0,103.0,0.9902912621359222,0.5928237906233792,1.654246673925712,0.26178668277023254
all_verified,40,2014,chicago,skip_51,22,375,10,17.0,105.0,0.9714285714285714,0.581934903525807,1.6216134548215941,0.2614332399209677
all_verified,45,2014,chicago,original,12,132,7,12.0,80.0,0.8999999999999999,0.49060452721899744,1.651024307891129,0.30956959368344517
all_verified,45,2014,chicago,skip_51,12,132,7,12.0,108.0,0.6666666666666666,0.3671906383797402,1.2103915459435273,0.3042903097250923
all_verified,50,2014,chicago,original,16,546,27,35.0,82.0,2.5609756097560976,1.724004893583224,3.804279267522281,0.20190728199509814
all_verified,50,2014,chicago,skip_51,16,546,27,35.0,67.0,3.1343283582089554,2.0826466832452564,4.717081555938575,0.2085588686816193
all_verified,55,2014,chicago,original,8,70,5,12.0,74.0,0.9729729729729729,0.5286887447666366,1.7906119914728442,0.31120226034983556
all_verified,55,2014,chicago,skip_51,8,70,5,12.0,72.0,1.0,0.5427332276834034,1.8425258469402899,0.31180478223116176
all_verified,60,2014,chicago,original,12,228,5,3.0,44.0,0.4090909090909091,0.12702570222892992,1.3174922001156357,0.5967081414398551
all_verified,60,2014,chicago,skip_51,12,228,5,3.0,41.0,0.43902439024390244,0.13594889239001043,1.4177564218477818,0.5980999726097406
all_verified,65,2014,chicago,original,6,63,2,2.0,35.0,0.34285714285714286,0.08246192523275361,1.4255187479114588,0.7270291799999699
all_verified,65,2014,chicago,skip_51,6,63,2,2.0,34.0,0.3529411764705882,0.08479121400006588,1.4691082739816188,0.7276068751089989
all_verified,70,2014,chicago,original,9,113,4,1.0,31.0,0.1935483870967742,0.026421169197207585,1.4178395311787315,1.016001016001524
all_verified,70,2014,chicago,skip_51,9,113,4,1.0,31.0,0.1935483870967742,0.026421169197207585,1.4178395311787315,1.016001016001524
all_verified,75,2014,chicago,original,4,111,3,4.0,27.0,0.8888888888888888,0.3110288978917995,2.5403538454005354,0.5357583756107197
all_verified,75,2014,chicago,skip_51,4,111,3,4.0,27.0,0.8888888888888888,0.3110288978917995,2.5403538454005354,0.5357583756107197
all_verified,80,2014,chicago,original,5,137,10,3.0,31.0,0.5806451612903225,0.1775127441453124,1.8992935124357815,0.6046415449251419
all_verified,80,2014,chicago,skip_51,5,137,10,3.0,24.0,0.75,0.22583919795807328,2.490710226948412,0.6123724356957945
all_verified,85,2014,chicago,original,4,42,2,3.0,25.0,0.72,0.2173853163667934,2.3847056860331155,0.6110100926607787
all_verified,85,2014,chicago,skip_51,4,42,2,3.0,25.0,0.72,0.2173853163667934,2.3847056860331155,0.6110100926607787
all_verified,90,2014,chicago,original,1,56,2,2.0,9.0,1.3333333333333333,0.28807903509234156,6.171145974603547,0.7817359599705717
all_verified,90,2014,chicago,skip_51,1,56,2,2.0,9.0,1.3333333333333333,0.28807903509234156,6.171145974603547,0.7817359599705717
all_verified,100,2014,chicago,original,3,275,22,16.0,30.0,3.2,1.7443716523342134,5.870308650279571,0.30956959368344517
all_verified,100,2014,chicago,skip_51,3,275,22,16.0,11.0,8.727272727272728,4.050216983697258,18.805236747259542,0.39167472590032015
all_verified,30,2014,cook_ex_chicago,original,55,757,21,20.0,248.0,0.48387096774193544,0.3068071622152998,0.7631214073784145,0.23244839871359865
all_verified,30,2014,cook_ex_chicago,skip_51,55,757,21,20.0,247.0,0.4858299595141701,0.30802809708549983,0.7662637006000941,0.2324835112345635
all_verified,35,2014,cook_ex_chicago,original,23,257,27,20.0,158.0,0.759493670886076,0.47697800820582714,1.2093443013982548,0.2373375527051095
all_verified,35,2014,cook_ex_chicago,skip_51,23,257,27,20.0,148.0,0.8108108108108107,0.5083095875674312,1.2933341943712076,0.23823676617339473
all_verified,40,2014,cook_ex_chicago,original,21,410,16,17.0,111.0,0.918918918918919,0.551544294817576,1.5309957649483168,0.26044680535720477
all_verified,40,2014,cook_ex_chicago,skip_51,21,410,16,17.0,110.0,0.9272727272727274,0.5563868970266135,1.5453899352030815,0.2606039878871269
all_verified,45,2014,cook_ex_chicago,original,6,141,10,15.0,81.0,1.1111111111111112,0.6404536500147471,1.9276459759517972,0.2810913475705226
all_verified,45,2014,cook_ex_chicago,skip_51,6,141,10,15.0,100.0,0.8999999999999999,0.5230595592570387,1.5485808177381089,0.27688746209726917
all_verified,50,2014,cook_ex_chicago,original,15,635,19,29.0,87.0,2.0,1.3137413604070656,3.044739338008352,0.21442250696755896
all_verified,50,2014,cook_ex_chicago,skip_51,15,635,19,29.0,79.0,2.2025316455696204,1.4391501041686137,3.3708406341241877,0.21711975144788398
all_verified,55,2014,cook_ex_chicago,original,9,65,7,11.0,71.0,0.9295774647887324,0.4925701651757109,1.7542967969543952,0.3240271561942678
all_verified,55,2014,cook_ex_chicago,skip_51,9,65,7,11.0,68.0,0.9705882352941176,0.5133370007444542,1.8351327122829197,0.32498457388318003
all_verified,60,2014,cook_ex_chicago,original,6,251,4,4.0,32.0,0.75,0.2652376557358123,2.120739600263521,0.5303300858899106
all_verified,60,2014,cook_ex_chicago,skip_51,6,251,4,4.0,34.0,0.7058823529411764,0.2504862604623284,1.9892104871305234,0.5285941398709244
all_verified,65,2014,cook_ex_chicago,original,1,75,6,6.0,33.0,1.0909090909090908,0.4570961664680506,2.6035717031358687,0.44381268229929727
all_verified,65,2014,cook_ex_chicago,skip_51,1,75,6,6.0,31.0,1.161290322580645,0.48449534723445187,2.783504983107424,0.44600978821411047
all_verified,70,2014,cook_ex_chicago,original,9,155,5,4.0,36.0,0.6666666666666666,0.23728915685048174,1.8730078118339526,0.5270462766947299
all_verified,70,2014,cook_ex_chicago,skip_51,9,155,5,4.0,35.0,0.6857142857142857,0.24370918958909416,1.9293654146790304,0.5277986629117476
all_verified,75,2014,cook_ex_chicago,original,3,116,4,4.0,34.0,0.7058823529411764,0.2504862604623284,1.9892104871305234,0.5285941398709244
all_verified,75,2014,cook_ex_chicago,skip_51,3,116,4,4.0,32.0,0.75,0.2652376557358123,2.120739600263521,0.5303300858899106
all_verified,80,2014,cook_ex_chicago,original,6,135,2,2.0,26.0,0.46153846153846156,0.10954315648555553,1.9446011810640014,0.7337993857053428
all_verified,80,2014,cook_ex_chicago,skip_51,6,135,2,2.0,29.0,0.4137931034482759,0.09873533386313949,1.7341788978877228,0.7310832774866962
all_verified,85,2014,cook_ex_chicago,original,1,32,2,5.0,17.0,1.7647058823529411,0.6510556739500639,4.783288090121047,0.5087470190691683
all_verified,85,2014,cook_ex_chicago,skip_51,1,32,2,5.0,16.0,1.875,0.6868821697640825,5.118235928598178,0.51234753829798
all_verified,90,2014,cook_ex_chicago,original,4,66,3,1.0,22.0,0.27272727272727276,0.03676042470668186,2.0233761139254822,1.02247471629109
all_verified,90,2014,cook_ex_chicago,skip_51,4,66,3,1.0,20.0,0.3,0.04026087382526411,2.235420929774358,1.02469507659596
all_verified,100,2014,cook_ex_chicago,original,3,308,15,19.0,27.0,4.222222222222222,2.347721073824464,7.593389475686955,0.2994471839647277
all_verified,100,2014,cook_ex_chicago,skip_51,3,308,15,19.0,15.0,7.6,3.86195107763279,14.956170815971182,0.34539578111788666
all_verified,30,2014,illinois_ex_cook,original,229,2100,66,88.0,950.0,0.5557894736842105,0.44674595216360546,0.6914487698481641,0.11142830853326156
all_verified,30,2014,illinois_ex_cook,skip_51,229,2100,66,88.0,969.0,0.544891640866873,0.43806577340924324,0.6777678565844528,0.1113356551501019
all_verified,35,2014,illinois_ex_cook,original,87,853,81,85.0,599.0,0.8514190317195326,0.6783945388748343,1.0685734127172495,0.1159058021160112
all_verified,35,2014,illinois_ex_cook,skip_51,87,853,81,85.0,567.0,0.8994708994708994,0.716111644429315,1.1297790020433711,0.11631153989475007
all_verified,40,2014,illinois_ex_cook,original,101,1214,51,49.0,464.0,0.6336206896551725,0.47202737971810727,0.8505336673454317,0.150210970568395
all_verified,40,2014,illinois_ex_cook,skip_51,101,1214,51,49.0,449.0,0.6547884187082406,0.48756777044911676,0.8793605715150175,0.15045043953910875
all_verified,45,2014,illinois_ex_cook,original,48,431,28,36.0,338.0,0.6390532544378698,0.45321415138621995,0.9010951241449912,0.17531787604073518
all_verified,45,2014,illinois_ex_cook,skip_51,48,431,28,36.0,373.0,0.579088471849866,0.41132661133496645,0.8152729460927681,0.17452433333272144
all_verified,50,2014,illinois_ex_cook,original,64,1560,50,63.0,285.0,1.3263157894736841,1.009582395998054,1.7424170433044996,0.1392184894431786
all_verified,50,2014,illinois_ex_cook,skip_51,64,1560,50,63.0,283.0,1.335689045936396,1.016539854858298,1.755037167414525,0.1393075187404094
all_verified,55,2014,illinois_ex_cook,original,34,243,33,48.0,250.0,1.1520000000000001,0.8458874971821535,1.5688894852103739,0.15758595538097084
all_verified,55,2014,illinois_ex_cook,skip_51,34,243,33,48.0,237.0,1.2151898734177216,0.8910723966284773,1.6572014059062656,0.1582805819297925
all_verified,60,2014,illinois_ex_cook,original,41,695,23,20.0,182.0,0.6593406593406593,0.41551462294586733,1.0462450201575972,0.23557271806069882
all_verified,60,2014,illinois_ex_cook,skip_51,41,695,23,20.0,172.0,0.6976744186046512,0.4390893825057976,1.1085433029547491,0.23624976928744734
all_verified,65,2014,illinois_ex_cook,original,28,238,15,13.0,138.0,0.5652173913043478,0.32008153596493655,0.9980916220918433,0.29011972310525724
all_verified,65,2014,illinois_ex_cook,skip_51,28,238,15,13.0,137.0,0.5693430656934307,0.32236030565470114,1.0055565799109638,0.2902108664334774
all_verified,70,2014,illinois_ex_cook,original,20,405,10,14.0,118.0,0.711864406779661,0.40905573356212027,1.2388310248750056,0.2826714483278385
all_verified,70,2014,illinois_ex_cook,skip_51,20,405,10,14.0,123.0,0.6829268292682927,0.3928969293514901,1.187051919454445,0.2820614343177465
all_verified,75,2014,illinois_ex_cook,original,18,371,9,15.0,93.0,0.967741935483871,0.5609369523168735,1.6695716868462354,0.27824333745610097
all_verified,75,2014,illinois_ex_cook,skip_51,18,371,9,15.0,91.0,0.989010989010989,0.5727886403960327,1.7076852915731628,0.2786676831921449
all_verified,80,2014,illinois_ex_cook,original,18,359,8,7.0,73.0,0.5753424657534247,0.2649257822113614,1.249478061879003,0.39567129412446533
all_verified,80,2014,illinois_ex_cook,skip_51,18,359,8,7.0,79.0,0.5316455696202532,0.24543753518734068,1.1516046699258984,0.39435437198697837
all_verified,85,2014,illinois_ex_cook,original,17,121,10,14.0,64.0,1.3125,0.7361206905425298,2.340181810037674,0.29504842217604116
all_verified,85,2014,illinois_ex_cook,skip_51,17,121,10,14.0,63.0,1.3333333333333333,0.7471898090383698,2.3792853653421346,0.2954684201426394
all_verified,90,2014,illinois_ex_cook,original,11,166,2,9.0,35.0,1.542857142857143,0.7416358596833905,3.209672418323352,0.3737412737209254
all_verified,90,2014,illinois_ex_cook,skip_51,11,166,2,9.0,40.0,1.3499999999999999,0.6550767339270736,2.782116820230238,0.3689323936863109
all_verified,100,2014,illinois_ex_cook,original,13,691,36,44.0,68.0,3.8823529411764706,2.6570791694599554,5.672644057092614,0.19347649748797371
all_verified,100,2014,illinois_ex_cook,skip_51,13,691,36,44.0,37.0,7.135135135135135,4.60821242664273,11.047701078687032,0.22305671869347438
all_verified,30,2015,chicago,original,52,663,20,24.0,244.0,0.5901639344262295,0.38803758937003613,0.8975766241174927,0.2139276216910859
all_verified,30,2015,chicago,skip_51,52,663,20,24.0,240.0,0.6,0.3943815036986953,0.9128217135533756,0.2140872096444188
all_verified,35,2015,chicago,original,29,190,19,16.0,137.0,0.7007299270072993,0.41750617537257945,1.1760842343600553,0.26419551486161286
all_verified,35,2015,chicago,skip_51,29,190,19,16.0,131.0,0.732824427480916,0.43608810998190684,1.231475083177603,0.2648274679602921
all_verified,40,2015,chicago,original,19,354,10,13.0,96.0,0.8125,0.45526117671233046,1.4500605010234342,0.2955329822367439
all_verified,40,2015,chicago,skip_51,19,354,10,13.0,96.0,0.8125,0.45526117671233046,1.4500605010234342,0.2955329822367439
all_verified,45,2015,chicago,original,12,120,8,10.0,80.0,0.75,0.388646123417934,1.4473320743639857,0.33541019662496846
all_verified,45,2015,chicago,skip_51,12,120,8,10.0,107.0,0.5607476635514019,0.29328607110117244,1.0721202715074978,0.3306747562069463
all_verified,50,2015,chicago,original,14,495,58,35.0,108.0,1.9444444444444444,1.3281063060186336,2.8468084071259714,0.19450112552550392
all_verified,50,2015,chicago,skip_51,14,495,58,35.0,59.0,3.559322033898305,2.3429088435876966,5.407283930686041,0.21335552749765227
all_verified,55,2015,chicago,original,5,66,6,9.0,101.0,0.5346534653465347,0.27037169306076936,1.0572642600673767,0.34786793645020087
all_verified,55,2015,chicago,skip_51,5,66,6,9.0,98.0,0.5510204081632654,0.2784107017050231,1.0905596959922235,0.34830330567447126
all_verified,60,2015,chicago,original,10,214,6,3.0,41.0,0.43902439024390244,0.13594889239001043,1.4177564218477818,0.5980999726097406
all_verified,60,2015,chicago,skip_51,10,214,6,3.0,37.0,0.48648648648648646,0.14999780833151147,1.57781706390604,0.6003002251876642
all_verified,65,2015,chicago,original,3,65,2,2.0,34.0,0.3529411764705882,0.08479121400006588,1.4691082739816188,0.7276068751089989
all_verified,65,2015,chicago,skip_51,3,65,2,2.0,33.0,0.36363636363636365,0.08725588145569788,1.5154440337161124,0.7282190812544191
all_verified,70,2015,chicago,original,8,108,4,1.0,33.0,0.18181818181818182,0.024866756933469614,1.3293993795859618,1.0150384378451045
all_verified,70,2015,chicago,skip_51,8,108,4,1.0,34.0,0.1764705882352941,0.024156163654084066,1.2891893331268098,1.0145993123917847
all_verified,75,2015,chicago,original,4,110,3,5.0,27.0,1.1111111111111112,0.42788795902888743,2.8852597395740696,0.48686449556014766
all_verified,75,2015,chicago,skip_51,4,110,3,5.0,26.0,1.153846153846154,0.4430748225092161,3.004821937761696,0.48832523840319625
all_verified,80,2015,chicago,original,4,131,8,2.0,27.0,0.4444444444444444,0.10568700780102012,1.8690174725111692,0.7328281087929399
all_verified,80,2015,chicago,skip_51,4,131,8,2.0,22.0,0.5454545454545455,0.12826052429898435,2.3196588567148155,0.7385489458759964
all_verified,85,2015,chicago,original,4,41,2,3.0,22.0,0.8181818181818182,0.24488481862104947,2.7336177529208614,0.6154574548966637
all_verified,85,2015,chicago,skip_51,4,41,2,3.0,22.0,0.8181818181818182,0.24488481862104947,2.7336177529208614,0.6154574548966637
all_verified,90,2015,chicago,original,1,55,2,2.0,10.0,1.2,0.2629246170912146,5.476854985778798,0.7745966692414834
all_verified,90,2015,chicago,skip_51,1,55,2,2.0,10.0,1.2,0.2629246170912146,5.476854985778798,0.7745966692414834
all_verified,100,2015,chicago,original,3,265,19,15.0,30.0,3.0,1.6141457466279172,5.575704683918252,0.31622776601683794
all_verified,100,2015,chicago,skip_51,3,265,19,15.0,14.0,6.428571428571428,3.103074688094068,13.317929720095767,0.37161167647860327
all_verified,30,2015,cook_ex_chicago,original,49,728,21,19.0,238.0,0.4789915966386555,0.30019263920415823,0.7642857275204978,0.23839727267659194
all_verified,30,2015,cook_ex_chicago,skip_51,49,728,21,19.0,237.0,0.4810126582278481,0.3014373074230675,0.7675664945171772,0.23843445269102542
all_verified,35,2015,cook_ex_chicago,original,21,243,25,20.0,154.0,0.7792207792207791,0.4890352196171458,1.2415977385939383,0.2376836268940427
all_verified,35,2015,cook_ex_chicago,skip_51,21,243,25,20.0,147.0,0.8163265306122449,0.5116707412888232,1.3023785626336357,0.2383332144046133
all_verified,40,2015,cook_ex_chicago,original,20,407,16,18.0,106.0,1.0188679245283019,0.6181825446230236,1.6792642507653668,0.254930417603915
all_verified,40,2015,cook_ex_chicago,skip_51,20,407,16,18.0,102.0,1.0588235294117647,0.6415132894855102,1.7475978827112177,0.2556549962824568
all_verified,45,2015,cook_ex_chicago,original,7,131,9,12.0,81.0,0.8888888888888888,0.4847845513703104,1.629844545492901,0.30932024237944566
all_verified,45,2015,cook_ex_chicago,skip_51,7,131,9,12.0,97.0,0.7422680412371133,0.4074544898909177,1.352204623366606,0.30601080321428
all_verified,50,2015,cook_ex_chicago,original,17,604,42,25.0,114.0,1.3157894736842106,0.8534940040533496,2.028487524031807,0.22084367734794086
all_verified,50,2015,cook_ex_chicago,skip_51,17,604,42,25.0,81.0,1.8518518518518519,1.182645938319882,2.8997311622099033,0.22879178091082222
all_verified,55,2015,cook_ex_chicago,original,9,71,7,9.0,96.0,0.5625,0.2840410525865473,1.1139454917475036,0.34860834438919813
all_verified,55,2015,cook_ex_chicago,skip_51,9,71,7,9.0,92.0,0.5869565217391304,0.29601389600326217,1.163857383263864,0.3492573210807504
all_verified,60,2015,cook_ex_chicago,original,5,237,3,3.0,31.0,0.5806451612903225,0.1775127441453124,1.8992935124357815,0.6046415449251419
all_verified,60,2015,cook_ex_chicago,skip_51,5,237,3,3.0,34.0,0.5294117647058824,0.16259970242063013,1.7237228139812135,0.6022832373885361
all_verified,65,2015,cook_ex_chicago,original,1,70,6,6.0,30.0,1.2,0.4994653311617163,2.883082989265091,0.4472135954999579
all_verified,65,2015,cook_ex_chicago,skip_51,1,70,6,6.0,27.0,1.3333333333333333,0.5504960805088448,3.2294104185710264,0.45133546692422
all_verified,70,2015,cook_ex_chicago,original,8,145,6,3.0,35.0,0.5142857142857143,0.15817024748527236,1.672184245289208,0.6015852075182383
all_verified,70,2015,cook_ex_chicago,skip_51,8,145,6,3.0,32.0,0.5625,0.17224686334101685,1.8369347566786995,0.60380736442456
all_verified,75,2015,cook_ex_chicago,original,3,111,4,3.0,32.0,0.5625,0.17224686334101685,1.8369347566786995,0.60380736442456
all_verified,75,2015,cook_ex_chicago,skip_51,3,111,4,3.0,29.0,0.6206896551724138,0.18907305496107052,2.0376020693026446,0.6064784348631227
all_verified,80,2015,cook_ex_chicago,original,4,130,2,1.0,23.0,0.2608695652173913,0.03522884375569465,1.9317389616487257,1.0215078369104984
all_verified,80,2015,cook_ex_chicago,skip_51,4,130,2,1.0,28.0,0.21428571428571427,0.02915473336511043,1.5749884168685089,1.0177004891982149
all_verified,85,2015,cook_ex_chicago,original,1,29,2,7.0,18.0,2.3333333333333335,0.9745733145627223,5.586490377983819,0.44543540318737396
all_verified,85,2015,cook_ex_chicago,skip_51,1,29,2,7.0,18.0,2.3333333333333335,0.9745733145627223,5.586490377983819,0.44543540318737396
all_verified,90,2015,cook_ex_chicago,original,5,68,3,2.0,23.0,0.5217391304347826,0.1230064191870192,2.2129879239307977,0.7372097807744856
all_verified,90,2015,cook_ex_chicago,skip_51,5,68,3,2.0,21.0,0.5714285714285714,0.13398317951184371,2.4371015334505746,0.7400128699009549
all_verified,100,2015,cook_ex_chicago,original,3,290,14,16.0,26.0,3.6923076923076925,1.9807439814347898,6.882836056782631,0.3177444546511213
all_verified,100,2015,cook_ex_chicago,skip_51,3,290,14,16.0,15.0,6.4,3.1641314916130874,12.945100451283214,0.3593976442141304
all_verified,30,2015,illinois_ex_cook,original,226,2028,65,83.0,897.0,0.5551839464882943,0.44338048847015943,0.695179924362102,0.11473020514610816
all_verified,30,2015,illinois_ex_cook,skip_51,226,2028,65,83.0,907.0,0.5490628445424477,0.43853811023016653,0.6874431211892115,0.11467662623001643
all_verified,35,2015,illinois_ex_cook,original,81,807,76,75.0,565.0,0.7964601769911503,0.6259699844197923,1.0133853528468277,0.12289525962281098
all_verified,35,2015,illinois_ex_cook,skip_51,81,807,76,75.0,535.0,0.8411214953271028,0.6605489795861536,1.071056638895354,0.12329838689876688
all_verified,40,2015,illinois_ex_cook,original,100,1171,50,46.0,451.0,0.6119733924611973,0.4518375370305512,0.828863036793563,0.15477863332839045
all_verified,40,2015,illinois_ex_cook,skip_51,100,1171,50,46.0,440.0,0.6272727272727273,0.46297104871490824,0.8498826772696534,0.15495759970879092
all_verified,45,2015,illinois_ex_cook,original,47,423,32,39.0,326.0,0.7177914110429447,0.5149576835375131,1.0005181517589474,0.1694358589661655
all_verified,45,2015,illinois_ex_cook,skip_51,47,423,32,39.0,358.0,0.6536312849162011,0.46967398652771447,0.9096391728648442,0.16862479571643998
all_verified,50,2015,illinois_ex_cook,original,57,1529,98,64.0,326.0,1.1779141104294477,0.901020802126713,1.5398996874143998,0.1367204617552789
all_verified,50,2015,illinois_ex_cook,skip_51,57,1529,98,64.0,276.0,1.391304347826087,1.060049409056384,1.826073173327727,0.1387378405691724
all_verified,55,2015,illinois_ex_cook,original,33,233,33,48.0,294.0,0.9795918367346939,0.7219912832301812,1.329102149688027,0.15567496226930977
all_verified,55,2015,illinois_ex_cook,skip_51,33,233,33,48.0,280.0,1.0285714285714287,0.7572810819122016,1.3970495354274919,0.15622023526023096
all_verified,60,2015,illinois_ex_cook,original,40,691,19,19.0,169.0,0.6745562130177515,0.4198077290128268,1.0838916319879075,0.24196846635601513
all_verified,60,2015,illinois_ex_cook,skip_51,40,691,19,19.0,164.0,0.6951219512195123,0.4322910213106169,1.117752863805212,0.2423409579971536
all_verified,65,2015,illinois_ex_cook,original,27,242,15,14.0,130.0,0.6461538461538461,0.37230757374150775,1.1214243876469934,0.28128433856309726
all_verified,65,2015,illinois_ex_cook,skip_51,27,242,15,14.0,127.0,0.6614173228346456,0.38086118942074776,1.1486412559155814,0.28160715043585616
all_verified,70,2015,illinois_ex_cook,original,19,377,12,12.0,117.0,0.6153846153846154,0.33972510140347484,1.11471958735928,0.3031177030137664
all_verified,70,2015,illinois_ex_cook,skip_51,19,377,12,12.0,121.0,0.5950413223140496,0.3287949641767385,1.0768844229345487,0.30265127811269965
all_verified,75,2015,illinois_ex_cook,original,15,346,8,16.0,86.0,1.1162790697674418,0.6546612574810097,1.9033949960556682,0.272264406371351
all_verified,75,2015,illinois_ex_cook,skip_51,15,346,8,16.0,85.0,1.1294117647058823,0.6620372377148944,1.9267359320434156,0.2725155149387883
all_verified,80,2015,illinois_ex_cook,original,15,345,8,7.0,68.0,0.6176470588235293,0.2836981128219322,1.344696605411695,0.39694209301872235
all_verified,80,2015,illinois_ex_cook,skip_51,15,345,8,7.0,75.0,0.56,0.2580946411971078,1.2150581606245074,0.3952094080237415
all_verified,85,2015,illinois_ex_cook,original,17,118,9,15.0,65.0,1.3846153846153846,0.7897714645023107,2.4274867470955583,0.28644594961577313
all_verified,85,2015,illinois_ex_cook,skip_51,17,118,9,15.0,66.0,1.3636363636363635,0.7784262122344946,2.38879948157661,0.28603877677367767
all_verified,90,2015,illinois_ex_cook,original,12,172,2,10.0,34.0,1.7647058823529411,0.8718801057825503,3.5718062960227246,0.3597384670922507
all_verified,90,2015,illinois_ex_cook,skip_51,12,172,2,10.0,39.0,1.5384615384615385,0.7680071087234778,3.081825517552126,0.3544587784792833
all_verified,100,2015,illinois_ex_cook,original,14,657,29,48.0,62.0,4.64516129032258,3.1867588162104314,6.770993557262825,0.19225598974127658
all_verified,100,2015,illinois_ex_cook,skip_51,14,657,29,48.0,39.0,7.384615384615385,4.839753306702798,11.267628931246058,0.21557912462564408
all_verified,30,2016,chicago,original,46,656,17,26.0,240.0,0.65,0.43367656832789636,0.9742283324852222,0.20646599024586382
all_verified,30,2016,chicago,skip_51,46,656,17,26.0,240.0,0.65,0.43367656832789636,0.9742283324852222,0.20646599024586382
all_verified,35,2016,chicago,original,26,182,17,17.0,127.0,0.8031496062992125,0.4841302564566674,1.3323878883746567,0.258258678769555
all_verified,35,2016,chicago,skip_51,26,182,17,17.0,125.0,0.8160000000000001,0.49164135853072133,1.3543531040389325,0.25850247467241916
all_verified,40,2016,chicago,original,16,344,8,15.0,91.0,0.989010989010989,0.5727886403960327,1.7076852915731628,0.2786676831921449
all_verified,40,2016,chicago,skip_51,16,344,8,15.0,95.0,0.9473684210526315,0.5495660712379202,1.6331192411243376,0.2778362511554969
all_verified,45,2016,chicago,original,12,114,8,12.0,77.0,0.935064935064935,0.508934740071869,1.7179932198468526,0.3103551938027561
all_verified,45,2016,chicago,skip_51,12,114,8,12.0,103.0,0.6990291262135921,0.3844591573583448,1.2709847325589578,0.30502798428572253
all_verified,50,2016,chicago,original,14,493,62,34.0,111.0,1.837837837837838,1.2515789631416745,2.698709404407048,0.1960121774658181
all_verified,50,2016,chicago,skip_51,14,493,62,34.0,57.0,3.5789473684210527,2.340469370076662,5.47277585842041,0.21669246492438346
all_verified,55,2016,chicago,original,5,63,6,8.0,105.0,0.45714285714285713,0.22276495076854957,0.9381170202751611,0.366774875807776
all_verified,55,2016,chicago,skip_51,5,63,6,8.0,102.0,0.47058823529411764,0.22914538406002027,0.9664313689130495,0.367156535511255
all_verified,60,2016,chicago,original,10,220,7,3.0,42.0,0.42857142857142855,0.13283840392884297,1.3826835008206115,0.5976143046671968
all_verified,60,2016,chicago,skip_51,10,220,7,3.0,37.0,0.48648648648648646,0.14999780833151147,1.57781706390604,0.6003002251876642
all_verified,65,2016,chicago,original,3,62,1,2.0,32.0,0.375,0.08986807950428502,1.5647936483753926,0.7288689868556626
all_verified,65,2016,chicago,skip_51,3,62,1,2.0,32.0,0.375,0.08986807950428502,1.5647936483753926,0.7288689868556626
all_verified,70,2016,chicago,original,7,106,4,1.0,29.0,0.20689655172413796,0.028182809999115217,1.5188756237111476,1.0170952554312156
all_verified,70,2016,chicago,skip_51,7,106,4,1.0,31.0,0.1935483870967742,0.026421169197207585,1.4178395311787315,1.016001016001524
all_verified,75,2016,chicago,original,3,102,2,6.0,25.0,1.44,0.5907367706759957,3.5101928691981112,0.4546060565661952
all_verified,75,2016,chicago,skip_51,3,102,2,6.0,27.0,1.3333333333333333,0.5504960805088448,3.2294104185710264,0.45133546692422
all_verified,80,2016,chicago,original,4,128,8,4.0,27.0,0.8888888888888888,0.3110288978917995,2.5403538454005354,0.5357583756107197
all_verified,80,2016,chicago,skip_51,4,128,8,4.0,22.0,1.090909090909091,0.37592675926332586,3.165730066569911,0.543557306504609
all_verified,85,2016,chicago,original,5,39,2,3.0,23.0,0.7826086956521738,0.2349768938861308,2.6065387127263726,0.6138498140448513
all_verified,85,2016,chicago,skip_51,5,39,2,3.0,23.0,0.7826086956521738,0.2349768938861308,2.6065387127263726,0.6138498140448513
all_verified,90,2016,chicago,original,1,55,2,2.0,11.0,1.090909090909091,0.24179800100193674,4.92180514188191,0.7687061147858074
all_verified,90,2016,chicago,skip_51,1,55,2,2.0,12.0,1.0,0.2238062118981221,4.468151225646971,0.7637626158259734
all_verified,100,2016,chicago,original,3,266,21,14.0,30.0,2.8,1.4847216590604604,5.280451020672246,0.3236694374850748
all_verified,100,2016,chicago,skip_51,3,266,21,14.0,12.0,7.0,3.2376581408757854,15.134395871315036,0.3933978962347216
all_verified,30,2016,cook_ex_chicago,original,50,712,20,17.0,236.0,0.43220338983050843,0.2641990488764987,0.7070417966126101,0.25111913018995174
all_verified,30,2016,cook_ex_chicago,skip_51,50,712,20,17.0,236.0,0.43220338983050843,0.2641990488764987,0.7070417966126101,0.25111913018995174
all_verified,35,2016,cook_ex_chicago,original,27,230,27,20.0,154.0,0.7792207792207791,0.4890352196171458,1.2415977385939383,0.2376836268940427
all_verified,35,2016,cook_ex_chicago,skip_51,27,230,27,20.0,145.0,0.8275862068965517,0.5185282535096712,1.3208517090624607,0.2385299807658105
all_verified,40,2016,cook_ex_chicago,original,18,407,15,18.0,100.0,1.0799999999999998,0.653852286673286,1.7838891501542171,0.25603819159562025
all_verified,40,2016,cook_ex_chicago,skip_51,18,407,15,18.0,97.0,1.11340206185567,0.6732779766287025,1.84123674674733,0.25664145009345435
all_verified,45,2016,cook_ex_chicago,original,5,133,8,12.0,74.0,0.9729729729729729,0.5286887447666366,1.7906119914728442,0.31120226034983556
all_verified,45,2016,cook_ex_chicago,skip_51,5,133,8,12.0,94.0,0.7659574468085106,0.42001594712530427,1.3968298450020127,0.3065479264416475
all_verified,50,2016,cook_ex_chicago,original,17,599,51,28.0,116.0,1.4482758620689655,0.9585617388422445,2.1881772322615127,0.21055872190307892
all_verified,50,2016,cook_ex_chicago,skip_51,17,599,51,28.0,77.0,2.1818181818181817,1.415692047573823,3.362546668726811,0.2206837073761874
all_verified,55,2016,cook_ex_chicago,original,8,70,8,12.0,100.0,0.72,0.3956228352662308,1.3103389233110048,0.30550504633038933
all_verified,55,2016,cook_ex_chicago,skip_51,8,70,8,12.0,95.0,0.7578947368421053,0.41574357821504443,1.3816315205615801,0.3063652217906057
all_verified,60,2016,cook_ex_chicago,original,5,248,3,3.0,32.0,0.5625,0.17224686334101685,1.8369347566786995,0.60380736442456
all_verified,60,2016,cook_ex_chicago,skip_51,5,248,3,3.0,35.0,0.5142857142857143,0.15817024748527236,1.672184245289208,0.6015852075182383
all_verified,65,2016,cook_ex_chicago,original,1,66,6,6.0,29.0,1.2413793103448276,0.5153903422291906,2.9900106111552196,0.4484968509224522
all_verified,65,2016,cook_ex_chicago,skip_51,1,66,6,6.0,27.0,1.3333333333333333,0.5504960805088448,3.2294104185710264,0.45133546692422
all_verified,70,2016,cook_ex_chicago,original,7,149,5,4.0,33.0,0.7272727272727273,0.2576510025026658,2.052876234507328,0.5294365215047317
all_verified,70,2016,cook_ex_chicago,skip_51,7,149,5,4.0,31.0,0.7741935483870968,0.27328461407436566,2.193228668925734,0.5312796481290517
all_verified,75,2016,cook_ex_chicago,original,3,118,4,3.0,31.0,0.5806451612903225,0.1775127441453124,1.8992935124357815,0.6046415449251419
all_verified,75,2016,cook_ex_chicago,skip_51,3,118,4,3.0,28.0,0.6428571428571428,0.1954366820466967,2.1145738957219162,0.6074928962939559
all_verified,80,2016,cook_ex_chicago,original,4,125,2,1.0,24.0,0.25,0.03381972778793614,1.8480337982582586,1.0206207261596576
all_verified,80,2016,cook_ex_chicago,skip_51,4,125,2,1.0,29.0,0.20689655172413796,0.028182809999115217,1.5188756237111476,1.0170952554312156
all_verified,85,2016,cook_ex_chicago,original,1,32,1,7.0,17.0,2.4705882352941173,1.0245386323466743,5.957614516099914,0.44908871313907184
all_verified,85,2016,cook_ex_chicago,skip_51,1,32,1,7.0,19.0,2.210526315789474,0.9292607984448666,5.2584017328346375,0.4421410655034333
all_verified,90,2016,cook_ex_chicago,original,4,69,3,3.0,19.0,0.9473684210526316,0.28034388185281994,3.201450016586936,0.6212607441973955
all_verified,90,2016,cook_ex_chicago,skip_51,4,69,3,3.0,18.0,1.0,0.294559356431645,3.394901496643032,0.6236095644623235
all_verified,100,2016,cook_ex_chicago,original,2,291,15,17.0,25.0,4.08,2.2032802530150124,7.555280349479253,0.3143620991973503
all_verified,100,2016,cook_ex_chicago,skip_51,2,291,15,17.0,14.0,7.285714285714286,3.5914016126871044,14.780199592700324,0.3609045591847464
all_verified,30,2016,illinois_ex_cook,original,213,1993,73,86.0,896.0,0.5758928571428571,0.4615815475148589,0.7185135209450436,0.11288923068794302
all_verified,30,2016,illinois_ex_cook,skip_51,213,1993,73,86.0,898.0,0.5746102449888641,0.4605634648503587,0.7168977976866662,0.11287822076400139
all_verified,35,2016,illinois_ex_cook,original,87,799,78,75.0,576.0,0.78125,0.6141813093311065,0.9937644686138734,0.1227576655221353
all_verified,35,2016,illinois_ex_cook,skip_51,87,799,78,75.0,538.0,0.8364312267657992,0.6569200490245298,1.0649959582567339,0.12325611300382991
all_verified,40,2016,illinois_ex_cook,original,100,1156,52,40.0,438.0,0.547945205479452,0.39640260230017377,0.7574217385701236,0.16517598197931518
all_verified,40,2016,illinois_ex_cook,skip_51,100,1156,52,40.0,426.0,0.5633802816901409,0.40741347701170794,0.7790545961446959,0.16537054707648394
all_verified,45,2016,illinois_ex_cook,original,42,415,33,40.0,314.0,0.7643312101910827,0.5500177047678387,1.062151624953156,0.16788303480636804
all_verified,45,2016,illinois_ex_cook,skip_51,42,415,33,40.0,343.0,0.6997084548104957,0.5043086922782514,0.9708179320120861,0.16707917852037618
all_verified,50,2016,illinois_ex_cook,original,53,1508,110,62.0,336.0,1.1071428571428572,0.8443976661160763,1.4516445927195964,0.13822164350873198
all_verified,50,2016,illinois_ex_cook,skip_51,53,1508,110,62.0,274.0,1.3576642335766425,1.0305760462206786,1.7885649272490016,0.1406366498981004
all_verified,55,2016,illinois_ex_cook,original,34,238,32,48.0,313.0,0.9201277955271566,0.6790482605746523,1.2467967437030034,0.15501039162664892
all_verified,55,2016,illinois_ex_cook,skip_51,34,238,32,48.0,299.0,0.963210702341137,0.7101722402250011,1.3064082268416504,0.15549217002371696
all_verified,60,2016,illinois_ex_cook,original,45,676,21,18.0,175.0,0.6171428571428571,0.3799146868520039,1.0025021914217687,0.24752745558794334
all_verified,60,2016,illinois_ex_cook,skip_51,45,676,21,18.0,166.0,0.6506024096385542,0.4000221267429513,1.0581502050247567,0.24815247720121136
all_verified,65,2016,illinois_ex_cook,original,25,230,15,12.0,130.0,0.5538461538461538,0.30660062703634905,1.0004727162342404,0.3017045591727792
all_verified,65,2016,illinois_ex_cook,skip_51,25,230,15,12.0,127.0,0.5669291338582677,0.3136580700726329,1.0247102608992589,0.302005544785795
all_verified,70,2016,illinois_ex_cook,original,18,379,9,12.0,119.0,0.6050420168067228,0.3341706563846578,1.0954757250743266,0.30288066078551656
all_verified,70,2016,illinois_ex_cook,skip_51,18,379,9,12.0,125.0,0.5760000000000001,0.3185463908063178,1.041531185332833,0.3022140521771503
all_verified,75,2016,illinois_ex_cook,original,15,339,9,15.0,90.0,1.0,0.5789044250676789,1.7274008570293644,0.27888667551135854
all_verified,75,2016,illinois_ex_cook,skip_51,15,339,9,15.0,88.0,1.0227272727272727,0.5915366267056812,1.768227066860203,0.27933904673407733
all_verified,80,2016,illinois_ex_cook,original,15,342,8,7.0,67.0,0.6268656716417911,0.2877764803957684,1.3655062072567208,0.39721847387989295
all_verified,80,2016,illinois_ex_cook,skip_51,15,342,8,7.0,72.0,0.5833333333333334,0.2684787993733339,1.2674288568484084,0.3959116463884736
all_verified,85,2016,illinois_ex_cook,original,15,118,10,13.0,60.0,1.3,0.7137321152365275,2.367835163813446,0.30592440829352535
all_verified,85,2016,illinois_ex_cook,skip_51,15,118,10,13.0,61.0,1.278688524590164,0.7026467586061096,2.3269791298292253,0.3054775270720053
all_verified,90,2016,illinois_ex_cook,original,11,165,1,11.0,30.0,2.2,1.1025170565366222,4.389954759706006,0.35248038845079627
all_verified,90,2016,illinois_ex_cook,skip_51,11,165,1,11.0,35.0,1.885714285714286,0.9577332128842246,3.712848546452984,0.34565954273029914
all_verified,100,2016,illinois_ex_cook,original,14,664,31,46.0,67.0,4.119402985074627,2.8303712611303604,5.99549648715154,0.19147977326368174
all_verified,100,2016,illinois_ex_cook,skip_51,14,664,31,46.0,41.0,6.731707317073171,4.418785567198105,10.25528003420874,0.21477749960650355
all_verified,30,2017,chicago,original,48,616,15,20.0,231.0,0.5194805194805194,0.32897477749456655,0.8203060799219096,0.23308583039087624
all_verified,30,2017,chicago,skip_51,48,616,15,20.0,232.0,0.5172413793103449,0.3275824838317735,0.816706196684984,0.23304579984969953
all_verified,35,2017,chicago,original,23,170,14,16.0,119.0,0.8067226890756303,0.47870155726384234,1.3595140587995178,0.26627685093627235
all_verified,35,2017,chicago,skip_51,23,170,14,16.0,118.0,0.8135593220338982,0.48263186845492806,1.3713946668858803,0.2664105408409856
all_verified,40,2017,chicago,original,16,329,6,13.0,87.0,0.896551724137931,0.5005707634301386,1.6057769505886825,0.2973505167250263
all_verified,40,2017,chicago,skip_51,16,329,6,13.0,92.0,0.8478260869565217,0.4743431450024336,1.5153778046488262,0.29629823175386694
all_verified,45,2017,chicago,original,13,103,7,11.0,71.0,0.9295774647887324,0.4925701651757109,1.7542967969543952,0.3240271561942678
all_verified,45,2017,chicago,skip_51,13,103,7,11.0,98.0,0.6734693877551021,0.36111479911521976,1.2560022944352272,0.3179829752388388
all_verified,50,2017,chicago,original,9,459,64,34.0,108.0,1.8888888888888888,1.2847392199960248,2.7771404336663283,0.19664949520693312
all_verified,50,2017,chicago,skip_51,9,459,64,34.0,52.0,3.9230769230769234,2.5461877661608225,6.044539506834862,0.22055052468006414
all_verified,55,2017,chicago,original,4,63,5,8.0,107.0,0.44859813084112155,0.21870515572680893,0.9201442111658455,0.36653211918264866
all_verified,55,2017,chicago,skip_51,4,63,5,8.0,106.0,0.45283018867924524,0.22071638369962313,0.9290437635039548,0.36665237250582594
all_verified,60,2017,chicago,original,11,209,6,4.0,42.0,0.5714285714285714,0.2049024431594238,1.593590623957771,0.5232681184722836
all_verified,60,2017,chicago,skip_51,11,209,6,4.0,39.0,0.6153846153846154,0.21990981909387983,1.7220614632510076,0.5250152622934172
all_verified,65,2017,chicago,original,2,65,1,3.0,31.0,0.5806451612903225,0.1775127441453124,1.8992935124357815,0.6046415449251419
all_verified,65,2017,chicago,skip_51,2,65,1,3.0,31.0,0.5806451612903225,0.1775127441453124,1.8992935124357815,0.6046415449251419
all_verified,70,2017,chicago,original,7,107,4,1.0,27.0,0.2222222222222222,0.03019606384155609,1.6354024255777928,1.0183501544346312
all_verified,70,2017,chicago,skip_51,7,107,4,1.0,29.0,0.20689655172413796,0.028182809999115217,1.5188756237111476,1.0170952554312156
all_verified,75,2017,chicago,original,3,93,1,6.0,23.0,1.5652173913043477,0.6373285413401119,3.844022859685786,0.4584156711285423
all_verified,75,2017,chicago,skip_51,3,93,1,6.0,26.0,1.3846153846153848,0.5699065982300913,3.363989413822483,0.4529108136578383
all_verified,80,2017,chicago,original,4,122,8,4.0,27.0,0.8888888888888888,0.3110288978917995,2.5403538454005354,0.5357583756107197
all_verified,80,2017,chicago,skip_51,4,122,8,4.0,22.0,1.090909090909091,0.37592675926332586,3.165730066569911,0.543557306504609
all_verified,85,2017,chicago,original,5,38,2,3.0,24.0,0.75,0.22583919795807328,2.490710226948412,0.6123724356957945
all_verified,85,2017,chicago,skip_51,5,38,2,3.0,24.0,0.75,0.22583919795807328,2.490710226948412,0.6123724356957945
all_verified,90,2017,chicago,original,1,53,2,2.0,10.0,1.2,0.2629246170912146,5.476854985778798,0.7745966692414834
all_verified,90,2017,chicago,skip_51,1,53,2,2.0,11.0,1.090909090909091,0.24179800100193674,4.92180514188191,0.7687061147858074
all_verified,100,2017,chicago,original,3,254,24,11.0,34.0,1.9411764705882353,0.9835598400954164,3.831150822099287,0.34687296754716024
all_verified,100,2017,chicago,skip_51,3,254,24,11.0,13.0,5.0769230769230775,2.274467192726327,11.332389410329673,0.40967324519935133
all_verified,30,2017,cook_ex_chicago,original,49,693,18,17.0,213.0,0.4788732394366197,0.2922063016971521,0.7847865638647076,0.2520285005560202
all_verified,30,2017,cook_ex_chicago,skip_51,49,693,18,17.0,212.0,0.48113207547169806,0.2935593555987645,0.788556282171775,0.2520724311459708
all_verified,35,2017,cook_ex_chicago,original,26,230,25,17.0,141.0,0.723404255319149,0.43736000029481514,1.1965285262966383,0.2567405850139884
all_verified,35,2017,cook_ex_chicago,skip_51,26,230,25,17.0,132.0,0.7727272727272727,0.466320054814494,1.280466992255058,0.25768059101826485
all_verified,40,2017,cook_ex_chicago,original,19,392,15,16.0,104.0,0.9230769230769231,0.545317470032822,1.5625228472248922,0.2685430777647873
all_verified,40,2017,cook_ex_chicago,skip_51,19,392,15,16.0,101.0,0.9504950495049506,0.5609306531144389,1.610610570339257,0.2690743207721798
all_verified,45,2017,cook_ex_chicago,original,8,123,8,12.0,77.0,0.935064935064935,0.508934740071869,1.7179932198468526,0.3103551938027561
all_verified,45,2017,cook_ex_chicago,skip_51,8,123,8,12.0,96.0,0.75,0.41155728455289786,1.3667599168146938,0.30618621784789724
all_verified,50,2017,cook_ex_chicago,original,15,591,49,27.0,110.0,1.4727272727272729,0.9667248024513685,2.2435812284270216,0.21477417472300092
all_verified,50,2017,cook_ex_chicago,skip_51,15,591,49,27.0,70.0,2.3142857142857145,1.48449166236856,3.607914078009289,0.22654525226265793
all_verified,55,2017,cook_ex_chicago,original,7,70,8,9.0,97.0,0.556701030927835,0.28119769036275394,1.102128674799259,0.34845428604284173
all_verified,55,2017,cook_ex_chicago,skip_51,7,70,8,9.0,91.0,0.5934065934065934,0.2991665352358733,1.1770413586559254,0.3494282789073061
all_verified,60,2017,cook_ex_chicago,original,5,251,3,2.0,34.0,0.3529411764705882,0.08479121400006588,1.4691082739816188,0.7276068751089989
all_verified,60,2017,cook_ex_chicago,skip_51,5,251,3,2.0,36.0,0.3333333333333333,0.08025716183602605,1.384438579302405,0.7264831572567789
all_verified,65,2017,cook_ex_chicago,original,2,62,6,5.0,30.0,1.0,0.3879922369508297,2.577371155306724,0.48304589153964794
all_verified,65,2017,cook_ex_chicago,skip_51,2,62,6,5.0,28.0,1.0714285714285714,0.41370783174427117,2.7748065073688704,0.4855041562276122
all_verified,70,2017,cook_ex_chicago,original,6,144,5,4.0,32.0,0.75,0.2652376557358123,2.120739600263521,0.5303300858899106
all_verified,70,2017,cook_ex_chicago,skip_51,6,144,5,4.0,30.0,0.8,0.2818350748008432,2.2708316218350455,0.5322906474223771
all_verified,75,2017,cook_ex_chicago,original,3,113,4,3.0,30.0,0.6,0.183110668582763,1.9660241688063405,0.6055300708194983
all_verified,75,2017,cook_ex_chicago,skip_51,3,113,4,3.0,27.0,0.6666666666666666,0.2022434473705817,2.197571541737343,0.6085806194501846
all_verified,80,2017,cook_ex_chicago,original,4,125,2,1.0,22.0,0.27272727272727276,0.03676042470668186,2.0233761139254822,1.02247471629109
all_verified,80,2017,cook_ex_chicago,skip_51,4,125,2,1.0,27.0,0.2222222222222222,0.03019606384155609,1.6354024255777928,1.0183501544346312
all_verified,85,2017,cook_ex_chicago,original,1,33,1,7.0,16.0,2.625,1.0799129847476554,6.380722426085229,0.4531634835874829
all_verified,85,2017,cook_ex_chicago,skip_51,1,33,1,7.0,18.0,2.3333333333333335,0.9745733145627223,5.586490377983819,0.44543540318737396
all_verified,90,2017,cook_ex_chicago,original,5,65,2,3.0,19.0,0.9473684210526316,0.28034388185281994,3.201450016586936,0.6212607441973955
all_verified,90,2017,cook_ex_chicago,skip_51,5,65,2,3.0,19.0,0.9473684210526316,0.28034388185281994,3.201450016586936,0.6212607441973955
all_verified,100,2017,cook_ex_chicago,original,2,286,15,15.0,24.0,3.75,1.9672583307647913,7.148273198331336,0.32914029430219166
all_verified,100,2017,cook_ex_chicago,skip_51,2,286,15,15.0,13.0,6.923076923076923,3.2941654594798595,14.549662022868793,0.3789323733725367
all_verified,30,2017,illinois_ex_cook,original,215,1958,74,91.0,875.0,0.624,0.5028372901686915,0.7743578442031863,0.11014475989291607
all_verified,30,2017,illinois_ex_cook,skip_51,215,1958,74,91.0,876.0,0.6232876712328768,0.5022691053616366,0.7734648955387957,0.110138837384578
all_verified,35,2017,illinois_ex_cook,original,86,785,75,75.0,561.0,0.8021390374331551,0.6303698026819577,1.0207136075311314,0.1229465921757461
all_verified,35,2017,illinois_ex_cook,skip_51,86,785,75,75.0,527.0,0.8538899430740038,0.6704251445391641,1.0875606931242299,0.12341339692336668
all_verified,40,2017,illinois_ex_cook,original,97,1125,48,41.0,421.0,0.5843230403800475,0.4240258846383907,0.8052183319189511,0.16360177509597212
all_verified,40,2017,illinois_ex_cook,skip_51,97,1125,48,41.0,413.0,0.5956416464891041,0.4321203988764632,0.8210419409838594,0.1637423323654952
all_verified,45,2017,illinois_ex_cook,original,40,400,32,40.0,301.0,0.7973421926910299,0.5733126800262085,1.1089142005655213,0.16829218382388597
all_verified,45,2017,illinois_ex_cook,skip_51,40,400,32,40.0,331.0,0.7250755287009064,0.5222682077650699,1.0066370391769823,0.16739518522422853
all_verified,50,2017,illinois_ex_cook,original,52,1492,107,62.0,327.0,1.1376146788990826,0.8671347541552479,1.4924637162160854,0.13851763870929826
all_verified,50,2017,illinois_ex_cook,skip_51,52,1492,107,62.0,270.0,1.3777777777777778,1.0454501427639569,1.8157457034915399,0.1408287469296245
all_verified,55,2017,illinois_ex_cook,original,34,244,33,50.0,308.0,0.974025974025974,0.7224144503908118,1.3132719003115252,0.1524688599247507
all_verified,55,2017,illinois_ex_cook,skip_51,34,244,33,50.0,295.0,1.0169491525423728,0.7535574108680001,1.372404496248538,0.15293734177261803
all_verified,60,2017,illinois_ex_cook,original,44,662,20,20.0,172.0,0.6976744186046512,0.4390893825057976,1.1085433029547491,0.23624976928744734
all_verified,60,2017,illinois_ex_cook,skip_51,44,662,20,20.0,163.0,0.7361963190184049,0.46271789014312614,1.17130768375652,0.23692819444961247
all_verified,65,2017,illinois_ex_cook,original,23,228,14,11.0,125.0,0.528,0.285054359027297,0.978002935830578,0.3144981572427586
all_verified,65,2017,illinois_ex_cook,skip_51,23,228,14,11.0,124.0,0.532258064516129,0.28729543106600686,0.9860882443945556,0.3146007104857253
all_verified,70,2017,illinois_ex_cook,original,17,382,9,13.0,120.0,0.65,0.3667490533683423,1.1520138801167255,0.29198700357449175
all_verified,70,2017,illinois_ex_cook,skip_51,17,382,9,13.0,126.0,0.6190476190476191,0.3497508681240216,1.0956940770555468,0.291306685229819
all_verified,75,2017,illinois_ex_cook,original,16,342,9,15.0,95.0,0.9473684210526315,0.5495660712379202,1.6331192411243376,0.2778362511554969
all_verified,75,2017,illinois_ex_cook,skip_51,16,342,9,15.0,96.0,0.9375,0.5440518766030227,1.6154824342997531,0.2776388541492947
all_verified,80,2017,illinois_ex_cook,original,17,340,8,10.0,70.0,0.8571428571428572,0.44186467208657204,1.6627124184462434,0.33806170189140666
all_verified,80,2017,illinois_ex_cook,skip_51,17,340,8,10.0,74.0,0.8108108108108107,0.4189183880699945,1.5693132353451174,0.33691766577832266
all_verified,85,2017,illinois_ex_cook,original,15,114,10,12.0,60.0,1.2,0.6456582986511669,2.2302818735673005,0.31622776601683794
all_verified,85,2017,illinois_ex_cook,skip_51,15,114,10,12.0,59.0,1.2203389830508473,0.6560275055602011,2.2700682836185067,0.31667410041824734
all_verified,90,2017,illinois_ex_cook,original,10,161,1,9.0,29.0,1.8620689655172415,0.8814523159579697,3.9336226924245565,0.38156764764822604
all_verified,90,2017,illinois_ex_cook,skip_51,10,161,1,9.0,35.0,1.542857142857143,0.7416358596833905,3.209672418323352,0.3737412737209254
all_verified,100,2017,illinois_ex_cook,original,14,653,35,47.0,69.0,4.086956521739131,2.8210522416521995,5.920916090800034,0.18912786512798493
all_verified,100,2017,illinois_ex_cook,skip_51,14,653,35,47.0,37.0,7.621621621621621,4.954115716412024,11.72542578097888,0.21978085169483688
all_verified,30,2018,chicago,original,43,579,18,21.0,219.0,0.5753424657534246,0.36768303051816087,0.9002834654423374,0.22844092817336764
all_verified,30,2018,chicago,skip_51,43,579,18,21.0,220.0,0.5727272727272728,0.36604433840977274,0.8961114665798158,0.22839549506175064
all_verified,35,2018,chicago,original,21,155,13,19.0,117.0,0.9743589743589743,0.6000346492222247,1.5822009814674358,0.24734305628898695
all_verified,35,2018,chicago,skip_51,21,155,13,19.0,116.0,0.9827586206896552,0.6050307609306229,1.596306450690663,0.24749195664211157
all_verified,40,2018,chicago,original,15,317,6,12.0,85.0,0.8470588235294118,0.4628235731727394,1.5502854480820398,0.30837969974641044
all_verified,40,2018,chicago,skip_51,15,317,6,12.0,91.0,0.7912087912087913,0.43337690882705004,1.4444963230283743,0.30711943006319925
all_verified,45,2018,chicago,original,12,103,7,12.0,70.0,1.0285714285714287,0.5575447859937225,1.8975321987593325,0.3124404705204619
all_verified,45,2018,chicago,skip_51,12,103,7,12.0,94.0,0.7659574468085106,0.42001594712530427,1.3968298450020127,0.3065479264416475
all_verified,50,2018,chicago,original,9,434,60,31.0,103.0,1.8058252427184465,1.2086402832323897,2.698077213277965,0.20485800540912893
all_verified,50,2018,chicago,skip_51,9,434,60,31.0,51.0,3.6470588235294117,2.333919211475045,5.699013914829313,0.22774087830994227
all_verified,55,2018,chicago,original,4,57,6,8.0,100.0,0.48,0.23360604297602217,0.9862758559873759,0.3674234614174767
all_verified,55,2018,chicago,skip_51,4,57,6,8.0,97.0,0.49484536082474223,0.2406325027596741,1.0176178542859993,0.3678440951687487
all_verified,60,2018,chicago,original,11,197,5,3.0,37.0,0.48648648648648646,0.14999780833151147,1.57781706390604,0.6003002251876642
all_verified,60,2018,chicago,skip_51,11,197,5,3.0,34.0,0.5294117647058824,0.16259970242063013,1.7237228139812135,0.6022832373885361
all_verified,65,2018,chicago,original,1,66,1,2.0,26.0,0.46153846153846156,0.10954315648555553,1.9446011810640014,0.7337993857053428
all_verified,65,2018,chicago,skip_51,1,66,1,2.0,26.0,0.46153846153846156,0.10954315648555553,1.9446011810640014,0.7337993857053428
all_verified,70,2018,chicago,original,8,92,4,1.0,26.0,0.23076923076923078,0.03131450854562851,1.7006314434801109,1.0190493307301363
all_verified,70,2018,chicago,skip_51,8,92,4,1.0,27.0,0.2222222222222222,0.03019606384155609,1.6354024255777928,1.0183501544346312
all_verified,75,2018,chicago,original,3,84,1,5.0,22.0,1.3636363636363638,0.5163889013778302,3.600976177586063,0.4954336943068623
all_verified,75,2018,chicago,skip_51,3,84,1,5.0,24.0,1.25,0.4769304111404761,3.276159295993767,0.4915960401250875
all_verified,80,2018,chicago,original,4,115,8,3.0,24.0,0.75,0.22583919795807328,2.490710226948412,0.6123724356957945
all_verified,80,2018,chicago,skip_51,4,115,8,3.0,19.0,0.9473684210526316,0.28034388185281994,3.201450016586936,0.6212607441973955
all_verified,85,2018,chicago,original,4,35,2,3.0,22.0,0.8181818181818182,0.24488481862104947,2.7336177529208614,0.6154574548966637
all_verified,85,2018,chicago,skip_51,4,35,2,3.0,22.0,0.8181818181818182,0.24488481862104947,2.7336177529208614,0.6154574548966637
all_verified,90,2018,chicago,original,1,52,2,2.0,10.0,1.2,0.2629246170912146,5.476854985778798,0.7745966692414834
all_verified,90,2018,chicago,skip_51,1,52,2,2.0,11.0,1.090909090909091,0.24179800100193674,4.92180514188191,0.7687061147858074
all_verified,100,2018,chicago,original,3,246,22,10.0,31.0,1.9354838709677418,0.948909585006639,3.9477921542441416,0.3636730186804199
all_verified,100,2018,chicago,skip_51,3,246,22,10.0,13.0,4.615384615384616,2.0237972943446016,10.525646618589581,0.42062224967668665
all_verified,30,2018,cook_ex_chicago,original,45,675,18,17.0,206.0,0.4951456310679611,0.30194839173577515,0.8119572836812086,0.25234480050875535
all_verified,30,2018,cook_ex_chicago,skip_51,45,675,18,17.0,204.0,0.5,0.30485233060450884,0.8200691774416188,0.25243908214870064
all_verified,35,2018,cook_ex_chicago,original,24,215,24,16.0,144.0,0.6666666666666666,0.39773454870510616,1.1174398751413734,0.26352313834736496
all_verified,35,2018,cook_ex_chicago,skip_51,24,215,24,16.0,132.0,0.7272727272727273,0.43287705792137576,1.2218841589215859,0.2647182607523659
all_verified,40,2018,cook_ex_chicago,original,20,400,13,12.0,100.0,0.72,0.3956228352662308,1.3103389233110048,0.30550504633038933
all_verified,40,2018,cook_ex_chicago,skip_51,20,400,13,12.0,99.0,0.7272727272727273,0.3994895967425748,1.3240034888206178,0.30567031820957596
all_verified,45,2018,cook_ex_chicago,original,6,112,7,12.0,72.0,1.0,0.5427332276834034,1.8425258469402899,0.31180478223116176
all_verified,45,2018,cook_ex_chicago,skip_51,6,112,7,12.0,89.0,0.8089887640449438,0.4427669132818701,1.4781204302281,0.3075211999025646
all_verified,50,2018,cook_ex_chicago,original,14,580,47,24.0,109.0,1.3211009174311925,0.849188332857378,2.0552656772436655,0.2254794416200115
all_verified,50,2018,cook_ex_chicago,skip_51,14,580,47,24.0,71.0,2.028169014084507,1.2767839384290545,3.2217428696304746,0.2361168645161124
all_verified,55,2018,cook_ex_chicago,original,8,66,7,9.0,98.0,0.5510204081632654,0.2784107017050231,1.0905596959922235,0.34830330567447126
all_verified,55,2018,cook_ex_chicago,skip_51,8,66,7,9.0,93.0,0.5806451612903226,0.29292702404154036,1.1509651744594696,0.3490899587257619
all_verified,60,2018,cook_ex_chicago,original,7,240,3,2.0,37.0,0.3243243243243243,0.07816720017250026,1.3456573488151453,0.7259662712736915
all_verified,60,2018,cook_ex_chicago,skip_51,7,240,3,2.0,38.0,0.31578947368421056,0.07618330306710928,1.308987503494112,0.7254762501100116
all_verified,65,2018,cook_ex_chicago,original,3,63,5,4.0,28.0,0.8571428571428571,0.30064811594437474,2.4437002548419486,0.5345224838248488
all_verified,65,2018,cook_ex_chicago,skip_51,3,63,5,4.0,27.0,0.8888888888888888,0.3110288978917995,2.5403538454005354,0.5357583756107197
all_verified,70,2018,cook_ex_chicago,original,5,137,5,4.0,28.0,0.8571428571428571,0.30064811594437474,2.4437002548419486,0.5345224838248488
all_verified,70,2018,cook_ex_chicago,skip_51,5,137,5,4.0,26.0,0.9230769230769231,0.32215207171658095,2.644934118774765,0.5370861555295746
all_verified,75,2018,cook_ex_chicago,original,3,110,4,3.0,30.0,0.6,0.183110668582763,1.9660241688063405,0.6055300708194983
all_verified,75,2018,cook_ex_chicago,skip_51,3,110,4,3.0,27.0,0.6666666666666666,0.2022434473705817,2.197571541737343,0.6085806194501846
all_verified,80,2018,cook_ex_chicago,original,4,121,2,1.0,22.0,0.27272727272727276,0.03676042470668186,2.0233761139254822,1.02247471629109
all_verified,80,2018,cook_ex_chicago,skip_51,4,121,2,1.0,26.0,0.23076923076923078,0.03131450854562851,1.7006314434801109,1.0190493307301363
all_verified,85,2018,cook_ex_chicago,original,1,30,2,6.0,15.0,2.4,0.9311813686819912,6.1856907727361365,0.48304589153964794
all_verified,85,2018,cook_ex_chicago,skip_51,1,30,2,6.0,15.0,2.4,0.9311813686819912,6.1856907727361365,0.48304589153964794
all_verified,90,2018,cook_ex_chicago,original,4,66,2,2.0,19.0,0.6315789473684211,0.14710913759347297,2.711537660300315,0.7433919416750281
all_verified,90,2018,cook_ex_chicago,skip_51,4,66,2,2.0,19.0,0.6315789473684211,0.14710913759347297,2.711537660300315,0.7433919416750281
all_verified,100,2018,cook_ex_chicago,original,2,277,15,18.0,23.0,4.695652173913043,2.53408364726039,8.701034538544821,0.3146963876899777
all_verified,100,2018,cook_ex_chicago,skip_51,2,277,15,18.0,12.0,9.0,4.335234505799823,18.684110373184073,0.37267799624996495
all_verified,30,2018,illinois_ex_cook,original,211,1926,73,88.0,849.0,0.6219081272084805,0.4993435404322636,0.7745563672519867,0.11198880598152468
all_verified,30,2018,illinois_ex_cook,skip_51,211,1926,73,88.0,851.0,0.6204465334900117,0.4981820635325793,0.7727173037706074,0.11197644616278118
all_verified,35,2018,illinois_ex_cook,original,94,756,76,75.0,549.0,0.819672131147541,0.6439484859983255,1.0433480584061792,0.12310494286626206
all_verified,35,2018,illinois_ex_cook,skip_51,94,756,76,75.0,512.0,0.87890625,0.6897622258594744,1.1199166427626894,0.12363841770798159
all_verified,40,2018,illinois_ex_cook,original,96,1091,43,39.0,416.0,0.5625,0.40510962594336825,0.7810385874272748,0.1674660317642709
all_verified,40,2018,illinois_ex_cook,skip_51,96,1091,43,39.0,409.0,0.5721271393643031,0.41194388814870425,0.7945972085378307,0.16758882246762988
all_verified,45,2018,illinois_ex_cook,original,43,391,28,36.0,299.0,0.7224080267558528,0.5112285106481849,1.0208220908094572,0.17641502028775483
all_verified,45,2018,illinois_ex_cook,skip_51,43,391,28,36.0,340.0,0.6352941176470589,0.4505920245351153,0.8957074114513139,0.1752682351379337
all_verified,50,2018,illinois_ex_cook,original,55,1473,102,69.0,321.0,1.2897196261682242,0.9943582165520702,1.6728143705507361,0.1326952087330066
all_verified,50,2018,illinois_ex_cook,skip_51,55,1473,102,69.0,268.0,1.5447761194029852,1.1856433624814247,2.0126906071345148,0.13499665516882445
all_verified,55,2018,illinois_ex_cook,original,34,228,28,49.0,294.0,1.0,0.7390168435599351,1.353149131463468,0.1543033499620919
all_verified,55,2018,illinois_ex_cook,skip_51,34,228,28,49.0,285.0,1.0315789473684212,0.761834914474642,1.3968316553036644,0.15465101097351638
all_verified,60,2018,illinois_ex_cook,original,42,638,20,19.0,164.0,0.6951219512195123,0.4322910213106169,1.117752863805212,0.2423409579971536
all_verified,60,2018,illinois_ex_cook,skip_51,42,638,20,19.0,155.0,0.7354838709677419,0.4567383722498786,1.1843465697639068,0.2430703434205708
all_verified,65,2018,illinois_ex_cook,original,22,217,14,11.0,124.0,0.532258064516129,0.28729543106600686,0.9860882443945556,0.3146007104857253
all_verified,65,2018,illinois_ex_cook,skip_51,22,217,14,11.0,124.0,0.532258064516129,0.28729543106600686,0.9860882443945556,0.3146007104857253
all_verified,70,2018,illinois_ex_cook,original,17,378,9,14.0,119.0,0.7058823529411765,0.4057184709055289,1.228117357047304,0.282545452579066
all_verified,70,2018,illinois_ex_cook,skip_51,17,378,9,14.0,123.0,0.6829268292682927,0.3928969293514901,1.187051919454445,0.2820614343177465
all_verified,75,2018,illinois_ex_cook,original,18,332,8,13.0,91.0,0.8571428571428572,0.47936635348135426,1.532635472254933,0.29649972666444047
all_verified,75,2018,illinois_ex_cook,skip_51,18,332,8,13.0,93.0,0.8387096774193549,0.4694241709249495,1.498503840590138,0.2961009373425217
all_verified,80,2018,illinois_ex_cook,original,15,322,8,10.0,64.0,0.9375,0.48142223039429105,1.8256453369013814,0.34003676271838607
all_verified,80,2018,illinois_ex_cook,skip_51,15,322,8,10.0,68.0,0.8823529411764706,0.45430750899453604,1.7136998561301169,0.338682568717289
all_verified,85,2018,illinois_ex_cook,original,14,114,11,12.0,58.0,1.2413793103448276,0.6667355328278445,2.3112951331935414,0.317135164628078
all_verified,85,2018,illinois_ex_cook,skip_51,14,114,11,12.0,56.0,1.2857142857142856,0.6892367853324481,2.3983937881267523,0.3181045051401759
all_verified,90,2018,illinois_ex_cook,original,10,150,2,9.0,32.0,1.6875,0.8055137745826891,3.535204908786668,0.377307714089059
all_verified,90,2018,illinois_ex_cook,skip_51,10,150,2,9.0,37.0,1.4594594594594594,0.7044021306909293,3.0238720483659187,0.3716693935988517
all_verified,100,2018,illinois_ex_cook,original,14,618,38,45.0,71.0,3.8028169014084505,2.617650910024146,5.524577906954129,0.19054324775356313
all_verified,100,2018,illinois_ex_cook,skip_51,14,618,38,45.0,37.0,7.297297297297297,4.723440613666324,11.273677854882457,0.2219217187416528
all_verified,30,2019,chicago,original,40,569,15,20.0,203.0,0.5911330049261083,0.373414542115079,0.9357917009168872,0.23436319756818527
all_verified,30,2019,chicago,skip_51,40,569,15,20.0,206.0,0.5825242718446602,0.3680869050753917,0.9218869854081032,0.23421009570904247
all_verified,35,2019,chicago,original,19,151,14,18.0,109.0,0.9908256880733944,0.6017692995878298,1.6314151366953022,0.25442065065980995
all_verified,35,2019,chicago,skip_51,19,151,14,18.0,106.0,1.0188679245283019,0.6181825446230236,1.6792642507653668,0.254930417603915
all_verified,40,2019,chicago,original,15,334,6,11.0,79.0,0.8354430379746836,0.44460995194961916,1.5698368123335626,0.32181876694374456
all_verified,40,2019,chicago,skip_51,15,334,6,11.0,83.0,0.7951807228915663,0.4239709961898194,1.4914048077365565,0.320869574251245
all_verified,45,2019,chicago,original,11,94,7,10.0,64.0,0.9375,0.48142223039429105,1.8256453369013814,0.34003676271838607
all_verified,45,2019,chicago,skip_51,11,94,7,10.0,87.0,0.6896551724137931,0.35842983471915846,1.3269661472510121,0.333907551387451
all_verified,50,2019,chicago,original,9,434,60,30.0,103.0,1.7475728155339805,1.163688652804745,2.6244225534317347,0.2074658313973918
all_verified,50,2019,chicago,skip_51,9,434,60,30.0,52.0,3.4615384615384617,2.2085730464466877,5.425334941938175,0.22926862533740322
all_verified,55,2019,chicago,original,5,58,6,9.0,101.0,0.5346534653465347,0.27037169306076936,1.0572642600673767,0.34786793645020087
all_verified,55,2019,chicago,skip_51,5,58,6,9.0,99.0,0.5454545454545454,0.2756784262261798,1.0792308459891038,0.34815531191139565
all_verified,60,2019,chicago,original,11,199,6,4.0,39.0,0.6153846153846154,0.21990981909387983,1.7220614632510076,0.5250152622934172
all_verified,60,2019,chicago,skip_51,11,199,6,4.0,37.0,0.6486486486486486,0.23119867348635487,1.819842056397222,0.5263335701121742
all_verified,65,2019,chicago,original,1,59,1,4.0,29.0,0.8275862068965518,0.290937813808454,2.354107638604661,0.5333692516640697
all_verified,65,2019,chicago,skip_51,1,59,1,4.0,29.0,0.8275862068965518,0.290937813808454,2.354107638604661,0.5333692516640697
all_verified,70,2019,chicago,original,9,96,5,1.0,27.0,0.2222222222222222,0.03019606384155609,1.6354024255777928,1.0183501544346312
all_verified,70,2019,chicago,skip_51,9,96,5,1.0,27.0,0.2222222222222222,0.03019606384155609,1.6354024255777928,1.0183501544346312
all_verified,75,2019,chicago,original,3,88,1,5.0,23.0,1.3043478260869565,0.49587581563675576,3.430946212275133,0.49343516379516894
all_verified,75,2019,chicago,skip_51,3,88,1,5.0,25.0,1.2,0.4593795876347317,3.134662572654388,0.48989794855663565
all_verified,80,2019,chicago,original,5,115,6,3.0,23.0,0.7826086956521738,0.2349768938861308,2.6065387127263726,0.6138498140448513
all_verified,80,2019,chicago,skip_51,5,115,6,3.0,20.0,0.8999999999999999,0.26743644680864,3.0287569613859806,0.6191391873668903
all_verified,85,2019,chicago,original,3,37,2,3.0,21.0,0.8571428571428571,0.2556645760257141,2.873663176071474,0.6172133998483676
all_verified,85,2019,chicago,skip_51,3,37,2,3.0,21.0,0.8571428571428571,0.2556645760257141,2.873663176071474,0.6172133998483676
all_verified,90,2019,chicago,original,1,51,2,2.0,10.0,1.2,0.2629246170912146,5.476854985778798,0.7745966692414834
all_verified,90,2019,chicago,skip_51,1,51,2,2.0,9.0,1.3333333333333333,0.28807903509234156,6.171145974603547,0.7817359599705717
all_verified,100,2019,chicago,original,3,248,23,10.0,35.0,1.7142857142857144,0.8489135516780533,3.461807747555666,0.3585685828003181
all_verified,100,2019,chicago,skip_51,3,248,23,10.0,16.0,3.75,1.7017456559536592,8.263573320020827,0.4031128874149275
all_verified,30,2019,cook_ex_chicago,original,45,642,19,15.0,205.0,0.4390243902439025,0.25990007476202914,0.7416019999436709,0.2674784392192284
all_verified,30,2019,cook_ex_chicago,skip_51,45,642,19,15.0,201.0,0.44776119402985076,0.26497798600084493,0.7566292200530137,0.2676598420472823
all_verified,35,2019,cook_ex_chicago,original,26,202,25,15.0,148.0,0.6081081081081081,0.357543216593271,1.0342678982146354,0.2709675689513847
all_verified,35,2019,cook_ex_chicago,skip_51,26,202,25,15.0,137.0,0.6569343065693432,0.38549534138332614,1.119501682171068,0.27196679345033903
all_verified,40,2019,cook_ex_chicago,original,20,380,12,14.0,101.0,0.8316831683168318,0.475559559978211,1.4544905636913608,0.2851833822781077
all_verified,40,2019,cook_ex_chicago,skip_51,20,380,12,14.0,101.0,0.8316831683168318,0.475559559978211,1.4544905636913608,0.2851833822781077
all_verified,45,2019,cook_ex_chicago,original,7,110,8,12.0,71.0,1.0140845070422535,0.5500392451013814,1.8696254796029783,0.31211831150316516
all_verified,45,2019,cook_ex_chicago,skip_51,7,110,8,12.0,85.0,0.8470588235294118,0.4628235731727394,1.5502854480820398,0.30837969974641044
all_verified,50,2019,cook_ex_chicago,original,15,574,43,22.0,105.0,1.2571428571428571,0.793954825377288,1.990551745200736,0.2344746361088017
all_verified,50,2019,cook_ex_chicago,skip_51,15,574,43,22.0,70.0,1.885714285714286,1.1679464029991915,3.044590366660345,0.24441820664643568
all_verified,55,2019,cook_ex_chicago,original,8,61,7,8.0,93.0,0.5161290322580645,0.25068621467526253,1.062639915340878,0.3684463165402024
all_verified,55,2019,cook_ex_chicago,skip_51,8,61,7,8.0,87.0,0.5517241379310345,0.26744759759023107,1.1381651101690877,0.3694512861982797
all_verified,60,2019,cook_ex_chicago,original,6,232,3,1.0,35.0,0.17142857142857143,0.02348504603347151,1.2513390461384069,1.01418510567422
all_verified,60,2019,cook_ex_chicago,skip_51,6,232,3,1.0,35.0,0.17142857142857143,0.02348504603347151,1.2513390461384069,1.01418510567422
all_verified,65,2019,cook_ex_chicago,original,3,60,5,3.0,27.0,0.6666666666666666,0.2022434473705817,2.197571541737343,0.6085806194501846
all_verified,65,2019,cook_ex_chicago,skip_51,3,60,5,3.0,25.0,0.72,0.2173853163667934,2.3847056860331155,0.6110100926607787
all_verified,70,2019,cook_ex_chicago,original,5,129,4,3.0,29.0,0.6206896551724138,0.18907305496107052,2.0376020693026446,0.6064784348631227
all_verified,70,2019,cook_ex_chicago,skip_51,5,129,4,3.0,28.0,0.6428571428571428,0.1954366820466967,2.1145738957219162,0.6074928962939559
all_verified,75,2019,cook_ex_chicago,original,3,108,4,3.0,30.0,0.6,0.183110668582763,1.9660241688063405,0.6055300708194983
all_verified,75,2019,cook_ex_chicago,skip_51,3,108,4,3.0,27.0,0.6666666666666666,0.2022434473705817,2.197571541737343,0.6085806194501846
all_verified,80,2019,cook_ex_chicago,original,4,122,1,1.0,19.0,0.31578947368421056,0.0422734064389155,2.359000612686586,1.025978352085154
all_verified,80,2019,cook_ex_chicago,skip_51,4,122,1,1.0,24.0,0.25,0.03381972778793614,1.8480337982582586,1.0206207261596576
all_verified,85,2019,cook_ex_chicago,original,1,33,1,6.0,12.0,3.0,1.1259332965541988,7.993368725788251,0.5
all_verified,85,2019,cook_ex_chicago,skip_51,1,33,1,6.0,13.0,2.7692307692307696,1.052549453407103,7.285775531430902,0.49354811679282456
all_verified,90,2019,cook_ex_chicago,original,4,65,2,2.0,17.0,0.7058823529411764,0.16308318068363709,3.0553113699711236,0.747545001596402
all_verified,90,2019,cook_ex_chicago,skip_51,4,65,2,2.0,17.0,0.7058823529411764,0.16308318068363709,3.0553113699711236,0.747545001596402
all_verified,100,2019,cook_ex_chicago,original,2,273,18,16.0,26.0,3.6923076923076925,1.9807439814347898,6.882836056782631,0.3177444546511213
all_verified,100,2019,cook_ex_chicago,skip_51,2,273,18,16.0,12.0,8.0,3.7846528984148358,16.910401486700607,0.38188130791298663
all_verified,30,2019,illinois_ex_cook,original,207,1917,73,79.0,838.0,0.5656324582338903,0.44910963222859385,0.7123874770177859,0.11769258800169037
all_verified,30,2019,illinois_ex_cook,skip_51,207,1917,73,79.0,838.0,0.5656324582338903,0.44910963222859385,0.7123874770177859,0.11769258800169037
all_verified,35,2019,illinois_ex_cook,original,83,747,78,73.0,546.0,0.8021978021978022,0.6283517438702104,1.0241418443232764,0.12461995012231442
all_verified,35,2019,illinois_ex_cook,skip_51,83,747,78,73.0,505.0,0.8673267326732673,0.6785743886385138,1.1085824543407907,0.12521512750777472
all_verified,40,2019,illinois_ex_cook,original,95,1090,39,37.0,416.0,0.5336538461538461,0.3812674125941652,0.7469466786502676,0.1715542863960944
all_verified,40,2019,illinois_ex_cook,skip_51,95,1090,39,37.0,413.0,0.5375302663438257,0.3839986103750597,0.7524474813944028,0.1716051704730376
all_verified,45,2019,illinois_ex_cook,original,46,394,25,36.0,295.0,0.7322033898305085,0.5180299532340428,1.0349243334913318,0.17654350253196052
all_verified,45,2019,illinois_ex_cook,skip_51,46,394,25,36.0,337.0,0.6409495548961425,0.4545366955184125,0.903813346583635,0.1753429121128735
all_verified,50,2019,illinois_ex_cook,original,54,1475,96,67.0,303.0,1.3267326732673268,1.018279235536508,1.72862170305147,0.1350026042983307
all_verified,50,2019,illinois_ex_cook,skip_51,54,1475,96,67.0,250.0,1.608,1.227960802479367,2.105656788701483,0.13756952109507525
all_verified,55,2019,illinois_ex_cook,original,31,232,32,43.0,281.0,0.9181494661921707,0.6660783990306014,1.265614443428661,0.16375143606911768
all_verified,55,2019,illinois_ex_cook,skip_51,31,232,32,43.0,269.0,0.9591078066914498,0.6951321589066365,1.3233279068880395,0.16423545924205124
all_verified,60,2019,illinois_ex_cook,original,40,640,19,20.0,160.0,0.75,0.4711697302117488,1.193837303061057,0.23717082451262844
all_verified,60,2019,illinois_ex_cook,skip_51,40,640,19,20.0,153.0,0.7843137254901961,0.4921454160686592,1.2499314225177938,0.2377728910376839
all_verified,65,2019,illinois_ex_cook,original,21,212,12,12.0,119.0,0.6050420168067228,0.3341706563846578,1.0954757250743266,0.30288066078551656
all_verified,65,2019,illinois_ex_cook,skip_51,21,212,12,12.0,119.0,0.6050420168067228,0.3341706563846578,1.0954757250743266,0.30288066078551656
all_verified,70,2019,illinois_ex_cook,original,18,370,8,12.0,117.0,0.6153846153846154,0.33972510140347484,1.11471958735928,0.3031177030137664
all_verified,70,2019,illinois_ex_cook,skip_51,18,370,8,12.0,121.0,0.5950413223140496,0.3287949641767385,1.0768844229345487,0.30265127811269965
all_verified,75,2019,illinois_ex_cook,original,19,330,7,12.0,89.0,0.8089887640449438,0.4427669132818701,1.4781204302281,0.3075211999025646
all_verified,75,2019,illinois_ex_cook,skip_51,19,330,7,12.0,91.0,0.7912087912087913,0.43337690882705004,1.4444963230283743,0.30711943006319925
all_verified,80,2019,illinois_ex_cook,original,15,329,8,9.0,62.0,0.8709677419354839,0.43287911440361904,1.7524172043673298,0.35670736377200796
all_verified,80,2019,illinois_ex_cook,skip_51,15,329,8,9.0,66.0,0.8181818181818182,0.4077396712486122,1.64178649959017,0.3553345272593507
all_verified,85,2019,illinois_ex_cook,original,13,110,10,12.0,57.0,1.263157894736842,0.6777992787452621,2.3540418484801524,0.3176117015830118
all_verified,85,2019,illinois_ex_cook,skip_51,13,110,10,12.0,56.0,1.2857142857142856,0.6892367853324481,2.3983937881267523,0.3181045051401759
all_verified,90,2019,illinois_ex_cook,original,10,144,2,9.0,31.0,1.7419354838709677,0.8293276599835945,3.658794197252274,0.3786412228313765
all_verified,90,2019,illinois_ex_cook,skip_51,10,144,2,9.0,36.0,1.5,0.7225390842999706,3.114018395530679,0.37267799624996495
all_verified,100,2019,illinois_ex_cook,original,13,631,35,41.0,68.0,3.6176470588235294,2.4553716116543813,5.3300975624608276,0.19772740390593357
all_verified,100,2019,illinois_ex_cook,skip_51,13,631,35,41.0,37.0,6.648648648648648,4.263013223147218,10.369315444098719,0.22675376717811338
all_verified,30,2020,chicago,original,43,539,11,18.0,205.0,0.526829268292683,0.3253966441274026,0.8529561780641317,0.2458324720943988
all_verified,30,2020,chicago,skip_51,43,539,11,18.0,212.0,0.5094339622641509,0.31485464988537354,0.8242627574426316,0.24550465716077774
all_verified,35,2020,chicago,original,18,136,14,18.0,111.0,0.972972972972973,0.591303229762802,1.6009998905563556,0.2540955815526208
all_verified,35,2020,chicago,skip_51,18,136,14,18.0,109.0,0.9908256880733944,0.6017692995878298,1.6314151366953022,0.25442065065980995
all_verified,40,2020,chicago,original,16,320,4,12.0,75.0,0.96,0.5219357623407123,1.7657345338187278,0.3109126351029605
all_verified,40,2020,chicago,skip_51,16,320,4,12.0,79.0,0.9113924050632912,0.4965660217071404,1.6727606797408587,0.3098250493124057
all_verified,45,2020,chicago,original,10,91,7,8.0,59.0,0.8135593220338982,0.38876167762615993,1.7025309040484449,0.3767614000164731
all_verified,45,2020,chicago,skip_51,10,91,7,8.0,83.0,0.5783132530120482,0.27992543879088816,1.1947689358065723,0.37020020633582085
all_verified,50,2020,chicago,original,10,411,56,31.0,99.0,1.878787878787879,1.2551222086829623,2.8123507568113464,0.2058132032138345
all_verified,50,2020,chicago,skip_51,10,411,56,31.0,47.0,3.9574468085106385,2.514572804175055,6.228248876384791,0.2313755826806491
all_verified,55,2020,chicago,original,5,55,7,4.0,100.0,0.24,0.08834336515637582,0.6520014253254077,0.5099019513592785
all_verified,55,2020,chicago,skip_51,5,55,7,4.0,97.0,0.24742268041237112,0.09102152972998627,0.672565962844663,0.5102051335987472
all_verified,60,2020,chicago,original,11,196,5,4.0,39.0,0.6153846153846154,0.21990981909387983,1.7220614632510076,0.5250152622934172
all_verified,60,2020,chicago,skip_51,11,196,5,4.0,39.0,0.6153846153846154,0.21990981909387983,1.7220614632510076,0.5250152622934172
all_verified,65,2020,chicago,original,1,55,1,5.0,24.0,1.25,0.4769304111404761,3.276159295993767,0.4915960401250875
all_verified,65,2020,chicago,skip_51,1,55,1,5.0,24.0,1.25,0.4769304111404761,3.276159295993767,0.4915960401250875
all_verified,70,2020,chicago,original,7,89,5,1.0,25.0,0.24,0.03251895902980316,1.7712744109431802,1.019803902718557
all_verified,70,2020,chicago,skip_51,7,89,5,1.0,25.0,0.24,0.03251895902980316,1.7712744109431802,1.019803902718557
all_verified,75,2020,chicago,original,3,80,1,5.0,23.0,1.3043478260869565,0.49587581563675576,3.430946212275133,0.49343516379516894
all_verified,75,2020,chicago,skip_51,3,80,1,5.0,24.0,1.25,0.4769304111404761,3.276159295993767,0.4915960401250875
all_verified,80,2020,chicago,original,4,108,5,2.0,23.0,0.5217391304347826,0.1230064191870192,2.2129879239307977,0.7372097807744856
all_verified,80,2020,chicago,skip_51,4,108,5,2.0,20.0,0.6,0.14023993144122696,2.567029207019201,0.7416198487095663
all_verified,85,2020,chicago,original,3,36,2,2.0,20.0,0.6,0.14023993144122696,2.567029207019201,0.7416198487095663
all_verified,85,2020,chicago,skip_51,3,36,2,2.0,20.0,0.6,0.14023993144122696,2.567029207019201,0.7416198487095663
all_verified,90,2020,chicago,original,1,47,2,2.0,10.0,1.2,0.2629246170912146,5.476854985778798,0.7745966692414834
all_verified,90,2020,chicago,skip_51,1,47,2,2.0,8.0,1.5,0.31852607302982766,7.0637859519566035,0.7905694150420949
all_verified,100,2020,chicago,original,3,226,21,11.0,31.0,2.129032258064516,1.0701534387095106,4.2356340613597725,0.3509517850435013
all_verified,100,2020,chicago,skip_51,3,226,21,11.0,13.0,5.0769230769230775,2.274467192726327,11.332389410329673,0.40967324519935133
all_verified,30,2020,cook_ex_chicago,original,45,622,16,15.0,203.0,0.44334975369458124,0.26241446359969334,0.7490402830877938,0.2675682623949464
all_verified,30,2020,cook_ex_chicago,skip_51,45,622,16,15.0,201.0,0.44776119402985076,0.26497798600084493,0.7566292200530137,0.2676598420472823
all_verified,35,2020,cook_ex_chicago,original,26,200,25,14.0,142.0,0.5915492957746479,0.3416193784739238,1.0243288038713894,0.2801264445740498
all_verified,35,2020,cook_ex_chicago,skip_51,26,200,25,14.0,130.0,0.6461538461538461,0.37230757374150775,1.1214243876469934,0.28128433856309726
all_verified,40,2020,cook_ex_chicago,original,19,379,12,13.0,98.0,0.7959183673469389,0.44628481745364484,1.4194658269906668,0.29517309930908336
all_verified,40,2020,cook_ex_chicago,skip_51,19,379,12,13.0,96.0,0.8125,0.45526117671233046,1.4500605010234342,0.2955329822367439
all_verified,45,2020,cook_ex_chicago,original,6,114,9,10.0,71.0,0.8450704225352113,0.43589551096476015,1.6383376315650455,0.3377639812683607
all_verified,45,2020,cook_ex_chicago,skip_51,6,114,9,10.0,85.0,0.7058823529411765,0.36657256647991,1.3592667366751225,0.33431228796194873
all_verified,50,2020,cook_ex_chicago,original,15,547,40,23.0,103.0,1.3398058252427183,0.8525729402086105,2.105485131764908,0.23062306635209515
all_verified,50,2020,cook_ex_chicago,skip_51,15,547,40,23.0,71.0,1.9436619718309858,1.2144919773532425,3.110619033462016,0.23992242061095237
all_verified,55,2020,cook_ex_chicago,original,9,60,6,8.0,87.0,0.5517241379310345,0.26744759759023107,1.1381651101690877,0.3694512861982797
all_verified,55,2020,cook_ex_chicago,skip_51,9,60,6,8.0,82.0,0.5853658536585367,0.2832290088881386,1.2098096306396295,0.3703985987435961
all_verified,60,2020,cook_ex_chicago,original,5,221,3,1.0,32.0,0.1875,0.025620413505168374,1.372196822385711,1.015504800579495
all_verified,60,2020,cook_ex_chicago,skip_51,5,221,3,1.0,33.0,0.18181818181818182,0.024866756933469614,1.3293993795859618,1.0150384378451045
all_verified,65,2020,cook_ex_chicago,original,3,55,4,4.0,26.0,0.9230769230769231,0.32215207171658095,2.644934118774765,0.5370861555295746
all_verified,65,2020,cook_ex_chicago,skip_51,3,55,4,4.0,24.0,1.0,0.34696860426886966,2.882105146392696,0.5400617248673217
all_verified,70,2020,cook_ex_chicago,original,5,125,5,2.0,30.0,0.4,0.09559140691214423,1.673790617466821,0.7302967433402214
all_verified,70,2020,cook_ex_chicago,skip_51,5,125,5,2.0,28.0,0.42857142857142855,0.10209301518892741,1.799079682854499,0.7319250547113999
all_verified,75,2020,cook_ex_chicago,original,4,105,4,3.0,31.0,0.5806451612903225,0.1775127441453124,1.8992935124357815,0.6046415449251419
all_verified,75,2020,cook_ex_chicago,skip_51,4,105,4,3.0,28.0,0.6428571428571428,0.1954366820466967,2.1145738957219162,0.6074928962939559
all_verified,80,2020,cook_ex_chicago,original,2,120,1,1.0,18.0,0.3333333333333333,0.04449756266107019,2.4970156670697707,1.0274023338281628
all_verified,80,2020,cook_ex_chicago,skip_51,2,120,1,1.0,22.0,0.27272727272727276,0.03676042470668186,2.0233761139254822,1.02247471629109
all_verified,85,2020,cook_ex_chicago,original,1,32,1,5.0,12.0,2.5,0.8807346087526349,7.096348818234517,0.5322906474223771
all_verified,85,2020,cook_ex_chicago,skip_51,1,32,1,5.0,13.0,2.307692307692308,0.8226929727757298,6.473184970833576,0.5262348115842176
all_verified,90,2020,cook_ex_chicago,original,4,67,2,2.0,17.0,0.7058823529411764,0.16308318068363709,3.0553113699711236,0.747545001596402
all_verified,90,2020,cook_ex_chicago,skip_51,4,67,2,2.0,17.0,0.7058823529411764,0.16308318068363709,3.0553113699711236,0.747545001596402
all_verified,100,2020,cook_ex_chicago,original,2,272,15,16.0,22.0,4.363636363636364,2.2917588333163534,8.308606489145857,0.32856437033638547
all_verified,100,2020,cook_ex_chicago,skip_51,2,272,15,16.0,11.0,8.727272727272728,4.050216983697258,18.805236747259542,0.39167472590032015
all_verified,30,2020,illinois_ex_cook,original,199,1844,72,75.0,807.0,0.5576208178438662,0.4401320135710062,0.7064720740716997,0.12071657179658352
all_verified,30,2020,illinois_ex_cook,skip_51,199,1844,72,75.0,806.0,0.5583126550868486,0.4406725831274965,0.7073574185574889,0.12072293950370501
all_verified,35,2020,illinois_ex_cook,original,80,718,72,71.0,518.0,0.8223938223938224,0.6417382809304468,1.053905648469215,0.1265504206739569
all_verified,35,2020,illinois_ex_cook,skip_51,80,718,72,71.0,480.0,0.8875,0.6917253532251092,1.1386835054225224,0.12715282291631144
all_verified,40,2020,illinois_ex_cook,original,90,1070,40,34.0,393.0,0.5190839694656488,0.36565480095917097,0.7368921908023881,0.17876323438551023
all_verified,40,2020,illinois_ex_cook,skip_51,90,1070,40,34.0,388.0,0.5257731958762886,0.3703002931863852,0.7465223727566033,0.17885492527048624
all_verified,45,2020,illinois_ex_cook,original,47,377,25,35.0,278.0,0.7553956834532374,0.531500461666978,1.0736070422029445,0.179355933477504
all_verified,45,2020,illinois_ex_cook,skip_51,47,377,25,35.0,323.0,0.6501547987616099,0.45871168285217323,0.9214966135688575,0.1779533753645227
all_verified,50,2020,illinois_ex_cook,original,48,1414,90,70.0,287.0,1.4634146341463414,1.1269288253161016,1.9003705853676782,0.133304294166413
all_verified,50,2020,illinois_ex_cook,skip_51,48,1414,90,70.0,241.0,1.7427385892116183,1.3355417789600437,2.274086695133006,0.13577588843043997
all_verified,55,2020,illinois_ex_cook,original,28,218,28,44.0,266.0,0.9924812030075187,0.721421405517022,1.3653863481044297,0.16274726180035512
all_verified,55,2020,illinois_ex_cook,skip_51,28,218,28,44.0,261.0,1.0114942528735633,0.7349231715220443,1.3921463674595258,0.16296837224380012
all_verified,60,2020,illinois_ex_cook,original,38,636,17,23.0,146.0,0.9452054794520548,0.6089277951861269,1.4671910289677368,0.22433808401173966
all_verified,60,2020,illinois_ex_cook,skip_51,38,636,17,23.0,141.0,0.9787234042553191,0.629853146971483,1.5208299055787529,0.22487876611882568
all_verified,65,2020,illinois_ex_cook,original,19,201,13,12.0,115.0,0.6260869565217391,0.34546736832296937,1.1346509484513643,0.30336279519289505
all_verified,65,2020,illinois_ex_cook,skip_51,19,201,13,12.0,114.0,0.631578947368421,0.3484119383158153,1.1448860469225086,0.30348848933344197
all_verified,70,2020,illinois_ex_cook,original,17,360,8,12.0,118.0,0.6101694915254237,0.3369249820012743,1.105013959418972,0.3029982006621818
all_verified,70,2020,illinois_ex_cook,skip_51,17,360,8,12.0,123.0,0.5853658536585366,0.3235895304507198,1.0589130685165065,0.3024291894545669
all_verified,75,2020,illinois_ex_cook,original,19,331,6,13.0,86.0,0.9069767441860465,0.5061684248330357,1.6251642222955047,0.2975751735273309
all_verified,75,2020,illinois_ex_cook,skip_51,19,331,6,13.0,89.0,0.8764044943820224,0.48973901998462416,1.5683554024286712,0.29691586683647725
all_verified,80,2020,illinois_ex_cook,original,14,318,8,9.0,61.0,0.8852459016393444,0.43965616469082414,1.7824390269162786,0.3570777978733233
all_verified,80,2020,illinois_ex_cook,skip_51,14,318,8,9.0,64.0,0.84375,0.41993331981123766,1.6953026323798486,0.3560001560548971
all_verified,85,2020,illinois_ex_cook,original,14,108,10,11.0,59.0,1.11864406779661,0.5876747876665583,2.1293487089777283,0.32841778796445203
all_verified,85,2020,illinois_ex_cook,skip_51,14,108,10,11.0,58.0,1.1379310344827587,0.5972863998180021,2.1679499811707807,0.32886238796711875
all_verified,90,2020,illinois_ex_cook,original,10,148,2,9.0,34.0,1.588235294117647,0.7617708082986978,3.31135207860561,0.3748638096922581
all_verified,90,2020,illinois_ex_cook,skip_51,10,148,2,9.0,38.0,1.4210526315789473,0.6871543445476515,2.9387729230567565,0.3707113440195691
all_verified,100,2020,illinois_ex_cook,original,13,605,33,42.0,64.0,3.9375,2.667993522159237,5.811073423241491,0.19858127759062236
all_verified,100,2020,illinois_ex_cook,skip_51,13,605,33,42.0,37.0,6.8108108108108105,4.377994374027959,10.595523871808696,0.2254696228686934
all_verified,30,2021,chicago,original,38,534,12,19.0,194.0,0.5876288659793814,0.3668436704508926,0.941293831532629,0.2403876413683244
all_verified,30,2021,chicago,skip_51,38,534,12,19.0,199.0,0.5728643216080402,0.35781547334269,0.9171585787100356,0.24011810547209705
all_verified,35,2021,chicago,original,17,142,12,17.0,106.0,0.9622641509433961,0.5766391939474793,1.6057741234203227,0.26126134745866186
all_verified,35,2021,chicago,skip_51,17,142,12,17.0,106.0,0.9622641509433961,0.5766391939474793,1.6057741234203227,0.26126134745866186
all_verified,40,2021,chicago,original,14,312,5,12.0,70.0,1.0285714285714287,0.5575447859937225,1.8975321987593325,0.3124404705204619
all_verified,40,2021,chicago,skip_51,14,312,5,12.0,72.0,1.0,0.5427332276834034,1.8425258469402899,0.31180478223116176
all_verified,45,2021,chicago,original,9,93,7,7.0,57.0,0.7368421052631579,0.33609430428369286,1.6154284115161828,0.4005009394574071
all_verified,45,2021,chicago,skip_51,9,93,7,7.0,78.0,0.5384615384615384,0.24848396502409997,1.1668391897008163,0.39456007866693216
all_verified,50,2021,chicago,original,9,405,52,28.0,95.0,1.768421052631579,1.160227353106255,2.695431210975922,0.21503627950594614
all_verified,50,2021,chicago,skip_51,9,405,52,28.0,49.0,3.428571428571429,2.155054925372782,5.45466470595079,0.2369017707396714
all_verified,55,2021,chicago,original,5,52,8,6.0,97.0,0.37113402061855666,0.16271829634258753,0.84649645649249,0.42068509008185934
all_verified,55,2021,chicago,skip_51,5,52,8,6.0,93.0,0.3870967741935484,0.1695418257375993,0.883816792341054,0.4212117695871159
all_verified,60,2021,chicago,original,11,196,5,4.0,39.0,0.6153846153846154,0.21990981909387983,1.7220614632510076,0.5250152622934172
all_verified,60,2021,chicago,skip_51,11,196,5,4.0,38.0,0.6315789473684211,0.22541300172733617,1.769604963787804,0.5256574830378468
all_verified,65,2021,chicago,original,1,54,1,4.0,25.0,0.96,0.33410021145222696,2.7584538064016746,0.5385164807134504
all_verified,65,2021,chicago,skip_51,1,54,1,4.0,24.0,1.0,0.34696860426886966,2.882105146392696,0.5400617248673217
all_verified,70,2021,chicago,original,8,83,4,0.0,25.0,,,,
all_verified,70,2021,chicago,skip_51,8,83,4,0.0,26.0,,,,
all_verified,75,2021,chicago,original,3,79,3,5.0,24.0,1.25,0.4769304111404761,3.276159295993767,0.4915960401250875
all_verified,75,2021,chicago,skip_51,3,79,3,5.0,23.0,1.3043478260869565,0.49587581563675576,3.430946212275133,0.49343516379516894
all_verified,80,2021,chicago,original,4,110,5,2.0,25.0,0.48,0.1136912152394065,2.026541800215898,0.7348469228349535
all_verified,80,2021,chicago,skip_51,4,110,5,2.0,22.0,0.5454545454545455,0.12826052429898435,2.3196588567148155,0.7385489458759964
all_verified,85,2021,chicago,original,3,35,2,2.0,20.0,0.6,0.14023993144122696,2.567029207019201,0.7416198487095663
all_verified,85,2021,chicago,skip_51,3,35,2,2.0,20.0,0.6,0.14023993144122696,2.567029207019201,0.7416198487095663
all_verified,90,2021,chicago,original,1,46,2,2.0,10.0,1.2,0.2629246170912146,5.476854985778798,0.7745966692414834
all_verified,90,2021,chicago,skip_51,1,46,2,2.0,8.0,1.5,0.31852607302982766,7.0637859519566035,0.7905694150420949
all_verified,100,2021,chicago,original,3,228,20,11.0,29.0,2.2758620689655173,1.1369042119112995,4.555835137815559,0.3541071158982555
all_verified,100,2021,chicago,skip_51,3,228,20,11.0,12.0,5.5,2.4268592326361986,12.464670217868653,0.4174235549683609
all_verified,30,2021,cook_ex_chicago,original,40,603,16,14.0,194.0,0.43298969072164945,0.2517181359052584,0.7448016075480288,0.2767367171226636
all_verified,30,2021,cook_ex_chicago,skip_51,40,603,16,14.0,192.0,0.4375,0.2542918512155771,0.7527030421345844,0.27683371319603534
all_verified,35,2021,cook_ex_chicago,original,26,192,25,14.0,143.0,0.5874125874125874,0.3392888903109326,1.0169904105452294,0.2800385302446405
all_verified,35,2021,cook_ex_chicago,skip_51,26,192,25,14.0,131.0,0.6412213740458016,0.36954113868677824,1.1126362060644288,0.2811799409894507
all_verified,40,2021,cook_ex_chicago,original,21,369,11,13.0,98.0,0.7959183673469389,0.44628481745364484,1.4194658269906668,0.29517309930908336
all_verified,40,2021,cook_ex_chicago,skip_51,21,369,11,13.0,97.0,0.8041237113402061,0.45072828955233546,1.4346003082738976,0.29535124051473427
all_verified,45,2021,cook_ex_chicago,original,5,110,9,10.0,67.0,0.8955223880597015,0.46079560880548964,1.7403819224646149,0.3390064499892714
all_verified,45,2021,cook_ex_chicago,skip_51,5,110,9,10.0,82.0,0.7317073170731707,0.37950508812866346,1.4107731743425338,0.33495540292883696
all_verified,50,2021,cook_ex_chicago,original,13,522,40,24.0,104.0,1.3846153846153848,0.8883138205066965,2.1582009860209728,0.22645540682891915
all_verified,50,2021,cook_ex_chicago,skip_51,13,522,40,24.0,71.0,2.028169014084507,1.2767839384290545,3.2217428696304746,0.2361168645161124
all_verified,55,2021,cook_ex_chicago,original,10,58,6,7.0,88.0,0.4772727272727273,0.22104745198557743,1.030499352750782,0.3927095354339887
all_verified,55,2021,cook_ex_chicago,skip_51,10,58,6,7.0,83.0,0.5060240963855421,0.23396398484537043,1.0944436011894643,0.3935801514662893
all_verified,60,2021,cook_ex_chicago,original,5,210,3,1.0,30.0,0.2,0.02727358025639027,1.4666207965354277,1.0165300454651272
all_verified,60,2021,cook_ex_chicago,skip_51,5,210,3,1.0,31.0,0.1935483870967742,0.026421169197207585,1.4178395311787315,1.016001016001524
all_verified,65,2021,cook_ex_chicago,original,3,55,4,4.0,25.0,0.96,0.33410021145222696,2.7584538064016746,0.5385164807134504
all_verified,65,2021,cook_ex_chicago,skip_51,3,55,4,4.0,22.0,1.090909090909091,0.37592675926332586,3.165730066569911,0.543557306504609
all_verified,70,2021,cook_ex_chicago,original,5,115,6,1.0,31.0,0.1935483870967742,0.026421169197207585,1.4178395311787315,1.016001016001524
all_verified,70,2021,cook_ex_chicago,skip_51,5,115,6,1.0,28.0,0.21428571428571427,0.02915473336511043,1.5749884168685089,1.0177004891982149
all_verified,75,2021,cook_ex_chicago,original,4,103,3,3.0,30.0,0.6,0.183110668582763,1.9660241688063405,0.6055300708194983
all_verified,75,2021,cook_ex_chicago,skip_51,4,103,3,3.0,28.0,0.6428571428571428,0.1954366820466967,2.1145738957219162,0.6074928962939559
all_verified,80,2021,cook_ex_chicago,original,2,109,4,1.0,19.0,0.31578947368421056,0.0422734064389155,2.359000612686586,1.025978352085154
all_verified,80,2021,cook_ex_chicago,skip_51,2,109,4,1.0,20.0,0.3,0.04026087382526411,2.235420929774358,1.02469507659596
all_verified,85,2021,cook_ex_chicago,original,1,32,2,5.0,16.0,1.875,0.6868821697640825,5.118235928598178,0.51234753829798
all_verified,85,2021,cook_ex_chicago,skip_51,1,32,2,5.0,16.0,1.875,0.6868821697640825,5.118235928598178,0.51234753829798
all_verified,90,2021,cook_ex_chicago,original,4,71,3,2.0,17.0,0.7058823529411764,0.16308318068363709,3.0553113699711236,0.747545001596402
all_verified,90,2021,cook_ex_chicago,skip_51,4,71,3,2.0,16.0,0.75,0.17244411389004288,3.2619263557970557,0.75
all_verified,100,2021,cook_ex_chicago,original,2,275,15,16.0,22.0,4.363636363636364,2.2917588333163534,8.308606489145857,0.32856437033638547
all_verified,100,2021,cook_ex_chicago,skip_51,2,275,15,16.0,10.0,9.6,4.356468879241367,21.154747699253317,0.4031128874149275
all_verified,30,2021,illinois_ex_cook,original,194,1838,75,70.0,796.0,0.5276381909547739,0.4132540035985916,0.6736826700521173,0.12466754065413123
all_verified,30,2021,illinois_ex_cook,skip_51,194,1838,75,70.0,790.0,0.5316455696202532,0.4163614164963031,0.678850153972788,0.12470580207241527
all_verified,35,2021,illinois_ex_cook,original,77,705,72,69.0,512.0,0.80859375,0.6288817964297622,1.0396609605348721,0.12824148557775056
all_verified,35,2021,illinois_ex_cook,skip_51,77,705,72,69.0,471.0,0.8789808917197452,0.6827398844067051,1.1316277628629057,0.12890266046020615
all_verified,40,2021,illinois_ex_cook,original,83,1053,40,31.0,377.0,0.493368700265252,0.34207945285865493,0.7115676558977678,0.1868437432991221
all_verified,40,2021,illinois_ex_cook,skip_51,83,1053,40,31.0,371.0,0.5013477088948787,0.34753355510168543,0.7232381493079171,0.1869585042352619
all_verified,45,2021,illinois_ex_cook,original,45,372,26,34.0,269.0,0.758364312267658,0.5308161331644875,1.083456952773104,0.18201438631284467
all_verified,45,2021,illinois_ex_cook,skip_51,45,372,26,34.0,317.0,0.6435331230283912,0.45181329744849263,0.9166062237950985,0.18046146081192646
all_verified,50,2021,illinois_ex_cook,original,47,1399,90,74.0,282.0,1.574468085106383,1.218861326735814,2.0338242724111537,0.1306124527152509
all_verified,50,2021,illinois_ex_cook,skip_51,47,1399,90,74.0,235.0,1.8893617021276596,1.4549499040503604,2.4534780417726116,0.1332997849302454
all_verified,55,2021,illinois_ex_cook,original,27,215,28,43.0,264.0,0.9772727272727273,0.7080002273702771,1.348957170562583,0.1644496662853627
all_verified,55,2021,illinois_ex_cook,skip_51,27,215,28,43.0,258.0,1.0,0.7240854472767945,1.3810524762800989,0.1647172818672541
all_verified,60,2021,illinois_ex_cook,original,39,631,15,22.0,148.0,0.8918918918918919,0.569916006377028,1.39576909214979,0.2284979260547067
all_verified,60,2021,illinois_ex_cook,skip_51,39,631,15,22.0,145.0,0.9103448275862068,0.5813589389260535,1.425500924856978,0.22880362142825317
all_verified,65,2021,illinois_ex_cook,original,21,197,14,12.0,116.0,0.6206896551724138,0.34257216653747824,1.1245970504025233,0.30323921743156135
all_verified,65,2021,illinois_ex_cook,skip_51,21,197,14,12.0,112.0,0.6428571428571428,0.35445432291061046,1.1659197798150989,0.30374644814697793
all_verified,70,2021,illinois_ex_cook,original,15,348,6,10.0,112.0,0.5357142857142857,0.28053994661249526,1.0229908409969906,0.3300432872042263
all_verified,70,2021,illinois_ex_cook,skip_51,15,348,6,10.0,117.0,0.5128205128205128,0.26885576196289646,0.9781634451479119,0.329464730353658
all_verified,75,2021,illinois_ex_cook,original,18,326,7,11.0,79.0,0.8354430379746836,0.44460995194961916,1.5698368123335626,0.32181876694374456
all_verified,75,2021,illinois_ex_cook,skip_51,18,326,7,11.0,81.0,0.8148148148148148,0.4340451554749943,1.5296177691815067,0.3213328024360983
all_verified,80,2021,illinois_ex_cook,original,12,317,8,9.0,59.0,0.9152542372881355,0.4538677745470867,1.845670404138772,0.35785508750538114
all_verified,80,2021,illinois_ex_cook,skip_51,12,317,8,9.0,62.0,0.8709677419354839,0.43287911440361904,1.7524172043673298,0.35670736377200796
all_verified,85,2021,illinois_ex_cook,original,13,100,10,11.0,57.0,1.1578947368421053,0.6072179088784683,2.2079721332379,0.3293219557791641
all_verified,85,2021,illinois_ex_cook,skip_51,13,100,10,11.0,55.0,1.2000000000000002,0.6281067536322258,2.2926039111548238,0.3302891295379082
all_verified,90,2021,illinois_ex_cook,original,9,140,2,8.0,32.0,1.5,0.6912229087239091,3.2551004482096872,0.39528470752104744
all_verified,90,2021,illinois_ex_cook,skip_51,9,140,2,8.0,35.0,1.3714285714285714,0.6362042705209816,2.956308867575551,0.3918819064098629
all_verified,100,2021,illinois_ex_cook,original,11,600,34,36.0,63.0,3.4285714285714284,2.2765140401786446,5.1636413539948425,0.20892772350933622
all_verified,100,2021,illinois_ex_cook,skip_51,11,600,34,36.0,34.0,6.352941176470588,3.975684420203564,10.15167637214751,0.23914335132647976
all_verified,30,2022,chicago,original,38,528,14,24.0,196.0,0.7346938775510204,0.4808632228814415,1.122512739644548,0.21626073957839226
all_verified,30,2022,chicago,skip_51,38,528,14,24.0,201.0,0.7164179104477612,0.4691713914889516,1.093959759101004,0.21596710639534003
all_verified,35,2022,chicago,original,17,147,12,19.0,107.0,1.0654205607476637,0.6540461339888533,1.7355365505198626,0.24895255238677869
all_verified,35,2022,chicago,skip_51,17,147,12,19.0,108.0,1.0555555555555556,0.6482110005715085,1.718880935192156,0.2487786932328162
all_verified,40,2022,chicago,original,16,309,4,13.0,69.0,1.1304347826086956,0.6249993455476784,2.0446146173349633,0.3023505094195565
all_verified,40,2022,chicago,skip_51,16,309,4,13.0,70.0,1.1142857142857143,0.616484583741592,2.0140530449690397,0.30200793236071005
all_verified,45,2022,chicago,original,9,84,7,5.0,54.0,0.5555555555555556,0.22223774057702927,1.3887919059439158,0.46745964373250287
all_verified,45,2022,chicago,skip_51,9,84,7,5.0,79.0,0.379746835443038,0.1538000119006644,0.9376310004588421,0.4611488131266319
all_verified,50,2022,chicago,original,9,401,52,32.0,94.0,2.042553191489362,1.3675962338208536,3.050625204200355,0.20466630859118076
all_verified,50,2022,chicago,skip_51,9,401,52,32.0,49.0,3.918367346938776,2.5097867811078505,6.1174928408774045,0.2272843225242474
all_verified,55,2022,chicago,original,5,50,8,7.0,96.0,0.4375,0.2031069732398302,0.9423913268304486,0.39150199172393685
all_verified,55,2022,chicago,skip_51,5,50,8,7.0,91.0,0.46153846153846156,0.21396022665734618,0.9955950917010123,0.39223227027636803
all_verified,60,2022,chicago,original,11,203,5,3.0,38.0,0.4736842105263158,0.1462202601861688,1.534511913850111,0.599707531057446
all_verified,60,2022,chicago,skip_51,11,203,5,3.0,36.0,0.5,0.15397568214117335,1.6236330083005333,0.6009252125773316
all_verified,65,2022,chicago,original,1,53,1,3.0,24.0,0.75,0.22583919795807328,2.490710226948412,0.6123724356957945
all_verified,65,2022,chicago,skip_51,1,53,1,3.0,23.0,0.7826086956521738,0.2349768938861308,2.6065387127263726,0.6138498140448513
all_verified,70,2022,chicago,original,8,89,4,0.0,25.0,,,,
all_verified,70,2022,chicago,skip_51,8,89,4,0.0,26.0,,,,
all_verified,75,2022,chicago,original,3,80,3,5.0,24.0,1.25,0.4769304111404761,3.276159295993767,0.4915960401250875
all_verified,75,2022,chicago,skip_51,3,80,3,5.0,23.0,1.3043478260869565,0.49587581563675576,3.430946212275133,0.49343516379516894
all_verified,80,2022,chicago,original,4,110,5,2.0,25.0,0.48,0.1136912152394065,2.026541800215898,0.7348469228349535
all_verified,80,2022,chicago,skip_51,4,110,5,2.0,22.0,0.5454545454545455,0.12826052429898435,2.3196588567148155,0.7385489458759964
all_verified,85,2022,chicago,original,3,34,2,2.0,20.0,0.6,0.14023993144122696,2.567029207019201,0.7416198487095663
all_verified,85,2022,chicago,skip_51,3,34,2,2.0,20.0,0.6,0.14023993144122696,2.567029207019201,0.7416198487095663
all_verified,90,2022,chicago,original,1,47,2,2.0,10.0,1.2,0.2629246170912146,5.476854985778798,0.7745966692414834
all_verified,90,2022,chicago,skip_51,1,47,2,2.0,9.0,1.3333333333333333,0.28807903509234156,6.171145974603547,0.7817359599705717
all_verified,100,2022,chicago,original,3,224,20,12.0,29.0,2.4827586206896552,1.2669507799030029,4.865295847626156,0.3432434878537727
all_verified,100,2022,chicago,skip_51,3,224,20,12.0,12.0,6.0,2.6955245399687664,13.355471065537818,0.408248290463863
all_verified,30,2022,cook_ex_chicago,original,40,599,17,13.0,193.0,0.4041450777202073,0.2304786131193966,0.7086698485158777,0.2865386955950906
all_verified,30,2022,cook_ex_chicago,skip_51,40,599,17,13.0,189.0,0.4126984126984127,0.23526824403188099,0.7239395207995408,0.28672998136588757
all_verified,35,2022,cook_ex_chicago,original,26,185,24,13.0,145.0,0.5379310344827586,0.3049898861951277,0.9487848973278957,0.28951619755587915
all_verified,35,2022,cook_ex_chicago,skip_51,26,185,24,13.0,132.0,0.5909090909090909,0.33425894989984684,1.0446199086774797,0.2906868323451107
all_verified,40,2022,cook_ex_chicago,original,22,363,11,11.0,99.0,0.6666666666666666,0.3575807744868811,1.2429204145055348,0.3178208630818641
all_verified,40,2022,cook_ex_chicago,skip_51,22,363,11,11.0,100.0,0.6599999999999999,0.35411527146298133,1.230107919944754,0.31766191290283907
all_verified,45,2022,cook_ex_chicago,original,5,111,9,12.0,68.0,1.0588235294117647,0.5731880727518635,1.955915204330011,0.3131121455425747
all_verified,45,2022,cook_ex_chicago,skip_51,5,111,9,12.0,84.0,0.8571428571428571,0.4681250529131054,1.5694393474117185,0.3086066999241838
all_verified,50,2022,cook_ex_chicago,original,14,527,39,25.0,100.0,1.5,0.9677280072046165,2.3250334631725296,0.22360679774997896
all_verified,50,2022,cook_ex_chicago,skip_51,14,527,39,25.0,68.0,2.205882352941176,1.394725374018414,3.4887993333037737,0.23389288649495343
all_verified,55,2022,cook_ex_chicago,original,10,59,6,7.0,84.0,0.5,0.23126129577684182,1.0810282765225026,0.3933978962347216
all_verified,55,2022,cook_ex_chicago,skip_51,10,59,6,7.0,79.0,0.5316455696202532,0.24543753518734068,1.1516046699258984,0.39435437198697837
all_verified,60,2022,cook_ex_chicago,original,5,200,2,1.0,27.0,0.2222222222222222,0.03019606384155609,1.6354024255777928,1.0183501544346312
all_verified,60,2022,cook_ex_chicago,skip_51,5,200,2,1.0,29.0,0.20689655172413796,0.028182809999115217,1.5188756237111476,1.0170952554312156
all_verified,65,2022,cook_ex_chicago,original,2,53,4,4.0,25.0,0.96,0.33410021145222696,2.7584538064016746,0.5385164807134504
all_verified,65,2022,cook_ex_chicago,skip_51,2,53,4,4.0,21.0,1.1428571428571428,0.39229692290297624,3.3294231300983848,0.5455447255899809
all_verified,70,2022,cook_ex_chicago,original,6,115,6,0.0,33.0,,,,
all_verified,70,2022,cook_ex_chicago,skip_51,6,115,6,0.0,30.0,,,,
all_verified,75,2022,cook_ex_chicago,original,4,99,3,3.0,29.0,0.6206896551724138,0.18907305496107052,2.0376020693026446,0.6064784348631227
all_verified,75,2022,cook_ex_chicago,skip_51,4,99,3,3.0,27.0,0.6666666666666666,0.2022434473705817,2.197571541737343,0.6085806194501846
all_verified,80,2022,cook_ex_chicago,original,2,112,5,1.0,19.0,0.31578947368421056,0.0422734064389155,2.359000612686586,1.025978352085154
all_verified,80,2022,cook_ex_chicago,skip_51,2,112,5,1.0,19.0,0.31578947368421056,0.0422734064389155,2.359000612686586,1.025978352085154
all_verified,85,2022,cook_ex_chicago,original,1,33,2,5.0,17.0,1.7647058823529411,0.6510556739500639,4.783288090121047,0.5087470190691683
all_verified,85,2022,cook_ex_chicago,skip_51,1,33,2,5.0,17.0,1.7647058823529411,0.6510556739500639,4.783288090121047,0.5087470190691683
all_verified,90,2022,cook_ex_chicago,original,4,78,3,2.0,17.0,0.7058823529411764,0.16308318068363709,3.0553113699711236,0.747545001596402
all_verified,90,2022,cook_ex_chicago,skip_51,4,78,3,2.0,16.0,0.75,0.17244411389004288,3.2619263557970557,0.75
all_verified,100,2022,cook_ex_chicago,original,2,264,15,15.0,23.0,3.9130434782608696,2.0417941424799473,7.499242428113835,0.3318808935992427
all_verified,100,2022,cook_ex_chicago,skip_51,2,264,15,15.0,11.0,8.181818181818182,3.7579607676347644,17.81342406149267,0.3969581307590986
all_verified,30,2022,illinois_ex_cook,original,196,1840,76,69.0,790.0,0.5240506329113924,0.40974839351698616,0.6702382979408709,0.1255331685571528
all_verified,30,2022,illinois_ex_cook,skip_51,196,1840,76,69.0,779.0,0.5314505776636713,0.41547635156733437,0.67979733487497,0.12560434176685611
all_verified,35,2022,illinois_ex_cook,original,72,696,68,65.0,503.0,0.7753479125248509,0.5988272081962641,1.003902924296676,0.13180548909355758
all_verified,35,2022,illinois_ex_cook,skip_51,72,696,68,65.0,464.0,0.8405172413793104,0.6483555619662867,1.0896324092807288,0.13243786391515264
all_verified,40,2022,illinois_ex_cook,original,82,1059,40,29.0,368.0,0.47282608695652173,0.323984530220356,0.6900468622824685,0.19287340388202173
all_verified,40,2022,illinois_ex_cook,skip_51,82,1059,40,29.0,359.0,0.4846796657381615,0.3319918215359962,0.7075908595976826,0.1930499260321638
all_verified,45,2022,illinois_ex_cook,original,47,360,26,31.0,262.0,0.7099236641221375,0.4892566259198264,1.0301170841234344,0.1899338263955602
all_verified,45,2022,illinois_ex_cook,skip_51,47,360,26,31.0,314.0,0.5923566878980892,0.40957269954895387,0.8567134627967429,0.18826252386474907
all_verified,50,2022,illinois_ex_cook,original,45,1383,85,78.0,270.0,1.7333333333333334,1.3472898972551377,2.2299910736104107,0.12854655391809042
all_verified,50,2022,illinois_ex_cook,skip_51,45,1383,85,78.0,226.0,2.0707964601769913,1.6008640117306543,2.6786772318316365,0.1313213294997228
all_verified,55,2022,illinois_ex_cook,original,25,208,28,41.0,253.0,0.9723320158102767,0.6990518925880335,1.3524454464596358,0.16835323897210738
all_verified,55,2022,illinois_ex_cook,skip_51,25,208,28,41.0,247.0,0.9959514170040487,0.7156331654741689,1.3860721845879518,0.16863815374460916
all_verified,60,2022,illinois_ex_cook,original,36,639,16,22.0,149.0,0.8859060402684564,0.5662012000500413,1.386131841675313,0.22839867523809898
all_verified,60,2022,illinois_ex_cook,skip_51,36,639,16,22.0,145.0,0.9103448275862068,0.5813589389260535,1.425500924856978,0.22880362142825317
all_verified,65,2022,illinois_ex_cook,original,22,199,13,12.0,118.0,0.6101694915254237,0.3369249820012743,1.105013959418972,0.3029982006621818
all_verified,65,2022,illinois_ex_cook,skip_51,22,199,13,12.0,114.0,0.631578947368421,0.3484119383158153,1.1448860469225086,0.30348848933344197
all_verified,70,2022,illinois_ex_cook,original,17,354,5,9.0,111.0,0.4864864864864865,0.24663400359031004,0.9595963982610581,0.3465834966066909
all_verified,70,2022,illinois_ex_cook,skip_51,17,354,5,9.0,117.0,0.46153846153846156,0.23429226906998485,0.9091966727065158,0.34591634777518054
all_verified,75,2022,illinois_ex_cook,original,19,312,6,11.0,78.0,0.8461538461538461,0.450087683325439,1.590748553861793,0.3220708054599232
all_verified,75,2022,illinois_ex_cook,skip_51,19,312,6,11.0,80.0,0.825,0.43926400985695435,1.5494668006642394,0.32157283919679985
all_verified,80,2022,illinois_ex_cook,original,11,324,8,8.0,54.0,0.8888888888888888,0.42303250395739644,1.8677606316267759,0.37883838047182933
all_verified,80,2022,illinois_ex_cook,skip_51,11,324,8,8.0,55.0,0.8727272727272728,0.41570313401900166,1.832203873948106,0.37839373433213475
all_verified,85,2022,illinois_ex_cook,original,12,98,11,9.0,55.0,0.9818181818181819,0.4852394841171966,1.986579768755875,0.3595732599803958
all_verified,85,2022,illinois_ex_cook,skip_51,12,98,11,9.0,52.0,1.0384615384615385,0.5117718528145317,2.1071935881841535,0.36102891898278777
all_verified,90,2022,illinois_ex_cook,original,8,143,2,8.0,35.0,1.3714285714285714,0.6362042705209816,2.956308867575551,0.3918819064098629
all_verified,90,2022,illinois_ex_cook,skip_51,8,143,2,8.0,37.0,1.2972972972972971,0.6041495503643891,2.785701448523453,0.38990643368252725
all_verified,100,2022,illinois_ex_cook,original,11,615,33,34.0,60.0,3.4,2.2323258908364925,5.178455371347353,0.21465887210303938
all_verified,100,2022,illinois_ex_cook,skip_51,11,615,33,34.0,31.0,6.580645161290322,4.044661799823471,10.706677809428658,0.24833410805205833
all_verified,30,2023,chicago,original,34,519,15,21.0,186.0,0.6774193548387096,0.4314209276010064,1.0636873479037579,0.23020727986983627
all_verified,30,2023,chicago,skip_51,34,519,15,21.0,190.0,0.6631578947368421,0.42254203802643486,1.040792048540002,0.2299613130806668
all_verified,35,2023,chicago,original,17,133,13,19.0,107.0,1.0654205607476637,0.6540461339888533,1.7355365505198626,0.24895255238677869
all_verified,35,2023,chicago,skip_51,17,133,13,19.0,107.0,1.0654205607476637,0.6540461339888533,1.7355365505198626,0.24895255238677869
all_verified,40,2023,chicago,original,15,293,4,13.0,67.0,1.164179104477612,0.6427551803245751,2.108599088408585,0.3030650921129078
all_verified,40,2023,chicago,skip_51,15,293,4,13.0,68.0,1.1470588235294117,0.6337528146709243,2.0761153468326246,0.3027027572983406
all_verified,45,2023,chicago,original,8,85,7,5.0,52.0,0.576923076923077,0.23044127687960483,1.4443603211775493,0.468220855185637
all_verified,45,2023,chicago,skip_51,8,85,7,5.0,81.0,0.37037037037037035,0.15010218306172726,0.9138721932636682,0.46080980785172715
all_verified,50,2023,chicago,original,9,386,48,36.0,88.0,2.4545454545454546,1.66557679243562,3.6172414359949907,0.1978418917757666
all_verified,50,2023,chicago,skip_51,9,386,48,36.0,47.0,4.595744680851064,2.977326219262045,7.093904938910534,0.22148221942733604
all_verified,55,2023,chicago,original,5,49,9,7.0,92.0,0.45652173913043476,0.2116977534261088,0.9844794993132561,0.3920799766304499
all_verified,55,2023,chicago,skip_51,5,49,9,7.0,86.0,0.4883720930232558,0.22603903622067417,1.0551597866975024,0.39304586225259647
all_verified,60,2023,chicago,original,11,193,4,3.0,40.0,0.44999999999999996,0.13920852140565143,1.4546523298664897,0.5986094998689324
all_verified,60,2023,chicago,skip_51,11,193,4,3.0,38.0,0.4736842105263158,0.1462202601861688,1.534511913850111,0.599707531057446
all_verified,65,2023,chicago,original,1,49,1,2.0,24.0,0.5,0.11816561494286273,2.115674683543803,0.7359800721939872
all_verified,65,2023,chicago,skip_51,1,49,1,2.0,23.0,0.5217391304347826,0.1230064191870192,2.2129879239307977,0.7372097807744856
all_verified,70,2023,chicago,original,8,83,4,0.0,25.0,,,,
all_verified,70,2023,chicago,skip_51,8,83,4,0.0,26.0,,,,
all_verified,75,2023,chicago,original,3,85,3,5.0,23.0,1.3043478260869565,0.49587581563675576,3.430946212275133,0.49343516379516894
all_verified,75,2023,chicago,skip_51,3,85,3,5.0,22.0,1.3636363636363638,0.5163889013778302,3.600976177586063,0.4954336943068623
all_verified,80,2023,chicago,original,3,102,4,2.0,23.0,0.5217391304347826,0.1230064191870192,2.2129879239307977,0.7372097807744856
all_verified,80,2023,chicago,skip_51,3,102,4,2.0,21.0,0.5714285714285714,0.13398317951184371,2.4371015334505746,0.7400128699009549
all_verified,85,2023,chicago,original,3,32,2,2.0,20.0,0.6,0.14023993144122696,2.567029207019201,0.7416198487095663
all_verified,85,2023,chicago,skip_51,3,32,2,2.0,20.0,0.6,0.14023993144122696,2.567029207019201,0.7416198487095663
all_verified,90,2023,chicago,original,1,44,2,2.0,11.0,1.090909090909091,0.24179800100193674,4.92180514188191,0.7687061147858074
all_verified,90,2023,chicago,skip_51,1,44,2,2.0,11.0,1.090909090909091,0.24179800100193674,4.92180514188191,0.7687061147858074
all_verified,100,2023,chicago,original,3,215,19,11.0,28.0,2.357142857142857,1.1735112598959476,4.734613666572095,0.35584178594338334
all_verified,100,2023,chicago,skip_51,3,215,19,11.0,12.0,5.5,2.4268592326361986,12.464670217868653,0.4174235549683609
all_verified,30,2023,cook_ex_chicago,original,41,571,15,12.0,186.0,0.3870967741935484,0.2159193579277686,0.6939809104155368,0.29784169859063525
all_verified,30,2023,cook_ex_chicago,skip_51,41,571,15,12.0,183.0,0.39344262295081966,0.21939540146993766,0.705562179139984,0.29798962097303033
all_verified,35,2023,cook_ex_chicago,original,23,180,23,12.0,134.0,0.5373134328358209,0.2976704466531778,0.969883736702258,0.3013237791819582
all_verified,35,2023,cook_ex_chicago,skip_51,23,180,23,12.0,122.0,0.5901639344262295,0.3261714747027176,1.0678232050024976,0.3025393439617544
all_verified,40,2023,cook_ex_chicago,original,22,355,9,11.0,93.0,0.7096774193548387,0.3798875997405731,1.325765936782572,0.31884444339071355
all_verified,40,2023,cook_ex_chicago,skip_51,22,355,9,11.0,96.0,0.6875,0.3683967088585384,1.2830088831805944,0.3183170708205226
all_verified,45,2023,cook_ex_chicago,original,5,106,9,12.0,61.0,1.180327868852459,0.6356120682595261,2.1918619037625673,0.3157954653827128
all_verified,45,2023,cook_ex_chicago,skip_51,5,106,9,12.0,77.0,0.935064935064935,0.508934740071869,1.7179932198468526,0.3103551938027561
all_verified,50,2023,cook_ex_chicago,original,11,497,38,25.0,96.0,1.5625,1.0062146769762226,2.426327408915038,0.22453655975512465
all_verified,50,2023,cook_ex_chicago,skip_51,11,497,38,25.0,66.0,2.272727272727273,1.4343145958210175,3.6012247740124814,0.23484359721209166
all_verified,55,2023,cook_ex_chicago,original,10,56,6,8.0,83.0,0.5783132530120482,0.27992543879088816,1.1947689358065723,0.37020020633582085
all_verified,55,2023,cook_ex_chicago,skip_51,10,56,6,8.0,78.0,0.6153846153846154,0.2972618597176563,1.2739549742834964,0.3712418521941092
all_verified,60,2023,cook_ex_chicago,original,5,191,2,1.0,27.0,0.2222222222222222,0.03019606384155609,1.6354024255777928,1.0183501544346312
all_verified,60,2023,cook_ex_chicago,skip_51,5,191,2,1.0,29.0,0.20689655172413796,0.028182809999115217,1.5188756237111476,1.0170952554312156
all_verified,65,2023,cook_ex_chicago,original,2,52,4,4.0,25.0,0.96,0.33410021145222696,2.7584538064016746,0.5385164807134504
all_verified,65,2023,cook_ex_chicago,skip_51,2,52,4,4.0,22.0,1.090909090909091,0.37592675926332586,3.165730066569911,0.543557306504609
all_verified,70,2023,cook_ex_chicago,original,6,113,5,1.0,32.0,0.1875,0.025620413505168374,1.372196822385711,1.015504800579495
all_verified,70,2023,cook_ex_chicago,skip_51,6,113,5,1.0,30.0,0.2,0.02727358025639027,1.4666207965354277,1.0165300454651272
all_verified,75,2023,cook_ex_chicago,original,4,97,3,3.0,28.0,0.6428571428571428,0.1954366820466967,2.1145738957219162,0.6074928962939559
all_verified,75,2023,cook_ex_chicago,skip_51,4,97,3,3.0,26.0,0.6923076923076924,0.20954128939502772,2.287329347892119,0.609749843620211
all_verified,80,2023,cook_ex_chicago,original,2,111,3,1.0,16.0,0.375,0.04972979594286757,2.8277815610093806,1.0307764064044151
all_verified,80,2023,cook_ex_chicago,skip_51,2,111,3,1.0,18.0,0.3333333333333333,0.04449756266107019,2.4970156670697707,1.0274023338281628
all_verified,85,2023,cook_ex_chicago,original,1,31,1,5.0,13.0,2.307692307692308,0.8226929727757298,6.473184970833576,0.5262348115842176
all_verified,85,2023,cook_ex_chicago,skip_51,1,31,1,5.0,14.0,2.142857142857143,0.7718256707358072,5.949318490944109,0.5209880722517277
all_verified,90,2023,cook_ex_chicago,original,4,70,3,2.0,16.0,0.75,0.17244411389004288,3.2619263557970557,0.75
all_verified,90,2023,cook_ex_chicago,skip_51,4,70,3,2.0,15.0,0.8,0.18294349384524863,3.4983479682604846,0.752772652709081
all_verified,100,2023,cook_ex_chicago,original,2,252,11,14.0,18.0,4.666666666666667,2.3210097516022907,9.382889392318868,0.3563483225498992
all_verified,100,2023,cook_ex_chicago,skip_51,2,252,11,14.0,9.0,9.333333333333334,4.039774313471385,21.563360809692455,0.4272466296411038
all_verified,30,2023,illinois_ex_cook,original,190,1776,70,67.0,761.0,0.5282522996057819,0.41149764568310837,0.6781338726144055,0.1274340361956291
all_verified,30,2023,illinois_ex_cook,skip_51,190,1776,70,67.0,757.0,0.5310435931307794,0.413649919707647,0.6817535417498969,0.12746127685434602
all_verified,35,2023,illinois_ex_cook,original,68,678,64,66.0,483.0,0.8198757763975155,0.6339293979918637,1.06036459399546,0.13123226937859586
all_verified,35,2023,illinois_ex_cook,skip_51,68,678,64,66.0,447.0,0.8859060402684564,0.6841337666813516,1.1471872174812345,0.13186603663127036
all_verified,40,2023,illinois_ex_cook,original,79,1007,37,28.0,347.0,0.484149855907781,0.32942044435996454,0.7115559674231698,0.19645897814732005
all_verified,40,2023,illinois_ex_cook,skip_51,79,1007,37,28.0,343.0,0.489795918367347,0.33320622931273153,0.7199746599699792,0.19654449269651247
all_verified,45,2023,illinois_ex_cook,original,43,346,22,33.0,244.0,0.8114754098360656,0.5641504040972637,1.1672283419211762,0.1854761196455436
all_verified,45,2023,illinois_ex_cook,skip_51,43,346,22,33.0,302.0,0.6556291390728477,0.4577142011356223,0.9391222010042847,0.1833419989559839
all_verified,50,2023,illinois_ex_cook,original,47,1349,82,80.0,264.0,1.8181818181818181,1.4157989650315805,2.33492551246017,0.12762397418933008
all_verified,50,2023,illinois_ex_cook,skip_51,47,1349,82,80.0,224.0,2.142857142857143,1.6600635697138335,2.7660607813262423,0.13024701806293193
all_verified,55,2023,illinois_ex_cook,original,25,208,29,42.0,253.0,0.9960474308300395,0.7185393355150765,1.3807323210105673,0.16661960562756198
all_verified,55,2023,illinois_ex_cook,skip_51,25,208,29,42.0,246.0,1.024390243902439,0.7384973791471167,1.4209601840624158,0.16695677422593644
all_verified,60,2023,illinois_ex_cook,original,37,599,14,22.0,147.0,0.8979591836734694,0.5736799070929222,1.405541113736301,0.22859848324733223
all_verified,60,2023,illinois_ex_cook,skip_51,37,599,14,22.0,144.0,0.9166666666666666,0.5852761102584838,1.4356946457402366,0.22890825651118377
all_verified,65,2023,illinois_ex_cook,original,23,196,13,11.0,117.0,0.5641025641025641,0.3040273085931594,1.0466550004983572,0.3153666111941774
all_verified,65,2023,illinois_ex_cook,skip_51,23,196,13,11.0,114.0,0.5789473684210527,0.3118101371395011,1.0749491933666846,0.315723012676701
all_verified,70,2023,illinois_ex_cook,original,17,339,7,10.0,111.0,0.5405405405405406,0.28299974515758575,1.0324534949851627,0.33016512385321534
all_verified,70,2023,illinois_ex_cook,skip_51,17,339,7,10.0,115.0,0.5217391304347826,0.27341064219912165,0.9956149403599095,0.32969023669789355
all_verified,75,2023,illinois_ex_cook,original,18,303,7,11.0,78.0,0.8461538461538461,0.450087683325439,1.590748553861793,0.3220708054599232
all_verified,75,2023,illinois_ex_cook,skip_51,18,303,7,11.0,78.0,0.8461538461538461,0.450087683325439,1.590748553861793,0.3220708054599232
all_verified,80,2023,illinois_ex_cook,original,12,317,7,7.0,56.0,0.75,0.3418339713533695,1.6455356902445424,0.40089186286863654
all_verified,80,2023,illinois_ex_cook,skip_51,12,317,7,7.0,58.0,0.7241379310344828,0.330544252041938,1.5864010338209444,0.40012313375695696
all_verified,85,2023,illinois_ex_cook,original,11,95,11,9.0,55.0,0.9818181818181819,0.4852394841171966,1.986579768755875,0.3595732599803958
all_verified,85,2023,illinois_ex_cook,skip_51,11,95,11,9.0,52.0,1.0384615384615385,0.5117718528145317,2.1071935881841535,0.36102891898278777
all_verified,90,2023,illinois_ex_cook,original,8,137,2,8.0,36.0,1.3333333333333333,0.6197623577816921,2.868482984576469,0.39086797998528583
all_verified,90,2023,illinois_ex_cook,skip_51,8,137,2,8.0,38.0,1.2631578947368423,0.589304634985647,2.7075433864097693,0.38899330260774956
all_verified,100,2023,illinois_ex_cook,original,11,579,28,30.0,55.0,3.272727272727273,2.0975362801972466,5.106344954684495,0.2269694946796849
all_verified,100,2023,illinois_ex_cook,skip_51,11,579,28,30.0,31.0,5.806451612903225,3.514852710690943,9.592117538933477,0.25610817606914144
all_verified,30,2024,chicago,original,33,510,15,22.0,187.0,0.7058823529411764,0.4538095966932497,1.0979712633326584,0.22539329856371762
all_verified,30,2024,chicago,skip_51,33,510,15,22.0,192.0,0.6875,0.44225952801861046,1.0687305078933438,0.22508415934463
all_verified,35,2024,chicago,original,17,131,13,20.0,107.0,1.1214953271028039,0.6957168403620031,1.807850113357868,0.24360992260686626
all_verified,35,2024,chicago,skip_51,17,131,13,20.0,107.0,1.1214953271028039,0.6957168403620031,1.807850113357868,0.24360992260686626
all_verified,40,2024,chicago,original,14,285,4,13.0,65.0,1.2,0.6615503449603597,2.1767050852135603,0.3038218101251
all_verified,40,2024,chicago,skip_51,14,285,4,13.0,66.0,1.1818181818181819,0.6520172204629845,2.142112464275512,0.30343795424203623
all_verified,45,2024,chicago,original,8,85,7,5.0,51.0,0.5882352941176471,0.23477444954225188,1.473843350161501,0.4686233489032049
all_verified,45,2024,chicago,skip_51,8,85,7,5.0,79.0,0.379746835443038,0.1538000119006644,0.9376310004588421,0.4611488131266319
all_verified,50,2024,chicago,original,9,388,45,35.0,85.0,2.4705882352941178,1.6666450624441398,3.6623312101152803,0.2008385781013735
all_verified,50,2024,chicago,skip_51,9,388,45,35.0,48.0,4.375,2.8299350274123913,6.763627014257504,0.22227181986199218
all_verified,55,2024,chicago,original,5,48,9,8.0,88.0,0.5454545454545455,0.2645000680175039,1.1248415298605359,0.3692744729379982
all_verified,55,2024,chicago,skip_51,5,48,9,8.0,82.0,0.5853658536585367,0.2832290088881386,1.2098096306396295,0.3703985987435961
all_verified,60,2024,chicago,original,10,191,4,3.0,37.0,0.48648648648648646,0.14999780833151147,1.57781706390604,0.6003002251876642
all_verified,60,2024,chicago,skip_51,10,191,4,3.0,35.0,0.5142857142857143,0.15817024748527236,1.672184245289208,0.6015852075182383
all_verified,65,2024,chicago,original,1,48,1,2.0,23.0,0.5217391304347826,0.1230064191870192,2.2129879239307977,0.7372097807744856
all_verified,65,2024,chicago,skip_51,1,48,1,2.0,23.0,0.5217391304347826,0.1230064191870192,2.2129879239307977,0.7372097807744856
all_verified,70,2024,chicago,original,9,82,4,1.0,25.0,0.24,0.03251895902980316,1.7712744109431802,1.019803902718557
all_verified,70,2024,chicago,skip_51,9,82,4,1.0,26.0,0.23076923076923078,0.03131450854562851,1.7006314434801109,1.0190493307301363
all_verified,75,2024,chicago,original,3,84,3,5.0,23.0,1.3043478260869565,0.49587581563675576,3.430946212275133,0.49343516379516894
all_verified,75,2024,chicago,skip_51,3,84,3,5.0,22.0,1.3636363636363638,0.5163889013778302,3.600976177586063,0.4954336943068623
all_verified,80,2024,chicago,original,4,100,4,2.0,24.0,0.5,0.11816561494286273,2.115674683543803,0.7359800721939872
all_verified,80,2024,chicago,skip_51,4,100,4,2.0,22.0,0.5454545454545455,0.12826052429898435,2.3196588567148155,0.7385489458759964
all_verified,85,2024,chicago,original,3,31,2,2.0,20.0,0.6,0.14023993144122696,2.567029207019201,0.7416198487095663
all_verified,85,2024,chicago,skip_51,3,31,2,2.0,20.0,0.6,0.14023993144122696,2.567029207019201,0.7416198487095663
all_verified,90,2024,chicago,original,1,44,2,2.0,11.0,1.090909090909091,0.24179800100193674,4.92180514188191,0.7687061147858074
all_verified,90,2024,chicago,skip_51,1,44,2,2.0,11.0,1.090909090909091,0.24179800100193674,4.92180514188191,0.7687061147858074
all_verified,100,2024,chicago,original,3,216,18,10.0,26.0,2.307692307692308,1.1128494352227205,4.785412669878778,0.3721042037676254
all_verified,100,2024,chicago,skip_51,3,216,18,10.0,11.0,5.454545454545455,2.3165144179268937,12.843462525188317,0.4369314487526515
all_verified,30,2024,cook_ex_chicago,original,42,558,15,12.0,188.0,0.3829787234042553,0.21366255563642983,0.6864689142347089,0.29774566708770683
all_verified,30,2024,cook_ex_chicago,skip_51,42,558,15,12.0,185.0,0.3891891891891892,0.21706573413178948,0.6977988745555573,0.2978904811146854
all_verified,35,2024,cook_ex_chicago,original,24,177,23,12.0,133.0,0.5413533834586466,0.29985385380008556,0.977354408049435,0.3014168713357209
all_verified,35,2024,cook_ex_chicago,skip_51,24,177,23,12.0,121.0,0.5950413223140496,0.3287949641767385,1.0768844229345487,0.30265127811269965
all_verified,40,2024,cook_ex_chicago,original,20,356,9,11.0,92.0,0.717391304347826,0.3838789255870231,1.3406578200844916,0.3190276729791355
all_verified,40,2024,cook_ex_chicago,skip_51,20,356,9,11.0,96.0,0.6875,0.3683967088585384,1.2830088831805944,0.3183170708205226
all_verified,45,2024,cook_ex_chicago,original,5,107,8,13.0,60.0,1.3,0.7137321152365275,2.367835163813446,0.30592440829352535
all_verified,45,2024,cook_ex_chicago,skip_51,5,107,8,13.0,77.0,1.0129870129870129,0.5628158364363199,1.8232299484992442,0.29985011240633197
all_verified,50,2024,cook_ex_chicago,original,10,487,37,25.0,92.0,1.6304347826086956,1.04789436394103,2.536818282276648,0.2255428234668337
all_verified,50,2024,cook_ex_chicago,skip_51,10,487,37,25.0,63.0,2.380952380952381,1.4981126535751146,3.7840507032861628,0.23637473611411156
all_verified,55,2024,cook_ex_chicago,original,9,56,6,8.0,81.0,0.5925925925925926,0.2866115020298269,1.2252333849430281,0.3706017795590648
all_verified,55,2024,cook_ex_chicago,skip_51,9,56,6,8.0,76.0,0.6315789473684211,0.30481311367715447,1.3086443753909252,0.37169597083751404
all_verified,60,2024,cook_ex_chicago,original,5,190,2,1.0,28.0,0.21428571428571427,0.02915473336511043,1.5749884168685089,1.0177004891982149
all_verified,60,2024,cook_ex_chicago,skip_51,5,190,2,1.0,30.0,0.2,0.02727358025639027,1.4666207965354277,1.0165300454651272
all_verified,65,2024,cook_ex_chicago,original,2,52,4,4.0,24.0,1.0,0.34696860426886966,2.882105146392696,0.5400617248673217
all_verified,65,2024,cook_ex_chicago,skip_51,2,52,4,4.0,21.0,1.1428571428571428,0.39229692290297624,3.3294231300983848,0.5455447255899809
all_verified,70,2024,cook_ex_chicago,original,4,107,5,1.0,30.0,0.2,0.02727358025639027,1.4666207965354277,1.0165300454651272
all_verified,70,2024,cook_ex_chicago,skip_51,4,107,5,1.0,28.0,0.21428571428571427,0.02915473336511043,1.5749884168685089,1.0177004891982149
all_verified,75,2024,cook_ex_chicago,original,4,98,3,3.0,28.0,0.6428571428571428,0.1954366820466967,2.1145738957219162,0.6074928962939559
all_verified,75,2024,cook_ex_chicago,skip_51,4,98,3,3.0,26.0,0.6923076923076924,0.20954128939502772,2.287329347892119,0.609749843620211
all_verified,80,2024,cook_ex_chicago,original,2,109,3,1.0,16.0,0.375,0.04972979594286757,2.8277815610093806,1.0307764064044151
all_verified,80,2024,cook_ex_chicago,skip_51,2,109,3,1.0,18.0,0.3333333333333333,0.04449756266107019,2.4970156670697707,1.0274023338281628
all_verified,85,2024,cook_ex_chicago,original,1,30,2,5.0,13.0,2.307692307692308,0.8226929727757298,6.473184970833576,0.5262348115842176
all_verified,85,2024,cook_ex_chicago,skip_51,1,30,2,5.0,13.0,2.307692307692308,0.8226929727757298,6.473184970833576,0.5262348115842176
all_verified,90,2024,cook_ex_chicago,original,4,70,3,2.0,16.0,0.75,0.17244411389004288,3.2619263557970557,0.75
all_verified,90,2024,cook_ex_chicago,skip_51,4,70,3,2.0,15.0,0.8,0.18294349384524863,3.4983479682604846,0.752772652709081
all_verified,100,2024,cook_ex_chicago,original,3,248,11,14.0,19.0,4.421052631578948,2.21670801612826,8.817447417062171,0.3522217346728334
all_verified,100,2024,cook_ex_chicago,skip_51,3,248,11,14.0,10.0,8.4,3.7311429516144896,18.911095317178408,0.4140393356054125
all_verified,30,2024,illinois_ex_cook,original,181,1743,65,70.0,743.0,0.5652759084791387,0.44242109583989014,0.7222459681772369,0.12502643442849481
all_verified,30,2024,illinois_ex_cook,skip_51,181,1743,65,70.0,739.0,0.5683355886332883,0.4447904011383801,0.7261967445350852,0.12505556468486592
all_verified,35,2024,illinois_ex_cook,original,68,676,64,61.0,476.0,0.7689075630252101,0.5889982021288293,1.0037701954615688,0.1359936872030657
all_verified,35,2024,illinois_ex_cook,skip_51,68,676,64,61.0,440.0,0.8318181818181819,0.6364020188458204,1.0872396175897991,0.13662419220503408
all_verified,40,2024,illinois_ex_cook,original,78,1005,39,28.0,349.0,0.48137535816618915,0.3275596347215191,0.7074199958936632,0.1964169423119597
all_verified,40,2024,illinois_ex_cook,skip_51,78,1005,39,28.0,343.0,0.489795918367347,0.33320622931273153,0.7199746599699792,0.19654449269651247
all_verified,45,2024,illinois_ex_cook,original,42,343,25,33.0,245.0,0.8081632653061224,0.5618974169448078,1.1623613914110718,0.18543101940099324
all_verified,45,2024,illinois_ex_cook,skip_51,42,343,25,33.0,298.0,0.6644295302013423,0.46374786429231457,0.9519539271135197,0.18346317069378498
all_verified,50,2024,illinois_ex_cook,original,45,1328,78,78.0,259.0,1.8069498069498071,1.4028313962986534,2.32748398235937,0.12915694592826465
all_verified,50,2024,illinois_ex_cook,skip_51,45,1328,78,78.0,219.0,2.136986301369863,1.650294024594266,2.7672101965982687,0.13185872313265787
all_verified,55,2024,illinois_ex_cook,original,24,211,29,38.0,247.0,0.9230769230769231,0.6560094563340183,1.298870005134977,0.17425375883933072
all_verified,55,2024,illinois_ex_cook,skip_51,24,211,29,38.0,240.0,0.95,0.6746952862926974,1.3376408852046966,0.17459225681670673
all_verified,60,2024,illinois_ex_cook,original,35,599,13,22.0,144.0,0.9166666666666666,0.5852761102584838,1.4356946457402366,0.22890825651118377
all_verified,60,2024,illinois_ex_cook,skip_51,35,599,13,22.0,142.0,0.9295774647887324,0.5932710736593524,1.4565251895952183,0.2291217994335594
all_verified,65,2024,illinois_ex_cook,original,23,190,13,11.0,117.0,0.5641025641025641,0.3040273085931594,1.0466550004983572,0.3153666111941774
all_verified,65,2024,illinois_ex_cook,skip_51,23,190,13,11.0,113.0,0.584070796460177,0.31449374555978543,1.0847233056110965,0.31584592514581344
all_verified,70,2024,illinois_ex_cook,original,17,340,6,9.0,112.0,0.4821428571428571,0.24448752482716143,0.9508122545647862,0.3464674335917916
all_verified,70,2024,illinois_ex_cook,skip_51,17,340,6,9.0,117.0,0.46153846153846156,0.23429226906998485,0.9091966727065158,0.34591634777518054
all_verified,75,2024,illinois_ex_cook,original,18,297,7,11.0,79.0,0.8354430379746836,0.44460995194961916,1.5698368123335626,0.32181876694374456
all_verified,75,2024,illinois_ex_cook,skip_51,18,297,7,11.0,82.0,0.8048780487804879,0.4289489083286669,1.5102700131184614,0.32109844730286446
all_verified,80,2024,illinois_ex_cook,original,13,314,7,10.0,58.0,1.0344827586206897,0.5287641396883737,2.0238788857999452,0.34240528516707336
all_verified,80,2024,illinois_ex_cook,skip_51,13,314,7,10.0,58.0,1.0344827586206897,0.5287641396883737,2.0238788857999452,0.34240528516707336
all_verified,85,2024,illinois_ex_cook,original,11,92,9,7.0,54.0,0.7777777777777778,0.35392240488487053,1.7092398312610986,0.4017158963442465
all_verified,85,2024,illinois_ex_cook,skip_51,11,92,9,7.0,52.0,0.8076923076923077,0.36689744746391545,1.7780632392365885,0.40260143080708505
all_verified,90,2024,illinois_ex_cook,original,8,137,1,7.0,33.0,1.2727272727272727,0.5630182058307752,2.8770556510754655,0.4161251892882395
all_verified,90,2024,illinois_ex_cook,skip_51,8,137,1,7.0,36.0,1.1666666666666667,0.5191898168663512,2.6216059462150154,0.41307979935470174
all_verified,100,2024,illinois_ex_cook,original,11,577,28,32.0,54.0,3.5555555555555554,2.2962048414260003,5.505595616108445,0.22308858894734737
all_verified,100,2024,illinois_ex_cook,skip_51,11,577,28,32.0,30.0,6.4,3.889179726175753,10.53178379089108,0.25413251136628173
all_verified,30,2025,chicago,original,32,502,15,22.0,185.0,0.7135135135135136,0.4586003894107173,1.1101201519269825,0.22552150864152817
all_verified,30,2025,chicago,skip_51,32,502,15,22.0,189.0,0.6984126984126984,0.44911789840721383,1.0860851883970963,0.22526773125672206
all_verified,35,2025,chicago,original,19,133,12,19.0,107.0,1.0654205607476637,0.6540461339888533,1.7355365505198626,0.24895255238677869
all_verified,35,2025,chicago,skip_51,19,133,12,19.0,108.0,1.0555555555555556,0.6482110005715085,1.718880935192156,0.2487786932328162
all_verified,40,2025,chicago,original,15,281,4,13.0,64.0,1.21875,0.6713666426490246,2.212429793412463,0.304217154222238
all_verified,40,2025,chicago,skip_51,15,281,4,13.0,65.0,1.2,0.6615503449603597,2.1767050852135603,0.3038218101251
all_verified,45,2025,chicago,original,8,83,6,5.0,49.0,0.6122448979591837,0.2439488240816573,1.5365674193681678,0.469476477861571
all_verified,45,2025,chicago,skip_51,8,83,6,5.0,78.0,0.38461538461538464,0.155718104432913,0.9499794171112037,0.46132473684001907
all_verified,50,2025,chicago,original,8,378,45,35.0,83.0,2.5301204819277108,1.7044499454095228,3.7557627728000194,0.20154310045871804
all_verified,50,2025,chicago,skip_51,8,378,45,35.0,46.0,4.565217391304348,2.9412593286911237,7.085811722403316,0.22430015382565205
all_verified,55,2025,chicago,original,5,49,9,8.0,89.0,0.5393258426966292,0.2616168110436502,1.1118259695929777,0.36910155114301507
all_verified,55,2025,chicago,skip_51,5,49,9,8.0,83.0,0.5783132530120482,0.27992543879088816,1.1947689358065723,0.37020020633582085
all_verified,60,2025,chicago,original,11,187,4,3.0,38.0,0.4736842105263158,0.1462202601861688,1.534511913850111,0.599707531057446
all_verified,60,2025,chicago,skip_51,11,187,4,3.0,36.0,0.5,0.15397568214117335,1.6236330083005333,0.6009252125773316
all_verified,65,2025,chicago,original,1,47,1,2.0,21.0,0.5714285714285714,0.13398317951184371,2.4371015334505746,0.7400128699009549
all_verified,65,2025,chicago,skip_51,1,47,1,2.0,20.0,0.6,0.14023993144122696,2.567029207019201,0.7416198487095663
all_verified,70,2025,chicago,original,8,84,4,0.0,23.0,,,,
all_verified,70,2025,chicago,skip_51,8,84,4,0.0,25.0,,,,
all_verified,75,2025,chicago,original,3,87,3,6.0,23.0,1.5652173913043477,0.6373285413401119,3.844022859685786,0.4584156711285423
all_verified,75,2025,chicago,skip_51,3,87,3,6.0,21.0,1.7142857142857142,0.6919045979903417,4.247370979669518,0.4629100498862757
all_verified,80,2025,chicago,original,4,101,4,1.0,24.0,0.25,0.03381972778793614,1.8480337982582586,1.0206207261596576
all_verified,80,2025,chicago,skip_51,4,101,4,1.0,22.0,0.27272727272727276,0.03676042470668186,2.0233761139254822,1.02247471629109
all_verified,85,2025,chicago,original,3,28,2,2.0,20.0,0.6,0.14023993144122696,2.567029207019201,0.7416198487095663
all_verified,85,2025,chicago,skip_51,3,28,2,2.0,20.0,0.6,0.14023993144122696,2.567029207019201,0.7416198487095663
all_verified,90,2025,chicago,original,1,44,2,2.0,11.0,1.090909090909091,0.24179800100193674,4.92180514188191,0.7687061147858074
all_verified,90,2025,chicago,skip_51,1,44,2,2.0,11.0,1.090909090909091,0.24179800100193674,4.92180514188191,0.7687061147858074
all_verified,100,2025,chicago,original,3,208,16,10.0,24.0,2.5,1.1955107886029321,5.2278909229281965,0.3763863263545405
all_verified,100,2025,chicago,skip_51,3,208,16,10.0,11.0,5.454545454545455,2.3165144179268937,12.843462525188317,0.4369314487526515
all_verified,30,2025,cook_ex_chicago,original,40,544,15,12.0,183.0,0.39344262295081966,0.21939540146993766,0.705562179139984,0.29798962097303033
all_verified,30,2025,cook_ex_chicago,skip_51,40,544,15,12.0,180.0,0.4,0.22298521057916668,0.7175363764458945,0.2981423969999719
all_verified,35,2025,cook_ex_chicago,original,24,171,23,12.0,132.0,0.5454545454545454,0.3020695352486776,0.9849409703368199,0.30151134457776363
all_verified,35,2025,cook_ex_chicago,skip_51,24,171,23,12.0,119.0,0.6050420168067228,0.3341706563846578,1.0954757250743266,0.30288066078551656
all_verified,40,2025,cook_ex_chicago,original,19,343,9,10.0,92.0,0.6521739130434783,0.3395728356948203,1.2525466354932295,0.3329708173660138
all_verified,40,2025,cook_ex_chicago,skip_51,19,343,9,10.0,96.0,0.625,0.3258584821174418,1.1987565812671277,0.3322900339562814
all_verified,45,2025,cook_ex_chicago,original,4,106,8,13.0,60.0,1.3,0.7137321152365275,2.367835163813446,0.30592440829352535
all_verified,45,2025,cook_ex_chicago,skip_51,4,106,8,13.0,74.0,1.054054054054054,0.5846272954954133,1.9004072465113,0.300726770402288
all_verified,50,2025,cook_ex_chicago,original,9,485,36,22.0,90.0,1.4666666666666666,0.920199259928153,2.3376579451705544,0.23783535600422526
all_verified,50,2025,cook_ex_chicago,skip_51,9,485,36,22.0,61.0,2.1639344262295084,1.3290848810110598,3.5231852140693083,0.24869255734238666
all_verified,55,2025,cook_ex_chicago,original,9,58,6,7.0,80.0,0.525,0.24246491065010173,1.1367624257917932,0.3941537046091827
all_verified,55,2025,cook_ex_chicago,skip_51,9,58,6,7.0,75.0,0.56,0.2580946411971078,1.2150581606245074,0.3952094080237415
all_verified,60,2025,cook_ex_chicago,original,5,188,2,1.0,28.0,0.21428571428571427,0.02915473336511043,1.5749884168685089,1.0177004891982149
all_verified,60,2025,cook_ex_chicago,skip_51,5,188,2,1.0,31.0,0.1935483870967742,0.026421169197207585,1.4178395311787315,1.016001016001524
all_verified,65,2025,cook_ex_chicago,original,2,51,4,5.0,25.0,1.2,0.4593795876347317,3.134662572654388,0.48989794855663565
all_verified,65,2025,cook_ex_chicago,skip_51,2,51,4,5.0,22.0,1.3636363636363638,0.5163889013778302,3.600976177586063,0.4954336943068623
all_verified,70,2025,cook_ex_chicago,original,5,110,5,1.0,31.0,0.1935483870967742,0.026421169197207585,1.4178395311787315,1.016001016001524
all_verified,70,2025,cook_ex_chicago,skip_51,5,110,5,1.0,29.0,0.20689655172413796,0.028182809999115217,1.5188756237111476,1.0170952554312156
all_verified,75,2025,cook_ex_chicago,original,4,106,3,3.0,28.0,0.6428571428571428,0.1954366820466967,2.1145738957219162,0.6074928962939559
all_verified,75,2025,cook_ex_chicago,skip_51,4,106,3,3.0,26.0,0.6923076923076924,0.20954128939502772,2.287329347892119,0.609749843620211
all_verified,80,2025,cook_ex_chicago,original,2,102,3,1.0,16.0,0.375,0.04972979594286757,2.8277815610093806,1.0307764064044151
all_verified,80,2025,cook_ex_chicago,skip_51,2,102,3,1.0,18.0,0.3333333333333333,0.04449756266107019,2.4970156670697707,1.0274023338281628
all_verified,85,2025,cook_ex_chicago,original,1,29,1,5.0,12.0,2.5,0.8807346087526349,7.096348818234517,0.5322906474223771
all_verified,85,2025,cook_ex_chicago,skip_51,1,29,1,5.0,13.0,2.307692307692308,0.8226929727757298,6.473184970833576,0.5262348115842176
all_verified,90,2025,cook_ex_chicago,original,3,68,3,2.0,15.0,0.8,0.18294349384524863,3.4983479682604846,0.752772652709081
all_verified,90,2025,cook_ex_chicago,skip_51,3,68,3,2.0,14.0,0.8571428571428571,0.194802040297238,3.771489643691567,0.7559289460184544
all_verified,100,2025,cook_ex_chicago,original,4,241,9,14.0,19.0,4.421052631578948,2.21670801612826,8.817447417062171,0.3522217346728334
all_verified,100,2025,cook_ex_chicago,skip_51,4,241,9,14.0,13.0,6.461538461538462,3.037227621137915,13.746575659778307,0.38516444325982163
all_verified,30,2025,illinois_ex_cook,original,174,1718,65,69.0,729.0,0.5679012345679012,0.44366821280275387,0.7269211607168458,0.12595433988422652
all_verified,30,2025,illinois_ex_cook,skip_51,174,1718,65,69.0,721.0,0.5742024965325936,0.44853791426275585,0.7350738845927709,0.12601474586412298
all_verified,35,2025,illinois_ex_cook,original,65,664,64,57.0,471.0,0.7261146496815286,0.551608915557619,0.9558266184823025,0.1402390883443471
all_verified,35,2025,illinois_ex_cook,skip_51,65,664,64,57.0,435.0,0.7862068965517242,0.5965280356821367,1.036198212341629,0.1408641552128697
all_verified,40,2025,illinois_ex_cook,original,76,984,39,28.0,343.0,0.489795918367347,0.33320622931273153,0.7199746599699792,0.19654449269651247
all_verified,40,2025,illinois_ex_cook,skip_51,76,984,39,28.0,338.0,0.4970414201183432,0.3380626301652954,0.7307822612409551,0.19665417767223384
all_verified,45,2025,illinois_ex_cook,original,42,346,23,34.0,239.0,0.8535564853556484,0.5959518609200403,1.2225126247075166,0.18329174865304873
all_verified,45,2025,illinois_ex_cook,skip_51,42,346,23,34.0,294.0,0.6938775510204082,0.48650802289959566,0.9896364153267888,0.18114393517338645
all_verified,50,2025,illinois_ex_cook,original,43,1296,79,78.0,260.0,1.7999999999999998,1.397593393717212,2.3182708322500685,0.12909944487358055
all_verified,50,2025,illinois_ex_cook,skip_51,43,1296,79,78.0,220.0,2.1272727272727274,1.6430461988519134,2.7542069476563813,0.13177999607667076
all_verified,55,2025,illinois_ex_cook,original,25,207,29,39.0,252.0,0.9285714285714286,0.6627403619835421,1.3010297054770235,0.17207347154422034
all_verified,55,2025,illinois_ex_cook,skip_51,25,207,29,39.0,241.0,0.9709543568464731,0.6922765306242646,1.3618147104149485,0.1725989664928114
all_verified,60,2025,illinois_ex_cook,original,35,595,14,18.0,148.0,0.7297297297297297,0.44738097347000383,1.1902729665081029,0.24962434238734071
all_verified,60,2025,illinois_ex_cook,skip_51,35,595,14,18.0,145.0,0.7448275862068965,0.4563867286015586,1.2155658751837273,0.2499041962026518
all_verified,65,2025,illinois_ex_cook,original,24,188,12,11.0,115.0,0.5739130434782609,0.30917195102012296,1.0653494936642622,0.315602191188534
all_verified,65,2025,illinois_ex_cook,skip_51,24,188,12,11.0,113.0,0.584070796460177,0.31449374555978543,1.0847233056110965,0.31584592514581344
all_verified,70,2025,illinois_ex_cook,original,17,332,5,10.0,107.0,0.5607476635514019,0.29328607110117244,1.0721202715074978,0.3306747562069463
all_verified,70,2025,illinois_ex_cook,skip_51,17,332,5,10.0,112.0,0.5357142857142857,0.28053994661249526,1.0229908409969906,0.3300432872042263
all_verified,75,2025,illinois_ex_cook,original,20,301,7,10.0,78.0,0.7692307692307693,0.3982385598281021,1.4858329554696375,0.3358876491038526
all_verified,75,2025,illinois_ex_cook,skip_51,20,301,7,10.0,82.0,0.7317073170731707,0.37950508812866346,1.4107731743425338,0.33495540292883696
all_verified,80,2025,illinois_ex_cook,original,13,316,7,11.0,59.0,1.11864406779661,0.5876747876665583,2.1293487089777283,0.32841778796445203
all_verified,80,2025,illinois_ex_cook,skip_51,13,316,7,11.0,60.0,1.1,0.57836785062725,2.0920941554544124,0.3279874350882326
all_verified,85,2025,illinois_ex_cook,original,11,89,10,8.0,56.0,0.8571428571428571,0.40862351547314624,1.7979725829051136,0.3779644730092272
all_verified,85,2025,illinois_ex_cook,skip_51,11,89,10,8.0,53.0,0.9056603773584905,0.43062508422358636,1.9047211812938742,0.37929925458442687
all_verified,90,2025,illinois_ex_cook,original,8,145,1,7.0,34.0,1.2352941176470587,0.5476085429076196,2.786573688188151,0.4150528973071086
all_verified,90,2025,illinois_ex_cook,skip_51,8,145,1,7.0,36.0,1.1666666666666667,0.5191898168663512,2.6216059462150154,0.41307979935470174
all_verified,100,2025,illinois_ex_cook,original,11,572,28,33.0,54.0,3.6666666666666665,2.377879791679945,5.653963035257598,0.22095598842653896
all_verified,100,2025,illinois_ex_cook,skip_51,11,572,28,33.0,30.0,6.6,4.025443815470779,10.821167055564931,0.2522624895547565
recent_verified,30,2003,chicago,original,76,682,25,28.0,329.0,0.5106382978723404,0.3471705672142626,0.7510759720971205,0.19685984707933019
recent_verified,30,2003,chicago,skip_51,76,682,25,28.0,337.0,0.49851632047477745,0.33905095046884814,0.7329828199450653,0.1966764977437081
recent_verified,35,2003,chicago,original,33,275,30,33.0,187.0,1.0588235294117647,0.7313109795580798,1.5330103031045077,0.18881372801234025
recent_verified,35,2003,chicago,skip_51,33,275,30,33.0,173.0,1.1445086705202312,0.7887240113059198,1.6607838459578992,0.18995625055217202
recent_verified,40,2003,chicago,original,24,432,13,16.0,147.0,0.6530612244897959,0.3898230226146029,1.094057913951784,0.2632540998511426
recent_verified,40,2003,chicago,skip_51,24,432,13,16.0,150.0,0.64,0.3822201956646876,1.0716335888209636,0.26299556396765833
recent_verified,45,2003,chicago,original,21,161,8,16.0,115.0,0.8347826086956521,0.49482000951402494,1.4083141149953167,0.2668251340745715
recent_verified,45,2003,chicago,skip_51,21,161,8,16.0,123.0,0.7804878048780488,0.4636005197835074,1.313978711343598,0.2657632053178412
recent_verified,50,2003,chicago,original,25,560,13,16.0,88.0,1.090909090909091,0.640392004319507,1.858365870593129,0.2717786532523045
recent_verified,50,2003,chicago,skip_51,25,560,13,16.0,87.0,1.103448275862069,0.6474479553949357,1.8806115416029878,0.27201884654112335
recent_verified,55,2003,chicago,original,13,79,14,12.0,76.0,0.9473684210526316,0.5153532193580161,1.7415374378097321,0.31063037209869776
recent_verified,55,2003,chicago,skip_51,13,79,14,12.0,66.0,1.0909090909090908,0.589735221942068,2.0179948565883783,0.3138229572304239
recent_verified,60,2003,chicago,original,11,250,5,4.0,66.0,0.36363636363636365,0.13254128903417486,0.9976619808230682,0.5149286505444373
recent_verified,60,2003,chicago,skip_51,11,250,5,4.0,66.0,0.36363636363636365,0.13254128903417486,0.9976619808230682,0.5149286505444373
recent_verified,65,2003,chicago,original,8,77,7,5.0,49.0,0.6122448979591837,0.2439488240816573,1.5365674193681678,0.469476477861571
recent_verified,65,2003,chicago,skip_51,8,77,7,5.0,44.0,0.6818181818181819,0.27036173333604996,1.7194594342980742,0.47193990372426947
recent_verified,70,2003,chicago,original,6,142,3,2.0,29.0,0.4137931034482759,0.09873533386313949,1.7341788978877228,0.7310832774866962
recent_verified,70,2003,chicago,skip_51,6,142,3,2.0,31.0,0.3870967741935484,0.09264145877144937,1.6174606334807684,0.7295601856708801
recent_verified,75,2003,chicago,original,3,145,2,5.0,28.0,1.0714285714285714,0.41370783174427117,2.7748065073688704,0.4855041562276122
recent_verified,75,2003,chicago,skip_51,3,145,2,5.0,30.0,1.0,0.3879922369508297,2.577371155306724,0.48304589153964794
recent_verified,80,2003,chicago,original,9,140,2,4.0,26.0,0.9230769230769231,0.32215207171658095,2.644934118774765,0.5370861555295746
recent_verified,80,2003,chicago,skip_51,9,140,2,4.0,28.0,0.8571428571428571,0.30064811594437474,2.4437002548419486,0.5345224838248488
recent_verified,85,2003,chicago,original,4,50,0,4.0,22.0,1.090909090909091,0.37592675926332586,3.165730066569911,0.543557306504609
recent_verified,85,2003,chicago,skip_51,4,50,0,4.0,26.0,0.9230769230769231,0.32215207171658095,2.644934118774765,0.5370861555295746
recent_verified,90,2003,chicago,original,3,75,1,4.0,14.0,1.7142857142857142,0.5642719008690719,5.208084091513121,0.5669467095138409
recent_verified,90,2003,chicago,skip_51,3,75,1,4.0,18.0,1.3333333333333333,0.45124326601824605,3.9397325382045545,0.5527707983925667
recent_verified,100,2003,chicago,original,7,290,10,10.0,25.0,2.4,1.1526963954221079,4.996979276482196,0.37416573867739417
recent_verified,100,2003,chicago,skip_51,7,290,10,10.0,21.0,2.857142857142857,1.3455005882077888,6.0670841601012935,0.3842122429322726
recent_verified,30,2003,cook_ex_chicago,original,71,835,30,23.0,342.0,0.40350877192982454,0.264539645050281,0.6154817702026029,0.21541178583761927
recent_verified,30,2003,cook_ex_chicago,skip_51,71,835,30,23.0,333.0,0.4144144144144144,0.2715917452328488,0.6323436182760324,0.2155951387962359
recent_verified,35,2003,cook_ex_chicago,original,34,299,37,21.0,225.0,0.56,0.35806525195978356,0.8758180199938037,0.22817425810877978
recent_verified,35,2003,cook_ex_chicago,skip_51,34,299,37,21.0,198.0,0.6363636363636364,0.4058376216619476,0.9978342471740352,0.2294984807565241
recent_verified,40,2003,cook_ex_chicago,original,41,450,10,10.0,155.0,0.38709677419354843,0.20421779075454058,0.733745635174145,0.3262692337674912
recent_verified,40,2003,cook_ex_chicago,skip_51,41,450,10,10.0,162.0,0.37037037037037035,0.1955573517291042,0.7014525919654806,0.3258417399692262
recent_verified,45,2003,cook_ex_chicago,original,17,171,10,17.0,107.0,0.9532710280373833,0.5714390590808288,1.5902407062568547,0.26109255792589736
recent_verified,45,2003,cook_ex_chicago,skip_51,17,171,10,17.0,112.0,0.9107142857142857,0.5467853104572153,1.5168668476308311,0.2602923372678038
recent_verified,50,2003,cook_ex_chicago,original,27,580,8,15.0,93.0,0.967741935483871,0.5609369523168735,1.6695716868462354,0.27824333745610097
recent_verified,50,2003,cook_ex_chicago,skip_51,27,580,8,15.0,96.0,0.9375,0.5440518766030227,1.6154824342997531,0.2776388541492947
recent_verified,55,2003,cook_ex_chicago,original,10,79,16,11.0,76.0,0.868421052631579,0.4614585096383724,1.6342858759820955,0.32259415004914926
recent_verified,55,2003,cook_ex_chicago,skip_51,10,79,16,11.0,61.0,1.0819672131147542,0.5693513181776599,2.0561172212655143,0.32757065425956844
recent_verified,60,2003,cook_ex_chicago,original,15,210,4,1.0,60.0,0.1,0.013858577387790769,0.7215747850720864,1.0082988974836116
recent_verified,60,2003,cook_ex_chicago,skip_51,15,210,4,1.0,63.0,0.09523809523809523,0.013208832169036165,0.6866840814165894,1.0079052613579393
recent_verified,65,2003,cook_ex_chicago,original,8,101,3,7.0,41.0,1.024390243902439,0.45957096748662,2.283380470140447,0.40895890595459816
recent_verified,65,2003,cook_ex_chicago,skip_51,8,101,3,7.0,43.0,0.9767441860465116,0.43939044693312623,2.171256138212906,0.40756957296961116
recent_verified,70,2003,cook_ex_chicago,original,5,168,1,5.0,27.0,1.1111111111111112,0.42788795902888743,2.8852597395740696,0.48686449556014766
recent_verified,70,2003,cook_ex_chicago,skip_51,5,168,1,5.0,28.0,1.0714285714285714,0.41370783174427117,2.7748065073688704,0.4855041562276122
recent_verified,75,2003,cook_ex_chicago,original,4,126,4,2.0,25.0,0.48,0.1136912152394065,2.026541800215898,0.7348469228349535
recent_verified,75,2003,cook_ex_chicago,skip_51,4,126,4,2.0,23.0,0.5217391304347826,0.1230064191870192,2.2129879239307977,0.7372097807744856
recent_verified,80,2003,cook_ex_chicago,original,3,134,1,2.0,23.0,0.5217391304347826,0.1230064191870192,2.2129879239307977,0.7372097807744856
recent_verified,80,2003,cook_ex_chicago,skip_51,3,134,1,2.0,26.0,0.46153846153846156,0.10954315648555553,1.9446011810640014,0.7337993857053428
recent_verified,85,2003,cook_ex_chicago,original,3,40,0,4.0,17.0,1.4117647058823528,0.4750341337744069,4.1956555183497555,0.5557189302262113
recent_verified,85,2003,cook_ex_chicago,skip_51,3,40,0,4.0,18.0,1.3333333333333333,0.45124326601824605,3.9397325382045545,0.5527707983925667
recent_verified,90,2003,cook_ex_chicago,original,4,78,1,1.0,17.0,0.3529411764705882,0.046968541267807896,2.6521469623290406,1.0289915108550531
recent_verified,90,2003,cook_ex_chicago,skip_51,4,78,1,1.0,18.0,0.3333333333333333,0.04449756266107019,2.4970156670697707,1.0274023338281628
recent_verified,100,2003,cook_ex_chicago,original,7,281,5,12.0,25.0,2.88,1.4469543738846626,5.732316201326987,0.3511884584284246
recent_verified,100,2003,cook_ex_chicago,skip_51,7,281,5,12.0,22.0,3.272727272727273,1.619695088159581,6.61281489334097,0.3588702812826367
recent_verified,30,2003,illinois_ex_cook,original,248,1838,69,99.0,997.0,0.5957873620862588,0.4846115456889147,0.7324682706787241,0.1053756097400691
recent_verified,30,2003,illinois_ex_cook,skip_51,248,1838,69,99.0,1016.0,0.5846456692913385,0.47563192614446553,0.7186451115506022,0.10528657117369736
recent_verified,35,2003,illinois_ex_cook,original,100,844,89,88.0,627.0,0.8421052631578947,0.6737016397359882,1.0526043465117987,0.11383555110498127
recent_verified,35,2003,illinois_ex_cook,skip_51,100,844,89,88.0,600.0,0.88,0.7035839603835942,1.1006504462918638,0.11415035273840826
recent_verified,40,2003,illinois_ex_cook,original,107,1092,43,62.0,470.0,0.7914893617021277,0.6073386111421255,1.0314763431713423,0.1351173261744496
recent_verified,40,2003,illinois_ex_cook,skip_51,107,1092,43,62.0,468.0,0.7948717948717948,0.6098938577217591,1.035952669933189,0.13515096890076908
recent_verified,45,2003,illinois_ex_cook,original,59,487,21,41.0,339.0,0.7256637168141593,0.5247929614096607,1.0034201458915502,0.16534840915416651
recent_verified,45,2003,illinois_ex_cook,skip_51,59,487,21,41.0,369.0,0.6666666666666666,0.48281416881642003,0.920529000907252,0.16462159944159827
recent_verified,50,2003,illinois_ex_cook,original,68,1224,27,51.0,263.0,1.1634980988593155,0.862037821477007,1.5703810115080308,0.15300367481232663
recent_verified,50,2003,illinois_ex_cook,skip_51,68,1224,27,51.0,275.0,1.1127272727272726,0.8252997765319496,1.5002572624871435,0.15246050889859492
recent_verified,55,2003,illinois_ex_cook,original,38,210,29,39.0,203.0,1.1527093596059113,0.8182718513702092,1.6238354838897069,0.17483459044310962
recent_verified,55,2003,illinois_ex_cook,skip_51,38,210,29,39.0,184.0,1.2717391304347825,0.900207536815529,1.796608392771587,0.17628331812659215
recent_verified,60,2003,illinois_ex_cook,original,31,589,12,10.0,150.0,0.4,0.21088885215773978,0.7586934935770047,0.32659863237109044
recent_verified,60,2003,illinois_ex_cook,skip_51,31,589,12,10.0,152.0,0.39473684210526316,0.20816879556961881,0.7485135996913852,0.32646431254950525
recent_verified,65,2003,illinois_ex_cook,original,26,221,9,14.0,110.0,0.7636363636363637,0.4378704103826075,1.3317650200620441,0.28375954701028216
recent_verified,65,2003,illinois_ex_cook,skip_51,26,221,9,14.0,111.0,0.7567567567567568,0.43404841742940425,1.3193937954863038,0.2836151978254699
recent_verified,70,2003,illinois_ex_cook,original,16,337,11,10.0,87.0,0.6896551724137931,0.35842983471915846,1.3269661472510121,0.333907551387451
recent_verified,70,2003,illinois_ex_cook,skip_51,16,337,11,10.0,84.0,0.7142857142857143,0.370784313213028,1.3760131252896983,0.3345216912320663
recent_verified,75,2003,illinois_ex_cook,original,13,295,5,8.0,74.0,0.6486486486486486,0.31275811146960697,1.3452730847385386,0.3721740365924436
recent_verified,75,2003,illinois_ex_cook,skip_51,13,295,5,8.0,75.0,0.64,0.30873449414117593,1.3267063051681585,0.3719318934070233
recent_verified,80,2003,illinois_ex_cook,original,16,283,7,6.0,51.0,0.7058823529411765,0.30293606638753046,1.644802159530126,0.43159530790304196
recent_verified,80,2003,illinois_ex_cook,skip_51,16,283,7,6.0,52.0,0.6923076923076924,0.29736499697912966,1.6117900415227457,0.43115824925128815
recent_verified,85,2003,illinois_ex_cook,original,11,128,8,8.0,42.0,1.1428571428571428,0.5365717320131574,2.4341991406799717,0.3857583749052298
recent_verified,85,2003,illinois_ex_cook,skip_51,11,128,8,8.0,45.0,1.0666666666666667,0.5028292539727865,2.2627517567610633,0.38369548110737794
recent_verified,90,2003,illinois_ex_cook,original,4,159,2,11.0,34.0,1.9411764705882353,0.9835598400954164,3.831150822099287,0.34687296754716024
recent_verified,90,2003,illinois_ex_cook,skip_51,4,159,2,11.0,39.0,1.6923076923076923,0.8667195110057165,3.3043046672857206,0.3413943709994594
recent_verified,100,2003,illinois_ex_cook,original,10,536,17,22.0,68.0,1.9411764705882353,1.2002775376013206,3.139412320833598,0.2452762275628982
recent_verified,100,2003,illinois_ex_cook,skip_51,10,536,17,22.0,58.0,2.2758620689655173,1.3931835999184972,3.7177785880188474,0.2503915429180672
recent_verified,30,2004,chicago,original,62,626,26,25.0,292.0,0.5136986301369864,0.3414497516508788,0.7728407513221196,0.20838583813264897
recent_verified,30,2004,chicago,skip_51,62,626,26,25.0,299.0,0.5016722408026756,0.33358175698493114,0.7544628323405187,0.20819337550784647
recent_verified,35,2004,chicago,original,26,219,21,33.0,173.0,1.1445086705202312,0.7887240113059198,1.6607838459578992,0.18995625055217202
recent_verified,35,2004,chicago,skip_51,26,219,21,33.0,167.0,1.18562874251497,0.8161877056194999,1.722294400416958,0.1905021108941476
recent_verified,40,2004,chicago,original,33,376,10,15.0,138.0,0.6521739130434783,0.38277485778573206,1.1111775086662878,0.27186953392806057
recent_verified,40,2004,chicago,skip_51,33,376,10,15.0,139.0,0.6474820143884892,0.3800925144784167,1.102976099205399,0.2717736397647557
recent_verified,45,2004,chicago,original,17,135,9,11.0,108.0,0.6111111111111112,0.32863603747002434,1.1363841683294416,0.3164938390685515
recent_verified,45,2004,chicago,skip_51,17,135,9,11.0,118.0,0.559322033898305,0.3015186773962507,1.0375514389544969,0.31525175206535705
recent_verified,50,2004,chicago,original,22,529,13,19.0,81.0,1.4074074074074074,0.853963186407542,2.3195327877751555,0.25490637096729085
recent_verified,50,2004,chicago,skip_51,22,529,13,19.0,82.0,1.3902439024390245,0.8440376922635742,2.289919189610462,0.2546108813436455
recent_verified,55,2004,chicago,original,5,64,13,14.0,66.0,1.2727272727272727,0.7149390163149563,2.265696337420486,0.29424494316824984
recent_verified,55,2004,chicago,skip_51,5,64,13,14.0,56.0,1.5,0.835105754157176,2.694269544664789,0.2988071523335984
recent_verified,60,2004,chicago,original,10,228,4,3.0,55.0,0.32727272727272727,0.10238447323617227,1.0461296975124548,0.5928871321888775
recent_verified,60,2004,chicago,skip_51,10,228,4,3.0,56.0,0.3214285714285714,0.10061017101751163,1.0268974347795272,0.592613260221602
recent_verified,65,2004,chicago,original,5,73,5,5.0,41.0,0.7317073170731707,0.2891459522336833,1.8516447964165834,0.47369847361210593
recent_verified,65,2004,chicago,skip_51,5,73,5,5.0,36.0,0.8333333333333334,0.3270139223726693,2.1235929021182365,0.4772607021092118
recent_verified,70,2004,chicago,original,6,132,3,0.0,33.0,,,,
recent_verified,70,2004,chicago,skip_51,6,132,3,0.0,35.0,,,,
recent_verified,75,2004,chicago,original,4,124,1,5.0,37.0,0.8108108108108107,0.3186669854026654,2.0630131172734454,0.47647353234678946
recent_verified,75,2004,chicago,skip_51,4,124,1,5.0,39.0,0.7692307692307693,0.30318947850757244,1.951637567517312,0.4750168687962835
recent_verified,80,2004,chicago,original,13,129,5,3.0,33.0,0.5454545454545454,0.1672843408964788,1.7785326442547338,0.6030226891555273
recent_verified,80,2004,chicago,skip_51,13,129,5,3.0,33.0,0.5454545454545454,0.1672843408964788,1.7785326442547338,0.6030226891555273
recent_verified,85,2004,chicago,original,3,53,2,5.0,21.0,1.4285714285714286,0.5386726477921139,3.788602103513914,0.4976133515281193
recent_verified,85,2004,chicago,skip_51,3,53,2,5.0,24.0,1.25,0.4769304111404761,3.276159295993767,0.4915960401250875
recent_verified,90,2004,chicago,original,2,64,2,5.0,13.0,2.307692307692308,0.8226929727757298,6.473184970833576,0.5262348115842176
recent_verified,90,2004,chicago,skip_51,2,64,2,5.0,13.0,2.307692307692308,0.8226929727757298,6.473184970833576,0.5262348115842176
recent_verified,100,2004,chicago,original,6,267,11,9.0,28.0,1.9285714285714284,0.9100557774477159,4.086988783844872,0.38317802236740667
recent_verified,100,2004,chicago,skip_51,6,267,11,9.0,23.0,2.3478260869565215,1.0863895655147866,5.0739509192373085,0.3931785497463923
recent_verified,30,2004,cook_ex_chicago,original,69,797,26,24.0,338.0,0.42603550295857984,0.28159751168248415,0.6445591393784326,0.21124688529851385
recent_verified,30,2004,cook_ex_chicago,skip_51,69,797,26,24.0,335.0,0.4298507462686567,0.2840843660037555,0.6504112375732725,0.21130958637395592
recent_verified,35,2004,cook_ex_chicago,original,32,298,35,23.0,216.0,0.6388888888888888,0.4156459186639721,0.9820354152825693,0.21933511004669282
recent_verified,35,2004,cook_ex_chicago,skip_51,32,298,35,23.0,195.0,0.7076923076923077,0.4593859342580608,1.090212749277436,0.22046874154349036
recent_verified,40,2004,cook_ex_chicago,original,33,422,12,14.0,145.0,0.5793103448275861,0.3347220436515181,1.0026243624804503,0.27986625940386123
recent_verified,40,2004,cook_ex_chicago,skip_51,33,422,12,14.0,147.0,0.5714285714285714,0.33027653395710105,0.9886582262829193,0.2796985743921602
recent_verified,45,2004,cook_ex_chicago,original,18,175,12,14.0,108.0,0.7777777777777778,0.4457200316764737,1.3572158050191319,0.2840560344154489
recent_verified,45,2004,cook_ex_chicago,skip_51,18,175,12,14.0,119.0,0.7058823529411765,0.4057184709055289,1.228117357047304,0.282545452579066
recent_verified,50,2004,cook_ex_chicago,original,25,592,12,23.0,95.0,1.4526315789473683,0.9211749092291096,2.29070340823873,0.23238884796615972
recent_verified,50,2004,cook_ex_chicago,skip_51,25,592,12,23.0,96.0,1.4375,0.9120011614686617,2.2657934411753553,0.23215281074376826
recent_verified,55,2004,cook_ex_chicago,original,11,78,11,13.0,79.0,0.9873417721518988,0.5491576646310202,1.775161921287306,0.29930136112483385
recent_verified,55,2004,cook_ex_chicago,skip_51,11,78,11,13.0,73.0,1.0684931506849316,0.5922786697402838,1.9276021092592133,0.30103439514458014
recent_verified,60,2004,cook_ex_chicago,original,16,239,7,5.0,55.0,0.5454545454545455,0.21835118720412225,1.362578628340098,0.4670993664969138
recent_verified,60,2004,cook_ex_chicago,skip_51,16,239,7,5.0,55.0,0.5454545454545455,0.21835118720412225,1.362578628340098,0.4670993664969138
recent_verified,65,2004,cook_ex_chicago,original,7,98,2,7.0,40.0,1.05,0.470373067635156,2.3438841971606084,0.4097037257057139
recent_verified,65,2004,cook_ex_chicago,skip_51,7,98,2,7.0,44.0,0.9545454545454546,0.42995080230360994,2.119212291061093,0.4069206502309948
recent_verified,70,2004,cook_ex_chicago,original,7,161,3,6.0,37.0,0.9729729729729729,0.4106526193152063,2.3052973769277756,0.44010645722790037
recent_verified,70,2004,cook_ex_chicago,skip_51,7,161,3,6.0,38.0,0.9473684210526316,0.40048030725586986,2.241076299999771,0.4392976851069794
recent_verified,75,2004,cook_ex_chicago,original,6,124,3,4.0,31.0,0.7741935483870968,0.27328461407436566,2.193228668925734,0.5312796481290517
recent_verified,75,2004,cook_ex_chicago,skip_51,6,124,3,4.0,31.0,0.7741935483870968,0.27328461407436566,2.193228668925734,0.5312796481290517
recent_verified,80,2004,cook_ex_chicago,original,4,145,1,3.0,20.0,0.8999999999999999,0.26743644680864,3.0287569613859806,0.6191391873668903
recent_verified,80,2004,cook_ex_chicago,skip_51,4,145,1,3.0,20.0,0.8999999999999999,0.26743644680864,3.0287569613859806,0.6191391873668903
recent_verified,85,2004,cook_ex_chicago,original,2,41,4,1.0,16.0,0.375,0.04972979594286757,2.8277815610093806,1.0307764064044151
recent_verified,85,2004,cook_ex_chicago,skip_51,2,41,4,1.0,13.0,0.46153846153846156,0.06037513003930816,3.5282367315913272,1.0377490433255416
recent_verified,90,2004,cook_ex_chicago,original,2,75,3,1.0,23.0,0.2608695652173913,0.03522884375569465,1.9317389616487257,1.0215078369104984
recent_verified,90,2004,cook_ex_chicago,skip_51,2,75,3,1.0,23.0,0.2608695652173913,0.03522884375569465,1.9317389616487257,1.0215078369104984
recent_verified,100,2004,cook_ex_chicago,original,7,298,6,16.0,28.0,3.4285714285714284,1.8550212920269775,6.336909496047644,0.31339158526400435
recent_verified,100,2004,cook_ex_chicago,skip_51,7,298,6,16.0,24.0,4.0,2.124862472034333,7.52989909256653,0.3227486121839514
recent_verified,30,2004,illinois_ex_cook,original,274,1866,80,113.0,1121.0,0.6048171275646743,0.4984358309960291,0.7339034135338832,0.09869963618093423
recent_verified,30,2004,illinois_ex_cook,skip_51,274,1866,80,113.0,1143.0,0.5931758530183727,0.48892552365487363,0.719654784994301,0.0986126166410468
recent_verified,35,2004,illinois_ex_cook,original,107,886,118,102.0,721.0,0.8488210818307905,0.6898719170039022,1.0443927505985409,0.10578697519372858
recent_verified,35,2004,illinois_ex_cook,skip_51,107,886,118,102.0,669.0,0.9147982062780269,0.7427538679022844,1.1266932349648713,0.10629529566043484
recent_verified,40,2004,illinois_ex_cook,original,110,1091,56,66.0,532.0,0.7443609022556391,0.5763636272166236,0.961325674700467,0.1305036949654509
recent_verified,40,2004,illinois_ex_cook,skip_51,110,1091,56,66.0,523.0,0.75717017208413,0.5861396058838192,0.9781060070654024,0.13062756615897156
recent_verified,45,2004,illinois_ex_cook,original,58,483,27,47.0,384.0,0.734375,0.5424701842546327,0.9941682626594871,0.15453401700385427
recent_verified,45,2004,illinois_ex_cook,skip_51,58,483,27,47.0,408.0,0.6911764705882353,0.5110571983958431,0.9347777802452248,0.15403758027454767
recent_verified,50,2004,illinois_ex_cook,original,88,1318,33,51.0,312.0,0.9807692307692307,0.7294563338401878,1.3186646539344564,0.15103963500479967
recent_verified,50,2004,illinois_ex_cook,skip_51,88,1318,33,51.0,333.0,0.918918918918919,0.6843534924241947,1.2338827651130158,0.15036903318256026
recent_verified,55,2004,illinois_ex_cook,original,43,253,36,54.0,233.0,1.390557939914163,1.034258035168136,1.869602476855762,0.15103100347968543
recent_verified,55,2004,illinois_ex_cook,skip_51,43,253,36,54.0,212.0,1.5283018867924527,1.1335911670135406,2.0604488859302053,0.15243195088495715
recent_verified,60,2004,illinois_ex_cook,original,33,624,18,15.0,181.0,0.4972375690607735,0.29366676886203974,0.8419243384041848,0.2686848126432153
recent_verified,60,2004,illinois_ex_cook,skip_51,33,624,18,15.0,179.0,0.5027932960893855,0.2968811243398487,0.8515229762571214,0.2687996630307367
recent_verified,65,2004,illinois_ex_cook,original,33,235,19,16.0,150.0,0.64,0.3822201956646876,1.0716335888209636,0.26299556396765833
recent_verified,65,2004,illinois_ex_cook,skip_51,33,235,19,16.0,143.0,0.6713286713286714,0.40044359667335166,1.12545733954025,0.2636152632019
recent_verified,70,2004,illinois_ex_cook,original,25,363,8,12.0,115.0,0.6260869565217391,0.34546736832296937,1.1346509484513643,0.30336279519289505
recent_verified,70,2004,illinois_ex_cook,skip_51,25,363,8,12.0,115.0,0.6260869565217391,0.34546736832296937,1.1346509484513643,0.30336279519289505
recent_verified,75,2004,illinois_ex_cook,original,14,309,7,8.0,76.0,0.6315789473684211,0.30481311367715447,1.3086443753909252,0.37169597083751404
recent_verified,75,2004,illinois_ex_cook,skip_51,14,309,7,8.0,80.0,0.6,0.2900757812447226,1.2410550045068593,0.37080992435478316
recent_verified,80,2004,illinois_ex_cook,original,11,317,11,11.0,58.0,1.1379310344827587,0.5972863998180021,2.1679499811707807,0.32886238796711875
recent_verified,80,2004,illinois_ex_cook,skip_51,11,317,11,11.0,59.0,1.11864406779661,0.5876747876665583,2.1293487089777283,0.32841778796445203
recent_verified,85,2004,illinois_ex_cook,original,13,121,12,12.0,63.0,1.1428571428571428,0.6164299550427071,2.118849738392583,0.314970394174356
recent_verified,85,2004,illinois_ex_cook,skip_51,13,121,12,12.0,63.0,1.1428571428571428,0.6164299550427071,2.118849738392583,0.314970394174356
recent_verified,90,2004,illinois_ex_cook,original,8,164,1,12.0,38.0,1.8947368421052633,0.9901083517083937,3.6258937667140883,0.33113308926626095
recent_verified,90,2004,illinois_ex_cook,skip_51,8,164,1,12.0,42.0,1.7142857142857142,0.9025202994513973,3.256187713440279,0.32732683535398854
recent_verified,100,2004,illinois_ex_cook,original,10,599,23,15.0,70.0,1.2857142857142858,0.7361308748924156,2.245607786429809,0.2845213189769458
recent_verified,100,2004,illinois_ex_cook,skip_51,10,599,23,15.0,54.0,1.6666666666666667,0.9406070638072835,2.9531755444555152,0.29186501192363773
recent_verified,30,2005,chicago,original,9,49,0,3.0,25.0,0.72,0.2173853163667934,2.3847056860331155,0.6110100926607787
recent_verified,30,2005,chicago,skip_51,9,49,0,3.0,28.0,0.6428571428571428,0.1954366820466967,2.1145738957219162,0.6074928962939559
recent_verified,35,2005,chicago,original,2,8,2,3.0,13.0,1.3846153846153848,0.39456068401332156,4.858973133899172,0.6405126152203485
recent_verified,35,2005,chicago,skip_51,2,8,2,3.0,12.0,1.5,0.42328504922436166,5.315566907271961,0.6454972243679028
recent_verified,40,2005,chicago,original,1,18,2,1.0,6.0,1.0,0.12038721234828748,8.306530074863264,1.0801234497346435
recent_verified,40,2005,chicago,skip_51,1,18,2,1.0,4.0,1.5,0.16764921141452416,13.420880307254897,1.118033988749895
recent_verified,45,2005,chicago,original,0,11,0,0.0,4.0,,,,
recent_verified,45,2005,chicago,skip_51,0,11,0,0.0,6.0,,,,
recent_verified,50,2005,chicago,original,2,46,0,2.0,4.0,3.0,0.5494719775273402,16.379361219657806,0.8660254037844386
recent_verified,50,2005,chicago,skip_51,2,46,0,2.0,5.0,2.4,0.46562023909970934,12.370596284940559,0.8366600265340756
recent_verified,55,2005,chicago,original,1,4,1,1.0,3.0,2.0,0.20803147790205642,19.227859362145402,1.1547005383792515
recent_verified,55,2005,chicago,skip_51,1,4,1,1.0,2.0,3.0,0.272017831116511,33.08606631800218,1.224744871391589
recent_verified,60,2005,chicago,original,0,13,0,0.0,3.0,,,,
recent_verified,60,2005,chicago,skip_51,0,13,0,0.0,3.0,,,,
recent_verified,65,2005,chicago,original,1,1,1,0.0,4.0,,,,
recent_verified,65,2005,chicago,skip_51,1,1,1,0.0,4.0,,,,
recent_verified,70,2005,chicago,original,0,7,0,1.0,4.0,1.5,0.16764921141452416,13.420880307254897,1.118033988749895
recent_verified,70,2005,chicago,skip_51,0,7,0,1.0,5.0,1.2,0.14019080819423038,10.271714804617725,1.0954451150103321
recent_verified,75,2005,chicago,original,0,7,0,1.0,2.0,3.0,0.272017831116511,33.08606631800218,1.224744871391589
recent_verified,75,2005,chicago,skip_51,0,7,0,1.0,2.0,3.0,0.272017831116511,33.08606631800218,1.224744871391589
recent_verified,80,2005,chicago,original,0,10,0,0.0,1.0,,,,
recent_verified,80,2005,chicago,skip_51,0,10,0,0.0,1.0,,,,
recent_verified,85,2005,chicago,original,0,2,0,0.0,1.0,,,,
recent_verified,85,2005,chicago,skip_51,0,2,0,0.0,1.0,,,,
recent_verified,90,2005,chicago,original,0,2,0,0.0,0.0,,,,
recent_verified,90,2005,chicago,skip_51,0,2,0,0.0,0.0,,,,
recent_verified,100,2005,chicago,original,1,34,1,2.0,4.0,3.0,0.5494719775273402,16.379361219657806,0.8660254037844386
recent_verified,100,2005,chicago,skip_51,1,34,1,2.0,3.0,4.0,0.66835710493311,23.93929814152466,0.9128709291752768
recent_verified,30,2005,cook_ex_chicago,original,39,441,16,9.0,193.0,0.27979274611398963,0.14340262128797854,0.5459034156760566,0.34101680055588196
recent_verified,30,2005,cook_ex_chicago,skip_51,39,441,16,9.0,198.0,0.2727272727272727,0.13983392664312028,0.53191787626108,0.3408249054303634
recent_verified,35,2005,cook_ex_chicago,original,21,174,16,21.0,122.0,1.0327868852459017,0.6499913549522974,1.6410199031250379,0.23625361146556687
recent_verified,35,2005,cook_ex_chicago,skip_51,21,174,16,21.0,112.0,1.125,0.7058871258733423,1.7929566266478298,0.23779743280283544
recent_verified,40,2005,cook_ex_chicago,original,20,235,9,6.0,74.0,0.48648648648648646,0.2117138203406422,1.117872707380046,0.42447635997800887
recent_verified,40,2005,cook_ex_chicago,skip_51,20,235,9,6.0,77.0,0.4675324675324675,0.2037128828057327,1.0730131800522855,0.4238557297638899
recent_verified,45,2005,cook_ex_chicago,original,6,91,6,12.0,55.0,1.309090909090909,0.701067336851607,2.4444428062510073,0.31861442452461486
recent_verified,45,2005,cook_ex_chicago,skip_51,6,91,6,12.0,60.0,1.2,0.6456582986511669,2.2302818735673005,0.31622776601683794
recent_verified,50,2005,cook_ex_chicago,original,11,351,10,11.0,56.0,1.1785714285714286,0.6174855685843926,2.2494948593362265,0.329797261611181
recent_verified,50,2005,cook_ex_chicago,skip_51,11,351,10,11.0,50.0,1.3199999999999998,0.6872154767354518,2.535449300817694,0.3330301651638946
recent_verified,55,2005,cook_ex_chicago,original,4,53,5,4.0,40.0,0.6,0.21466893067630913,1.6770009468339409,0.5244044240850758
recent_verified,55,2005,cook_ex_chicago,skip_51,4,53,5,4.0,38.0,0.6315789473684211,0.22541300172733617,1.769604963787804,0.5256574830378468
recent_verified,60,2005,cook_ex_chicago,original,5,137,1,3.0,21.0,0.8571428571428571,0.2556645760257141,2.873663176071474,0.6172133998483676
recent_verified,60,2005,cook_ex_chicago,skip_51,5,137,1,3.0,24.0,0.75,0.22583919795807328,2.490710226948412,0.6123724356957945
recent_verified,65,2005,cook_ex_chicago,original,4,64,2,4.0,23.0,1.0434782608695652,0.3608677938317365,3.017301348357715,0.5417363388859614
recent_verified,65,2005,cook_ex_chicago,skip_51,4,64,2,4.0,23.0,1.0434782608695652,0.3608677938317365,3.017301348357715,0.5417363388859614
recent_verified,70,2005,cook_ex_chicago,original,6,106,2,2.0,24.0,0.5,0.11816561494286273,2.115674683543803,0.7359800721939872
recent_verified,70,2005,cook_ex_chicago,skip_51,6,106,2,2.0,24.0,0.5,0.11816561494286273,2.115674683543803,0.7359800721939872
recent_verified,75,2005,cook_ex_chicago,original,2,72,5,2.0,21.0,0.5714285714285714,0.13398317951184371,2.4371015334505746,0.7400128699009549
recent_verified,75,2005,cook_ex_chicago,skip_51,2,72,5,2.0,18.0,0.6666666666666666,0.1546852528417896,2.8732179459862106,0.7453559924999299
recent_verified,80,2005,cook_ex_chicago,original,3,93,1,2.0,16.0,0.75,0.17244411389004288,3.2619263557970557,0.75
recent_verified,80,2005,cook_ex_chicago,skip_51,3,93,1,2.0,18.0,0.6666666666666666,0.1546852528417896,2.8732179459862106,0.7453559924999299
recent_verified,85,2005,cook_ex_chicago,original,2,26,0,3.0,8.0,2.25,0.5969057465431279,8.481238502592003,0.67700320038633
recent_verified,85,2005,cook_ex_chicago,skip_51,2,26,0,3.0,10.0,1.7999999999999998,0.4953734835153245,6.540519643901709,0.6582805886043833
recent_verified,90,2005,cook_ex_chicago,original,1,46,0,2.0,14.0,0.8571428571428571,0.194802040297238,3.771489643691567,0.7559289460184544
recent_verified,90,2005,cook_ex_chicago,skip_51,1,46,0,2.0,16.0,0.75,0.17244411389004288,3.2619263557970557,0.75
recent_verified,100,2005,cook_ex_chicago,original,4,168,7,7.0,20.0,2.1,0.8879795907788592,4.966330359160539,0.43915503282683993
recent_verified,100,2005,cook_ex_chicago,skip_51,4,168,7,7.0,14.0,3.0,1.2108330464830979,7.432899214421658,0.4629100498862757
recent_verified,30,2005,illinois_ex_cook,original,284,1852,78,100.0,1130.0,0.5309734513274336,0.4327773010791773,0.6514500767751367,0.10433099133149454
recent_verified,30,2005,illinois_ex_cook,skip_51,284,1852,78,100.0,1146.0,0.5235602094240838,0.4267845774298091,0.6422802214245258,0.10427176199259386
recent_verified,35,2005,illinois_ex_cook,original,109,889,117,94.0,687.0,0.8209606986899564,0.6617776167912167,1.0184334611699828,0.10997227808876125
recent_verified,35,2005,illinois_ex_cook,skip_51,109,889,117,94.0,631.0,0.8938193343898573,0.7196823086039562,1.1100912068810798,0.1105580568128038
recent_verified,40,2005,illinois_ex_cook,original,97,1111,55,61.0,520.0,0.7038461538461538,0.5398526698165034,0.9176566792795717,0.1353385368105764
recent_verified,40,2005,illinois_ex_cook,skip_51,97,1111,55,61.0,510.0,0.7176470588235294,0.550287820791386,0.935905323685703,0.1354777728510338
recent_verified,45,2005,illinois_ex_cook,original,58,504,25,45.0,374.0,0.7219251336898396,0.5298867912073711,0.9835608422424907,0.15778472363846277
recent_verified,45,2005,illinois_ex_cook,skip_51,58,504,25,45.0,404.0,0.6683168316831684,0.4911452744097027,0.9093997454171673,0.15715428644161983
recent_verified,50,2005,illinois_ex_cook,original,77,1263,36,55.0,296.0,1.114864864864865,0.8360546813793265,1.4866535581854203,0.14683390807370264
recent_verified,50,2005,illinois_ex_cook,skip_51,77,1263,36,55.0,314.0,1.0509554140127388,0.7891496425473247,1.3996170342007737,0.14617295084116746
recent_verified,55,2005,illinois_ex_cook,original,45,237,33,54.0,232.0,1.396551724137931,1.0385913920657504,1.8778864653532157,0.15109223456585955
recent_verified,55,2005,illinois_ex_cook,skip_51,45,237,33,54.0,216.0,1.5,1.1132243280361884,2.0211559730905,0.15214515486254615
recent_verified,60,2005,illinois_ex_cook,original,36,606,19,17.0,183.0,0.5573770491803278,0.3390956982574649,0.9161696139155622,0.25355080415191283
recent_verified,60,2005,illinois_ex_cook,skip_51,36,606,19,17.0,186.0,0.5483870967741935,0.33374012358677346,0.9010855652489096,0.25337693955406876
recent_verified,65,2005,illinois_ex_cook,original,30,222,16,22.0,138.0,0.9565217391304348,0.6099351013145937,1.5000511291400576,0.22956681438339396
recent_verified,65,2005,illinois_ex_cook,skip_51,30,222,16,22.0,135.0,0.9777777777777777,0.6230610865216335,1.5344392442374974,0.22991727395294348
recent_verified,70,2005,illinois_ex_cook,original,23,365,11,13.0,114.0,0.6842105263157895,0.38548448710303373,1.2144303077913545,0.2927370949292869
recent_verified,70,2005,illinois_ex_cook,skip_51,23,365,11,13.0,114.0,0.6842105263157895,0.38548448710303373,1.2144303077913545,0.2927370949292869
recent_verified,75,2005,illinois_ex_cook,original,19,332,14,11.0,103.0,0.6407766990291262,0.34411052123330177,1.1932061145561028,0.31720313487285806
recent_verified,75,2005,illinois_ex_cook,skip_51,19,332,14,11.0,102.0,0.6470588235294118,0.3473820081860004,1.205258508618811,0.317353135288937
recent_verified,80,2005,illinois_ex_cook,original,17,319,8,13.0,77.0,1.0129870129870129,0.5628158364363199,1.8232299484992442,0.29985011240633197
recent_verified,80,2005,illinois_ex_cook,skip_51,17,319,8,13.0,81.0,0.9629629629629629,0.5361470945176252,1.7295583199470737,0.2987787742384365
recent_verified,85,2005,illinois_ex_cook,original,11,124,9,12.0,62.0,1.161290322580645,0.6258739439546906,2.1547393470291016,0.3153765457217734
recent_verified,85,2005,illinois_ex_cook,skip_51,11,124,9,12.0,63.0,1.1428571428571428,0.6164299550427071,2.118849738392583,0.314970394174356
recent_verified,90,2005,illinois_ex_cook,original,11,174,0,10.0,33.0,1.8181818181818181,0.8961260316638763,3.6889734336016846,0.36097511036500884
recent_verified,90,2005,illinois_ex_cook,skip_51,11,174,0,10.0,39.0,1.5384615384615385,0.7680071087234778,3.081825517552126,0.3544587784792833
recent_verified,100,2005,illinois_ex_cook,original,12,558,24,23.0,75.0,1.84,1.153263774597943,2.935668382699619,0.2383518286124496
recent_verified,100,2005,illinois_ex_cook,skip_51,12,558,24,23.0,57.0,2.4210526315789473,1.4918699946059772,3.9289588677755027,0.2470265583266059
recent_verified,30,2006,chicago,original,78,752,24,24.0,347.0,0.414985590778098,0.27439153381102444,0.6276179084739963,0.21106518198667948
recent_verified,30,2006,chicago,skip_51,78,752,24,24.0,344.0,0.41860465116279066,0.27675219100797943,0.6331651913464683,0.21112471056428403
recent_verified,35,2006,chicago,original,37,240,24,21.0,205.0,0.6146341463414634,0.39226875633421565,0.9630518050411143,0.2291224484845067
recent_verified,35,2006,chicago,skip_51,37,240,24,21.0,201.0,0.6268656716417911,0.3999090954655588,0.9826247383182027,0.22933419282164852
recent_verified,40,2006,chicago,original,38,444,14,20.0,150.0,0.8,0.5017180977389093,1.2756167315555988,0.23804761428476168
recent_verified,40,2006,chicago,skip_51,38,444,14,20.0,149.0,0.8053691275167786,0.5049923245499103,1.2844144356753122,0.2381415742703763
recent_verified,45,2006,chicago,original,21,143,10,13.0,116.0,0.6724137931034483,0.3790301452694096,1.192887465017833,0.2924786600390691
recent_verified,45,2006,chicago,skip_51,21,143,10,13.0,125.0,0.624,0.35247359382021476,1.1046955199673991,0.29141564289357724
recent_verified,50,2006,chicago,original,20,574,12,19.0,81.0,1.4074074074074074,0.853963186407542,2.3195327877751555,0.25490637096729085
recent_verified,50,2006,chicago,skip_51,20,574,12,19.0,82.0,1.3902439024390245,0.8440376922635742,2.289919189610462,0.2546108813436455
recent_verified,55,2006,chicago,original,5,83,15,13.0,69.0,1.1304347826086956,0.6249993455476784,2.0446146173349633,0.3023505094195565
recent_verified,55,2006,chicago,skip_51,5,83,15,13.0,56.0,1.3928571428571428,0.7618114219065215,2.5466289486090403,0.30786396310744096
recent_verified,60,2006,chicago,original,9,263,4,2.0,62.0,0.1935483870967742,0.047343142142885125,0.7912651432112962,0.7184212081070996
recent_verified,60,2006,chicago,skip_51,9,263,4,2.0,61.0,0.19672131147540986,0.04810190879011096,0.8045267924286867,0.7186052063706126
recent_verified,65,2006,chicago,original,7,70,5,3.0,50.0,0.36,0.1122853954772269,1.154201750362849,0.594418483337567
recent_verified,65,2006,chicago,skip_51,7,70,5,3.0,49.0,0.3673469387755102,0.11449988047034605,1.1785494698633079,0.5947617141331808
recent_verified,70,2006,chicago,original,6,137,4,4.0,42.0,0.5714285714285714,0.2049024431594238,1.593590623957771,0.5232681184722836
recent_verified,70,2006,chicago,skip_51,6,137,4,4.0,44.0,0.5454545454545455,0.19598592754092622,1.5180715518204535,0.5222329678670935
recent_verified,75,2006,chicago,original,4,143,4,6.0,33.0,1.0909090909090908,0.4570961664680506,2.6035717031358687,0.44381268229929727
recent_verified,75,2006,chicago,skip_51,4,143,4,6.0,34.0,1.0588235294117647,0.4445271375706278,2.5220221032239265,0.44280744277004763
recent_verified,80,2006,chicago,original,6,137,3,5.0,33.0,0.9090909090909091,0.3549024985612007,2.3286572631700424,0.47989897926858555
recent_verified,80,2006,chicago,skip_51,6,137,3,5.0,35.0,0.8571428571428572,0.3358099481529366,2.1878264226300463,0.4780914437337575
recent_verified,85,2006,chicago,original,5,49,1,5.0,29.0,1.0344827586206897,0.40043754122906056,2.67246316266665,0.4842341981115023
recent_verified,85,2006,chicago,skip_51,5,49,1,5.0,31.0,0.9677419354838709,0.37629730109968607,2.488788654495215,0.4819315973414993
recent_verified,90,2006,chicago,original,5,74,1,3.0,14.0,1.2857142857142856,0.36948126930976133,4.474005482274994,0.6362090102803518
recent_verified,90,2006,chicago,skip_51,5,74,1,3.0,16.0,1.125,0.3277983688388834,3.8609862656823313,0.6291528696058958
recent_verified,100,2006,chicago,original,5,288,13,7.0,30.0,1.4,0.6149349868325894,3.1873288103114428,0.41975049278169546
recent_verified,100,2006,chicago,skip_51,5,288,13,7.0,22.0,1.9090909090909092,0.8155335066333909,4.469010861637025,0.43394894666502914
recent_verified,30,2006,cook_ex_chicago,original,52,698,27,18.0,264.0,0.4090909090909091,0.2537809386933107,0.6594481554151401,0.2436050786486898
recent_verified,30,2006,cook_ex_chicago,skip_51,52,698,27,18.0,263.0,0.4106463878326996,0.2547311265212651,0.661993915478431,0.2436346381867259
recent_verified,35,2006,cook_ex_chicago,original,27,251,25,26.0,174.0,0.896551724137931,0.5937445617544993,1.3537892316511912,0.21025856676559002
recent_verified,35,2006,cook_ex_chicago,skip_51,27,251,25,26.0,166.0,0.9397590361445782,0.6215571027919684,1.4208622861011226,0.2109161796711685
recent_verified,40,2006,cook_ex_chicago,original,23,373,20,17.0,121.0,0.8429752066115702,0.5073855104555554,1.4005271816370986,0.2590134981457184
recent_verified,40,2006,cook_ex_chicago,skip_51,23,373,20,17.0,116.0,0.8793103448275863,0.5285436605567584,1.462862465716357,0.2597002484922514
recent_verified,45,2006,cook_ex_chicago,original,13,158,9,15.0,96.0,0.9375,0.5440518766030227,1.6154824342997531,0.2776388541492947
recent_verified,45,2006,cook_ex_chicago,skip_51,13,158,9,15.0,110.0,0.8181818181818182,0.47704572155342856,1.4032648388993705,0.27524094128159016
recent_verified,50,2006,cook_ex_chicago,original,18,544,10,23.0,76.0,1.8157894736842106,1.138911118150135,2.8949505893819443,0.23798351961093298
recent_verified,50,2006,cook_ex_chicago,skip_51,18,544,10,23.0,82.0,1.6829268292682928,1.05978744690031,2.6724629744906268,0.23595207738179533
recent_verified,55,2006,cook_ex_chicago,original,12,71,9,16.0,58.0,1.6551724137931036,0.9516387931155401,2.87881887455703,0.2823851612786069
recent_verified,55,2006,cook_ex_chicago,skip_51,12,71,9,16.0,54.0,1.7777777777777777,1.0176281773246216,3.1057452000489385,0.28463752127665554
recent_verified,60,2006,cook_ex_chicago,original,8,227,6,5.0,40.0,0.75,0.29600121955708286,1.9003300082401307,0.4743416490252569
recent_verified,60,2006,cook_ex_chicago,skip_51,8,227,6,5.0,42.0,0.7142857142857143,0.2826010601249317,1.8053862975853776,0.47308511264837305
recent_verified,65,2006,cook_ex_chicago,original,2,83,1,8.0,36.0,1.3333333333333333,0.6197623577816921,2.868482984576469,0.39086797998528583
recent_verified,65,2006,cook_ex_chicago,skip_51,2,83,1,8.0,42.0,1.1428571428571428,0.5365717320131574,2.4341991406799717,0.3857583749052298
recent_verified,70,2006,cook_ex_chicago,original,6,142,1,7.0,28.0,1.5,0.655218794627503,3.4339674295807443,0.4225771273642583
recent_verified,70,2006,cook_ex_chicago,skip_51,6,142,1,7.0,29.0,1.4482758620689655,0.6344375620951369,3.3060825808057603,0.42111744380615784
recent_verified,75,2006,cook_ex_chicago,original,4,110,5,2.0,26.0,0.46153846153846156,0.10954315648555553,1.9446011810640014,0.7337993857053428
recent_verified,75,2006,cook_ex_chicago,skip_51,4,110,5,2.0,23.0,0.5217391304347826,0.1230064191870192,2.2129879239307977,0.7372097807744856
recent_verified,80,2006,cook_ex_chicago,original,4,132,0,2.0,19.0,0.6315789473684211,0.14710913759347297,2.711537660300315,0.7433919416750281
recent_verified,80,2006,cook_ex_chicago,skip_51,4,132,0,2.0,21.0,0.5714285714285714,0.13398317951184371,2.4371015334505746,0.7400128699009549
recent_verified,85,2006,cook_ex_chicago,original,1,40,2,2.0,11.0,1.090909090909091,0.24179800100193674,4.92180514188191,0.7687061147858074
recent_verified,85,2006,cook_ex_chicago,skip_51,1,40,2,2.0,12.0,1.0,0.2238062118981221,4.468151225646971,0.7637626158259734
recent_verified,90,2006,cook_ex_chicago,original,3,66,2,3.0,19.0,0.9473684210526316,0.28034388185281994,3.201450016586936,0.6212607441973955
recent_verified,90,2006,cook_ex_chicago,skip_51,3,66,2,3.0,19.0,0.9473684210526316,0.28034388185281994,3.201450016586936,0.6212607441973955
recent_verified,100,2006,cook_ex_chicago,original,4,277,7,13.0,18.0,4.333333333333333,2.123241284839304,8.843920807238334,0.36397614273277923
recent_verified,100,2006,cook_ex_chicago,skip_51,4,277,7,13.0,14.0,5.571428571428571,2.6188340202668754,11.852914727053744,0.38516444325982163
recent_verified,30,2006,illinois_ex_cook,original,231,1779,78,93.0,968.0,0.5764462809917354,0.4659602310730609,0.7131302044897067,0.10856217584077191
recent_verified,30,2006,illinois_ex_cook,skip_51,231,1779,78,93.0,963.0,0.5794392523364486,0.4683568715696396,0.7168675587549271,0.10858687660676254
recent_verified,35,2006,illinois_ex_cook,original,87,761,101,73.0,636.0,0.6886792452830188,0.5405392356608396,0.8774184584468795,0.12357571436577439
recent_verified,35,2006,illinois_ex_cook,skip_51,87,761,101,73.0,583.0,0.7512864493996569,0.5890126654019308,0.9582668798240296,0.12415271242786266
recent_verified,40,2006,illinois_ex_cook,original,85,1054,54,48.0,463.0,0.6220302375809935,0.4621013258089095,0.8373090377694979,0.1516349581961766
recent_verified,40,2006,illinois_ex_cook,skip_51,85,1054,54,48.0,440.0,0.6545454545454545,0.48590238363867944,0.8817197990629724,0.15200677815828018
recent_verified,45,2006,illinois_ex_cook,original,46,452,28,31.0,331.0,0.5619335347432024,0.38886858315246253,0.8120205929446019,0.18782761392399897
recent_verified,45,2006,illinois_ex_cook,skip_51,46,452,28,31.0,356.0,0.5224719101123595,0.3619614518115562,0.7541601336005643,0.1872619910183964
recent_verified,50,2006,illinois_ex_cook,original,63,1305,19,53.0,262.0,1.2137404580152673,0.9034834550404969,1.630539985214316,0.1506144694955689
recent_verified,50,2006,illinois_ex_cook,skip_51,63,1305,19,53.0,291.0,1.092783505154639,0.8154698318505577,1.464402167310222,0.1493464115576279
recent_verified,55,2006,illinois_ex_cook,original,38,237,30,48.0,212.0,1.3584905660377358,0.9931025743575622,1.8583142020424013,0.15984465729391398
recent_verified,55,2006,illinois_ex_cook,skip_51,38,237,30,48.0,193.0,1.4922279792746116,1.0877817996023398,2.047050560088449,0.16129067078908316
recent_verified,60,2006,illinois_ex_cook,original,35,614,15,11.0,175.0,0.3771428571428571,0.20507417608427905,0.6935867665533016,0.3108430096099583
recent_verified,60,2006,illinois_ex_cook,skip_51,35,614,15,11.0,172.0,0.3837209302325581,0.20858551521664484,0.7059059309348918,0.3110032867952733
recent_verified,65,2006,illinois_ex_cook,original,29,221,16,12.0,133.0,0.5413533834586466,0.29985385380008556,0.977354408049435,0.3014168713357209
recent_verified,65,2006,illinois_ex_cook,skip_51,29,221,16,12.0,126.0,0.5714285714285714,0.3160833271986316,1.0330523129418374,0.3021089890583219
recent_verified,70,2006,illinois_ex_cook,original,24,364,9,9.0,101.0,0.5346534653465347,0.27037169306076936,1.0572642600673767,0.34786793645020087
recent_verified,70,2006,illinois_ex_cook,skip_51,24,364,9,9.0,101.0,0.5346534653465347,0.27037169306076936,1.0572642600673767,0.34786793645020087
recent_verified,75,2006,illinois_ex_cook,original,12,323,13,9.0,82.0,0.6585365853658537,0.3308834927902086,1.3106439085502526,0.3511498726503124
recent_verified,75,2006,illinois_ex_cook,skip_51,12,323,13,9.0,76.0,0.7105263157894737,0.35604976952014655,1.4179131364408786,0.35251809293701963
recent_verified,80,2006,illinois_ex_cook,original,15,317,10,7.0,67.0,0.6268656716417911,0.2877764803957684,1.3655062072567208,0.39721847387989295
recent_verified,80,2006,illinois_ex_cook,skip_51,15,317,10,7.0,71.0,0.5915492957746479,0.27212843183392604,1.2859022740594657,0.39615861709597633
recent_verified,85,2006,illinois_ex_cook,original,8,104,10,14.0,56.0,1.5,0.835105754157176,2.694269544664789,0.2988071523335984
recent_verified,85,2006,illinois_ex_cook,skip_51,8,104,10,14.0,55.0,1.5272727272727273,0.8493853754849962,2.7461762949935293,0.2993499450649517
recent_verified,90,2006,illinois_ex_cook,original,9,160,3,9.0,33.0,1.6363636363636365,0.7830310572621527,3.419642076236007,0.37605071654517747
recent_verified,90,2006,illinois_ex_cook,skip_51,9,160,3,9.0,37.0,1.4594594594594594,0.7044021306909293,3.0238720483659187,0.3716693935988517
recent_verified,100,2006,illinois_ex_cook,original,13,641,28,31.0,82.0,2.2682926829268295,1.5004761781094877,3.4290125831267675,0.21083924318624495
recent_verified,100,2006,illinois_ex_cook,skip_51,13,641,28,31.0,60.0,3.1,2.00946993596337,4.782355698888733,0.22118935594371555
recent_verified,30,2007,chicago,original,73,751,23,24.0,336.0,0.42857142857142855,0.28325054776916314,0.6484487703001406,0.21128856368212914
recent_verified,30,2007,chicago,skip_51,73,751,23,24.0,335.0,0.4298507462686567,0.2840843660037555,0.6504112375732725,0.21130958637395592
recent_verified,35,2007,chicago,original,36,235,26,22.0,205.0,0.6439024390243903,0.41481085960440817,0.9995166263895772,0.22434926840761762
recent_verified,35,2007,chicago,skip_51,36,235,26,22.0,199.0,0.663316582914573,0.42704347368267637,1.0303140459568494,0.2246768147421673
recent_verified,40,2007,chicago,original,39,439,13,20.0,150.0,0.8,0.5017180977389093,1.2756167315555988,0.23804761428476168
recent_verified,40,2007,chicago,skip_51,39,439,13,20.0,149.0,0.8053691275167786,0.5049923245499103,1.2844144356753122,0.2381415742703763
recent_verified,45,2007,chicago,original,19,144,9,12.0,113.0,0.6371681415929203,0.3514071504566587,1.1553072842524539,0.30361635472328763
recent_verified,45,2007,chicago,skip_51,19,144,9,12.0,124.0,0.5806451612903225,0.32104815208211784,1.0501502691833857,0.30232077246257094
recent_verified,50,2007,chicago,original,18,580,13,20.0,79.0,1.518987341772152,0.9299950915236047,2.481005077869774,0.2503162556609164
recent_verified,50,2007,chicago,skip_51,18,580,13,20.0,80.0,1.5,0.9189395912766242,2.4484743299330685,0.25
recent_verified,55,2007,chicago,original,6,80,15,14.0,69.0,1.2173913043478262,0.6853596368854574,2.162429049129124,0.293123395606287
recent_verified,55,2007,chicago,skip_51,6,80,15,14.0,57.0,1.4736842105263157,0.821298949374804,2.6442809332798545,0.29828246860600816
recent_verified,60,2007,chicago,original,9,259,4,3.0,60.0,0.3,0.0940880303546699,0.9565510050613255,0.5916079783099616
recent_verified,60,2007,chicago,skip_51,9,259,4,3.0,59.0,0.30508474576271183,0.0956379885935029,0.9732189422417611,0.5918466742963977
recent_verified,65,2007,chicago,original,7,67,4,3.0,45.0,0.4,0.12430601034258829,1.287146128807761,0.5962847939999438
recent_verified,65,2007,chicago,skip_51,7,67,4,3.0,45.0,0.4,0.12430601034258829,1.287146128807761,0.5962847939999438
recent_verified,70,2007,chicago,original,6,137,4,4.0,38.0,0.6315789473684211,0.22541300172733617,1.769604963787804,0.5256574830378468
recent_verified,70,2007,chicago,skip_51,6,137,4,4.0,39.0,0.6153846153846154,0.21990981909387983,1.7220614632510076,0.5250152622934172
recent_verified,75,2007,chicago,original,3,143,4,5.0,31.0,0.9677419354838709,0.37629730109968607,2.488788654495215,0.4819315973414993
recent_verified,75,2007,chicago,skip_51,3,143,4,5.0,32.0,0.9375,0.36528685127097504,2.4060714119381608,0.48088460154178364
recent_verified,80,2007,chicago,original,6,138,3,5.0,32.0,0.9375,0.36528685127097504,2.4060714119381608,0.48088460154178364
recent_verified,80,2007,chicago,skip_51,6,138,3,5.0,34.0,0.8823529411764706,0.34509231166011733,2.256053486261269,0.47896948201934786
recent_verified,85,2007,chicago,original,5,49,1,5.0,29.0,1.0344827586206897,0.40043754122906056,2.67246316266665,0.4842341981115023
recent_verified,85,2007,chicago,skip_51,5,49,1,5.0,31.0,0.9677419354838709,0.37629730109968607,2.488788654495215,0.4819315973414993
recent_verified,90,2007,chicago,original,5,73,1,3.0,14.0,1.2857142857142856,0.36948126930976133,4.474005482274994,0.6362090102803518
recent_verified,90,2007,chicago,skip_51,5,73,1,3.0,16.0,1.125,0.3277983688388834,3.8609862656823313,0.6291528696058958
recent_verified,100,2007,chicago,original,5,286,14,7.0,31.0,1.3548387096774193,0.5965965091661812,3.076766124236697,0.4184676897602393
recent_verified,100,2007,chicago,skip_51,5,286,14,7.0,22.0,1.9090909090909092,0.8155335066333909,4.469010861637025,0.43394894666502914
recent_verified,30,2007,cook_ex_chicago,original,65,880,33,29.0,348.0,0.5,0.3423328605213663,0.7302833844792312,0.19327783587126707
recent_verified,30,2007,cook_ex_chicago,skip_51,65,880,33,29.0,347.0,0.5014409221902018,0.3433049960219946,0.7324186987096766,0.19329925763202796
recent_verified,35,2007,cook_ex_chicago,original,35,320,30,32.0,227.0,0.8458149779735682,0.5841755446759961,1.2246369836676658,0.1888260743213509
recent_verified,35,2007,cook_ex_chicago,skip_51,35,320,30,32.0,213.0,0.9014084507042254,0.6216390807897725,1.3070883413068068,0.18959123313262977
recent_verified,40,2007,cook_ex_chicago,original,30,482,22,16.0,153.0,0.6274509803921569,0.37490834092616593,1.0501092929074434,0.26274692712269404
recent_verified,40,2007,cook_ex_chicago,skip_51,30,482,22,16.0,149.0,0.6442953020134229,0.3847212943323554,1.0790056134453387,0.26308061387333953
recent_verified,45,2007,cook_ex_chicago,original,18,189,12,18.0,122.0,0.8852459016393444,0.5396824343813429,1.4520767333618951,0.25249213228738626
recent_verified,45,2007,cook_ex_chicago,skip_51,18,189,12,18.0,142.0,0.7605633802816901,0.46576265801348693,1.241955844834518,0.2501955416802672
recent_verified,50,2007,cook_ex_chicago,original,21,687,13,32.0,110.0,1.7454545454545456,1.177446482548138,2.587473499139167,0.2008504645025973
recent_verified,50,2007,cook_ex_chicago,skip_51,21,687,13,32.0,112.0,1.7142857142857142,1.1573379244738538,2.5392544805270254,0.20044593143431827
recent_verified,55,2007,cook_ex_chicago,original,14,91,10,15.0,82.0,1.0975609756097562,0.6329755620925416,1.9031383947889613,0.28082341180515236
recent_verified,55,2007,cook_ex_chicago,skip_51,14,91,10,15.0,78.0,1.1538461538461537,0.6639880121006891,2.0050978669531614,0.2819347078441735
recent_verified,60,2007,cook_ex_chicago,original,8,281,6,6.0,44.0,0.8181818181818182,0.34866238275825145,1.919970494974377,0.4351941398892446
recent_verified,60,2007,cook_ex_chicago,skip_51,8,281,6,6.0,44.0,0.8181818181818182,0.34866238275825145,1.919970494974377,0.4351941398892446
recent_verified,65,2007,cook_ex_chicago,original,2,96,6,6.0,44.0,0.8181818181818182,0.34866238275825145,1.919970494974377,0.4351941398892446
recent_verified,65,2007,cook_ex_chicago,skip_51,2,96,6,6.0,45.0,0.8,0.3413025338691114,1.8751692017775594,0.4346134936801766
recent_verified,70,2007,cook_ex_chicago,original,8,186,3,7.0,45.0,0.9333333333333333,0.4209083824884355,2.0695979157294286,0.406299600146696
recent_verified,70,2007,cook_ex_chicago,skip_51,8,186,3,7.0,46.0,0.9130434782608695,0.41223862228474695,2.0222471843477057,0.4057046626450397
recent_verified,75,2007,cook_ex_chicago,original,8,132,6,4.0,42.0,0.5714285714285714,0.2049024431594238,1.593590623957771,0.5232681184722836
recent_verified,75,2007,cook_ex_chicago,skip_51,8,132,6,4.0,37.0,0.6486486486486486,0.23119867348635487,1.819842056397222,0.5263335701121742
recent_verified,80,2007,cook_ex_chicago,original,7,165,2,1.0,33.0,0.18181818181818182,0.024866756933469614,1.3293993795859618,1.0150384378451045
recent_verified,80,2007,cook_ex_chicago,skip_51,7,165,2,1.0,35.0,0.17142857142857143,0.02348504603347151,1.2513390461384069,1.01418510567422
recent_verified,85,2007,cook_ex_chicago,original,5,53,3,4.0,23.0,1.0434782608695652,0.3608677938317365,3.017301348357715,0.5417363388859614
recent_verified,85,2007,cook_ex_chicago,skip_51,5,53,3,4.0,24.0,1.0,0.34696860426886966,2.882105146392696,0.5400617248673217
recent_verified,90,2007,cook_ex_chicago,original,5,76,4,4.0,27.0,0.8888888888888888,0.3110288978917995,2.5403538454005354,0.5357583756107197
recent_verified,90,2007,cook_ex_chicago,skip_51,5,76,4,4.0,25.0,0.96,0.33410021145222696,2.7584538064016746,0.5385164807134504
recent_verified,100,2007,cook_ex_chicago,original,7,320,14,18.0,33.0,3.272727272727273,1.8428469008832271,5.81206382175292,0.2930163576638442
recent_verified,100,2007,cook_ex_chicago,skip_51,7,320,14,18.0,21.0,5.142857142857143,2.7402277474415735,9.652109981198079,0.3212080372198105
recent_verified,30,2007,illinois_ex_cook,original,273,2135,83,111.0,1169.0,0.5697177074422584,0.4689396111046904,0.6921536557951401,0.09931989227826192
recent_verified,30,2007,illinois_ex_cook,skip_51,273,2135,83,111.0,1184.0,0.5625,0.4630481796401293,0.6833117241620599,0.09926531923891448
recent_verified,35,2007,illinois_ex_cook,original,112,945,116,98.0,759.0,0.7747035573122529,0.6277214536178747,0.9561017840846489,0.10733873806462675
recent_verified,35,2007,illinois_ex_cook,skip_51,112,945,116,98.0,700.0,0.84,0.6799413385765578,1.0377365810367671,0.10785477764672499
recent_verified,40,2007,illinois_ex_cook,original,121,1225,66,57.0,578.0,0.5916955017301039,0.45073697888941666,0.7767358418878106,0.13883070069459125
recent_verified,40,2007,illinois_ex_cook,skip_51,121,1225,66,57.0,554.0,0.6173285198555957,0.47001499478447845,0.8108134967095003,0.13910037311505444
recent_verified,45,2007,illinois_ex_cook,original,63,505,36,42.0,428.0,0.588785046728972,0.4288618041256956,0.808343918522603,0.16169716264565265
recent_verified,45,2007,illinois_ex_cook,skip_51,63,505,36,42.0,455.0,0.5538461538461539,0.4037524415317294,0.759736736120942,0.16126787035031498
recent_verified,50,2007,illinois_ex_cook,original,91,1521,32,63.0,338.0,1.1183431952662721,0.8546022761157926,1.463477850869795,0.13722826150131276
recent_verified,50,2007,illinois_ex_cook,skip_51,91,1521,32,63.0,359.0,1.0529247910863508,0.8056089629200115,1.3761646986471188,0.1365962341843659
recent_verified,55,2007,illinois_ex_cook,original,54,270,41,53.0,268.0,1.1865671641791045,0.8837479038334454,1.5931484861245997,0.1503305285425551
recent_verified,55,2007,illinois_ex_cook,skip_51,54,270,41,53.0,244.0,1.3032786885245902,0.9683636243165964,1.7540263773962843,0.15154631366034474
recent_verified,60,2007,illinois_ex_cook,original,46,724,22,17.0,225.0,0.4533333333333333,0.27689169140660336,0.7422075760638372,0.25153125820901295
recent_verified,60,2007,illinois_ex_cook,skip_51,46,724,22,17.0,222.0,0.4594594594594595,0.280567825437045,0.7524134121863053,0.2516506187480357
recent_verified,65,2007,illinois_ex_cook,original,34,255,15,19.0,168.0,0.6785714285714286,0.4222463559244588,1.0904988929160755,0.24204123594906174
recent_verified,65,2007,illinois_ex_cook,skip_51,34,255,15,19.0,163.0,0.6993865030674846,0.4348773327981841,1.1247803547856177,0.24241812694706186
recent_verified,70,2007,illinois_ex_cook,original,29,439,8,10.0,127.0,0.47244094488188976,0.24818311172837199,0.8993377705940689,0.3284417996358434
recent_verified,70,2007,illinois_ex_cook,skip_51,29,439,8,10.0,131.0,0.45801526717557256,0.2407777662786437,0.8712514789390577,0.32807558242920115
recent_verified,75,2007,illinois_ex_cook,original,19,395,14,12.0,103.0,0.6990291262135921,0.3844591573583448,1.2709847325589578,0.30502798428572253
recent_verified,75,2007,illinois_ex_cook,skip_51,19,395,14,12.0,97.0,0.7422680412371133,0.4074544898909177,1.352204623366606,0.30601080321428
recent_verified,80,2007,illinois_ex_cook,original,17,393,12,8.0,84.0,0.5714285714285714,0.2766980608242687,1.1800972195908448,0.37000643495047747
recent_verified,80,2007,illinois_ex_cook,skip_51,17,393,12,8.0,90.0,0.5333333333333333,0.2587957467366217,1.0991078795971312,0.3689323936863109
recent_verified,85,2007,illinois_ex_cook,original,15,129,11,18.0,74.0,1.4594594594594594,0.8719341575824994,2.442870135643427,0.26280994857324
recent_verified,85,2007,illinois_ex_cook,skip_51,15,129,11,18.0,75.0,1.44,0.8608869641821872,2.408678591120087,0.26246692913372704
recent_verified,90,2007,illinois_ex_cook,original,11,184,2,12.0,43.0,1.6744186046511627,0.8829959480231078,3.175187462500762,0.3264799339727048
recent_verified,90,2007,illinois_ex_cook,skip_51,11,184,2,12.0,53.0,1.3584905660377358,0.725991587907885,2.54203581522447,0.31968931458782796
recent_verified,100,2007,illinois_ex_cook,original,14,770,39,30.0,88.0,2.0454545454545454,1.35153845838222,3.095645759521142,0.21141657857644394
recent_verified,100,2007,illinois_ex_cook,skip_51,14,770,39,30.0,54.0,3.3333333333333335,2.1332810017439994,5.208461099136756,0.2277100170213244
recent_verified,30,2008,chicago,original,58,804,27,22.0,301.0,0.4385382059800665,0.28445404111031575,0.6760872770643189,0.22085471376169014
recent_verified,30,2008,chicago,skip_51,58,804,27,22.0,300.0,0.44,0.28538819783568664,0.6783742336516171,0.22087978356535662
recent_verified,35,2008,chicago,original,38,242,24,26.0,185.0,0.8432432432432433,0.5593327173959993,1.2712633199533796,0.20944436938467426
recent_verified,35,2008,chicago,skip_51,38,242,24,26.0,184.0,0.8478260869565217,0.5622952851500772,1.2783480365341433,0.20951448892674251
recent_verified,40,2008,chicago,original,28,464,15,23.0,118.0,1.1694915254237288,0.748131156394319,1.8281693207775431,0.2279316501514251
recent_verified,40,2008,chicago,skip_51,28,464,15,23.0,115.0,1.2,0.7669190747892631,1.8776426970416509,0.22841609628806428
recent_verified,45,2008,chicago,original,15,149,7,12.0,97.0,0.7422680412371133,0.4074544898909177,1.352204623366606,0.30601080321428
recent_verified,45,2008,chicago,skip_51,15,149,7,12.0,117.0,0.6153846153846154,0.33972510140347484,1.11471958735928,0.3031177030137664
recent_verified,50,2008,chicago,original,23,615,11,27.0,70.0,2.3142857142857145,1.48449166236856,3.607914078009289,0.22654525226265793
recent_verified,50,2008,chicago,skip_51,23,615,11,27.0,71.0,2.2816901408450705,1.4648590264676837,3.5540006272026403,0.22610073878537099
recent_verified,55,2008,chicago,original,4,85,11,12.0,61.0,1.180327868852459,0.6356120682595261,2.1918619037625673,0.3157954653827128
recent_verified,55,2008,chicago,skip_51,4,85,11,12.0,54.0,1.3333333333333333,0.7133115686897918,2.4922878806566864,0.3191423692521127
recent_verified,60,2008,chicago,original,11,275,4,4.0,58.0,0.4137931034482759,0.15022533050178272,1.1397860260279051,0.5169539431229293
recent_verified,60,2008,chicago,skip_51,11,275,4,4.0,59.0,0.4067796610169491,0.14776099482819963,1.1198469041809995,0.516671222870379
recent_verified,65,2008,chicago,original,7,75,3,5.0,42.0,0.7142857142857143,0.2826010601249317,1.8053862975853776,0.47308511264837305
recent_verified,65,2008,chicago,skip_51,7,75,3,5.0,40.0,0.75,0.29600121955708286,1.9003300082401307,0.4743416490252569
recent_verified,70,2008,chicago,original,7,129,5,1.0,39.0,0.15384615384615385,0.02113613093404899,1.119818907590402,1.0127393670836666
recent_verified,70,2008,chicago,skip_51,7,129,5,1.0,38.0,0.15789473684210528,0.021678187831637403,1.1500383757194614,1.0130724502589556
recent_verified,75,2008,chicago,original,5,149,4,4.0,39.0,0.6153846153846154,0.21990981909387983,1.7220614632510076,0.5250152622934172
recent_verified,75,2008,chicago,skip_51,5,149,4,4.0,39.0,0.6153846153846154,0.21990981909387983,1.7220614632510076,0.5250152622934172
recent_verified,80,2008,chicago,original,8,155,7,4.0,37.0,0.6486486486486486,0.23119867348635487,1.819842056397222,0.5263335701121742
recent_verified,80,2008,chicago,skip_51,8,155,7,4.0,34.0,0.7058823529411764,0.2504862604623284,1.9892104871305234,0.5285941398709244
recent_verified,85,2008,chicago,original,5,47,2,4.0,30.0,0.8,0.2818350748008432,2.2708316218350455,0.5322906474223771
recent_verified,85,2008,chicago,skip_51,5,47,2,4.0,31.0,0.7741935483870968,0.27328461407436566,2.193228668925734,0.5312796481290517
recent_verified,90,2008,chicago,original,4,77,1,3.0,14.0,1.2857142857142856,0.36948126930976133,4.474005482274994,0.6362090102803518
recent_verified,90,2008,chicago,skip_51,4,77,1,3.0,16.0,1.125,0.3277983688388834,3.8609862656823313,0.6291528696058958
recent_verified,100,2008,chicago,original,5,336,17,9.0,30.0,1.8,0.8545947097087058,3.791270836563423,0.38005847503304596
recent_verified,100,2008,chicago,skip_51,5,336,17,9.0,18.0,3.0,1.3477622699843832,6.677735532768909,0.408248290463863
recent_verified,30,2008,cook_ex_chicago,original,26,487,16,16.0,140.0,0.6857142857142857,0.40879686014094224,1.1502145135619173,0.2638993314558738
recent_verified,30,2008,cook_ex_chicago,skip_51,26,487,16,16.0,137.0,0.7007299270072993,0.41750617537257945,1.1760842343600553,0.26419551486161286
recent_verified,35,2008,cook_ex_chicago,original,19,164,13,13.0,86.0,0.9069767441860465,0.5061684248330357,1.6251642222955047,0.2975751735273309
recent_verified,35,2008,cook_ex_chicago,skip_51,19,164,13,13.0,78.0,1.0,0.5559028135825342,1.7988755868232913,0.29957234475763905
recent_verified,40,2008,cook_ex_chicago,original,11,237,6,5.0,54.0,0.5555555555555556,0.22223774057702927,1.3887919059439158,0.46745964373250287
recent_verified,40,2008,cook_ex_chicago,skip_51,11,237,6,5.0,53.0,0.5660377358490566,0.22626516999683094,1.4160319876435858,0.46783322298475327
recent_verified,45,2008,cook_ex_chicago,original,3,77,5,5.0,41.0,0.7317073170731707,0.2891459522336833,1.8516447964165834,0.47369847361210593
recent_verified,45,2008,cook_ex_chicago,skip_51,3,77,5,5.0,48.0,0.625,0.24881027725778682,1.5699713223472764,0.4699290726623895
recent_verified,50,2008,cook_ex_chicago,original,8,447,10,12.0,54.0,1.3333333333333333,0.7133115686897918,2.4922878806566864,0.3191423692521127
recent_verified,50,2008,cook_ex_chicago,skip_51,8,447,10,12.0,50.0,1.44,0.766892429262708,2.703899426929489,0.32145502536643183
recent_verified,55,2008,cook_ex_chicago,original,7,45,3,6.0,46.0,0.7826086956521738,0.3342470476931968,1.8324062238915717,0.4340573661412156
recent_verified,55,2008,cook_ex_chicago,skip_51,7,45,3,6.0,47.0,0.7659574468085106,0.32747742288706727,1.7915458267293638,0.43352423509112786
recent_verified,60,2008,cook_ex_chicago,original,5,166,4,4.0,23.0,1.0434782608695652,0.3608677938317365,3.017301348357715,0.5417363388859614
recent_verified,60,2008,cook_ex_chicago,skip_51,5,166,4,4.0,22.0,1.090909090909091,0.37592675926332586,3.165730066569911,0.543557306504609
recent_verified,65,2008,cook_ex_chicago,original,1,50,3,3.0,21.0,0.8571428571428571,0.2556645760257141,2.873663176071474,0.6172133998483676
recent_verified,65,2008,cook_ex_chicago,skip_51,1,50,3,3.0,22.0,0.8181818181818182,0.24488481862104947,2.7336177529208614,0.6154574548966637
recent_verified,70,2008,cook_ex_chicago,original,4,96,2,4.0,24.0,1.0,0.34696860426886966,2.882105146392696,0.5400617248673217
recent_verified,70,2008,cook_ex_chicago,skip_51,4,96,2,4.0,24.0,1.0,0.34696860426886966,2.882105146392696,0.5400617248673217
recent_verified,75,2008,cook_ex_chicago,original,4,90,4,2.0,23.0,0.5217391304347826,0.1230064191870192,2.2129879239307977,0.7372097807744856
recent_verified,75,2008,cook_ex_chicago,skip_51,4,90,4,2.0,20.0,0.6,0.14023993144122696,2.567029207019201,0.7416198487095663
recent_verified,80,2008,cook_ex_chicago,original,4,108,1,1.0,16.0,0.375,0.04972979594286757,2.8277815610093806,1.0307764064044151
recent_verified,80,2008,cook_ex_chicago,skip_51,4,108,1,1.0,19.0,0.31578947368421056,0.0422734064389155,2.359000612686586,1.025978352085154
recent_verified,85,2008,cook_ex_chicago,original,1,18,2,4.0,12.0,2.0,0.645029422432894,6.201267509492782,0.5773502691896257
recent_verified,85,2008,cook_ex_chicago,skip_51,1,18,2,4.0,11.0,2.181818181818182,0.694727990662836,6.852078284582422,0.5838742081211422
recent_verified,90,2008,cook_ex_chicago,original,4,47,2,1.0,15.0,0.4,0.052835602406824625,3.0282611101512353,1.0327955589886444
recent_verified,90,2008,cook_ex_chicago,skip_51,4,47,2,1.0,13.0,0.46153846153846156,0.06037513003930816,3.5282367315913272,1.0377490433255416
recent_verified,100,2008,cook_ex_chicago,original,6,235,12,17.0,24.0,4.25,2.2832395397752077,7.910908901734555,0.3170018865534263
recent_verified,100,2008,cook_ex_chicago,skip_51,6,235,12,17.0,13.0,7.846153846153847,3.81097420065038,16.15390893147705,0.36843806309180605
recent_verified,30,2008,illinois_ex_cook,original,242,1934,68,105.0,986.0,0.6389452332657201,0.5224949571911731,0.7813491891054032,0.10265480167420804
recent_verified,30,2008,illinois_ex_cook,skip_51,242,1934,68,105.0,1004.0,0.6274900398406374,0.5132166344327717,0.7672076929743065,0.10256620037841171
recent_verified,35,2008,illinois_ex_cook,original,90,829,98,86.0,640.0,0.8062499999999999,0.6437360963597518,1.0097912268333102,0.11484949706787656
recent_verified,35,2008,illinois_ex_cook,skip_51,90,829,98,86.0,591.0,0.8730964467005076,0.6963401749793326,1.0947198404338472,0.11541210661828659
recent_verified,40,2008,illinois_ex_cook,original,99,1110,56,49.0,501.0,0.5868263473053892,0.43762207456723584,0.7869008030098291,0.14968022998825883
recent_verified,40,2008,illinois_ex_cook,skip_51,99,1110,56,49.0,475.0,0.6189473684210526,0.461246467168542,0.8305664588111866,0.1500447480693705
recent_verified,45,2008,illinois_ex_cook,original,59,458,30,30.0,368.0,0.4891304347826087,0.3371349973082159,0.7096521694302113,0.18987028371412193
recent_verified,45,2008,illinois_ex_cook,skip_51,59,458,30,30.0,385.0,0.4675324675324675,0.32244831751235875,0.6778965692342924,0.18955404488096775
recent_verified,50,2008,illinois_ex_cook,original,68,1458,24,47.0,279.0,1.010752688172043,0.7420459556194959,1.3767624348738785,0.15767315921031663
recent_verified,50,2008,illinois_ex_cook,skip_51,68,1458,24,47.0,292.0,0.9657534246575343,0.7097143416446482,1.3141620825590499,0.15716632361586697
recent_verified,55,2008,illinois_ex_cook,original,40,232,33,37.0,223.0,0.9955156950672647,0.7029830864248414,1.4097800050431457,0.17751431480239122
recent_verified,55,2008,illinois_ex_cook,skip_51,40,232,33,37.0,209.0,1.062200956937799,0.748832974333619,1.506705649445547,0.17835839207125168
recent_verified,60,2008,illinois_ex_cook,original,33,653,20,19.0,186.0,0.6129032258064516,0.38227655270792915,0.98266650555197,0.24084834031686814
recent_verified,60,2008,illinois_ex_cook,skip_51,33,653,20,19.0,182.0,0.6263736263736264,0.39049054050892806,1.00474628477582,0.2410935180420119
recent_verified,65,2008,illinois_ex_cook,original,26,238,18,16.0,151.0,0.6357615894039734,0.37975141629486536,1.064361530248048,0.262911613582001
recent_verified,65,2008,illinois_ex_cook,skip_51,26,238,18,16.0,144.0,0.6666666666666666,0.39773454870510616,1.1174398751413734,0.26352313834736496
recent_verified,70,2008,illinois_ex_cook,original,24,400,8,11.0,117.0,0.5641025641025641,0.3040273085931594,1.0466550004983572,0.3153666111941774
recent_verified,70,2008,illinois_ex_cook,skip_51,24,400,8,11.0,121.0,0.5454545454545454,0.29423523052712647,1.011166000155768,0.3149183286488868
recent_verified,75,2008,illinois_ex_cook,original,18,358,15,12.0,90.0,0.8,0.4380215703148979,1.4611152586387424,0.3073181485764296
recent_verified,75,2008,illinois_ex_cook,skip_51,18,358,15,12.0,84.0,0.8571428571428571,0.4681250529131054,1.5694393474117185,0.3086066999241838
recent_verified,80,2008,illinois_ex_cook,original,14,366,10,9.0,76.0,0.7105263157894737,0.35604976952014655,1.4179131364408786,0.35251809293701963
recent_verified,80,2008,illinois_ex_cook,skip_51,14,366,10,9.0,80.0,0.6749999999999999,0.338867305863564,1.3445528444796186,0.3515837184954831
recent_verified,85,2008,illinois_ex_cook,original,15,120,8,14.0,62.0,1.3548387096774193,0.7585972955178146,2.4197132524542044,0.29590134113693356
recent_verified,85,2008,illinois_ex_cook,skip_51,15,120,8,14.0,65.0,1.2923076923076922,0.725375090445221,2.302338739771975,0.29464077588342524
recent_verified,90,2008,illinois_ex_cook,original,11,166,1,11.0,31.0,2.129032258064516,1.0701534387095106,4.2356340613597725,0.3509517850435013
recent_verified,90,2008,illinois_ex_cook,skip_51,11,166,1,11.0,39.0,1.6923076923076923,0.8667195110057165,3.3043046672857206,0.3413943709994594
recent_verified,100,2008,illinois_ex_cook,original,13,683,28,30.0,62.0,2.9032258064516125,1.8774524860964523,4.489445216678361,0.22240136148728462
recent_verified,100,2008,illinois_ex_cook,skip_51,13,683,28,30.0,37.0,4.864864864864865,3.0056665746967743,7.874096998195571,0.24568345560977517
recent_verified,30,2009,chicago,original,54,765,25,26.0,286.0,0.5454545454545455,0.3650884653788824,0.8149275843274401,0.20483662259967567
recent_verified,30,2009,chicago,skip_51,54,765,25,26.0,284.0,0.5492957746478873,0.36761620764729425,0.820763181191158,0.20489671842687437
recent_verified,35,2009,chicago,original,33,237,23,23.0,173.0,0.7976878612716763,0.5163110925022057,1.232408006065573,0.22194280274515427
recent_verified,35,2009,chicago,skip_51,33,237,23,23.0,173.0,0.7976878612716763,0.5163110925022057,1.232408006065573,0.22194280274515427
recent_verified,40,2009,chicago,original,28,437,14,23.0,115.0,1.2,0.7669190747892631,1.8776426970416509,0.22841609628806428
recent_verified,40,2009,chicago,skip_51,28,437,14,23.0,110.0,1.2545454545454546,0.8004230759490111,1.9663154959077185,0.22927967629180374
recent_verified,45,2009,chicago,original,14,135,7,9.0,96.0,0.5625,0.2840410525865473,1.1139454917475036,0.34860834438919813
recent_verified,45,2009,chicago,skip_51,14,135,7,9.0,116.0,0.4655172413793104,0.23626271435494328,0.9172259897761097,0.34602283272391654
recent_verified,50,2009,chicago,original,25,594,11,27.0,70.0,2.3142857142857145,1.48449166236856,3.607914078009289,0.22654525226265793
recent_verified,50,2009,chicago,skip_51,25,594,11,27.0,70.0,2.3142857142857145,1.48449166236856,3.607914078009289,0.22654525226265793
recent_verified,55,2009,chicago,original,6,80,11,11.0,63.0,1.0476190476190477,0.5521367087267178,1.9877426216872949,0.3267753154418289
recent_verified,55,2009,chicago,skip_51,6,80,11,11.0,55.0,1.2000000000000002,0.6281067536322258,2.2926039111548238,0.3302891295379082
recent_verified,60,2009,chicago,original,12,269,4,3.0,56.0,0.3214285714285714,0.10061017101751163,1.0268974347795272,0.592613260221602
recent_verified,60,2009,chicago,skip_51,12,269,4,3.0,55.0,0.32727272727272727,0.10238447323617227,1.0461296975124548,0.5928871321888775
recent_verified,65,2009,chicago,original,7,72,3,3.0,41.0,0.43902439024390244,0.13594889239001043,1.4177564218477818,0.5980999726097406
recent_verified,65,2009,chicago,skip_51,7,72,3,3.0,40.0,0.44999999999999996,0.13920852140565143,1.4546523298664897,0.5986094998689324
recent_verified,70,2009,chicago,original,8,126,6,2.0,39.0,0.3076923076923077,0.074297597833354,1.274261335142602,0.7250110520819842
recent_verified,70,2009,chicago,skip_51,8,126,6,2.0,37.0,0.3243243243243243,0.07816720017250026,1.3456573488151453,0.7259662712736915
recent_verified,75,2009,chicago,original,5,146,4,4.0,37.0,0.6486486486486486,0.23119867348635487,1.819842056397222,0.5263335701121742
recent_verified,75,2009,chicago,skip_51,5,146,4,4.0,38.0,0.6315789473684211,0.22541300172733617,1.769604963787804,0.5256574830378468
recent_verified,80,2009,chicago,original,8,147,8,5.0,34.0,0.8823529411764706,0.34509231166011733,2.256053486261269,0.47896948201934786
recent_verified,80,2009,chicago,skip_51,8,147,8,5.0,31.0,0.9677419354838709,0.37629730109968607,2.488788654495215,0.4819315973414993
recent_verified,85,2009,chicago,original,4,46,1,5.0,27.0,1.1111111111111112,0.42788795902888743,2.8852597395740696,0.48686449556014766
recent_verified,85,2009,chicago,skip_51,4,46,1,5.0,28.0,1.0714285714285714,0.41370783174427117,2.7748065073688704,0.4855041562276122
recent_verified,90,2009,chicago,original,4,73,1,2.0,14.0,0.8571428571428571,0.194802040297238,3.771489643691567,0.7559289460184544
recent_verified,90,2009,chicago,skip_51,4,73,1,2.0,15.0,0.8,0.18294349384524863,3.4983479682604846,0.752772652709081
recent_verified,100,2009,chicago,original,5,299,21,7.0,32.0,1.3125,0.5793208639664956,2.973578818144599,0.4172614801981401
recent_verified,100,2009,chicago,skip_51,5,299,21,7.0,14.0,3.0,1.2108330464830979,7.432899214421658,0.4629100498862757
recent_verified,30,2009,cook_ex_chicago,original,63,864,28,27.0,308.0,0.525974025974026,0.3549098155803519,0.779490067207487,0.2007082217643071
recent_verified,30,2009,cook_ex_chicago,skip_51,63,864,28,27.0,307.0,0.5276872964169381,0.3560474886613214,0.7820695038371348,0.20073456609977527
recent_verified,35,2009,cook_ex_chicago,original,33,297,28,27.0,202.0,0.801980198019802,0.5367127695730982,1.1983546404671173,0.20490859446724527
recent_verified,35,2009,cook_ex_chicago,skip_51,33,297,28,27.0,189.0,0.8571428571428571,0.5726979908883865,1.2828644228546027,0.20573779994945587
recent_verified,40,2009,cook_ex_chicago,original,31,446,17,15.0,142.0,0.6338028169014084,0.3722664685160709,1.0790819068755808,0.2714938676799044
recent_verified,40,2009,cook_ex_chicago,skip_51,31,446,17,15.0,137.0,0.6569343065693432,0.38549534138332614,1.119501682171068,0.27196679345033903
recent_verified,45,2009,cook_ex_chicago,original,15,162,11,12.0,100.0,0.72,0.3956228352662308,1.3103389233110048,0.30550504633038933
recent_verified,45,2009,cook_ex_chicago,skip_51,15,162,11,12.0,112.0,0.6428571428571428,0.35445432291061046,1.1659197798150989,0.30374644814697793
recent_verified,50,2009,cook_ex_chicago,original,15,724,18,23.0,104.0,1.326923076923077,0.8447102934248311,2.084412686546348,0.23042058390028838
recent_verified,50,2009,cook_ex_chicago,skip_51,15,724,18,23.0,98.0,1.4081632653061225,0.8941917704575668,2.2175598649749584,0.23169450252912405
recent_verified,55,2009,cook_ex_chicago,original,13,83,12,12.0,90.0,0.8,0.4380215703148979,1.4611152586387424,0.3073181485764296
recent_verified,55,2009,cook_ex_chicago,skip_51,13,83,12,12.0,85.0,0.8470588235294118,0.4628235731727394,1.5502854480820398,0.30837969974641044
recent_verified,60,2009,cook_ex_chicago,original,10,301,5,7.0,44.0,0.9545454545454546,0.42995080230360994,2.119212291061093,0.4069206502309948
recent_verified,60,2009,cook_ex_chicago,skip_51,10,301,5,7.0,46.0,0.9130434782608695,0.41223862228474695,2.0222471843477057,0.4057046626450397
recent_verified,65,2009,cook_ex_chicago,original,0,87,6,7.0,39.0,1.0769230769230769,0.48169546268622787,2.407669167448494,0.41048528414325464
recent_verified,65,2009,cook_ex_chicago,skip_51,0,87,6,7.0,39.0,1.0769230769230769,0.48169546268622787,2.407669167448494,0.41048528414325464
recent_verified,70,2009,cook_ex_chicago,original,8,181,7,6.0,43.0,0.8372093023255813,0.35634672781848015,1.9669590350708335,0.4358009644552832
recent_verified,70,2009,cook_ex_chicago,skip_51,8,181,7,6.0,41.0,0.8780487804878049,0.3727787307347657,2.068169660314314,0.43710057260212515
recent_verified,75,2009,cook_ex_chicago,original,5,136,6,5.0,40.0,0.75,0.29600121955708286,1.9003300082401307,0.4743416490252569
recent_verified,75,2009,cook_ex_chicago,skip_51,5,136,6,5.0,36.0,0.8333333333333334,0.3270139223726693,2.1235929021182365,0.4772607021092118
recent_verified,80,2009,cook_ex_chicago,original,7,162,3,2.0,31.0,0.3870967741935484,0.09264145877144937,1.6174606334807684,0.7295601856708801
recent_verified,80,2009,cook_ex_chicago,skip_51,7,162,3,2.0,32.0,0.375,0.08986807950428502,1.5647936483753926,0.7288689868556626
recent_verified,85,2009,cook_ex_chicago,original,2,44,4,4.0,24.0,1.0,0.34696860426886966,2.882105146392696,0.5400617248673217
recent_verified,85,2009,cook_ex_chicago,skip_51,2,44,4,4.0,22.0,1.090909090909091,0.37592675926332586,3.165730066569911,0.543557306504609
recent_verified,90,2009,cook_ex_chicago,original,6,75,2,2.0,26.0,0.46153846153846156,0.10954315648555553,1.9446011810640014,0.7337993857053428
recent_verified,90,2009,cook_ex_chicago,skip_51,6,75,2,2.0,26.0,0.46153846153846156,0.10954315648555553,1.9446011810640014,0.7337993857053428
recent_verified,100,2009,cook_ex_chicago,original,6,338,17,16.0,35.0,2.742857142857143,1.51817732205402,4.955458889310661,0.3017804310611087
recent_verified,100,2009,cook_ex_chicago,skip_51,6,338,17,16.0,21.0,4.571428571428571,2.385516414080726,8.760350195170059,0.33184190154205606
recent_verified,30,2009,illinois_ex_cook,original,259,2203,68,112.0,1095.0,0.6136986301369863,0.5052535513579345,0.745419814704483,0.09920591432824884
recent_verified,30,2009,illinois_ex_cook,skip_51,259,2203,68,112.0,1119.0,0.6005361930294906,0.4945127350650181,0.7292910648518212,0.09910714645131528
recent_verified,35,2009,illinois_ex_cook,original,95,906,109,92.0,685.0,0.8058394160583942,0.6482329793267458,1.0017650832078555,0.11103791799196275
recent_verified,35,2009,illinois_ex_cook,skip_51,95,906,109,92.0,627.0,0.8803827751196173,0.707355842670476,1.0957339771184857,0.1116443529656997
recent_verified,40,2009,illinois_ex_cook,original,105,1231,58,51.0,535.0,0.5719626168224299,0.4291622139542456,0.7622787477679464,0.14655033952795735
recent_verified,40,2009,illinois_ex_cook,skip_51,105,1231,58,51.0,515.0,0.5941747572815534,0.44561253320525407,0.7922659617564597,0.14679778850538056
recent_verified,45,2009,illinois_ex_cook,original,55,479,32,38.0,372.0,0.6129032258064516,0.4389599962023679,0.855773572657799,0.1703054946755828
recent_verified,45,2009,illinois_ex_cook,skip_51,55,479,32,38.0,393.0,0.5801526717557252,0.4158481316507401,0.8093750985708129,0.1698832503096486
recent_verified,50,2009,illinois_ex_cook,original,67,1648,32,53.0,296.0,1.0743243243243243,0.8020006303689583,1.4391170157858129,0.14915194570195947
recent_verified,50,2009,illinois_ex_cook,skip_51,67,1648,32,53.0,304.0,1.0460526315789473,0.781352098159474,1.400426402656065,0.1488536133673362
recent_verified,55,2009,illinois_ex_cook,original,41,263,36,40.0,244.0,0.9836065573770493,0.7040746881329741,1.3741182235660891,0.17058241602151644
recent_verified,55,2009,illinois_ex_cook,skip_51,41,263,36,40.0,229.0,1.0480349344978166,0.7490396681094353,1.4663805812850073,0.1713674771567646
recent_verified,60,2009,illinois_ex_cook,original,37,711,24,21.0,198.0,0.6363636363636364,0.4058376216619476,0.9978342471740352,0.2294984807565241
recent_verified,60,2009,illinois_ex_cook,skip_51,37,711,24,21.0,189.0,0.6666666666666666,0.42472730970428924,1.046423044362,0.23002185311411807
recent_verified,65,2009,illinois_ex_cook,original,30,271,14,15.0,159.0,0.5660377358490566,0.3333715447950037,0.9610859817149223,0.27010363722609754
recent_verified,65,2009,illinois_ex_cook,skip_51,30,271,14,15.0,159.0,0.5660377358490566,0.3333715447950037,0.9610859817149223,0.27010363722609754
recent_verified,70,2009,illinois_ex_cook,original,28,438,7,14.0,129.0,0.6511627906976745,0.3751157540980127,1.1303523655218026,0.28139031506622175
recent_verified,70,2009,illinois_ex_cook,skip_51,28,438,7,14.0,135.0,0.6222222222222222,0.3588747669261796,1.0788178203311778,0.28077745428716105
recent_verified,75,2009,illinois_ex_cook,original,23,393,17,13.0,110.0,0.7090909090909091,0.3990761195065212,1.2599348665039718,0.29328141095880256
recent_verified,75,2009,illinois_ex_cook,skip_51,23,393,17,13.0,103.0,0.7572815533980582,0.4253204014829659,1.3483372749518667,0.2943328299513233
recent_verified,80,2009,illinois_ex_cook,original,21,400,10,10.0,90.0,0.6666666666666666,0.34687234747087115,1.2812910792255265,0.33333333333333337
recent_verified,80,2009,illinois_ex_cook,skip_51,21,400,10,10.0,99.0,0.6060606060606061,0.3162784937734415,1.1613481961301562,0.33181472255011546
recent_verified,85,2009,illinois_ex_cook,original,18,137,8,19.0,70.0,1.6285714285714286,0.9808683931146557,2.7039763097444993,0.2586837707183864
recent_verified,85,2009,illinois_ex_cook,skip_51,18,137,8,19.0,73.0,1.5616438356164384,0.9426575907415953,2.5870809223529982,0.2575465182920451
recent_verified,90,2009,illinois_ex_cook,original,14,185,3,11.0,35.0,1.885714285714286,0.9577332128842246,3.712848546452984,0.34565954273029914
recent_verified,90,2009,illinois_ex_cook,skip_51,14,185,3,11.0,41.0,1.6097560975609757,0.8274139730038276,3.1318237039523074,0.33955755743545146
recent_verified,100,2009,illinois_ex_cook,original,12,738,36,39.0,71.0,3.295774647887324,2.2299706928579166,4.870974566816381,0.19931265058515268
recent_verified,100,2009,illinois_ex_cook,skip_51,12,738,36,39.0,43.0,5.441860465116279,3.52793761761467,8.394095511761982,0.22112629783568036
recent_verified,30,2010,chicago,original,10,161,3,4.0,52.0,0.46153846153846156,0.16692946005282244,1.2760944138433297,0.5188745216627708
recent_verified,30,2010,chicago,skip_51,10,161,3,4.0,54.0,0.4444444444444444,0.16096341794432184,1.2271786143722287,0.5181877251716008
recent_verified,35,2010,chicago,original,7,50,5,5.0,38.0,0.7894736842105263,0.3107355976875809,2.005784669343186,0.4757265910937544
recent_verified,35,2010,chicago,skip_51,7,50,5,5.0,40.0,0.75,0.29600121955708286,1.9003300082401307,0.4743416490252569
recent_verified,40,2010,chicago,original,8,121,2,7.0,29.0,1.4482758620689655,0.6344375620951369,3.3060825808057603,0.42111744380615784
recent_verified,40,2010,chicago,skip_51,8,121,2,7.0,30.0,1.4,0.6149349868325894,3.1873288103114428,0.41975049278169546
recent_verified,45,2010,chicago,original,4,42,3,3.0,25.0,0.72,0.2173853163667934,2.3847056860331155,0.6110100926607787
recent_verified,45,2010,chicago,skip_51,4,42,3,3.0,33.0,0.5454545454545454,0.1672843408964788,1.7785326442547338,0.6030226891555273
recent_verified,50,2010,chicago,original,9,198,5,11.0,25.0,2.6399999999999997,1.2990383171978168,5.365199707914907,0.36181361349331637
recent_verified,50,2010,chicago,skip_51,9,198,5,11.0,23.0,2.869565217391304,1.3988444021861666,5.886576465540389,0.3665888047644883
recent_verified,55,2010,chicago,original,1,31,6,3.0,29.0,0.6206896551724138,0.18907305496107052,2.0376020693026446,0.6064784348631227
recent_verified,55,2010,chicago,skip_51,1,31,6,3.0,23.0,0.7826086956521738,0.2349768938861308,2.6065387127263726,0.6138498140448513
recent_verified,60,2010,chicago,original,5,90,1,0.0,24.0,,,,
recent_verified,60,2010,chicago,skip_51,5,90,1,0.0,25.0,,,,
recent_verified,65,2010,chicago,original,4,28,1,2.0,12.0,1.0,0.2238062118981221,4.468151225646971,0.7637626158259734
recent_verified,65,2010,chicago,skip_51,4,28,1,2.0,12.0,1.0,0.2238062118981221,4.468151225646971,0.7637626158259734
recent_verified,70,2010,chicago,original,1,46,3,1.0,17.0,0.3529411764705882,0.046968541267807896,2.6521469623290406,1.0289915108550531
recent_verified,70,2010,chicago,skip_51,1,46,3,1.0,17.0,0.3529411764705882,0.046968541267807896,2.6521469623290406,1.0289915108550531
recent_verified,75,2010,chicago,original,2,68,1,3.0,18.0,1.0,0.294559356431645,3.394901496643032,0.6236095644623235
recent_verified,75,2010,chicago,skip_51,2,68,1,3.0,20.0,0.8999999999999999,0.26743644680864,3.0287569613859806,0.6191391873668903
recent_verified,80,2010,chicago,original,3,68,3,3.0,13.0,1.3846153846153848,0.39456068401332156,4.858973133899172,0.6405126152203485
recent_verified,80,2010,chicago,skip_51,3,68,3,3.0,13.0,1.3846153846153848,0.39456068401332156,4.858973133899172,0.6405126152203485
recent_verified,85,2010,chicago,original,2,26,0,3.0,10.0,1.7999999999999998,0.4953734835153245,6.540519643901709,0.6582805886043833
recent_verified,85,2010,chicago,skip_51,2,26,0,3.0,11.0,1.6363636363636365,0.4565085491282022,5.8655767904605955,0.6513389472789296
recent_verified,90,2010,chicago,original,2,30,0,1.0,4.0,1.5,0.16764921141452416,13.420880307254897,1.118033988749895
recent_verified,90,2010,chicago,skip_51,2,30,0,1.0,5.0,1.2,0.14019080819423038,10.271714804617725,1.0954451150103321
recent_verified,100,2010,chicago,original,2,108,6,5.0,10.0,3.0,1.0253931253215653,8.777121454932304,0.5477225575051662
recent_verified,100,2010,chicago,skip_51,2,108,6,5.0,4.0,7.5,2.0139441233038395,27.93026844643677,0.6708203932499369
recent_verified,30,2010,cook_ex_chicago,original,49,669,23,23.0,239.0,0.5774058577405857,0.37639678760669937,0.8857608128725896,0.21831711176171065
recent_verified,30,2010,cook_ex_chicago,skip_51,49,669,23,23.0,237.0,0.5822784810126582,0.37951298636822944,0.8933771481575622,0.21839796279330453
recent_verified,35,2010,cook_ex_chicago,original,25,214,20,21.0,153.0,0.8235294117647058,0.5219037780032711,1.299474578697669,0.23271225866177725
recent_verified,35,2010,cook_ex_chicago,skip_51,25,214,20,21.0,146.0,0.863013698630137,0.5462063229908645,1.363573823065622,0.23338458108354282
recent_verified,40,2010,cook_ex_chicago,original,22,363,14,13.0,113.0,0.6902654867256638,0.3887948258166315,1.2254958413189758,0.29286965436043527
recent_verified,40,2010,cook_ex_chicago,skip_51,22,363,14,13.0,109.0,0.7155963302752293,0.40262517200720926,1.2718482189042217,0.29342356560045146
recent_verified,45,2010,cook_ex_chicago,original,13,128,8,10.0,83.0,0.7228915662650602,0.3750940011925507,1.3931766834865877,0.3347360045932979
recent_verified,45,2010,cook_ex_chicago,skip_51,13,128,8,10.0,90.0,0.6666666666666666,0.34687234747087115,1.2812910792255265,0.33333333333333337
recent_verified,50,2010,cook_ex_chicago,original,14,584,13,15.0,82.0,1.0975609756097562,0.6329755620925416,1.9031383947889613,0.28082341180515236
recent_verified,50,2010,cook_ex_chicago,skip_51,14,584,13,15.0,80.0,1.125,0.6481106963378828,1.9527914091703025,0.2813657169355689
recent_verified,55,2010,cook_ex_chicago,original,10,69,10,11.0,74.0,0.8918918918918919,0.47341907526241833,1.6802684733004578,0.3231448660006908
recent_verified,55,2010,cook_ex_chicago,skip_51,10,69,10,11.0,70.0,0.942857142857143,0.49930308956544334,1.7804407992156372,0.32433748657040123
recent_verified,60,2010,cook_ex_chicago,original,10,253,4,6.0,36.0,1.0,0.4213553407080223,2.373293757994512,0.4409585518440984
recent_verified,60,2010,cook_ex_chicago,skip_51,10,253,4,6.0,38.0,0.9473684210526316,0.40048030725586986,2.241076299999771,0.4392976851069794
recent_verified,65,2010,cook_ex_chicago,original,1,74,7,6.0,35.0,1.0285714285714287,0.43263108030094627,2.445407257697559,0.4418575508442684
recent_verified,65,2010,cook_ex_chicago,skip_51,1,74,7,6.0,33.0,1.0909090909090908,0.4570961664680506,2.6035717031358687,0.44381268229929727
recent_verified,70,2010,cook_ex_chicago,original,8,149,5,5.0,41.0,0.7317073170731707,0.2891459522336833,1.8516447964165834,0.47369847361210593
recent_verified,70,2010,cook_ex_chicago,skip_51,8,149,5,5.0,40.0,0.75,0.29600121955708286,1.9003300082401307,0.4743416490252569
recent_verified,75,2010,cook_ex_chicago,original,5,118,4,4.0,36.0,0.6666666666666666,0.23728915685048174,1.8730078118339526,0.5270462766947299
recent_verified,75,2010,cook_ex_chicago,skip_51,5,118,4,4.0,34.0,0.7058823529411764,0.2504862604623284,1.9892104871305234,0.5285941398709244
recent_verified,80,2010,cook_ex_chicago,original,7,137,2,2.0,27.0,0.4444444444444444,0.10568700780102012,1.8690174725111692,0.7328281087929399
recent_verified,80,2010,cook_ex_chicago,skip_51,7,137,2,2.0,29.0,0.4137931034482759,0.09873533386313949,1.7341788978877228,0.7310832774866962
recent_verified,85,2010,cook_ex_chicago,original,2,34,5,4.0,22.0,1.090909090909091,0.37592675926332586,3.165730066569911,0.543557306504609
recent_verified,85,2010,cook_ex_chicago,skip_51,2,34,5,4.0,20.0,1.2,0.41015725012862625,3.510848581972921,0.5477225575051661
recent_verified,90,2010,cook_ex_chicago,original,6,66,2,3.0,24.0,0.75,0.22583919795807328,2.490710226948412,0.6123724356957945
recent_verified,90,2010,cook_ex_chicago,skip_51,6,66,2,3.0,24.0,0.75,0.22583919795807328,2.490710226948412,0.6123724356957945
recent_verified,100,2010,cook_ex_chicago,original,2,274,15,9.0,28.0,1.9285714285714284,0.9100557774477159,4.086988783844872,0.38317802236740667
recent_verified,100,2010,cook_ex_chicago,skip_51,2,274,15,9.0,16.0,3.375,1.4914199573477729,7.637436353108896,0.4166666666666667
recent_verified,30,2010,illinois_ex_cook,original,235,1817,64,83.0,909.0,0.5478547854785478,0.4375823015283849,0.6859163748702847,0.1146660489512281
recent_verified,30,2010,illinois_ex_cook,skip_51,235,1817,64,83.0,918.0,0.5424836601307189,0.4333322290056349,0.6791290880535787,0.11461900972273632
recent_verified,35,2010,illinois_ex_cook,original,76,782,93,73.0,564.0,0.776595744680851,0.6085779046848969,0.9910004060510097,0.12438520724899875
recent_verified,35,2010,illinois_ex_cook,skip_51,76,782,93,73.0,516.0,0.8488372093023255,0.6643282515510682,1.0845912486995473,0.12504644990206773
recent_verified,40,2010,illinois_ex_cook,original,87,1027,50,45.0,437.0,0.6178489702517163,0.4545870657741197,0.8397452958566755,0.15655846109895505
recent_verified,40,2010,illinois_ex_cook,skip_51,87,1027,50,45.0,418.0,0.6459330143540669,0.4749411085848563,0.8784867249662093,0.1568903015480239
recent_verified,45,2010,illinois_ex_cook,original,43,421,29,31.0,318.0,0.5849056603773585,0.40450520760656605,0.8457607593379238,0.18815610169266195
recent_verified,45,2010,illinois_ex_cook,skip_51,43,421,29,31.0,333.0,0.5585585585585585,0.38656963664156474,0.8070671717765976,0.1877793053537371
recent_verified,50,2010,illinois_ex_cook,original,61,1391,24,44.0,252.0,1.0476190476190477,0.7605451551037583,1.443051292312173,0.16338765772091446
recent_verified,50,2010,illinois_ex_cook,skip_51,61,1391,24,44.0,262.0,1.0076335877862597,0.732182514596089,1.3867108637456573,0.1629234992884774
recent_verified,55,2010,illinois_ex_cook,original,31,224,30,34.0,205.0,0.9951219512195123,0.6922326647021758,1.4305417069923727,0.18517508873055835
recent_verified,55,2010,illinois_ex_cook,skip_51,31,224,30,34.0,193.0,1.0569948186528497,0.7340963605059426,1.521922879291984,0.1859922360103814
recent_verified,60,2010,illinois_ex_cook,original,37,614,22,18.0,175.0,0.6171428571428571,0.3799146868520039,1.0025021914217687,0.24752745558794334
recent_verified,60,2010,illinois_ex_cook,skip_51,37,614,22,18.0,164.0,0.6585365853658537,0.40478302556491647,1.0713651681912464,0.24830045616382848
recent_verified,65,2010,illinois_ex_cook,original,25,235,13,11.0,138.0,0.4782608695652174,0.25880963326381856,0.883790361559369,0.3132977301556542
recent_verified,65,2010,illinois_ex_cook,skip_51,25,235,13,11.0,135.0,0.4888888888888889,0.264427785613862,0.9038851387124527,0.3135546177566172
recent_verified,70,2010,illinois_ex_cook,original,23,378,9,10.0,108.0,0.5555555555555556,0.29064500297442103,1.0619208042458754,0.3305438840143004
recent_verified,70,2010,illinois_ex_cook,skip_51,23,378,9,10.0,110.0,0.5454545454545455,0.2855030698328299,1.0420926868885563,0.3302891295379082
recent_verified,75,2010,illinois_ex_cook,original,15,335,12,11.0,93.0,0.7096774193548387,0.3798875997405731,1.325765936782572,0.31884444339071355
recent_verified,75,2010,illinois_ex_cook,skip_51,15,335,12,11.0,93.0,0.7096774193548387,0.3798875997405731,1.325765936782572,0.31884444339071355
recent_verified,80,2010,illinois_ex_cook,original,22,363,7,12.0,74.0,0.9729729729729729,0.5286887447666366,1.7906119914728442,0.31120226034983556
recent_verified,80,2010,illinois_ex_cook,skip_51,22,363,7,12.0,85.0,0.8470588235294118,0.4628235731727394,1.5502854480820398,0.30837969974641044
recent_verified,85,2010,illinois_ex_cook,original,13,120,6,18.0,53.0,2.0377358490566038,1.1937961087340665,3.47828859564111,0.27280667162636885
recent_verified,85,2010,illinois_ex_cook,skip_51,13,120,6,18.0,58.0,1.8620689655172415,1.0973107756942901,3.1598166254665827,0.2698090711334598
recent_verified,90,2010,illinois_ex_cook,original,11,164,2,11.0,27.0,2.4444444444444446,1.2125608634590088,4.92784224037205,0.35769557999243984
recent_verified,90,2010,illinois_ex_cook,skip_51,11,164,2,11.0,31.0,2.129032258064516,1.0701534387095106,4.2356340613597725,0.3509517850435013
recent_verified,100,2010,illinois_ex_cook,original,12,665,31,37.0,61.0,3.639344262295082,2.419079196090726,5.47515214917478,0.2083757895005508
recent_verified,100,2010,illinois_ex_cook,skip_51,12,665,31,37.0,36.0,6.166666666666667,3.897417260072567,9.757173851349375,0.234104260543897
recent_verified,30,2011,chicago,original,46,683,19,26.0,257.0,0.6070038910505836,0.40552081580571775,0.9085938610043447,0.20579744664401464
recent_verified,30,2011,chicago,skip_51,46,683,19,26.0,260.0,0.6,0.40092745997494766,0.8979180423872561,0.20568833780186058
recent_verified,35,2011,chicago,original,34,208,23,22.0,162.0,0.8148148148148148,0.5219732405426898,1.271948695591037,0.22721660362024226
recent_verified,35,2011,chicago,skip_51,34,208,23,22.0,161.0,0.8198757763975155,0.5251284811219628,1.2800606192359791,0.22730095815629342
recent_verified,40,2011,chicago,original,26,408,12,22.0,114.0,1.1578947368421053,0.7335837784542163,1.8276306823901831,0.23286578812506328
recent_verified,40,2011,chicago,skip_51,26,408,12,22.0,112.0,1.1785714285714286,0.7461917802690218,1.8614927810436563,0.23320188010201992
recent_verified,45,2011,chicago,original,16,128,7,10.0,93.0,0.6451612903225806,0.3360371197612555,1.2386521192254552,0.3327952646478658
recent_verified,45,2011,chicago,skip_51,16,128,7,10.0,115.0,0.5217391304347826,0.27341064219912165,0.9956149403599095,0.32969023669789355
recent_verified,50,2011,chicago,original,20,556,10,29.0,65.0,2.6769230769230767,1.7280270958732682,4.146877775745742,0.2233100400906888
recent_verified,50,2011,chicago,skip_51,20,556,10,29.0,65.0,2.6769230769230767,1.7280270958732682,4.146877775745742,0.2233100400906888
recent_verified,55,2011,chicago,original,6,72,9,10.0,56.0,1.0714285714285714,0.5466855200162275,2.09985291660806,0.34330328116279757
recent_verified,55,2011,chicago,skip_51,6,72,9,10.0,49.0,1.2244897959183674,0.6202743661551848,2.4172774857716437,0.3469987943283177
recent_verified,60,2011,chicago,original,10,229,5,2.0,50.0,0.24,0.058396901000141305,0.9863537107878484,0.7211102550927979
recent_verified,60,2011,chicago,skip_51,10,229,5,2.0,48.0,0.25,0.06076128087197748,1.028615577273395,0.7216878364870323
recent_verified,65,2011,chicago,original,8,65,2,3.0,37.0,0.48648648648648646,0.14999780833151147,1.57781706390604,0.6003002251876642
recent_verified,65,2011,chicago,skip_51,8,65,2,3.0,37.0,0.48648648648648646,0.14999780833151147,1.57781706390604,0.6003002251876642
recent_verified,70,2011,chicago,original,7,120,6,2.0,33.0,0.36363636363636365,0.08725588145569788,1.5154440337161124,0.7282190812544191
recent_verified,70,2011,chicago,skip_51,7,120,6,2.0,32.0,0.375,0.08986807950428502,1.5647936483753926,0.7288689868556626
recent_verified,75,2011,chicago,original,4,135,3,5.0,33.0,0.9090909090909091,0.3549024985612007,2.3286572631700424,0.47989897926858555
recent_verified,75,2011,chicago,skip_51,4,135,3,5.0,35.0,0.8571428571428572,0.3358099481529366,2.1878264226300463,0.4780914437337575
recent_verified,80,2011,chicago,original,8,134,9,5.0,34.0,0.8823529411764706,0.34509231166011733,2.256053486261269,0.47896948201934786
recent_verified,80,2011,chicago,skip_51,8,134,9,5.0,30.0,1.0,0.3879922369508297,2.577371155306724,0.48304589153964794
recent_verified,85,2011,chicago,original,3,45,1,5.0,26.0,1.153846153846154,0.4430748225092161,3.004821937761696,0.48832523840319625
recent_verified,85,2011,chicago,skip_51,3,45,1,5.0,27.0,1.1111111111111112,0.42788795902888743,2.8852597395740696,0.48686449556014766
recent_verified,90,2011,chicago,original,3,64,1,2.0,12.0,1.0,0.2238062118981221,4.468151225646971,0.7637626158259734
recent_verified,90,2011,chicago,skip_51,3,64,1,2.0,13.0,0.9230769230769231,0.20830132342339913,4.090569334431046,0.7595545253127499
recent_verified,100,2011,chicago,original,5,268,20,12.0,30.0,2.4,1.2287547857840992,4.687672484892418,0.3415650255319866
recent_verified,100,2011,chicago,skip_51,5,268,20,12.0,13.0,5.538461538461539,2.527141464164942,12.138044762426363,0.40032038451271784
recent_verified,30,2011,cook_ex_chicago,original,60,791,22,20.0,272.0,0.4411764705882353,0.28015655381002036,0.69474254859902,0.23168183050950564
recent_verified,30,2011,cook_ex_chicago,skip_51,60,791,22,20.0,274.0,0.43795620437956206,0.2781431904131308,0.6895931432643041,0.23162390860292545
recent_verified,35,2011,cook_ex_chicago,original,26,264,23,24.0,160.0,0.8999999999999999,0.5860195763716411,1.3822063846657489,0.21889875894272828
recent_verified,35,2011,cook_ex_chicago,skip_51,26,264,23,24.0,153.0,0.9411764705882353,0.6120480660189717,1.4472934365280223,0.21955093800547737
recent_verified,40,2011,cook_ex_chicago,original,24,409,18,16.0,114.0,0.8421052631578947,0.49902075116262484,1.4210657023501745,0.26696803146549475
recent_verified,40,2011,cook_ex_chicago,skip_51,24,409,18,16.0,108.0,0.8888888888888888,0.5258042710547122,1.502695014639597,0.26787918780535985
recent_verified,45,2011,cook_ex_chicago,original,8,142,12,12.0,88.0,0.8181818181818182,0.44761624874941147,1.4955254405388385,0.30772872744833185
recent_verified,45,2011,cook_ex_chicago,skip_51,8,142,12,12.0,101.0,0.712871287128713,0.39183023769311853,1.296953177999904,0.3053429603451555
recent_verified,50,2011,cook_ex_chicago,original,15,666,15,25.0,94.0,1.5957446808510638,1.0266310293137255,2.4803468955800625,0.22502954888711932
recent_verified,50,2011,cook_ex_chicago,skip_51,15,666,15,25.0,92.0,1.6304347826086956,1.04789436394103,2.536818282276648,0.2255428234668337
recent_verified,55,2011,cook_ex_chicago,original,13,80,9,13.0,79.0,0.9873417721518988,0.5491576646310202,1.775161921287306,0.29930136112483385
recent_verified,55,2011,cook_ex_chicago,skip_51,13,80,9,13.0,76.0,1.0263157894736843,0.5699030835028086,1.8482512732672396,0.3001349224264298
recent_verified,60,2011,cook_ex_chicago,original,8,273,6,6.0,39.0,0.9230769230769231,0.39079991879922665,2.1803254425825793,0.4385290096535146
recent_verified,60,2011,cook_ex_chicago,skip_51,8,273,6,6.0,40.0,0.8999999999999999,0.38157660432310864,2.1227716553452898,0.43779751788545657
recent_verified,65,2011,cook_ex_chicago,original,1,81,7,7.0,39.0,1.0769230769230769,0.48169546268622787,2.407669167448494,0.41048528414325464
recent_verified,65,2011,cook_ex_chicago,skip_51,1,81,7,7.0,37.0,1.135135135135135,0.5060591904508138,2.546207636048257,0.41217007397938277
recent_verified,70,2011,cook_ex_chicago,original,9,154,4,5.0,38.0,0.7894736842105263,0.3107355976875809,2.005784669343186,0.4757265910937544
recent_verified,70,2011,cook_ex_chicago,skip_51,9,154,4,5.0,39.0,0.7692307692307693,0.30318947850757244,1.951637567517312,0.4750168687962835
recent_verified,75,2011,cook_ex_chicago,original,4,134,5,5.0,34.0,0.8823529411764706,0.34509231166011733,2.256053486261269,0.47896948201934786
recent_verified,75,2011,cook_ex_chicago,skip_51,4,134,5,5.0,31.0,0.9677419354838709,0.37629730109968607,2.488788654495215,0.4819315973414993
recent_verified,80,2011,cook_ex_chicago,original,7,141,2,2.0,28.0,0.42857142857142855,0.10209301518892741,1.799079682854499,0.7319250547113999
recent_verified,80,2011,cook_ex_chicago,skip_51,7,141,2,2.0,30.0,0.4,0.09559140691214423,1.673790617466821,0.7302967433402214
recent_verified,85,2011,cook_ex_chicago,original,2,39,5,4.0,22.0,1.090909090909091,0.37592675926332586,3.165730066569911,0.543557306504609
recent_verified,85,2011,cook_ex_chicago,skip_51,2,39,5,4.0,19.0,1.2631578947368423,0.42972080447687777,3.7130337894121324,0.5501196042201808
recent_verified,90,2011,cook_ex_chicago,original,6,75,3,2.0,27.0,0.4444444444444444,0.10568700780102012,1.8690174725111692,0.7328281087929399
recent_verified,90,2011,cook_ex_chicago,skip_51,6,75,3,2.0,26.0,0.46153846153846156,0.10954315648555553,1.9446011810640014,0.7337993857053428
recent_verified,100,2011,cook_ex_chicago,original,5,277,14,16.0,27.0,3.5555555555555554,1.9158115247610372,6.598757312632219,0.3154949081000152
recent_verified,100,2011,cook_ex_chicago,skip_51,5,277,14,16.0,15.0,6.4,3.1641314916130874,12.945100451283214,0.3593976442141304
recent_verified,30,2011,illinois_ex_cook,original,241,2000,69,92.0,979.0,0.5638406537282942,0.4553387523010156,0.6981972897983914,0.10904593379417689
recent_verified,30,2011,illinois_ex_cook,skip_51,241,2000,69,92.0,995.0,0.5547738693467337,0.44808288388899753,0.6868685619917383,0.10897059393716933
recent_verified,35,2011,illinois_ex_cook,original,84,837,92,85.0,600.0,0.85,0.677279815439419,1.0667673589700029,0.11589379857878336
recent_verified,35,2011,illinois_ex_cook,skip_51,84,837,92,85.0,556.0,0.9172661870503597,0.7300647930645927,1.1524692957375147,0.11646144011402262
recent_verified,40,2011,illinois_ex_cook,original,96,1099,54,48.0,482.0,0.5975103734439834,0.4441302509894421,0.8038602314924402,0.15135396304693785
recent_verified,40,2011,illinois_ex_cook,skip_51,96,1099,54,48.0,464.0,0.6206896551724138,0.4611192903358241,0.8354793566703225,0.15161960871578067
recent_verified,45,2011,illinois_ex_cook,original,55,439,30,36.0,353.0,0.6118980169971671,0.43426114118433196,0.8621982206004813,0.1749589636674254
recent_verified,45,2011,illinois_ex_cook,skip_51,55,439,30,36.0,367.0,0.5885558583106267,0.41794845604377184,0.8288055460970052,0.174649859484927
recent_verified,50,2011,illinois_ex_cook,original,64,1499,30,44.0,274.0,0.9635036496350365,0.7008215440155199,1.3246443274858526,0.16240969110175993
recent_verified,50,2011,illinois_ex_cook,skip_51,64,1499,30,44.0,284.0,0.9295774647887324,0.6766698791690113,1.2770100896233594,0.1620135780971339
recent_verified,55,2011,illinois_ex_cook,original,37,236,35,40.0,227.0,1.0572687224669604,0.7554729519279384,1.4796256419959064,0.17147969659295625
recent_verified,55,2011,illinois_ex_cook,skip_51,37,236,35,40.0,212.0,1.1320754716981132,0.8074903414742371,1.5871333783147108,0.1723861396170686
recent_verified,60,2011,illinois_ex_cook,original,37,655,23,20.0,184.0,0.6521739130434783,0.41110031300087296,1.0346156385766097,0.23544592289673577
recent_verified,60,2011,illinois_ex_cook,skip_51,37,655,23,20.0,176.0,0.6818181818181819,0.42934548496100167,1.0827551455445652,0.23596995186213474
recent_verified,65,2011,illinois_ex_cook,original,28,243,11,15.0,141.0,0.6382978723404256,0.37483908388126963,1.086930876085926,0.271585834034522
recent_verified,65,2011,illinois_ex_cook,skip_51,28,243,11,15.0,142.0,0.6338028169014084,0.3722664685160709,1.0790819068755808,0.2714938676799044
recent_verified,70,2011,illinois_ex_cook,original,24,402,9,12.0,115.0,0.6260869565217391,0.34546736832296937,1.1346509484513643,0.30336279519289505
recent_verified,70,2011,illinois_ex_cook,skip_51,24,402,9,12.0,121.0,0.5950413223140496,0.3287949641767385,1.0768844229345487,0.30265127811269965
recent_verified,75,2011,illinois_ex_cook,original,21,368,14,15.0,100.0,0.8999999999999999,0.5230595592570387,1.5485808177381089,0.27688746209726917
recent_verified,75,2011,illinois_ex_cook,skip_51,21,368,14,15.0,95.0,0.9473684210526315,0.5495660712379202,1.6331192411243376,0.2778362511554969
recent_verified,80,2011,illinois_ex_cook,original,19,365,8,9.0,80.0,0.6749999999999999,0.338867305863564,1.3445528444796186,0.3515837184954831
recent_verified,80,2011,illinois_ex_cook,skip_51,19,365,8,9.0,90.0,0.6,0.30238706666071663,1.1905271081052087,0.3496029493900505
recent_verified,85,2011,illinois_ex_cook,original,17,128,8,18.0,63.0,1.7142857142857142,1.0152800305239502,2.8945467475485387,0.2672612419124244
recent_verified,85,2011,illinois_ex_cook,skip_51,17,128,8,18.0,66.0,1.6363636363636365,0.9717048062594901,2.7556578223800177,0.26590801173915524
recent_verified,90,2011,illinois_ex_cook,original,11,188,2,11.0,32.0,2.0625,1.0396395325088275,4.0917126725015915,0.34951264770976587
recent_verified,90,2011,illinois_ex_cook,skip_51,11,188,2,11.0,38.0,1.736842105263158,0.8878090851570529,3.397825668883891,0.34238119163116293
recent_verified,100,2011,illinois_ex_cook,original,14,609,29,46.0,59.0,4.677966101694915,3.181473361620223,6.878375004674632,0.19669337298738737
recent_verified,100,2011,illinois_ex_cook,skip_51,14,609,29,46.0,34.0,8.117647058823529,5.210916195301293,12.645798032799911,0.2261656365159503
recent_verified,30,2012,chicago,original,48,706,16,26.0,258.0,0.6046511627906976,0.40397804413160693,0.9050071754519351,0.20576080154826995
recent_verified,30,2012,chicago,skip_51,48,706,16,26.0,264.0,0.5909090909090909,0.394962485745115,0.8840676426782058,0.20554663035286483
recent_verified,35,2012,chicago,original,36,212,22,22.0,156.0,0.8461538461538461,0.5414949991485338,1.3222215024825226,0.22773845056292508
recent_verified,35,2012,chicago,skip_51,36,212,22,22.0,154.0,0.8571428571428571,0.5483310110927023,1.3398729283739361,0.2279211529192759
recent_verified,40,2012,chicago,original,28,391,9,20.0,108.0,1.1111111111111112,0.6895150945321304,1.7904871278739483,0.24343224778007383
recent_verified,40,2012,chicago,skip_51,28,391,9,20.0,109.0,1.1009174311926604,0.6834230272020988,1.773453837611815,0.243257706818521
recent_verified,45,2012,chicago,original,13,128,6,10.0,83.0,0.7228915662650602,0.3750940011925507,1.3931766834865877,0.3347360045932979
recent_verified,45,2012,chicago,skip_51,13,128,6,10.0,108.0,0.5555555555555556,0.29064500297442103,1.0619208042458754,0.3305438840143004
recent_verified,50,2012,chicago,original,18,538,12,31.0,66.0,2.8181818181818183,1.8391924847248085,4.318280346561406,0.21773740989468066
recent_verified,50,2012,chicago,skip_51,18,538,12,31.0,64.0,2.90625,1.8926396304159567,4.462703267311225,0.21882199276153444
recent_verified,55,2012,chicago,original,7,71,9,10.0,58.0,1.0344827586206897,0.5287641396883737,2.0238788857999452,0.34240528516707336
recent_verified,55,2012,chicago,skip_51,7,71,9,10.0,51.0,1.1764705882352942,0.5973006679074593,2.3172300306169045,0.3458436686383819
recent_verified,60,2012,chicago,original,10,229,5,2.0,49.0,0.2448979591836735,0.059555636286395965,1.007041720181034,0.7213932098830056
recent_verified,60,2012,chicago,skip_51,10,229,5,2.0,47.0,0.25531914893617025,0.06201674177314315,1.0511333867223642,0.7219948723811555
recent_verified,65,2012,chicago,original,8,64,2,3.0,37.0,0.48648648648648646,0.14999780833151147,1.57781706390604,0.6003002251876642
recent_verified,65,2012,chicago,skip_51,8,64,2,3.0,37.0,0.48648648648648646,0.14999780833151147,1.57781706390604,0.6003002251876642
recent_verified,70,2012,chicago,original,7,110,6,2.0,34.0,0.3529411764705882,0.08479121400006588,1.4691082739816188,0.7276068751089989
recent_verified,70,2012,chicago,skip_51,7,110,6,2.0,33.0,0.36363636363636365,0.08725588145569788,1.5154440337161124,0.7282190812544191
recent_verified,75,2012,chicago,original,4,133,2,5.0,31.0,0.9677419354838709,0.37629730109968607,2.488788654495215,0.4819315973414993
recent_verified,75,2012,chicago,skip_51,4,133,2,5.0,32.0,0.9375,0.36528685127097504,2.4060714119381608,0.48088460154178364
recent_verified,80,2012,chicago,original,6,129,10,3.0,32.0,0.5625,0.17224686334101685,1.8369347566786995,0.60380736442456
recent_verified,80,2012,chicago,skip_51,6,129,10,3.0,25.0,0.72,0.2173853163667934,2.3847056860331155,0.6110100926607787
recent_verified,85,2012,chicago,original,3,46,1,3.0,27.0,0.6666666666666666,0.2022434473705817,2.197571541737343,0.6085806194501846
recent_verified,85,2012,chicago,skip_51,3,46,1,3.0,28.0,0.6428571428571428,0.1954366820466967,2.1145738957219162,0.6074928962939559
recent_verified,90,2012,chicago,original,3,59,1,2.0,12.0,1.0,0.2238062118981221,4.468151225646971,0.7637626158259734
recent_verified,90,2012,chicago,skip_51,3,59,1,2.0,13.0,0.9230769230769231,0.20830132342339913,4.090569334431046,0.7595545253127499
recent_verified,100,2012,chicago,original,6,277,17,12.0,28.0,2.571428571428571,1.3076051844055434,5.056759469002263,0.3450327796711771
recent_verified,100,2012,chicago,skip_51,6,277,17,12.0,14.0,5.142857142857142,2.3786876137046584,11.119147987088597,0.3933978962347216
recent_verified,30,2012,cook_ex_chicago,original,48,651,19,21.0,210.0,0.6,0.38311940429831254,0.9396548333523957,0.22886885410853172
recent_verified,30,2012,cook_ex_chicago,skip_51,48,651,19,21.0,210.0,0.6,0.38311940429831254,0.9396548333523957,0.22886885410853172
recent_verified,35,2012,cook_ex_chicago,original,17,222,22,19.0,126.0,0.9047619047619048,0.5585277838052434,1.4656282606593316,0.24610584487954842
recent_verified,35,2012,cook_ex_chicago,skip_51,17,222,22,19.0,118.0,0.9661016949152542,0.595120426239178,1.5683422106957117,0.24719659224705112
recent_verified,40,2012,cook_ex_chicago,original,17,334,15,14.0,88.0,0.9545454545454546,0.5430883506231081,1.6777325894543305,0.28773635118317564
recent_verified,40,2012,cook_ex_chicago,skip_51,17,334,15,14.0,80.0,1.05,0.5950973758301595,1.8526379795609331,0.28970428272390353
recent_verified,45,2012,cook_ex_chicago,original,5,120,12,7.0,71.0,0.5915492957746479,0.27212843183392604,1.2859022740594657,0.39615861709597633
recent_verified,45,2012,cook_ex_chicago,skip_51,5,120,12,7.0,81.0,0.5185185185185185,0.23956344103837113,1.1222975128478614,0.39395789352351923
recent_verified,50,2012,cook_ex_chicago,original,15,550,13,22.0,82.0,1.6097560975609757,1.0054949526225525,2.5771533580313073,0.24010345146574832
recent_verified,50,2012,cook_ex_chicago,skip_51,15,550,13,22.0,79.0,1.6708860759493671,1.0417113453570186,2.6800709152732125,0.24106591070212877
recent_verified,55,2012,cook_ex_chicago,original,10,62,5,10.0,65.0,0.923076923076923,0.47434441664528343,1.7963129237259297,0.3396831102433787
recent_verified,55,2012,cook_ex_chicago,skip_51,10,62,5,10.0,65.0,0.923076923076923,0.47434441664528343,1.7963129237259297,0.3396831102433787
recent_verified,60,2012,cook_ex_chicago,original,7,229,4,5.0,33.0,0.9090909090909091,0.3549024985612007,2.3286572631700424,0.47989897926858555
recent_verified,60,2012,cook_ex_chicago,skip_51,7,229,4,5.0,33.0,0.9090909090909091,0.3549024985612007,2.3286572631700424,0.47989897926858555
recent_verified,65,2012,cook_ex_chicago,original,0,70,4,4.0,31.0,0.7741935483870968,0.27328461407436566,2.193228668925734,0.5312796481290517
recent_verified,65,2012,cook_ex_chicago,skip_51,0,70,4,4.0,31.0,0.7741935483870968,0.27328461407436566,2.193228668925734,0.5312796481290517
recent_verified,70,2012,cook_ex_chicago,original,7,128,5,4.0,30.0,0.8,0.2818350748008432,2.2708316218350455,0.5322906474223771
recent_verified,70,2012,cook_ex_chicago,skip_51,7,128,5,4.0,28.0,0.8571428571428571,0.30064811594437474,2.4437002548419486,0.5345224838248488
recent_verified,75,2012,cook_ex_chicago,original,2,91,3,3.0,29.0,0.6206896551724138,0.18907305496107052,2.0376020693026446,0.6064784348631227
recent_verified,75,2012,cook_ex_chicago,skip_51,2,91,3,3.0,26.0,0.6923076923076924,0.20954128939502772,2.287329347892119,0.609749843620211
recent_verified,80,2012,cook_ex_chicago,original,6,109,2,0.0,23.0,,,,
recent_verified,80,2012,cook_ex_chicago,skip_51,6,109,2,0.0,23.0,,,,
recent_verified,85,2012,cook_ex_chicago,original,1,29,5,2.0,20.0,0.6,0.14023993144122696,2.567029207019201,0.7416198487095663
recent_verified,85,2012,cook_ex_chicago,skip_51,1,29,5,2.0,17.0,0.7058823529411764,0.16308318068363709,3.0553113699711236,0.747545001596402
recent_verified,90,2012,cook_ex_chicago,original,4,64,3,2.0,23.0,0.5217391304347826,0.1230064191870192,2.2129879239307977,0.7372097807744856
recent_verified,90,2012,cook_ex_chicago,skip_51,4,64,3,2.0,22.0,0.5454545454545455,0.12826052429898435,2.3196588567148155,0.7385489458759964
recent_verified,100,2012,cook_ex_chicago,original,4,239,14,12.0,26.0,2.7692307692307696,1.3973069673006355,5.488156312616815,0.3489912202260564
recent_verified,100,2012,cook_ex_chicago,skip_51,4,239,14,12.0,14.0,5.142857142857142,2.3786876137046584,11.119147987088597,0.3933978962347216
recent_verified,30,2012,illinois_ex_cook,original,157,1452,47,53.0,636.0,0.5,0.3778087288026483,0.6617104924820032,0.14296940781973969
recent_verified,30,2012,illinois_ex_cook,skip_51,157,1452,47,53.0,640.0,0.49687499999999996,0.37547271849873076,0.6575305034467757,0.1429350360419092
recent_verified,35,2012,illinois_ex_cook,original,55,572,57,51.0,413.0,0.7409200968523003,0.553900610993037,0.9910850051879126,0.14842220401041137
recent_verified,35,2012,illinois_ex_cook,skip_51,55,572,57,51.0,387.0,0.7906976744186046,0.5904801718240384,1.0588040753336228,0.14896919972068143
recent_verified,40,2012,illinois_ex_cook,original,74,795,35,31.0,319.0,0.5830721003134797,0.40325787199820085,0.8430661811494391,0.18812990393441853
recent_verified,40,2012,illinois_ex_cook,skip_51,74,795,35,31.0,309.0,0.6019417475728155,0.41608849823394506,0.8708096210515618,0.18839933776640932
recent_verified,45,2012,illinois_ex_cook,original,33,303,18,25.0,228.0,0.6578947368421053,0.4353335842726998,0.9942386721384086,0.21067976863543567
recent_verified,45,2012,illinois_ex_cook,skip_51,33,303,18,25.0,254.0,0.5905511811023622,0.3915908873556143,0.8905996251763769,0.20961156426594346
recent_verified,50,2012,illinois_ex_cook,original,41,1083,24,44.0,180.0,1.4666666666666666,1.0548190819344965,2.039317592895701,0.16817499303650435
recent_verified,50,2012,illinois_ex_cook,skip_51,41,1083,24,44.0,182.0,1.4505494505494505,1.0435990632829197,2.0161897250753786,0.16799338743467918
recent_verified,55,2012,illinois_ex_cook,original,17,155,23,26.0,151.0,1.033112582781457,0.6814102371880429,1.566342198065382,0.21233006150291073
recent_verified,55,2012,illinois_ex_cook,skip_51,17,155,23,26.0,142.0,1.0985915492957745,0.7231990669404794,1.6688398082286526,0.21331617843629494
recent_verified,60,2012,illinois_ex_cook,original,28,490,12,14.0,125.0,0.672,0.3867854208925593,1.1675310795270137,0.281830749615033
recent_verified,60,2012,illinois_ex_cook,skip_51,28,490,12,14.0,121.0,0.6942148760330578,0.3992047407932856,1.2072358989222196,0.28229954700369037
recent_verified,65,2012,illinois_ex_cook,original,21,168,6,8.0,86.0,0.5581395348837209,0.27046157350268846,1.1518077646513425,0.3696321238430775
recent_verified,65,2012,illinois_ex_cook,skip_51,21,168,6,8.0,88.0,0.5454545454545455,0.2645000680175039,1.1248415298605359,0.3692744729379982
recent_verified,70,2012,illinois_ex_cook,original,9,274,6,8.0,70.0,0.6857142857142857,0.3299593354948199,1.4250364546513485,0.37321001364608947
recent_verified,70,2012,illinois_ex_cook,skip_51,9,274,6,8.0,72.0,0.6666666666666666,0.321128481911098,1.3840081757914127,0.37267799624996495
recent_verified,75,2012,illinois_ex_cook,original,15,253,7,8.0,67.0,0.7164179104477613,0.3441557472206895,1.4913440398867217,0.3740660010403623
recent_verified,75,2012,illinois_ex_cook,skip_51,15,253,7,8.0,64.0,0.75,0.35962909423117057,1.5641114943787708,0.375
recent_verified,80,2012,illinois_ex_cook,original,15,246,8,4.0,54.0,0.4444444444444444,0.16096341794432184,1.2271786143722287,0.5181877251716008
recent_verified,80,2012,illinois_ex_cook,skip_51,15,246,8,4.0,55.0,0.4363636363636364,0.15813750705756455,1.2040990571021364,0.5178627406773132
recent_verified,85,2012,illinois_ex_cook,original,11,88,9,9.0,47.0,1.148936170212766,0.5630921783927688,2.34429525728985,0.36385121527321024
recent_verified,85,2012,illinois_ex_cook,skip_51,11,88,9,9.0,46.0,1.1739130434782608,0.5746176358330158,2.3982414525976385,0.3644862707234577
recent_verified,90,2012,illinois_ex_cook,original,8,112,2,8.0,32.0,1.5,0.6912229087239091,3.2551004482096872,0.39528470752104744
recent_verified,90,2012,illinois_ex_cook,skip_51,8,112,2,8.0,35.0,1.3714285714285714,0.6362042705209816,2.956308867575551,0.3918819064098629
recent_verified,100,2012,illinois_ex_cook,original,9,485,17,35.0,37.0,5.675675675675675,3.5752491028623554,9.010083898676172,0.2357932475675578
recent_verified,100,2012,illinois_ex_cook,skip_51,9,485,17,35.0,24.0,8.75,5.204924907418872,14.709626240884123,0.26502470684465484
recent_verified,30,2013,chicago,original,38,553,15,17.0,178.0,0.5730337078651685,0.3484142129816168,0.9424633614674864,0.2538533177641265
recent_verified,30,2013,chicago,skip_51,38,553,15,17.0,175.0,0.5828571428571429,0.3542553415242971,0.9589762218343051,0.2540429395319823
recent_verified,35,2013,chicago,original,20,168,18,12.0,109.0,0.6605504587155963,0.363921488558282,1.198958902476315,0.30415069498513203
recent_verified,35,2013,chicago,skip_51,20,168,18,12.0,106.0,0.6792452830188679,0.3739084240566911,1.2339228667215836,0.30457724077396897
recent_verified,40,2013,chicago,original,16,289,8,15.0,78.0,1.1538461538461537,0.6639880121006891,2.0050978669531614,0.2819347078441735
recent_verified,40,2013,chicago,skip_51,16,289,8,15.0,77.0,1.1688311688311688,0.6722222743554527,2.0323133483506752,0.28222983480433045
recent_verified,45,2013,chicago,original,9,98,5,7.0,68.0,0.6176470588235293,0.2836981128219322,1.344696605411695,0.39694209301872235
recent_verified,45,2013,chicago,skip_51,9,98,5,7.0,93.0,0.45161290322580644,0.20948263298422762,0.9736091792172469,0.39193090083481025
recent_verified,50,2013,chicago,original,17,458,11,30.0,63.0,2.857142857142857,1.8497399144222488,4.413196278284441,0.22182504188289745
recent_verified,50,2013,chicago,skip_51,17,458,11,30.0,60.0,3.0,1.935456014409233,4.650066926345059,0.22360679774997896
recent_verified,55,2013,chicago,original,6,66,4,8.0,50.0,0.96,0.45513201516495105,2.0249069924601755,0.3807886552931954
recent_verified,55,2013,chicago,skip_51,6,66,4,8.0,48.0,1.0,0.4730816123018544,2.113800185837576,0.3818813079129867
recent_verified,60,2013,chicago,original,8,187,3,2.0,35.0,0.34285714285714286,0.08246192523275361,1.4255187479114588,0.7270291799999699
recent_verified,60,2013,chicago,skip_51,8,187,3,2.0,33.0,0.36363636363636365,0.08725588145569788,1.5154440337161124,0.7282190812544191
recent_verified,65,2013,chicago,original,4,57,2,1.0,29.0,0.20689655172413796,0.028182809999115217,1.5188756237111476,1.0170952554312156
recent_verified,65,2013,chicago,skip_51,4,57,2,1.0,29.0,0.20689655172413796,0.028182809999115217,1.5188756237111476,1.0170952554312156
recent_verified,70,2013,chicago,original,7,89,3,2.0,27.0,0.4444444444444444,0.10568700780102012,1.8690174725111692,0.7328281087929399
recent_verified,70,2013,chicago,skip_51,7,89,3,2.0,28.0,0.42857142857142855,0.10209301518892741,1.799079682854499,0.7319250547113999
recent_verified,75,2013,chicago,original,4,102,2,4.0,27.0,0.8888888888888888,0.3110288978917995,2.5403538454005354,0.5357583756107197
recent_verified,75,2013,chicago,skip_51,4,102,2,4.0,28.0,0.8571428571428571,0.30064811594437474,2.4437002548419486,0.5345224838248488
recent_verified,80,2013,chicago,original,7,125,6,3.0,28.0,0.6428571428571428,0.1954366820466967,2.1145738957219162,0.6074928962939559
recent_verified,80,2013,chicago,skip_51,7,125,6,3.0,25.0,0.72,0.2173853163667934,2.3847056860331155,0.6110100926607787
recent_verified,85,2013,chicago,original,4,37,1,3.0,19.0,0.9473684210526316,0.28034388185281994,3.201450016586936,0.6212607441973955
recent_verified,85,2013,chicago,skip_51,4,37,1,3.0,22.0,0.8181818181818182,0.24488481862104947,2.7336177529208614,0.6154574548966637
recent_verified,90,2013,chicago,original,1,49,1,4.0,8.0,3.0,0.9033567918322931,9.962840907793648,0.6123724356957945
recent_verified,90,2013,chicago,skip_51,1,49,1,4.0,9.0,2.6666666666666665,0.8212036380862578,8.65937604426951,0.6009252125773316
recent_verified,100,2013,chicago,original,3,188,14,10.0,22.0,2.7272727272727275,1.2914781807328397,5.759304833709985,0.3813850356982369
recent_verified,100,2013,chicago,skip_51,3,188,14,10.0,9.0,6.666666666666667,2.7089527824864974,16.406503919809825,0.45946829173634074
recent_verified,30,2013,cook_ex_chicago,original,56,706,22,22.0,243.0,0.5432098765432098,0.35111579401552345,0.8403978829874095,0.222642699839887
recent_verified,30,2013,cook_ex_chicago,skip_51,56,706,22,22.0,239.0,0.5523012552301255,0.3568840367968939,0.8547221088018895,0.222797320165561
recent_verified,35,2013,cook_ex_chicago,original,23,251,23,18.0,151.0,0.7152317880794702,0.4387238868459776,1.1660101626947608,0.24935531298098892
recent_verified,35,2013,cook_ex_chicago,skip_51,23,251,23,18.0,145.0,0.7448275862068965,0.4563867286015586,1.2155658751837273,0.2499041962026518
recent_verified,40,2013,cook_ex_chicago,original,23,391,19,17.0,108.0,0.9444444444444444,0.5663319332187043,1.5750044387793949,0.26092678795214563
recent_verified,40,2013,cook_ex_chicago,skip_51,23,391,19,17.0,100.0,1.02,0.6099438004709099,1.7057309201220743,0.2623423896585618
recent_verified,45,2013,cook_ex_chicago,original,5,135,9,11.0,80.0,0.825,0.43926400985695435,1.5494668006642394,0.32157283919679985
recent_verified,45,2013,cook_ex_chicago,skip_51,5,135,9,11.0,94.0,0.7021276595744681,0.37597844648752016,1.3112008279865153,0.3186650102873413
recent_verified,50,2013,cook_ex_chicago,original,13,620,15,23.0,82.0,1.6829268292682928,1.05978744690031,2.6724629744906268,0.23595207738179533
recent_verified,50,2013,cook_ex_chicago,skip_51,13,620,15,23.0,76.0,1.8157894736842106,1.138911118150135,2.8949505893819443,0.23798351961093298
recent_verified,55,2013,cook_ex_chicago,original,10,71,7,9.0,65.0,0.8307692307692307,0.41374663614853613,1.6681163168300028,0.3556623771158913
recent_verified,55,2013,cook_ex_chicago,skip_51,10,71,7,9.0,64.0,0.84375,0.41993331981123766,1.6953026323798486,0.3560001560548971
recent_verified,60,2013,cook_ex_chicago,original,4,256,4,6.0,27.0,1.3333333333333333,0.5504960805088448,3.2294104185710264,0.45133546692422
recent_verified,60,2013,cook_ex_chicago,skip_51,4,256,4,6.0,29.0,1.2413793103448276,0.5153903422291906,2.9900106111552196,0.4484968509224522
recent_verified,65,2013,cook_ex_chicago,original,1,75,4,6.0,29.0,1.2413793103448276,0.5153903422291906,2.9900106111552196,0.4484968509224522
recent_verified,65,2013,cook_ex_chicago,skip_51,1,75,4,6.0,31.0,1.161290322580645,0.48449534723445187,2.783504983107424,0.44600978821411047
recent_verified,70,2013,cook_ex_chicago,original,8,154,6,6.0,33.0,1.0909090909090908,0.4570961664680506,2.6035717031358687,0.44381268229929727
recent_verified,70,2013,cook_ex_chicago,skip_51,8,154,6,6.0,31.0,1.161290322580645,0.48449534723445187,2.783504983107424,0.44600978821411047
recent_verified,75,2013,cook_ex_chicago,original,3,110,5,4.0,32.0,0.75,0.2652376557358123,2.120739600263521,0.5303300858899106
recent_verified,75,2013,cook_ex_chicago,skip_51,3,110,5,4.0,28.0,0.8571428571428571,0.30064811594437474,2.4437002548419486,0.5345224838248488
recent_verified,80,2013,cook_ex_chicago,original,5,137,2,1.0,24.0,0.25,0.03381972778793614,1.8480337982582586,1.0206207261596576
recent_verified,80,2013,cook_ex_chicago,skip_51,5,137,2,1.0,26.0,0.23076923076923078,0.03131450854562851,1.7006314434801109,1.0190493307301363
recent_verified,85,2013,cook_ex_chicago,original,1,33,2,4.0,18.0,1.3333333333333333,0.45124326601824605,3.9397325382045545,0.5527707983925667
recent_verified,85,2013,cook_ex_chicago,skip_51,1,33,2,4.0,18.0,1.3333333333333333,0.45124326601824605,3.9397325382045545,0.5527707983925667
recent_verified,90,2013,cook_ex_chicago,original,5,66,2,2.0,21.0,0.5714285714285714,0.13398317951184371,2.4371015334505746,0.7400128699009549
recent_verified,90,2013,cook_ex_chicago,skip_51,5,66,2,2.0,20.0,0.6,0.14023993144122696,2.567029207019201,0.7416198487095663
recent_verified,100,2013,cook_ex_chicago,original,3,289,16,18.0,29.0,3.724137931034483,2.068265329356789,6.705717652620031,0.3000638501656693
recent_verified,100,2013,cook_ex_chicago,skip_51,3,289,16,18.0,16.0,6.75,3.442169424839536,13.23656519380187,0.3435921354681384
recent_verified,30,2013,illinois_ex_cook,original,202,1832,60,78.0,846.0,0.5531914893617021,0.4386811336697502,0.6975928537027036,0.11833235363770778
recent_verified,30,2013,illinois_ex_cook,skip_51,202,1832,60,78.0,860.0,0.5441860465116278,0.4316086125915352,0.6861273027890534,0.11825101909999439
recent_verified,35,2013,illinois_ex_cook,original,77,745,77,74.0,533.0,0.8330206378986867,0.6532175815737582,1.0623158389174197,0.1240551736986146
recent_verified,35,2013,illinois_ex_cook,skip_51,77,745,77,74.0,496.0,0.8951612903225806,0.7011716077308795,1.1428211394428625,0.12461798644566353
recent_verified,40,2013,illinois_ex_cook,original,81,1040,45,40.0,399.0,0.6015037593984962,0.434574125797523,0.8325547958165765,0.16585013013006775
recent_verified,40,2013,illinois_ex_cook,skip_51,81,1040,45,40.0,382.0,0.6282722513089005,0.45361505799438917,0.870178392026917,0.1661860434787483
recent_verified,45,2013,illinois_ex_cook,original,41,381,23,28.0,295.0,0.5694915254237288,0.386510328794721,0.8390994324544817,0.19774760737556418
recent_verified,45,2013,illinois_ex_cook,skip_51,41,381,23,28.0,322.0,0.5217391304347826,0.3546011418648019,0.767656073512106,0.19702760155977514
recent_verified,50,2013,illinois_ex_cook,original,56,1401,28,50.0,246.0,1.2195121951219512,0.8997825858447391,1.652854831208951,0.15512910961649495
recent_verified,50,2013,illinois_ex_cook,skip_51,56,1401,28,50.0,257.0,1.1673151750972761,0.8622193964274082,1.5803688987494335,0.15456730114632133
recent_verified,55,2013,illinois_ex_cook,original,36,227,36,39.0,223.0,1.0493273542600898,0.7467379192545592,1.4745305789448262,0.17356650187683412
recent_verified,55,2013,illinois_ex_cook,skip_51,36,227,36,39.0,210.0,1.1142857142857143,0.791725480320605,1.5682615804640165,0.17436436104585823
recent_verified,60,2013,illinois_ex_cook,original,35,614,21,23.0,169.0,0.8165680473372781,0.5282125027410076,1.262339252615441,0.2222508056968047
recent_verified,60,2013,illinois_ex_cook,skip_51,35,614,21,23.0,157.0,0.8789808917197451,0.5674552449839098,1.3615301203716,0.22326595714787684
recent_verified,65,2013,illinois_ex_cook,original,25,219,14,9.0,124.0,0.43548387096774194,0.2213687861880525,0.8566980247700536,0.3452182313264225
recent_verified,65,2013,illinois_ex_cook,skip_51,25,219,14,9.0,120.0,0.45,0.22857334996230821,0.8859300527965851,0.3456073558887953
recent_verified,70,2013,illinois_ex_cook,original,20,381,7,10.0,108.0,0.5555555555555556,0.29064500297442103,1.0619208042458754,0.3305438840143004
recent_verified,70,2013,illinois_ex_cook,skip_51,20,381,7,10.0,116.0,0.5172413793103449,0.2711140686175825,0.986812103979164,0.3295765308015309
recent_verified,75,2013,illinois_ex_cook,original,17,337,12,15.0,91.0,0.989010989010989,0.5727886403960327,1.7076852915731628,0.2786676831921449
recent_verified,75,2013,illinois_ex_cook,skip_51,17,337,12,15.0,87.0,1.0344827586206897,0.598061894547285,1.7893709457840434,0.2795727446304984
recent_verified,80,2013,illinois_ex_cook,original,20,334,7,8.0,74.0,0.6486486486486486,0.31275811146960697,1.3452730847385386,0.3721740365924436
recent_verified,80,2013,illinois_ex_cook,skip_51,20,334,7,8.0,81.0,0.5925925925925926,0.2866115020298269,1.2252333849430281,0.3706017795590648
recent_verified,85,2013,illinois_ex_cook,original,16,116,8,14.0,63.0,1.3333333333333333,0.7471898090383698,2.3792853653421346,0.2954684201426394
recent_verified,85,2013,illinois_ex_cook,skip_51,16,116,8,14.0,63.0,1.3333333333333333,0.7471898090383698,2.3792853653421346,0.2954684201426394
recent_verified,90,2013,illinois_ex_cook,original,14,155,2,8.0,38.0,1.2631578947368423,0.589304634985647,2.7075433864097693,0.38899330260774956
recent_verified,90,2013,illinois_ex_cook,skip_51,14,155,2,8.0,42.0,1.1428571428571428,0.5365717320131574,2.4341991406799717,0.3857583749052298
recent_verified,100,2013,illinois_ex_cook,original,14,581,28,41.0,58.0,4.241379310344827,2.843323116982715,6.326856890366753,0.204038288595018
recent_verified,100,2013,illinois_ex_cook,skip_51,14,581,28,41.0,35.0,7.028571428571429,4.4768549178298285,11.034714600596853,0.2301340315422028
recent_verified,30,2014,chicago,original,45,665,19,24.0,243.0,0.5925925925925926,0.38960435207279714,0.9013399848521081,0.2139670371905804
recent_verified,30,2014,chicago,skip_51,45,665,19,24.0,244.0,0.5901639344262295,0.38803758937003613,0.8975766241174927,0.2139276216910859
recent_verified,35,2014,chicago,original,33,197,21,20.0,146.0,0.8219178082191781,0.5150766629939071,1.3115501671948373,0.23843094402466547
recent_verified,35,2014,chicago,skip_51,33,197,21,20.0,141.0,0.851063829787234,0.532810189853086,1.359414020538592,0.23893973838932753
recent_verified,40,2014,chicago,original,20,354,10,16.0,95.0,1.0105263157894737,0.5950041008759364,1.716229238419936,0.2702338168872906
recent_verified,40,2014,chicago,skip_51,20,354,10,16.0,95.0,1.0105263157894737,0.5950041008759364,1.716229238419936,0.2702338168872906
recent_verified,45,2014,chicago,original,11,126,7,10.0,76.0,0.7894736842105263,0.4083166938615978,1.5264345235715582,0.3363894985531536
recent_verified,45,2014,chicago,skip_51,11,126,7,10.0,101.0,0.5940594059405941,0.31019883245101854,1.1376786140618913,0.3315131823910022
recent_verified,50,2014,chicago,original,16,508,22,32.0,76.0,2.5263157894736845,1.6715104668920706,3.818265930461654,0.21073180760588114
recent_verified,50,2014,chicago,skip_51,16,508,22,32.0,66.0,2.909090909090909,1.9072011787517156,4.437292725927516,0.21541010921383227
recent_verified,55,2014,chicago,original,8,63,4,12.0,66.0,1.0909090909090908,0.589735221942068,2.0179948565883783,0.3138229572304239
recent_verified,55,2014,chicago,skip_51,8,63,4,12.0,65.0,1.1076923076923075,0.5983726027506306,2.0505321314519636,0.31419412584889095
recent_verified,60,2014,chicago,original,12,210,5,3.0,41.0,0.43902439024390244,0.13594889239001043,1.4177564218477818,0.5980999726097406
recent_verified,60,2014,chicago,skip_51,12,210,5,3.0,38.0,0.4736842105263158,0.1462202601861688,1.534511913850111,0.599707531057446
recent_verified,65,2014,chicago,original,5,61,2,2.0,34.0,0.3529411764705882,0.08479121400006588,1.4691082739816188,0.7276068751089989
recent_verified,65,2014,chicago,skip_51,5,61,2,2.0,33.0,0.36363636363636365,0.08725588145569788,1.5154440337161124,0.7282190812544191
recent_verified,70,2014,chicago,original,9,106,4,1.0,30.0,0.2,0.02727358025639027,1.4666207965354277,1.0165300454651272
recent_verified,70,2014,chicago,skip_51,9,106,4,1.0,30.0,0.2,0.02727358025639027,1.4666207965354277,1.0165300454651272
recent_verified,75,2014,chicago,original,3,105,2,4.0,25.0,0.96,0.33410021145222696,2.7584538064016746,0.5385164807134504
recent_verified,75,2014,chicago,skip_51,3,105,2,4.0,26.0,0.9230769230769231,0.32215207171658095,2.644934118774765,0.5370861555295746
recent_verified,80,2014,chicago,original,5,128,10,3.0,30.0,0.6,0.183110668582763,1.9660241688063405,0.6055300708194983
recent_verified,80,2014,chicago,skip_51,5,128,10,3.0,23.0,0.7826086956521738,0.2349768938861308,2.6065387127263726,0.6138498140448513
recent_verified,85,2014,chicago,original,4,37,2,3.0,25.0,0.72,0.2173853163667934,2.3847056860331155,0.6110100926607787
recent_verified,85,2014,chicago,skip_51,4,37,2,3.0,25.0,0.72,0.2173853163667934,2.3847056860331155,0.6110100926607787
recent_verified,90,2014,chicago,original,1,54,2,2.0,9.0,1.3333333333333333,0.28807903509234156,6.171145974603547,0.7817359599705717
recent_verified,90,2014,chicago,skip_51,1,54,2,2.0,9.0,1.3333333333333333,0.28807903509234156,6.171145974603547,0.7817359599705717
recent_verified,100,2014,chicago,original,3,258,18,16.0,26.0,3.6923076923076925,1.9807439814347898,6.882836056782631,0.3177444546511213
recent_verified,100,2014,chicago,skip_51,3,258,18,16.0,11.0,8.727272727272728,4.050216983697258,18.805236747259542,0.39167472590032015
recent_verified,30,2014,cook_ex_chicago,original,49,706,19,19.0,235.0,0.48510638297872344,0.3039578725078512,0.7742132186447034,0.2385097442376403
recent_verified,30,2014,cook_ex_chicago,skip_51,49,706,19,19.0,236.0,0.4830508474576271,0.30269234183551974,0.7708755359140389,0.2384719419197186
recent_verified,35,2014,cook_ex_chicago,original,23,237,27,20.0,154.0,0.7792207792207791,0.4890352196171458,1.2415977385939383,0.2376836268940427
recent_verified,35,2014,cook_ex_chicago,skip_51,23,237,27,20.0,143.0,0.8391608391608392,0.5255721668238562,1.3398557960873354,0.2387320820355048
recent_verified,40,2014,cook_ex_chicago,original,20,387,13,16.0,104.0,0.9230769230769231,0.545317470032822,1.5625228472248922,0.2685430777647873
recent_verified,40,2014,cook_ex_chicago,skip_51,20,387,13,16.0,104.0,0.9230769230769231,0.545317470032822,1.5625228472248922,0.2685430777647873
recent_verified,45,2014,cook_ex_chicago,original,5,125,10,13.0,76.0,1.0263157894736843,0.5699030835028086,1.8482512732672396,0.3001349224264298
recent_verified,45,2014,cook_ex_chicago,skip_51,5,125,10,13.0,92.0,0.8478260869565217,0.4743431450024336,1.5153778046488262,0.29629823175386694
recent_verified,50,2014,cook_ex_chicago,original,15,591,18,26.0,84.0,1.8571428571428572,1.1962210133388738,2.883229397726425,0.22442437560635067
recent_verified,50,2014,cook_ex_chicago,skip_51,15,591,18,26.0,77.0,2.0259740259740258,1.2988484081393692,3.1601615155392127,0.2268227313312126
recent_verified,55,2014,cook_ex_chicago,original,9,61,7,11.0,67.0,0.9850746268656717,0.5206542010454794,1.8637552881471515,0.3253220927687194
recent_verified,55,2014,cook_ex_chicago,skip_51,9,61,7,11.0,63.0,1.0476190476190477,0.5521367087267178,1.9877426216872949,0.3267753154418289
recent_verified,60,2014,cook_ex_chicago,original,6,227,4,3.0,31.0,0.5806451612903225,0.1775127441453124,1.8992935124357815,0.6046415449251419
recent_verified,60,2014,cook_ex_chicago,skip_51,6,227,4,3.0,33.0,0.5454545454545454,0.1672843408964788,1.7785326442547338,0.6030226891555273
recent_verified,65,2014,cook_ex_chicago,original,1,70,5,6.0,31.0,1.161290322580645,0.48449534723445187,2.783504983107424,0.44600978821411047
recent_verified,65,2014,cook_ex_chicago,skip_51,1,70,5,6.0,30.0,1.2,0.4994653311617163,2.883082989265091,0.4472135954999579
recent_verified,70,2014,cook_ex_chicago,original,9,142,5,4.0,33.0,0.7272727272727273,0.2576510025026658,2.052876234507328,0.5294365215047317
recent_verified,70,2014,cook_ex_chicago,skip_51,9,142,5,4.0,32.0,0.75,0.2652376557358123,2.120739600263521,0.5303300858899106
recent_verified,75,2014,cook_ex_chicago,original,2,113,4,4.0,31.0,0.7741935483870968,0.27328461407436566,2.193228668925734,0.5312796481290517
recent_verified,75,2014,cook_ex_chicago,skip_51,2,113,4,4.0,28.0,0.8571428571428571,0.30064811594437474,2.4437002548419486,0.5345224838248488
recent_verified,80,2014,cook_ex_chicago,original,5,129,2,1.0,24.0,0.25,0.03381972778793614,1.8480337982582586,1.0206207261596576
recent_verified,80,2014,cook_ex_chicago,skip_51,5,129,2,1.0,27.0,0.2222222222222222,0.03019606384155609,1.6354024255777928,1.0183501544346312
recent_verified,85,2014,cook_ex_chicago,original,1,30,2,5.0,17.0,1.7647058823529411,0.6510556739500639,4.783288090121047,0.5087470190691683
recent_verified,85,2014,cook_ex_chicago,skip_51,1,30,2,5.0,16.0,1.875,0.6868821697640825,5.118235928598178,0.51234753829798
recent_verified,90,2014,cook_ex_chicago,original,4,65,3,1.0,21.0,0.2857142857142857,0.038431150930053906,2.1241272011290757,1.023532631438318
recent_verified,90,2014,cook_ex_chicago,skip_51,4,65,3,1.0,19.0,0.31578947368421056,0.0422734064389155,2.359000612686586,1.025978352085154
recent_verified,100,2014,cook_ex_chicago,original,3,282,15,16.0,26.0,3.6923076923076925,1.9807439814347898,6.882836056782631,0.3177444546511213
recent_verified,100,2014,cook_ex_chicago,skip_51,3,282,15,16.0,14.0,6.857142857142857,3.3467988045101986,14.049368040857392,0.36596252735569995
recent_verified,30,2014,illinois_ex_cook,original,213,1963,62,84.0,882.0,0.5714285714285714,0.45684036536998807,0.7147586706363955,0.11418646484077903
recent_verified,30,2014,illinois_ex_cook,skip_51,213,1963,62,84.0,900.0,0.56,0.44779073359938887,0.7003271315581955,0.11408712905438989
recent_verified,35,2014,illinois_ex_cook,original,83,801,70,80.0,541.0,0.88724584103512,0.7015861121400778,1.122036438311004,0.11978492741363511
recent_verified,35,2014,illinois_ex_cook,skip_51,83,801,70,80.0,517.0,0.9284332688588007,0.7336404662053089,1.1749465500211531,0.12014256521645095
recent_verified,40,2014,illinois_ex_cook,original,89,1137,46,46.0,412.0,0.6699029126213591,0.4939531281982644,0.9085273211559696,0.15545518614958467
recent_verified,40,2014,illinois_ex_cook,skip_51,89,1137,46,46.0,400.0,0.69,0.5085384076728293,0.9362124724831034,0.1556892110416859
recent_verified,45,2014,illinois_ex_cook,original,44,393,26,34.0,306.0,0.6666666666666666,0.46776705351665215,0.9501405477430072,0.1807753815155468
recent_verified,45,2014,illinois_ex_cook,skip_51,44,393,26,34.0,332.0,0.6144578313253012,0.4317344411727366,0.8745154207559074,0.18006613479123007
recent_verified,50,2014,illinois_ex_cook,original,60,1446,45,52.0,258.0,1.2093023255813953,0.8977227042851466,1.6290243163907552,0.15200900704569217
recent_verified,50,2014,illinois_ex_cook,skip_51,60,1446,45,52.0,258.0,1.2093023255813953,0.8977227042851466,1.6290243163907552,0.15200900704569217
recent_verified,55,2014,illinois_ex_cook,original,31,224,33,45.0,232.0,1.163793103448276,0.8457120930894395,1.6015076510092328,0.16288820414569138
recent_verified,55,2014,illinois_ex_cook,skip_51,31,224,33,45.0,219.0,1.2328767123287672,0.8945393874720957,1.6991817342978697,0.16367172103904915
recent_verified,60,2014,illinois_ex_cook,original,41,649,20,20.0,173.0,0.6936416184971098,0.436612164679432,1.101981881939891,0.23617863328592884
recent_verified,60,2014,illinois_ex_cook,skip_51,41,649,20,20.0,165.0,0.7272727272727273,0.4572498574592979,1.156754039845257,0.2367712103711219
recent_verified,65,2014,illinois_ex_cook,original,26,223,13,12.0,125.0,0.5760000000000001,0.3185463908063178,1.041531185332833,0.3022140521771503
recent_verified,65,2014,illinois_ex_cook,skip_51,26,223,13,12.0,126.0,0.5714285714285714,0.3160833271986316,1.0330523129418374,0.3021089890583219
recent_verified,70,2014,illinois_ex_cook,original,18,376,10,14.0,110.0,0.7636363636363637,0.4378704103826075,1.3317650200620441,0.28375954701028216
recent_verified,70,2014,illinois_ex_cook,skip_51,18,376,10,14.0,114.0,0.7368421052631579,0.4229727035348448,1.283620156930328,0.2831969301619155
recent_verified,75,2014,illinois_ex_cook,original,18,356,9,14.0,89.0,0.9438202247191011,0.537219894030115,1.6581601435237971,0.28751439352622193
recent_verified,75,2014,illinois_ex_cook,skip_51,18,356,9,14.0,85.0,0.9882352941176471,0.5614895832730563,1.7393181024782447,0.2884324484362402
recent_verified,80,2014,illinois_ex_cook,original,17,338,8,5.0,70.0,0.4285714285714286,0.17297614949758539,1.0618427449173797,0.46291004988627577
recent_verified,80,2014,illinois_ex_cook,skip_51,17,338,8,5.0,74.0,0.4054054054054054,0.16389404083322473,1.002803652264355,0.46207522495099596
recent_verified,85,2014,illinois_ex_cook,original,16,116,9,12.0,62.0,1.161290322580645,0.6258739439546906,2.1547393470291016,0.3153765457217734
recent_verified,85,2014,illinois_ex_cook,skip_51,16,116,9,12.0,61.0,1.180327868852459,0.6356120682595261,2.1918619037625673,0.3157954653827128
recent_verified,90,2014,illinois_ex_cook,original,11,162,2,8.0,34.0,1.4117647058823528,0.6535431907037726,3.0496524378577403,0.3929526239966879
recent_verified,90,2014,illinois_ex_cook,skip_51,11,162,2,8.0,39.0,1.2307692307692308,0.5751722829667345,2.6336333378148775,0.38812501290309237
recent_verified,100,2014,illinois_ex_cook,original,13,634,30,41.0,60.0,4.1,2.756169565632377,6.0990441987349575,0.20262504921432023
recent_verified,100,2014,illinois_ex_cook,skip_51,13,634,30,41.0,35.0,7.028571428571429,4.4768549178298285,11.034714600596853,0.2301340315422028
recent_verified,30,2015,chicago,original,47,607,18,24.0,230.0,0.6260869565217391,0.41118773482642995,0.9532990503525551,0.21450988964060186
recent_verified,30,2015,chicago,skip_51,47,607,18,24.0,228.0,0.631578947368421,0.41472239252374254,0.9618288617877475,0.21459876881973802
recent_verified,35,2015,chicago,original,28,174,18,16.0,131.0,0.732824427480916,0.43608810998190684,1.231475083177603,0.2648274679602921
recent_verified,35,2015,chicago,skip_51,28,174,18,16.0,126.0,0.7619047619047619,0.45288578854350275,1.2817776156766973,0.26539877154295183
recent_verified,40,2015,chicago,original,19,328,10,13.0,93.0,0.8387096774193549,0.4694241709249495,1.498503840590138,0.2961009373425217
recent_verified,40,2015,chicago,skip_51,19,328,10,13.0,91.0,0.8571428571428572,0.47936635348135426,1.532635472254933,0.29649972666444047
recent_verified,45,2015,chicago,original,12,111,8,8.0,76.0,0.6315789473684211,0.30481311367715447,1.3086443753909252,0.37169597083751404
recent_verified,45,2015,chicago,skip_51,12,111,8,8.0,98.0,0.489795918367347,0.23824384341747204,1.0069516937272485,0.36770107646382144
recent_verified,50,2015,chicago,original,13,460,28,30.0,75.0,2.4,1.5715467807978032,3.6651788355138297,0.21602468994692867
recent_verified,50,2015,chicago,skip_51,13,460,28,30.0,55.0,3.272727272727273,2.0975362801972466,5.106344954684495,0.2269694946796849
recent_verified,55,2015,chicago,original,5,61,5,8.0,68.0,0.7058823529411764,0.3392897571488075,1.4685674580362815,0.373772500798201
recent_verified,55,2015,chicago,skip_51,5,61,5,8.0,66.0,0.7272727272727273,0.34916338514054923,1.51483701425853,0.3743681545638132
recent_verified,60,2015,chicago,original,9,197,6,3.0,38.0,0.4736842105263158,0.1462202601861688,1.534511913850111,0.599707531057446
recent_verified,60,2015,chicago,skip_51,9,197,6,3.0,34.0,0.5294117647058824,0.16259970242063013,1.7237228139812135,0.6022832373885361
recent_verified,65,2015,chicago,original,3,63,2,2.0,30.0,0.4,0.09559140691214423,1.673790617466821,0.7302967433402214
recent_verified,65,2015,chicago,skip_51,3,63,2,2.0,29.0,0.4137931034482759,0.09873533386313949,1.7341788978877228,0.7310832774866962
recent_verified,70,2015,chicago,original,7,102,4,1.0,27.0,0.2222222222222222,0.03019606384155609,1.6354024255777928,1.0183501544346312
recent_verified,70,2015,chicago,skip_51,7,102,4,1.0,28.0,0.21428571428571427,0.02915473336511043,1.5749884168685089,1.0177004891982149
recent_verified,75,2015,chicago,original,4,101,3,5.0,25.0,1.2,0.4593795876347317,3.134662572654388,0.48989794855663565
recent_verified,75,2015,chicago,skip_51,4,101,3,5.0,24.0,1.25,0.4769304111404761,3.276159295993767,0.4915960401250875
recent_verified,80,2015,chicago,original,4,124,8,2.0,27.0,0.4444444444444444,0.10568700780102012,1.8690174725111692,0.7328281087929399
recent_verified,80,2015,chicago,skip_51,4,124,8,2.0,22.0,0.5454545454545455,0.12826052429898435,2.3196588567148155,0.7385489458759964
recent_verified,85,2015,chicago,original,4,38,2,3.0,22.0,0.8181818181818182,0.24488481862104947,2.7336177529208614,0.6154574548966637
recent_verified,85,2015,chicago,skip_51,4,38,2,3.0,22.0,0.8181818181818182,0.24488481862104947,2.7336177529208614,0.6154574548966637
recent_verified,90,2015,chicago,original,1,50,2,2.0,10.0,1.2,0.2629246170912146,5.476854985778798,0.7745966692414834
recent_verified,90,2015,chicago,skip_51,1,50,2,2.0,10.0,1.2,0.2629246170912146,5.476854985778798,0.7745966692414834
recent_verified,100,2015,chicago,original,3,255,16,14.0,24.0,3.5,1.8105345144697504,6.765957733530226,0.33629635456727464
recent_verified,100,2015,chicago,skip_51,3,255,16,14.0,9.0,9.333333333333334,4.039774313471385,21.563360809692455,0.4272466296411038
recent_verified,30,2015,cook_ex_chicago,original,45,615,17,15.0,204.0,0.4411764705882353,0.2611512162093872,0.7453025914481487,0.26752313442201664
recent_verified,30,2015,cook_ex_chicago,skip_51,45,615,17,15.0,205.0,0.4390243902439025,0.25990007476202914,0.7416019999436709,0.2674784392192284
recent_verified,35,2015,cook_ex_chicago,original,18,219,22,18.0,129.0,0.8372093023255814,0.511280767066597,1.3709090211273065,0.2516098041413563
recent_verified,35,2015,cook_ex_chicago,skip_51,18,219,22,18.0,124.0,0.8709677419354839,0.5312505506148052,1.4279228635420729,0.25223019582236345
recent_verified,40,2015,cook_ex_chicago,original,17,347,14,17.0,89.0,1.146067415730337,0.6821872489942394,1.9253812253677942,0.264687522312527
recent_verified,40,2015,cook_ex_chicago,skip_51,17,347,14,17.0,85.0,1.2,0.7128958116926748,2.019930509313716,0.2656844656620286
recent_verified,45,2015,cook_ex_chicago,original,6,112,7,10.0,69.0,0.8695652173913043,0.44799966760808213,1.6878219382034765,0.3383677786420988
recent_verified,45,2015,cook_ex_chicago,skip_51,6,112,7,10.0,82.0,0.7317073170731707,0.37950508812866346,1.4107731743425338,0.33495540292883696
recent_verified,50,2015,cook_ex_chicago,original,16,516,23,20.0,84.0,1.4285714285714286,0.877229932223436,2.3264326165409543,0.24880667576405965
recent_verified,50,2015,cook_ex_chicago,skip_51,16,516,23,20.0,67.0,1.791044776119403,1.0869571097165478,2.9512124824328443,0.2548045783229343
recent_verified,55,2015,cook_ex_chicago,original,6,64,7,6.0,68.0,0.5294117647058824,0.22976212440559815,1.2198564812807224,0.425878561352421
recent_verified,55,2015,cook_ex_chicago,skip_51,6,64,7,6.0,62.0,0.5806451612903225,0.25117487373475306,1.3422871416903834,0.42754613660367835
recent_verified,60,2015,cook_ex_chicago,original,5,203,3,1.0,26.0,0.23076923076923078,0.03131450854562851,1.7006314434801109,1.0190493307301363
recent_verified,60,2015,cook_ex_chicago,skip_51,5,203,3,1.0,27.0,0.2222222222222222,0.03019606384155609,1.6354024255777928,1.0183501544346312
recent_verified,65,2015,cook_ex_chicago,original,1,60,5,4.0,26.0,0.9230769230769231,0.32215207171658095,2.644934118774765,0.5370861555295746
recent_verified,65,2015,cook_ex_chicago,skip_51,1,60,5,4.0,24.0,1.0,0.34696860426886966,2.882105146392696,0.5400617248673217
recent_verified,70,2015,cook_ex_chicago,original,8,130,4,3.0,30.0,0.6,0.183110668582763,1.9660241688063405,0.6055300708194983
recent_verified,70,2015,cook_ex_chicago,skip_51,8,130,4,3.0,29.0,0.6206896551724138,0.18907305496107052,2.0376020693026446,0.6064784348631227
recent_verified,75,2015,cook_ex_chicago,original,3,97,2,3.0,24.0,0.75,0.22583919795807328,2.490710226948412,0.6123724356957945
recent_verified,75,2015,cook_ex_chicago,skip_51,3,97,2,3.0,22.0,0.8181818181818182,0.24488481862104947,2.7336177529208614,0.6154574548966637
recent_verified,80,2015,cook_ex_chicago,original,3,113,2,0.0,19.0,,,,
recent_verified,80,2015,cook_ex_chicago,skip_51,3,113,2,0.0,24.0,,,,
recent_verified,85,2015,cook_ex_chicago,original,1,25,2,7.0,17.0,2.4705882352941173,1.0245386323466743,5.957614516099914,0.44908871313907184
recent_verified,85,2015,cook_ex_chicago,skip_51,1,25,2,7.0,17.0,2.4705882352941173,1.0245386323466743,5.957614516099914,0.44908871313907184
recent_verified,90,2015,cook_ex_chicago,original,5,62,3,2.0,20.0,0.6,0.14023993144122696,2.567029207019201,0.7416198487095663
recent_verified,90,2015,cook_ex_chicago,skip_51,5,62,3,2.0,18.0,0.6666666666666666,0.1546852528417896,2.8732179459862106,0.7453559924999299
recent_verified,100,2015,cook_ex_chicago,original,3,258,14,15.0,24.0,3.75,1.9672583307647913,7.148273198331336,0.32914029430219166
recent_verified,100,2015,cook_ex_chicago,skip_51,3,258,14,15.0,12.0,7.5,3.5106397459936964,16.022720663432324,0.3872983346207417
recent_verified,30,2015,illinois_ex_cook,original,192,1721,56,74.0,756.0,0.5873015873015873,0.46257199956344724,0.7456637124004167,0.12180420697276773
recent_verified,30,2015,illinois_ex_cook,skip_51,192,1721,56,74.0,762.0,0.5826771653543307,0.4589681665180608,0.7397303425225633,0.1217614449303176
recent_verified,35,2015,illinois_ex_cook,original,69,698,66,62.0,480.0,0.775,0.5948770596159175,1.0096624004761483,0.13495319778129694
recent_verified,35,2015,illinois_ex_cook,skip_51,69,698,66,62.0,453.0,0.8211920529801324,0.6297661507412693,1.0708044360338678,0.1354124727520634
recent_verified,40,2015,illinois_ex_cook,original,86,989,42,39.0,384.0,0.609375,0.4383555079547985,0.8471158315257006,0.16806306050912054
recent_verified,40,2015,illinois_ex_cook,skip_51,86,989,42,39.0,379.0,0.6174142480211082,0.4440496223041349,0.8584634115472388,0.16816524036930544
recent_verified,45,2015,illinois_ex_cook,original,43,371,25,37.0,282.0,0.7872340425531915,0.5588137345058785,1.109023274638431,0.1748517266652153
recent_verified,45,2015,illinois_ex_cook,skip_51,43,371,25,37.0,317.0,0.7003154574132492,0.4982106470747998,0.9844063806574874,0.17372852718974838
recent_verified,50,2015,illinois_ex_cook,original,54,1300,58,60.0,258.0,1.3953488372093024,1.0536111777709554,1.847928741246337,0.1433270234774822
recent_verified,50,2015,illinois_ex_cook,skip_51,54,1300,58,60.0,243.0,1.4814814814814814,1.116825664710268,1.9652014180225224,0.14415926263724863
recent_verified,55,2015,illinois_ex_cook,original,23,209,27,43.0,230.0,1.1217391304347826,0.8099677467145424,1.5535170157732778,0.16614343213153174
recent_verified,55,2015,illinois_ex_cook,skip_51,23,209,27,43.0,221.0,1.1674208144796379,0.8420743471453619,1.618469156197959,0.16667543559660022
recent_verified,60,2015,illinois_ex_cook,original,37,601,18,18.0,146.0,0.7397260273972603,0.4533447771957582,1.2070164323800052,0.2498096687961631
recent_verified,60,2015,illinois_ex_cook,skip_51,37,601,18,18.0,141.0,0.7659574468085106,0.4689742024147748,1.2510087064501803,0.2502953338300893
recent_verified,65,2015,illinois_ex_cook,original,20,211,12,13.0,107.0,0.7289719626168225,0.40991615401349746,1.2963629685692368,0.2937156300158374
recent_verified,65,2015,illinois_ex_cook,skip_51,20,211,12,13.0,102.0,0.7647058823529411,0.4293541541230613,1.3619877224655481,0.29449447956066066
recent_verified,70,2015,illinois_ex_cook,original,16,316,11,7.0,102.0,0.4117647058823529,0.19145322588886496,0.8855958013932935,0.3907186512386762
recent_verified,70,2015,illinois_ex_cook,skip_51,16,316,11,7.0,104.0,0.40384615384615385,0.18786027640980232,0.8681543490363002,0.3904773072440029
recent_verified,75,2015,illinois_ex_cook,original,13,292,7,13.0,77.0,1.0129870129870129,0.5628158364363199,1.8232299484992442,0.29985011240633197
recent_verified,75,2015,illinois_ex_cook,skip_51,13,292,7,13.0,77.0,1.0129870129870129,0.5628158364363199,1.8232299484992442,0.29985011240633197
recent_verified,80,2015,illinois_ex_cook,original,12,294,8,7.0,57.0,0.7368421052631579,0.33609430428369286,1.6154284115161828,0.4005009394574071
recent_verified,80,2015,illinois_ex_cook,skip_51,12,294,8,7.0,62.0,0.6774193548387096,0.3100638767877914,1.4800078843888158,0.3987307050067844
recent_verified,85,2015,illinois_ex_cook,original,14,97,7,13.0,54.0,1.4444444444444444,0.7883680460949194,2.646504717461893,0.30893623199876613
recent_verified,85,2015,illinois_ex_cook,skip_51,14,97,7,13.0,57.0,1.368421052631579,0.749193688527523,2.499455355751474,0.30735474060472817
recent_verified,90,2015,illinois_ex_cook,original,11,151,1,10.0,28.0,2.142857142857143,1.0409017683312027,4.4114025688087874,0.36839419880650365
recent_verified,90,2015,illinois_ex_cook,skip_51,11,151,1,10.0,32.0,1.875,0.9217614673114197,3.8140290353580557,0.362284418654736
recent_verified,100,2015,illinois_ex_cook,original,13,586,28,44.0,58.0,4.551724137931035,3.076091284973482,6.735233355730086,0.19992161473341885
recent_verified,100,2015,illinois_ex_cook,skip_51,13,586,28,44.0,35.0,7.542857142857144,4.838846646368961,11.757903904692752,0.22649216608682363
recent_verified,30,2016,chicago,original,37,525,15,17.0,195.0,0.5230769230769231,0.31864269673879037,0.8586717042503399,0.2528868018303245
recent_verified,30,2016,chicago,skip_51,37,525,15,17.0,194.0,0.5257731958762886,0.3202523803750014,0.863186256971049,0.25293906101474806
recent_verified,35,2016,chicago,original,21,143,13,14.0,102.0,0.8235294117647058,0.4710543592331316,1.4397503785881984,0.28501314530596455
recent_verified,35,2016,chicago,skip_51,21,143,13,14.0,99.0,0.8484848484848485,0.48483366565931024,1.4848938700025103,0.2855338535613273
recent_verified,40,2016,chicago,original,15,290,7,10.0,77.0,0.7792207792207791,0.4032146370411708,1.5058605690136215,0.3361354087075817
recent_verified,40,2016,chicago,skip_51,15,290,7,10.0,77.0,0.7792207792207791,0.4032146370411708,1.5058605690136215,0.3361354087075817
recent_verified,45,2016,chicago,original,8,94,7,7.0,63.0,0.6666666666666666,0.30533437251760565,1.4555991216443136,0.3984095364447979
recent_verified,45,2016,chicago,skip_51,8,94,7,7.0,82.0,0.5121951219512195,0.23673060139465205,1.108195735595978,0.39376676447912967
recent_verified,50,2016,chicago,original,11,278,32,26.0,67.0,2.328358208955224,1.480372097221875,3.662087362618435,0.2310560788983203
recent_verified,50,2016,chicago,skip_51,11,278,32,26.0,39.0,4.0,2.4352564548334166,6.570149919218458,0.25318484177091666
recent_verified,55,2016,chicago,original,3,39,5,4.0,53.0,0.45283018867924524,0.16389216324249967,1.2511591507635123,0.5185247578740112
recent_verified,55,2016,chicago,skip_51,3,39,5,4.0,48.0,0.5,0.18029452409711128,1.3866200388057464,0.5204164998665332
recent_verified,60,2016,chicago,original,2,129,3,0.0,19.0,,,,
recent_verified,60,2016,chicago,skip_51,2,129,3,0.0,16.0,,,,
recent_verified,65,2016,chicago,original,1,31,0,0.0,16.0,,,,
recent_verified,65,2016,chicago,skip_51,1,31,0,0.0,17.0,,,,
recent_verified,70,2016,chicago,original,3,54,3,1.0,17.0,0.3529411764705882,0.046968541267807896,2.6521469623290406,1.0289915108550531
recent_verified,70,2016,chicago,skip_51,3,54,3,1.0,18.0,0.3333333333333333,0.04449756266107019,2.4970156670697707,1.0274023338281628
recent_verified,75,2016,chicago,original,2,51,0,4.0,12.0,2.0,0.645029422432894,6.201267509492782,0.5773502691896257
recent_verified,75,2016,chicago,skip_51,2,51,0,4.0,16.0,1.5,0.5014716513640489,4.486794006958904,0.5590169943749475
recent_verified,80,2016,chicago,original,0,71,7,4.0,14.0,1.7142857142857142,0.5642719008690719,5.208084091513121,0.5669467095138409
recent_verified,80,2016,chicago,skip_51,0,71,7,4.0,8.0,3.0,0.9033567918322931,9.962840907793648,0.6123724356957945
recent_verified,85,2016,chicago,original,4,20,1,1.0,17.0,0.3529411764705882,0.046968541267807896,2.6521469623290406,1.0289915108550531
recent_verified,85,2016,chicago,skip_51,4,20,1,1.0,16.0,0.375,0.04972979594286757,2.8277815610093806,1.0307764064044151
recent_verified,90,2016,chicago,original,1,29,1,0.0,8.0,,,,
recent_verified,90,2016,chicago,skip_51,1,29,1,0.0,10.0,,,,
recent_verified,100,2016,chicago,original,2,178,18,6.0,22.0,1.6363636363636365,0.6634954781453803,4.035725997557603,0.4605661864718383
recent_verified,100,2016,chicago,skip_51,2,178,18,6.0,5.0,7.199999999999999,2.1973280229931555,23.592290025676093,0.6055300708194984
recent_verified,30,2016,cook_ex_chicago,original,49,610,16,15.0,204.0,0.4411764705882353,0.2611512162093872,0.7453025914481487,0.26752313442201664
recent_verified,30,2016,cook_ex_chicago,skip_51,49,610,16,15.0,206.0,0.4368932038834951,0.2586608660419454,0.7379379591523989,0.267434170589148
recent_verified,35,2016,cook_ex_chicago,original,21,197,19,18.0,126.0,0.8571428571428571,0.5230782241731893,1.4045583310456562,0.25197631533948484
recent_verified,35,2016,cook_ex_chicago,skip_51,21,197,19,18.0,122.0,0.8852459016393444,0.5396824343813429,1.4520767333618951,0.25249213228738626
recent_verified,40,2016,cook_ex_chicago,original,16,344,12,15.0,84.0,1.0714285714285714,0.6185317213694352,1.8559422969154702,0.280305955290694
recent_verified,40,2016,cook_ex_chicago,skip_51,16,344,12,15.0,80.0,1.125,0.6481106963378828,1.9527914091703025,0.2813657169355689
recent_verified,45,2016,cook_ex_chicago,original,5,117,8,8.0,66.0,0.7272727272727273,0.34916338514054923,1.51483701425853,0.3743681545638132
recent_verified,45,2016,cook_ex_chicago,skip_51,5,117,8,8.0,84.0,0.5714285714285714,0.2766980608242687,1.1800972195908448,0.37000643495047747
recent_verified,50,2016,cook_ex_chicago,original,14,433,26,26.0,79.0,1.9746835443037976,1.2677686824815033,3.075778061114158,0.2260968073848893
recent_verified,50,2016,cook_ex_chicago,skip_51,14,433,26,26.0,64.0,2.4375,1.5451875186426087,3.845103703153977,0.23256512735476587
recent_verified,55,2016,cook_ex_chicago,original,6,56,8,11.0,65.0,1.0153846153846153,0.5359331996690669,1.923758255313159,0.32602715576115177
recent_verified,55,2016,cook_ex_chicago,skip_51,6,56,8,11.0,59.0,1.11864406779661,0.5876747876665583,2.1293487089777283,0.32841778796445203
recent_verified,60,2016,cook_ex_chicago,original,5,194,2,2.0,28.0,0.42857142857142855,0.10209301518892741,1.799079682854499,0.7319250547113999
recent_verified,60,2016,cook_ex_chicago,skip_51,5,194,2,2.0,32.0,0.375,0.08986807950428502,1.5647936483753926,0.7288689868556626
recent_verified,65,2016,cook_ex_chicago,original,1,50,4,6.0,25.0,1.44,0.5907367706759957,3.5101928691981112,0.4546060565661952
recent_verified,65,2016,cook_ex_chicago,skip_51,1,50,4,6.0,24.0,1.5,0.6131483275071982,3.669585154293005,0.4564354645876384
recent_verified,70,2016,cook_ex_chicago,original,7,120,2,3.0,26.0,0.6923076923076924,0.20954128939502772,2.287329347892119,0.609749843620211
recent_verified,70,2016,cook_ex_chicago,skip_51,7,120,2,3.0,27.0,0.6666666666666666,0.2022434473705817,2.197571541737343,0.6085806194501846
recent_verified,75,2016,cook_ex_chicago,original,3,86,1,3.0,21.0,0.8571428571428571,0.2556645760257141,2.873663176071474,0.6172133998483676
recent_verified,75,2016,cook_ex_chicago,skip_51,3,86,1,3.0,21.0,0.8571428571428571,0.2556645760257141,2.873663176071474,0.6172133998483676
recent_verified,80,2016,cook_ex_chicago,original,3,97,2,1.0,17.0,0.3529411764705882,0.046968541267807896,2.6521469623290406,1.0289915108550531
recent_verified,80,2016,cook_ex_chicago,skip_51,3,97,2,1.0,21.0,0.2857142857142857,0.038431150930053906,2.1241272011290757,1.023532631438318
recent_verified,85,2016,cook_ex_chicago,original,1,27,0,6.0,13.0,2.7692307692307696,1.052549453407103,7.285775531430902,0.49354811679282456
recent_verified,85,2016,cook_ex_chicago,skip_51,1,27,0,6.0,14.0,2.571428571428571,0.9881503045943025,6.691537580078895,0.4879500364742666
recent_verified,90,2016,cook_ex_chicago,original,3,49,2,1.0,14.0,0.42857142857142855,0.056354645327225006,3.259242753126195,1.0350983390135313
recent_verified,90,2016,cook_ex_chicago,skip_51,3,49,2,1.0,14.0,0.42857142857142855,0.056354645327225006,3.259242753126195,1.0350983390135313
recent_verified,100,2016,cook_ex_chicago,original,2,241,12,15.0,20.0,4.5,2.3039152233451863,8.789385909173284,0.3415650255319866
recent_verified,100,2016,cook_ex_chicago,skip_51,2,241,12,15.0,12.0,7.5,3.5106397459936964,16.022720663432324,0.3872983346207417
recent_verified,30,2016,illinois_ex_cook,original,184,1709,64,77.0,780.0,0.5923076923076923,0.4686695803775155,0.7485623497993406,0.11945318860986621
recent_verified,30,2016,illinois_ex_cook,skip_51,184,1709,64,77.0,783.0,0.5900383141762452,0.4668927279920724,0.7456642421765386,0.11943262617554165
recent_verified,35,2016,illinois_ex_cook,original,78,695,66,67.0,501.0,0.8023952095808383,0.6218134553383705,1.0354199749632658,0.13008220907703055
recent_verified,35,2016,illinois_ex_cook,skip_51,78,695,66,67.0,469.0,0.8571428571428571,0.6635601630626277,1.1072000979686285,0.13060462968966785
recent_verified,40,2016,illinois_ex_cook,original,85,996,44,34.0,365.0,0.558904109589041,0.3932845983121629,0.7942690994158318,0.17930836771684588
recent_verified,40,2016,illinois_ex_cook,skip_51,85,996,44,34.0,355.0,0.5746478873239437,0.40419261641642573,0.8169872011359488,0.17952344168473672
recent_verified,45,2016,illinois_ex_cook,original,37,350,29,34.0,262.0,0.7786259541984734,0.5447070922743674,1.1129988670059625,0.18228702257432405
recent_verified,45,2016,illinois_ex_cook,skip_51,37,350,29,34.0,284.0,0.7183098591549295,0.5033126608706245,1.0251461842161038,0.1814742170845372
recent_verified,50,2016,illinois_ex_cook,original,43,1118,77,51.0,267.0,1.146067415730337,0.8494334471670875,1.546290089917365,0.15281741225827253
recent_verified,50,2016,illinois_ex_cook,skip_51,43,1118,77,51.0,228.0,1.3421052631578947,0.9906804493983042,1.8181912628740375,0.1548993481249537
recent_verified,55,2016,illinois_ex_cook,original,27,181,24,38.0,237.0,0.9620253164556962,0.6830335794197305,1.3549739535323175,0.1747432366541968
recent_verified,55,2016,illinois_ex_cook,skip_51,27,181,24,38.0,225.0,1.0133333333333334,0.7185562783308632,1.4290383027891775,0.17538595701517454
recent_verified,60,2016,illinois_ex_cook,original,32,523,17,12.0,137.0,0.5255474452554745,0.2913069686682055,0.9481411257591437,0.3010524927754727
recent_verified,60,2016,illinois_ex_cook,skip_51,32,523,17,12.0,129.0,0.5581395348837209,0.3089175453037413,1.0084235911363222,0.3018033653189266
recent_verified,65,2016,illinois_ex_cook,original,19,179,11,9.0,100.0,0.5399999999999999,0.2729992681219798,1.068134731664222,0.348010216963685
recent_verified,65,2016,illinois_ex_cook,skip_51,19,179,11,9.0,98.0,0.5510204081632654,0.2784107017050231,1.0905596959922235,0.34830330567447126
recent_verified,70,2016,illinois_ex_cook,original,12,280,7,9.0,92.0,0.5869565217391304,0.29601389600326217,1.163857383263864,0.3492573210807504
recent_verified,70,2016,illinois_ex_cook,skip_51,12,280,7,9.0,95.0,0.5684210526315789,0.286942516647664,1.1260181894603265,0.3487655758537313
recent_verified,75,2016,illinois_ex_cook,original,10,273,5,10.0,66.0,0.9090909090909091,0.46747180980495734,1.7679061360653012,0.33933982252531925
recent_verified,75,2016,illinois_ex_cook,skip_51,10,273,5,10.0,68.0,0.8823529411764706,0.45430750899453604,1.7136998561301169,0.338682568717289
recent_verified,80,2016,illinois_ex_cook,original,10,254,7,7.0,47.0,0.8936170212765958,0.4039189417435871,1.9770089941020552,0.40513422294570933
recent_verified,80,2016,illinois_ex_cook,skip_51,10,254,7,7.0,48.0,0.875,0.39592854953951645,1.9337453712051276,0.4045867968563435
recent_verified,85,2016,illinois_ex_cook,original,11,95,9,8.0,49.0,0.979591836734694,0.4639331711397491,2.068401714496492,0.3813242232868325
recent_verified,85,2016,illinois_ex_cook,skip_51,11,95,9,8.0,49.0,0.979591836734694,0.4639331711397491,2.068401714496492,0.3813242232868325
recent_verified,90,2016,illinois_ex_cook,original,9,130,1,9.0,26.0,2.076923076923077,0.973229739329551,4.432262284162451,0.3867462340768809
recent_verified,90,2016,illinois_ex_cook,skip_51,9,130,1,9.0,30.0,1.8,0.8545947097087058,3.791270836563423,0.38005847503304596
recent_verified,100,2016,illinois_ex_cook,original,11,531,24,33.0,54.0,3.6666666666666665,2.377879791679945,5.653963035257598,0.22095598842653896
recent_verified,100,2016,illinois_ex_cook,skip_51,11,531,24,33.0,35.0,5.6571428571428575,3.5160682850096925,9.102003349185305,0.24264059609731195
recent_verified,30,2017,chicago,original,24,321,10,6.0,123.0,0.2926829268292683,0.12897767435646615,0.6641715016553342,0.41808701004393767
recent_verified,30,2017,chicago,skip_51,24,321,10,6.0,118.0,0.30508474576271183,0.13433436473940275,0.6928733558063076,0.4184987968176887
recent_verified,35,2017,chicago,original,9,93,6,5.0,59.0,0.5084745762711864,0.20407556082529602,1.2669150272996073,0.4657780077916656
recent_verified,35,2017,chicago,skip_51,9,93,6,5.0,61.0,0.49180327868852464,0.1976156274012365,1.2239440175330447,0.4651810858396446
recent_verified,40,2017,chicago,original,9,183,1,8.0,43.0,1.1162790697674418,0.5248317540500272,2.3742446069337646,0.38504001604182436
recent_verified,40,2017,chicago,skip_51,9,183,1,8.0,48.0,1.0,0.4730816123018544,2.113800185837576,0.3818813079129867
recent_verified,45,2017,chicago,original,4,44,3,6.0,32.0,1.125,0.4703969553324687,2.6905467513187395,0.44487826050130463
recent_verified,45,2017,chicago,skip_51,4,44,3,6.0,50.0,0.72,0.30871991052949227,1.679191987037314,0.43204937989385733
recent_verified,50,2017,chicago,original,4,228,35,21.0,55.0,2.290909090909091,1.385658952854534,3.787558585031477,0.25651679438365393
recent_verified,50,2017,chicago,skip_51,4,228,35,21.0,28.0,4.5,2.5555670412127816,7.923877430501713,0.28867513459481287
recent_verified,55,2017,chicago,original,3,35,0,8.0,51.0,0.9411764705882353,0.44665872907659926,1.9831990088276452,0.3802733794748916
recent_verified,55,2017,chicago,skip_51,3,35,0,8.0,53.0,0.9056603773584905,0.43062508422358636,1.9047211812938742,0.37929925458442687
recent_verified,60,2017,chicago,original,4,106,2,2.0,15.0,0.8,0.18294349384524863,3.4983479682604846,0.752772652709081
recent_verified,60,2017,chicago,skip_51,4,106,2,2.0,15.0,0.8,0.18294349384524863,3.4983479682604846,0.752772652709081
recent_verified,65,2017,chicago,original,0,31,0,2.0,14.0,0.8571428571428571,0.194802040297238,3.771489643691567,0.7559289460184544
recent_verified,65,2017,chicago,skip_51,0,31,0,2.0,15.0,0.8,0.18294349384524863,3.4983479682604846,0.752772652709081
recent_verified,70,2017,chicago,original,1,54,1,1.0,11.0,0.5454545454545455,0.07041922028914151,4.224992266818693,1.044465935734187
recent_verified,70,2017,chicago,skip_51,1,54,1,1.0,12.0,0.5,0.06501223083880767,3.8454302640352993,1.0408329997330663
recent_verified,75,2017,chicago,original,2,42,0,2.0,9.0,1.3333333333333333,0.28807903509234156,6.171145974603547,0.7817359599705717
recent_verified,75,2017,chicago,skip_51,2,42,0,2.0,13.0,0.9230769230769231,0.20830132342339913,4.090569334431046,0.7595545253127499
recent_verified,80,2017,chicago,original,1,57,5,4.0,13.0,1.8461538461538463,0.6019575194195521,5.66200091155126,0.5717718748968657
recent_verified,80,2017,chicago,skip_51,1,57,5,4.0,9.0,2.6666666666666665,0.8212036380862578,8.65937604426951,0.6009252125773316
recent_verified,85,2017,chicago,original,3,21,2,1.0,15.0,0.4,0.052835602406824625,3.0282611101512353,1.0327955589886444
recent_verified,85,2017,chicago,skip_51,3,21,2,1.0,13.0,0.46153846153846156,0.06037513003930816,3.5282367315913272,1.0377490433255416
recent_verified,90,2017,chicago,original,1,26,0,0.0,4.0,,,,
recent_verified,90,2017,chicago,skip_51,1,26,0,0.0,5.0,,,,
recent_verified,100,2017,chicago,original,1,138,11,5.0,14.0,2.142857142857143,0.7718256707358072,5.949318490944109,0.5209880722517277
recent_verified,100,2017,chicago,skip_51,1,138,11,5.0,5.0,6.0,1.7369776609046639,20.725655148178618,0.6324555320336759
recent_verified,30,2017,cook_ex_chicago,original,28,401,6,11.0,115.0,0.5739130434782609,0.30917195102012296,1.0653494936642622,0.315602191188534
recent_verified,30,2017,cook_ex_chicago,skip_51,28,401,6,11.0,121.0,0.5454545454545454,0.29423523052712647,1.011166000155768,0.3149183286488868
recent_verified,35,2017,cook_ex_chicago,original,13,140,11,12.0,65.0,1.1076923076923075,0.5983726027506306,2.0505321314519636,0.31419412584889095
recent_verified,35,2017,cook_ex_chicago,skip_51,13,140,11,12.0,63.0,1.1428571428571428,0.6164299550427071,2.118849738392583,0.314970394174356
recent_verified,40,2017,cook_ex_chicago,original,8,225,10,9.0,56.0,0.9642857142857142,0.4769966600114233,1.9493783012091566,0.3591215030713894
recent_verified,40,2017,cook_ex_chicago,skip_51,8,225,10,9.0,52.0,1.0384615384615385,0.5117718528145317,2.1071935881841535,0.36102891898278777
recent_verified,45,2017,cook_ex_chicago,original,7,60,5,6.0,48.0,0.75,0.32097662809989186,1.752464044905298,0.4330127018922193
recent_verified,45,2017,cook_ex_chicago,skip_51,7,60,5,6.0,57.0,0.631578947368421,0.2723248828626439,1.464765035665864,0.42919753763947605
recent_verified,50,2017,cook_ex_chicago,original,10,339,24,14.0,57.0,1.4736842105263157,0.821298949374804,2.6442809332798545,0.29828246860600816
recent_verified,50,2017,cook_ex_chicago,skip_51,10,339,24,14.0,36.0,2.3333333333333335,1.258544491545527,4.325984882551524,0.314970394174356
recent_verified,55,2017,cook_ex_chicago,original,3,41,4,3.0,46.0,0.3913043478260869,0.12170032618013481,1.2581650142905936,0.595879571531124
recent_verified,55,2017,cook_ex_chicago,skip_51,3,41,4,3.0,43.0,0.41860465116279066,0.12986705058928405,1.3493018681798008,0.5971508580642095
recent_verified,60,2017,cook_ex_chicago,original,1,146,2,1.0,18.0,0.3333333333333333,0.04449756266107019,2.4970156670697707,1.0274023338281628
recent_verified,60,2017,cook_ex_chicago,skip_51,1,146,2,1.0,18.0,0.3333333333333333,0.04449756266107019,2.4970156670697707,1.0274023338281628
recent_verified,65,2017,cook_ex_chicago,original,1,37,1,2.0,18.0,0.6666666666666666,0.1546852528417896,2.8732179459862106,0.7453559924999299
recent_verified,65,2017,cook_ex_chicago,skip_51,1,37,1,2.0,18.0,0.6666666666666666,0.1546852528417896,2.8732179459862106,0.7453559924999299
recent_verified,70,2017,cook_ex_chicago,original,4,87,3,1.0,18.0,0.3333333333333333,0.04449756266107019,2.4970156670697707,1.0274023338281628
recent_verified,70,2017,cook_ex_chicago,skip_51,4,87,3,1.0,17.0,0.3529411764705882,0.046968541267807896,2.6521469623290406,1.0289915108550531
recent_verified,75,2017,cook_ex_chicago,original,2,65,2,2.0,16.0,0.75,0.17244411389004288,3.2619263557970557,0.75
recent_verified,75,2017,cook_ex_chicago,skip_51,2,65,2,2.0,15.0,0.8,0.18294349384524863,3.4983479682604846,0.752772652709081
recent_verified,80,2017,cook_ex_chicago,original,1,73,0,1.0,8.0,0.75,0.0938013520269724,5.996715269501172,1.0606601717798212
recent_verified,80,2017,cook_ex_chicago,skip_51,1,73,0,1.0,12.0,0.5,0.06501223083880767,3.8454302640352993,1.0408329997330663
recent_verified,85,2017,cook_ex_chicago,original,0,18,0,4.0,7.0,3.4285714285714284,1.0036553315464194,11.71228973865382,0.6267831705280087
recent_verified,85,2017,cook_ex_chicago,skip_51,0,18,0,4.0,8.0,3.0,0.9033567918322931,9.962840907793648,0.6123724356957945
recent_verified,90,2017,cook_ex_chicago,original,5,34,0,1.0,10.0,0.6,0.07680458299618335,4.6872202928032225,1.0488088481701516
recent_verified,90,2017,cook_ex_chicago,skip_51,5,34,0,1.0,11.0,0.5454545454545455,0.07041922028914151,4.224992266818693,1.044465935734187
recent_verified,100,2017,cook_ex_chicago,original,1,167,13,9.0,17.0,3.176470588235294,1.4159452997957565,7.125957054541093,0.4122312949338949
recent_verified,100,2017,cook_ex_chicago,skip_51,1,167,13,9.0,6.0,9.0,3.203403617481504,25.28560545975836,0.5270462766947299
recent_verified,30,2017,illinois_ex_cook,original,115,1155,38,51.0,457.0,0.6695842450765864,0.5013441693528938,0.8942819896229721,0.1476347755262788
recent_verified,30,2017,illinois_ex_cook,skip_51,115,1155,38,51.0,456.0,0.6710526315789473,0.5024276048982188,0.8962716816490489,0.14765102638788277
recent_verified,35,2017,illinois_ex_cook,original,44,439,37,37.0,291.0,0.7628865979381443,0.5418641109811173,1.0740625731050069,0.17453782725777675
recent_verified,35,2017,illinois_ex_cook,skip_51,44,439,37,37.0,276.0,0.8043478260869565,0.5707153749933939,1.1336218607012327,0.17507202927030957
recent_verified,40,2017,illinois_ex_cook,original,53,662,25,22.0,209.0,0.631578947368421,0.407037934391977,0.9799872028017671,0.22414110388271216
recent_verified,40,2017,illinois_ex_cook,skip_51,53,662,25,22.0,206.0,0.6407766990291262,0.41283992082721427,0.9945617109797611,0.22429648768222896
recent_verified,45,2017,illinois_ex_cook,original,18,191,18,22.0,157.0,0.840764331210191,0.5381405466446245,1.3135688530493317,0.22764879135663738
recent_verified,45,2017,illinois_ex_cook,skip_51,18,191,18,22.0,174.0,0.7586206896551724,0.48687006876898364,1.1820512035747313,0.22627786434233257
recent_verified,50,2017,illinois_ex_cook,original,32,838,59,35.0,185.0,1.135135135135135,0.7909414822442195,1.6291113868021918,0.1843280607418034
recent_verified,50,2017,illinois_ex_cook,skip_51,32,838,59,35.0,153.0,1.3725490196078431,0.9506827624504308,1.9816187750902643,0.1873696247630519
recent_verified,55,2017,illinois_ex_cook,original,18,117,16,27.0,165.0,0.9818181818181818,0.6536099012128468,1.4748352807385738,0.2075997184430728
recent_verified,55,2017,illinois_ex_cook,skip_51,18,117,16,27.0,153.0,1.0588235294117647,0.7032978521244811,1.594071790564141,0.2087414303617165
recent_verified,60,2017,illinois_ex_cook,original,18,354,12,4.0,88.0,0.27272727272727276,0.10012777024656845,0.7428525084109256,0.511237358145545
recent_verified,60,2017,illinois_ex_cook,skip_51,18,354,12,4.0,80.0,0.3,0.10990114716225319,0.8189177485757084,0.51234753829798
recent_verified,65,2017,illinois_ex_cook,original,8,118,6,4.0,62.0,0.3870967741935484,0.14083033857188076,1.0640030700101573,0.515876954571596
recent_verified,65,2017,illinois_ex_cook,skip_51,8,118,6,4.0,62.0,0.3870967741935484,0.14083033857188076,1.0640030700101573,0.515876954571596
recent_verified,70,2017,illinois_ex_cook,original,8,202,5,6.0,59.0,0.6101694915254237,0.26345132093241,1.4131901372546605,0.428504164751102
recent_verified,70,2017,illinois_ex_cook,skip_51,8,202,5,6.0,60.0,0.6,0.25922795076607336,1.3887391345575348,0.4281744192888376
recent_verified,75,2017,illinois_ex_cook,original,5,201,5,6.0,49.0,0.7346938775510204,0.31472895880212265,1.7150474356264205,0.4325214791567845
recent_verified,75,2017,illinois_ex_cook,skip_51,5,201,5,6.0,48.0,0.75,0.32097662809989186,1.752464044905298,0.4330127018922193
recent_verified,80,2017,illinois_ex_cook,original,10,187,5,4.0,34.0,0.7058823529411764,0.2504862604623284,1.9892104871305234,0.5285941398709244
recent_verified,80,2017,illinois_ex_cook,skip_51,10,187,5,4.0,36.0,0.6666666666666666,0.23728915685048174,1.8730078118339526,0.5270462766947299
recent_verified,85,2017,illinois_ex_cook,original,7,61,6,7.0,30.0,1.4,0.6149349868325894,3.1873288103114428,0.41975049278169546
recent_verified,85,2017,illinois_ex_cook,skip_51,7,61,6,7.0,29.0,1.4482758620689655,0.6344375620951369,3.3060825808057603,0.42111744380615784
recent_verified,90,2017,illinois_ex_cook,original,6,96,1,5.0,18.0,1.6666666666666667,0.6187812667487528,4.489110978380111,0.5055250296034367
recent_verified,90,2017,illinois_ex_cook,skip_51,6,96,1,5.0,19.0,1.5789473684210527,0.589555751178563,4.228734580673562,0.5026246899500346
recent_verified,100,2017,illinois_ex_cook,original,3,366,22,24.0,36.0,4.0,2.386407292230637,6.704639250848241,0.26352313834736496
recent_verified,100,2017,illinois_ex_cook,skip_51,3,366,22,24.0,17.0,8.470588235294118,4.550678113877231,15.767071029062642,0.3170018865534263
recent_verified,30,2018,chicago,original,35,441,13,20.0,160.0,0.75,0.4711697302117488,1.193837303061057,0.23717082451262844
recent_verified,30,2018,chicago,skip_51,35,441,13,20.0,162.0,0.7407407407407407,0.46550126320437135,1.1787225693354222,0.2370081000855727
recent_verified,35,2018,chicago,original,16,108,10,15.0,88.0,1.0227272727272727,0.5915366267056812,1.768227066860203,0.27933904673407733
recent_verified,35,2018,chicago,skip_51,16,108,10,15.0,88.0,1.0227272727272727,0.5915366267056812,1.768227066860203,0.27933904673407733
recent_verified,40,2018,chicago,original,12,226,5,10.0,67.0,0.8955223880597015,0.46079560880548964,1.7403819224646149,0.3390064499892714
recent_verified,40,2018,chicago,skip_51,12,226,5,10.0,71.0,0.8450704225352113,0.43589551096476015,1.6383376315650455,0.3377639812683607
recent_verified,45,2018,chicago,original,7,73,5,9.0,50.0,1.0799999999999998,0.5311341688501149,2.1960552877349446,0.3620926830400072
recent_verified,45,2018,chicago,skip_51,7,73,5,9.0,65.0,0.8307692307692307,0.41374663614853613,1.6681163168300028,0.3556623771158913
recent_verified,50,2018,chicago,original,4,322,35,20.0,64.0,1.875,1.1348586115933803,3.097852863859351,0.25617376914899
recent_verified,50,2018,chicago,skip_51,4,322,35,20.0,33.0,3.6363636363636362,2.0866575153545823,6.336996080365771,0.2833778931092373
recent_verified,55,2018,chicago,original,2,45,4,4.0,66.0,0.36363636363636365,0.13254128903417486,0.9976619808230682,0.5149286505444373
recent_verified,55,2018,chicago,skip_51,2,45,4,4.0,64.0,0.375,0.13656014601110875,1.0297660342905652,0.5153882032022076
recent_verified,60,2018,chicago,original,10,151,5,2.0,31.0,0.3870967741935484,0.09264145877144937,1.6174606334807684,0.7295601856708801
recent_verified,60,2018,chicago,skip_51,10,151,5,2.0,27.0,0.4444444444444444,0.10568700780102012,1.8690174725111692,0.7328281087929399
recent_verified,65,2018,chicago,original,1,53,1,1.0,21.0,0.2857142857142857,0.038431150930053906,2.1241272011290757,1.023532631438318
recent_verified,65,2018,chicago,skip_51,1,53,1,1.0,21.0,0.2857142857142857,0.038431150930053906,2.1241272011290757,1.023532631438318
recent_verified,70,2018,chicago,original,5,76,2,1.0,16.0,0.375,0.04972979594286757,2.8277815610093806,1.0307764064044151
recent_verified,70,2018,chicago,skip_51,5,76,2,1.0,18.0,0.3333333333333333,0.04449756266107019,2.4970156670697707,1.0274023338281628
recent_verified,75,2018,chicago,original,2,67,1,4.0,14.0,1.7142857142857142,0.5642719008690719,5.208084091513121,0.5669467095138409
recent_verified,75,2018,chicago,skip_51,2,67,1,4.0,15.0,1.6,0.5310229803710581,4.820883642759062,0.5627314338711378
recent_verified,80,2018,chicago,original,3,89,7,2.0,20.0,0.6,0.14023993144122696,2.567029207019201,0.7416198487095663
recent_verified,80,2018,chicago,skip_51,3,89,7,2.0,14.0,0.8571428571428571,0.194802040297238,3.771489643691567,0.7559289460184544
recent_verified,85,2018,chicago,original,4,24,1,1.0,19.0,0.31578947368421056,0.0422734064389155,2.359000612686586,1.025978352085154
recent_verified,85,2018,chicago,skip_51,4,24,1,1.0,20.0,0.3,0.04026087382526411,2.235420929774358,1.02469507659596
recent_verified,90,2018,chicago,original,1,41,0,2.0,5.0,2.4,0.46562023909970934,12.370596284940559,0.8366600265340756
recent_verified,90,2018,chicago,skip_51,1,41,0,2.0,8.0,1.5,0.31852607302982766,7.0637859519566035,0.7905694150420949
recent_verified,100,2018,chicago,original,1,196,13,8.0,19.0,2.5263157894736845,1.1059374495346919,5.770915408307495,0.4214636152117623
recent_verified,100,2018,chicago,skip_51,1,196,13,8.0,10.0,4.8,1.8944078051653301,12.162112052736836,0.4743416490252569
recent_verified,30,2018,cook_ex_chicago,original,32,499,12,9.0,150.0,0.36,0.18372796188351834,0.7053907237166495,0.34318767136623335
recent_verified,30,2018,cook_ex_chicago,skip_51,32,499,12,9.0,149.0,0.36241610738255037,0.18493740738929795,0.7102156169726918,0.34325285214704954
recent_verified,35,2018,cook_ex_chicago,original,13,167,17,11.0,97.0,0.6804123711340205,0.364719398545586,1.2693621360377267,0.31814834473812115
recent_verified,35,2018,cook_ex_chicago,skip_51,13,167,17,11.0,87.0,0.7586206896551724,0.4051638941267823,1.4204260525564119,0.3200052246177461
recent_verified,40,2018,cook_ex_chicago,original,15,293,8,7.0,72.0,0.5833333333333334,0.2684787993733339,1.2674288568484084,0.3959116463884736
recent_verified,40,2018,cook_ex_chicago,skip_51,15,293,8,7.0,72.0,0.5833333333333334,0.2684787993733339,1.2674288568484084,0.3959116463884736
recent_verified,45,2018,cook_ex_chicago,original,4,80,2,8.0,52.0,0.9230769230769231,0.4384953189014933,1.943170130189178,0.37977726265637496
recent_verified,45,2018,cook_ex_chicago,skip_51,4,80,2,8.0,69.0,0.6956521739130435,0.3345594870871372,1.446475038813954,0.3734872870971493
recent_verified,50,2018,cook_ex_chicago,original,12,435,23,19.0,66.0,1.7272727272727273,1.0369192414568271,2.8772453582677437,0.26035186594085236
recent_verified,50,2018,cook_ex_chicago,skip_51,12,435,23,19.0,50.0,2.28,1.3444037556992476,3.866695535446657,0.2695024655682549
recent_verified,55,2018,cook_ex_chicago,original,4,38,5,7.0,58.0,0.7241379310344828,0.330544252041938,1.5864010338209444,0.40012313375695696
recent_verified,55,2018,cook_ex_chicago,skip_51,4,38,5,7.0,55.0,0.7636363636363637,0.34777314198614967,1.6767841603219393,0.4012965998347868
recent_verified,60,2018,cook_ex_chicago,original,4,166,2,2.0,26.0,0.46153846153846156,0.10954315648555553,1.9446011810640014,0.7337993857053428
recent_verified,60,2018,cook_ex_chicago,skip_51,4,166,2,2.0,27.0,0.4444444444444444,0.10568700780102012,1.8690174725111692,0.7328281087929399
recent_verified,65,2018,cook_ex_chicago,original,2,50,2,3.0,20.0,0.8999999999999999,0.26743644680864,3.0287569613859806,0.6191391873668903
recent_verified,65,2018,cook_ex_chicago,skip_51,2,50,2,3.0,22.0,0.8181818181818182,0.24488481862104947,2.7336177529208614,0.6154574548966637
recent_verified,70,2018,cook_ex_chicago,original,4,106,4,4.0,18.0,1.3333333333333333,0.45124326601824605,3.9397325382045545,0.5527707983925667
recent_verified,70,2018,cook_ex_chicago,skip_51,4,106,4,4.0,16.0,1.5,0.5014716513640489,4.486794006958904,0.5590169943749475
recent_verified,75,2018,cook_ex_chicago,original,2,96,3,2.0,21.0,0.5714285714285714,0.13398317951184371,2.4371015334505746,0.7400128699009549
recent_verified,75,2018,cook_ex_chicago,skip_51,2,96,3,2.0,19.0,0.6315789473684211,0.14710913759347297,2.711537660300315,0.7433919416750281
recent_verified,80,2018,cook_ex_chicago,original,4,97,1,1.0,17.0,0.3529411764705882,0.046968541267807896,2.6521469623290406,1.0289915108550531
recent_verified,80,2018,cook_ex_chicago,skip_51,4,97,1,1.0,22.0,0.27272727272727276,0.03676042470668186,2.0233761139254822,1.02247471629109
recent_verified,85,2018,cook_ex_chicago,original,0,25,1,6.0,9.0,4.0,1.4237349411028906,11.238046871003716,0.5270462766947299
recent_verified,85,2018,cook_ex_chicago,skip_51,0,25,1,6.0,10.0,3.5999999999999996,1.308385844459163,9.905334924620167,0.5163977794943222
recent_verified,90,2018,cook_ex_chicago,original,2,48,2,2.0,13.0,0.9230769230769231,0.20830132342339913,4.090569334431046,0.7595545253127499
recent_verified,90,2018,cook_ex_chicago,skip_51,2,48,2,2.0,13.0,0.9230769230769231,0.20830132342339913,4.090569334431046,0.7595545253127499
recent_verified,100,2018,cook_ex_chicago,original,2,211,11,13.0,18.0,4.333333333333333,2.123241284839304,8.843920807238334,0.36397614273277923
recent_verified,100,2018,cook_ex_chicago,skip_51,2,211,11,13.0,11.0,7.090909090909091,3.176735170006192,15.827882730129872,0.40967324519935133
recent_verified,30,2018,illinois_ex_cook,original,138,1312,54,59.0,577.0,0.6135181975736568,0.46933235210974683,0.8020000689532938,0.13668304501804826
recent_verified,30,2018,illinois_ex_cook,skip_51,138,1312,54,59.0,574.0,0.6167247386759581,0.47175467331705606,0.8062440603302815,0.13671617615014883
recent_verified,35,2018,illinois_ex_cook,original,63,532,49,51.0,382.0,0.8010471204188482,0.5980759353133105,1.0729013679428139,0.14908267566815173
recent_verified,35,2018,illinois_ex_cook,skip_51,63,532,49,51.0,354.0,0.864406779661017,0.644505578587753,1.1593368708478828,0.14977550498768832
recent_verified,40,2018,illinois_ex_cook,original,71,793,33,21.0,282.0,0.44680851063829785,0.2867996009332386,0.6960882948553536,0.22619714169243554
recent_verified,40,2018,illinois_ex_cook,skip_51,71,793,33,21.0,274.0,0.4598540145985402,0.2950410028823915,0.7167333105449358,0.22642588777687053
recent_verified,45,2018,illinois_ex_cook,original,30,279,19,25.0,202.0,0.7425742574257427,0.4900820629431398,1.1251514174583646,0.21201531795958742
recent_verified,45,2018,illinois_ex_cook,skip_51,30,279,19,25.0,233.0,0.6437768240343347,0.42617830374816,0.9724770020405432,0.21045627929230867
recent_verified,50,2018,illinois_ex_cook,original,39,1079,50,50.0,201.0,1.492537313432836,1.0949717621827222,2.0344521282892845,0.15803519980722477
recent_verified,50,2018,illinois_ex_cook,skip_51,39,1079,50,50.0,186.0,1.6129032258064515,1.1803472780306563,2.2039757825825994,0.15929954201447505
recent_verified,55,2018,illinois_ex_cook,original,19,180,24,35.0,188.0,1.1170212765957448,0.7786773156098659,1.6023794546915122,0.18409393663996318
recent_verified,55,2018,illinois_ex_cook,skip_51,19,180,24,35.0,175.0,1.2,0.8347692644504718,1.7250275750724378,0.1851640199545103
recent_verified,60,2018,illinois_ex_cook,original,28,455,20,11.0,123.0,0.5365853658536586,0.2895720280067624,0.9943082445849385,0.314704897022439
recent_verified,60,2018,illinois_ex_cook,skip_51,28,455,20,11.0,111.0,0.5945945945945946,0.32000200496051073,1.1048141150388686,0.3160982440920859
recent_verified,65,2018,illinois_ex_cook,original,13,173,9,8.0,91.0,0.5274725274725275,0.2560348839659738,1.086677186047944,0.3687668789208312
recent_verified,65,2018,illinois_ex_cook,skip_51,13,173,9,8.0,90.0,0.5333333333333333,0.2587957467366217,1.0991078795971312,0.3689323936863109
recent_verified,70,2018,illinois_ex_cook,original,12,279,9,8.0,88.0,0.5454545454545455,0.2645000680175039,1.1248415298605359,0.3692744729379982
recent_verified,70,2018,illinois_ex_cook,skip_51,12,279,9,8.0,88.0,0.5454545454545455,0.2645000680175039,1.1248415298605359,0.3692744729379982
recent_verified,75,2018,illinois_ex_cook,original,15,253,3,9.0,65.0,0.8307692307692307,0.41374663614853613,1.6681163168300028,0.3556623771158913
recent_verified,75,2018,illinois_ex_cook,skip_51,15,253,3,9.0,66.0,0.8181818181818182,0.4077396712486122,1.64178649959017,0.3553345272593507
recent_verified,80,2018,illinois_ex_cook,original,9,254,6,4.0,41.0,0.5853658536585367,0.2096720215823319,1.6342341722252045,0.5238227218271837
recent_verified,80,2018,illinois_ex_cook,skip_51,9,254,6,4.0,44.0,0.5454545454545455,0.19598592754092622,1.5180715518204535,0.5222329678670935
recent_verified,85,2018,illinois_ex_cook,original,10,91,8,9.0,38.0,1.4210526315789473,0.6871543445476515,2.9387729230567565,0.3707113440195691
recent_verified,85,2018,illinois_ex_cook,skip_51,10,91,8,9.0,35.0,1.542857142857143,0.7416358596833905,3.209672418323352,0.3737412737209254
recent_verified,90,2018,illinois_ex_cook,original,7,111,2,5.0,23.0,1.3043478260869565,0.49587581563675576,3.430946212275133,0.49343516379516894
recent_verified,90,2018,illinois_ex_cook,skip_51,7,111,2,5.0,26.0,1.153846153846154,0.4430748225092161,3.004821937761696,0.48832523840319625
recent_verified,100,2018,illinois_ex_cook,original,10,487,24,33.0,47.0,4.212765957446809,2.699268798193378,6.574890586702987,0.22711148374248089
recent_verified,100,2018,illinois_ex_cook,skip_51,10,487,24,33.0,27.0,7.333333333333333,4.4097184968374865,12.195285893270857,0.259499648053841
recent_verified,30,2019,chicago,original,22,324,9,11.0,111.0,0.5945945945945946,0.32000200496051073,1.1048141150388686,0.3160982440920859
recent_verified,30,2019,chicago,skip_51,22,324,9,11.0,109.0,0.6055045871559632,0.32570670652796296,1.125662437151679,0.31635960999422225
recent_verified,35,2019,chicago,original,11,80,8,7.0,61.0,0.6885245901639344,0.3149422389741194,1.5052477965630089,0.3990621323554687
recent_verified,35,2019,chicago,skip_51,11,80,8,7.0,58.0,0.7241379310344828,0.330544252041938,1.5864010338209444,0.40012313375695696
recent_verified,40,2019,chicago,original,9,203,1,5.0,46.0,0.6521739130434783,0.2591386499357708,1.6413252633671722,0.47089184579347154
recent_verified,40,2019,chicago,skip_51,9,203,1,5.0,51.0,0.5882352941176471,0.23477444954225188,1.473843350161501,0.4686233489032049
recent_verified,45,2019,chicago,original,8,51,4,6.0,40.0,0.8999999999999999,0.38157660432310864,2.1227716553452898,0.43779751788545657
recent_verified,45,2019,chicago,skip_51,8,51,4,6.0,57.0,0.631578947368421,0.2723248828626439,1.464765035665864,0.42919753763947605
recent_verified,50,2019,chicago,original,8,273,24,21.0,52.0,2.4230769230769234,1.4597624111555167,4.022094095778458,0.2585533152945768
recent_verified,50,2019,chicago,skip_51,8,273,24,21.0,34.0,3.705882352941176,2.1510038639321345,6.384723079360369,0.27754425291281026
recent_verified,55,2019,chicago,original,4,35,2,6.0,49.0,0.7346938775510204,0.31472895880212265,1.7150474356264205,0.4325214791567845
recent_verified,55,2019,chicago,skip_51,4,35,2,6.0,50.0,0.72,0.30871991052949227,1.679191987037314,0.43204937989385733
recent_verified,60,2019,chicago,original,8,123,3,3.0,22.0,0.8181818181818182,0.24488481862104947,2.7336177529208614,0.6154574548966637
recent_verified,60,2019,chicago,skip_51,8,123,3,3.0,22.0,0.8181818181818182,0.24488481862104947,2.7336177529208614,0.6154574548966637
recent_verified,65,2019,chicago,original,1,35,0,3.0,14.0,1.2857142857142856,0.36948126930976133,4.474005482274994,0.6362090102803518
recent_verified,65,2019,chicago,skip_51,1,35,0,3.0,15.0,1.2,0.3473955321809328,4.145131029635723,0.6324555320336759
recent_verified,70,2019,chicago,original,3,57,4,1.0,17.0,0.3529411764705882,0.046968541267807896,2.6521469623290406,1.0289915108550531
recent_verified,70,2019,chicago,skip_51,3,57,4,1.0,16.0,0.375,0.04972979594286757,2.8277815610093806,1.0307764064044151
recent_verified,75,2019,chicago,original,3,63,1,3.0,17.0,1.0588235294117647,0.310292090814718,3.613070715055458,0.6262242910851494
recent_verified,75,2019,chicago,skip_51,3,63,1,3.0,17.0,1.0588235294117647,0.310292090814718,3.613070715055458,0.6262242910851494
recent_verified,80,2019,chicago,original,3,69,2,1.0,12.0,0.5,0.06501223083880767,3.8454302640352993,1.0408329997330663
recent_verified,80,2019,chicago,skip_51,3,69,2,1.0,12.0,0.5,0.06501223083880767,3.8454302640352993,1.0408329997330663
recent_verified,85,2019,chicago,original,2,28,1,2.0,10.0,1.2,0.2629246170912146,5.476854985778798,0.7745966692414834
recent_verified,85,2019,chicago,skip_51,2,28,1,2.0,10.0,1.2,0.2629246170912146,5.476854985778798,0.7745966692414834
recent_verified,90,2019,chicago,original,0,39,2,1.0,6.0,1.0,0.12038721234828748,8.306530074863264,1.0801234497346435
recent_verified,90,2019,chicago,skip_51,0,39,2,1.0,4.0,1.5,0.16764921141452416,13.420880307254897,1.118033988749895
recent_verified,100,2019,chicago,original,2,164,15,8.0,22.0,2.181818181818182,0.971368079594047,4.9006454695338855,0.41286141192238524
recent_verified,100,2019,chicago,skip_51,2,164,15,8.0,8.0,6.0,2.2518665931083977,15.986737451576502,0.5
recent_verified,30,2019,cook_ex_chicago,original,24,350,15,7.0,123.0,0.34146341463414637,0.1594358873081193,0.7313112844430052,0.3885707453707186
recent_verified,30,2019,cook_ex_chicago,skip_51,24,350,15,7.0,121.0,0.3471074380165289,0.16201628379808317,0.7436510127374241,0.38874362459989
recent_verified,35,2019,cook_ex_chicago,original,14,114,12,13.0,84.0,0.9285714285714286,0.5177481442154336,1.6653751589313395,0.2980399953493471
recent_verified,35,2019,cook_ex_chicago,skip_51,14,114,12,13.0,80.0,0.975,0.5425743443590143,1.7520640440952806,0.29903691565269486
recent_verified,40,2019,cook_ex_chicago,original,9,196,6,8.0,50.0,0.96,0.45513201516495105,2.0249069924601755,0.3807886552931954
recent_verified,40,2019,cook_ex_chicago,skip_51,9,196,6,8.0,52.0,0.9230769230769231,0.4384953189014933,1.943170130189178,0.37977726265637496
recent_verified,45,2019,cook_ex_chicago,original,5,67,7,8.0,38.0,1.2631578947368423,0.589304634985647,2.7075433864097693,0.38899330260774956
recent_verified,45,2019,cook_ex_chicago,skip_51,5,67,7,8.0,46.0,1.0434782608695652,0.4925059950713277,2.21082969913834,0.38306543884143684
recent_verified,50,2019,cook_ex_chicago,original,6,328,13,15.0,53.0,1.6981132075471697,0.9572318279766513,3.0124243483851996,0.29246297405820204
recent_verified,50,2019,cook_ex_chicago,skip_51,6,328,13,15.0,46.0,1.9565217391304348,1.0924242087646396,3.504112491262733,0.29733112366761955
recent_verified,55,2019,cook_ex_chicago,original,6,39,4,6.0,44.0,0.8181818181818182,0.34866238275825145,1.919970494974377,0.4351941398892446
recent_verified,55,2019,cook_ex_chicago,skip_51,6,39,4,6.0,41.0,0.8780487804878049,0.3727787307347657,2.068169660314314,0.43710057260212515
recent_verified,60,2019,cook_ex_chicago,original,3,131,1,1.0,17.0,0.3529411764705882,0.046968541267807896,2.6521469623290406,1.0289915108550531
recent_verified,60,2019,cook_ex_chicago,skip_51,3,131,1,1.0,19.0,0.31578947368421056,0.0422734064389155,2.359000612686586,1.025978352085154
recent_verified,65,2019,cook_ex_chicago,original,2,36,4,3.0,15.0,1.2,0.3473955321809328,4.145131029635723,0.6324555320336759
recent_verified,65,2019,cook_ex_chicago,skip_51,2,36,4,3.0,12.0,1.5,0.42328504922436166,5.315566907271961,0.6454972243679028
recent_verified,70,2019,cook_ex_chicago,original,3,71,2,1.0,16.0,0.375,0.04972979594286757,2.8277815610093806,1.0307764064044151
recent_verified,70,2019,cook_ex_chicago,skip_51,3,71,2,1.0,16.0,0.375,0.04972979594286757,2.8277815610093806,1.0307764064044151
recent_verified,75,2019,cook_ex_chicago,original,2,57,2,2.0,15.0,0.8,0.18294349384524863,3.4983479682604846,0.752772652709081
recent_verified,75,2019,cook_ex_chicago,skip_51,2,57,2,2.0,14.0,0.8571428571428571,0.194802040297238,3.771489643691567,0.7559289460184544
recent_verified,80,2019,cook_ex_chicago,original,2,68,0,1.0,11.0,0.5454545454545455,0.07041922028914151,4.224992266818693,1.044465935734187
recent_verified,80,2019,cook_ex_chicago,skip_51,2,68,0,1.0,16.0,0.375,0.04972979594286757,2.8277815610093806,1.0307764064044151
recent_verified,85,2019,cook_ex_chicago,original,1,17,1,5.0,9.0,3.3333333333333335,1.1171011112097993,9.94637906955261,0.5577733510227171
recent_verified,85,2019,cook_ex_chicago,skip_51,1,17,1,5.0,8.0,3.75,1.2267690483825093,11.463037821618794,0.570087712549569
recent_verified,90,2019,cook_ex_chicago,original,3,37,2,0.0,14.0,,,,
recent_verified,90,2019,cook_ex_chicago,skip_51,3,37,2,0.0,13.0,,,,
recent_verified,100,2019,cook_ex_chicago,original,2,175,13,11.0,20.0,3.3,1.5811942545195583,6.88719932346889,0.3753785967647742
recent_verified,100,2019,cook_ex_chicago,skip_51,2,175,13,11.0,9.0,7.333333333333333,3.0388394350409396,17.69681450018871,0.4494665749754947
recent_verified,30,2019,illinois_ex_cook,original,129,1119,47,48.0,498.0,0.5783132530120482,0.43004670686974644,0.7776974297600542,0.1511336013659682
recent_verified,30,2019,illinois_ex_cook,skip_51,129,1119,47,48.0,497.0,0.579476861167002,0.43090070331843106,0.7792826283224077,0.15114696744540057
recent_verified,35,2019,illinois_ex_cook,original,39,439,45,46.0,315.0,0.8761904761904762,0.6430454730366955,1.1938654150560888,0.15784084898842182
recent_verified,35,2019,illinois_ex_cook,skip_51,39,439,45,46.0,298.0,0.9261744966442953,0.6789667855424815,1.2633890442062619,0.1584134941624898
recent_verified,40,2019,illinois_ex_cook,original,52,661,23,28.0,241.0,0.6970954356846474,0.4713452992807262,1.0309682672001117,0.19965886734038812
recent_verified,40,2019,illinois_ex_cook,skip_51,52,661,23,28.0,238.0,0.7058823529411765,0.47716415202413437,1.0442316215082517,0.19978980551207967
recent_verified,45,2019,illinois_ex_cook,original,27,216,16,20.0,167.0,0.718562874251497,0.45190959686066423,1.1425572898638217,0.23661788595137057
recent_verified,45,2019,illinois_ex_cook,skip_51,27,216,16,20.0,185.0,0.6486486486486487,0.4089281552896458,1.0288972866045438,0.23538352832219464
recent_verified,50,2019,illinois_ex_cook,original,32,865,37,34.0,156.0,1.3076923076923077,0.9023981423746991,1.8950162808375686,0.18926706294582468
recent_verified,50,2019,illinois_ex_cook,skip_51,32,865,37,34.0,146.0,1.3972602739726028,0.9620233698349112,2.0294062851685455,0.19042342233657997
recent_verified,55,2019,illinois_ex_cook,original,21,116,20,27.0,144.0,1.125,0.7458255854195626,1.696945002614821,0.20971762320196527
recent_verified,55,2019,illinois_ex_cook,skip_51,21,116,20,27.0,138.0,1.173913043478261,0.7771573860321035,1.7732210468774554,0.21043624651811113
recent_verified,60,2019,illinois_ex_cook,original,20,364,11,14.0,91.0,0.9230769230769231,0.525855628525867,1.6203515940406947,0.28708462588160727
recent_verified,60,2019,illinois_ex_cook,skip_51,20,364,11,14.0,87.0,0.9655172413793104,0.5490865173882848,1.6977716878476814,0.2879632342889186
recent_verified,65,2019,illinois_ex_cook,original,12,108,6,7.0,67.0,0.6268656716417911,0.2877764803957684,1.3655062072567208,0.39721847387989295
recent_verified,65,2019,illinois_ex_cook,skip_51,12,108,6,7.0,71.0,0.5915492957746479,0.27212843183392604,1.2859022740594657,0.39615861709597633
recent_verified,70,2019,illinois_ex_cook,original,10,214,6,10.0,61.0,0.9836065573770493,0.5039831859107037,1.919670907208698,0.3411648320430329
recent_verified,70,2019,illinois_ex_cook,skip_51,10,214,6,10.0,60.0,1.0,0.5119811607433747,1.9531968687051742,0.3415650255319866
recent_verified,75,2019,illinois_ex_cook,original,8,184,5,5.0,43.0,0.6976744186046512,0.27634592968869576,1.7613778314870148,0.4724995385748947
recent_verified,75,2019,illinois_ex_cook,skip_51,8,184,5,5.0,42.0,0.7142857142857143,0.2826010601249317,1.8053862975853776,0.47308511264837305
recent_verified,80,2019,illinois_ex_cook,original,8,201,7,4.0,36.0,0.6666666666666666,0.23728915685048174,1.8730078118339526,0.5270462766947299
recent_verified,80,2019,illinois_ex_cook,skip_51,8,201,7,4.0,35.0,0.6857142857142857,0.24370918958909416,1.9293654146790304,0.5277986629117476
recent_verified,85,2019,illinois_ex_cook,original,7,68,4,6.0,35.0,1.0285714285714287,0.43263108030094627,2.445407257697559,0.4418575508442684
recent_verified,85,2019,illinois_ex_cook,skip_51,7,68,4,6.0,38.0,0.9473684210526316,0.40048030725586986,2.241076299999771,0.4392976851069794
recent_verified,90,2019,illinois_ex_cook,original,7,89,0,7.0,16.0,2.625,1.0799129847476554,6.380722426085229,0.4531634835874829
recent_verified,90,2019,illinois_ex_cook,skip_51,7,89,0,7.0,19.0,2.210526315789474,0.9292607984448666,5.2584017328346375,0.4421410655034333
recent_verified,100,2019,illinois_ex_cook,original,8,408,22,21.0,41.0,3.073170731707317,1.81621146362432,5.200043351436547,0.26834547046948015
recent_verified,100,2019,illinois_ex_cook,skip_51,8,408,22,21.0,23.0,5.478260869565217,3.0319743555769865,9.89828363812077,0.3018233067352699
recent_verified,30,2020,chicago,original,36,416,10,15.0,152.0,0.5921052631578948,0.3483582697010223,1.0064025262272998,0.27063926920365367
recent_verified,30,2020,chicago,skip_51,36,416,10,15.0,155.0,0.5806451612903226,0.3417734704774651,0.9864686186989893,0.27040391929462204
recent_verified,35,2020,chicago,original,12,100,11,13.0,87.0,0.896551724137931,0.5005707634301386,1.6057769505886825,0.2973505167250263
recent_verified,35,2020,chicago,skip_51,12,100,11,13.0,86.0,0.9069767441860465,0.5061684248330357,1.6251642222955047,0.2975751735273309
recent_verified,40,2020,chicago,original,9,246,3,10.0,58.0,1.0344827586206897,0.5287641396883737,2.0238788857999452,0.34240528516707336
recent_verified,40,2020,chicago,skip_51,9,246,3,10.0,61.0,0.9836065573770493,0.5039831859107037,1.919670907208698,0.3411648320430329
recent_verified,45,2020,chicago,original,9,71,7,6.0,49.0,0.7346938775510204,0.31472895880212265,1.7150474356264205,0.4325214791567845
recent_verified,45,2020,chicago,skip_51,9,71,7,6.0,67.0,0.5373134328358209,0.2330736958330986,1.2386885790516362,0.426136175184641
recent_verified,50,2020,chicago,original,6,309,34,25.0,67.0,2.238805970149254,1.4142422593774975,3.5441255829691936,0.23436162897182714
recent_verified,50,2020,chicago,skip_51,6,309,34,25.0,36.0,4.166666666666667,2.5013903321449757,6.940584557318461,0.2603416558635551
recent_verified,55,2020,chicago,original,3,41,5,3.0,66.0,0.2727272727272727,0.08574975522979916,0.8674096513736532,0.5903260526902472
recent_verified,55,2020,chicago,skip_51,3,41,5,3.0,65.0,0.2769230769230769,0.08703530133377128,0.8810952493685299,0.5905234531480936
recent_verified,60,2020,chicago,original,9,149,3,4.0,31.0,0.7741935483870968,0.27328461407436566,2.193228668925734,0.5312796481290517
recent_verified,60,2020,chicago,skip_51,9,149,3,4.0,31.0,0.7741935483870968,0.27328461407436566,2.193228668925734,0.5312796481290517
recent_verified,65,2020,chicago,original,1,42,1,3.0,19.0,0.9473684210526316,0.28034388185281994,3.201450016586936,0.6212607441973955
recent_verified,65,2020,chicago,skip_51,1,42,1,3.0,18.0,1.0,0.294559356431645,3.394901496643032,0.6236095644623235
recent_verified,70,2020,chicago,original,4,58,3,0.0,19.0,,,,
recent_verified,70,2020,chicago,skip_51,4,58,3,0.0,21.0,,,,
recent_verified,75,2020,chicago,original,3,71,1,5.0,18.0,1.6666666666666667,0.6187812667487528,4.489110978380111,0.5055250296034367
recent_verified,75,2020,chicago,skip_51,3,71,1,5.0,19.0,1.5789473684210527,0.589555751178563,4.228734580673562,0.5026246899500346
recent_verified,80,2020,chicago,original,3,87,3,2.0,19.0,0.6315789473684211,0.14710913759347297,2.711537660300315,0.7433919416750281
recent_verified,80,2020,chicago,skip_51,3,87,3,2.0,18.0,0.6666666666666666,0.1546852528417896,2.8732179459862106,0.7453559924999299
recent_verified,85,2020,chicago,original,3,25,2,2.0,18.0,0.6666666666666666,0.1546852528417896,2.8732179459862106,0.7453559924999299
recent_verified,85,2020,chicago,skip_51,3,25,2,2.0,18.0,0.6666666666666666,0.1546852528417896,2.8732179459862106,0.7453559924999299
recent_verified,90,2020,chicago,original,1,40,1,2.0,8.0,1.5,0.31852607302982766,7.0637859519566035,0.7905694150420949
recent_verified,90,2020,chicago,skip_51,1,40,1,2.0,7.0,1.7142857142857142,0.3561156997218019,8.252305395409012,0.8017837257372731
recent_verified,100,2020,chicago,original,2,177,12,9.0,19.0,2.8421052631578947,1.285860934495584,6.281831969674436,0.40465131911125596
recent_verified,100,2020,chicago,skip_51,2,177,12,9.0,8.0,6.75,2.6042733589527867,17.49528322108294,0.485912657903775
recent_verified,30,2020,cook_ex_chicago,original,29,474,9,11.0,135.0,0.4888888888888889,0.264427785613862,0.9038851387124527,0.3135546177566172
recent_verified,30,2020,cook_ex_chicago,skip_51,29,474,9,11.0,133.0,0.49624060150375937,0.26831074301973407,0.9177967747743185,0.3137321913696013
recent_verified,35,2020,cook_ex_chicago,original,15,148,17,7.0,93.0,0.45161290322580644,0.20948263298422762,0.9736091792172469,0.39193090083481025
recent_verified,35,2020,cook_ex_chicago,skip_51,15,148,17,7.0,88.0,0.4772727272727273,0.22104745198557743,1.030499352750782,0.3927095354339887
recent_verified,40,2020,cook_ex_chicago,original,13,287,5,12.0,60.0,1.2,0.6456582986511669,2.2302818735673005,0.31622776601683794
recent_verified,40,2020,cook_ex_chicago,skip_51,13,287,5,12.0,64.0,1.125,0.6072669634878418,2.0841328050037076,0.3145764348029479
recent_verified,45,2020,cook_ex_chicago,original,2,80,6,9.0,41.0,1.3170731707317074,0.6401364062993447,2.709862648008947,0.3681050869161551
recent_verified,45,2020,cook_ex_chicago,skip_51,2,80,6,9.0,56.0,0.9642857142857142,0.4769966600114233,1.9493783012091566,0.3591215030713894
recent_verified,50,2020,cook_ex_chicago,original,11,428,25,21.0,67.0,1.8805970149253732,1.151902806245833,3.070263492171277,0.25008882572673247
recent_verified,50,2020,cook_ex_chicago,skip_51,11,428,25,21.0,46.0,2.7391304347826084,1.634694717469351,4.589747222262638,0.26335940851587253
recent_verified,55,2020,cook_ex_chicago,original,6,43,3,4.0,56.0,0.42857142857142855,0.15540910801663138,1.1818706878370278,0.5175491695067657
recent_verified,55,2020,cook_ex_chicago,skip_51,6,43,3,4.0,54.0,0.4444444444444444,0.16096341794432184,1.2271786143722287,0.5181877251716008
recent_verified,60,2020,cook_ex_chicago,original,2,160,1,1.0,21.0,0.2857142857142857,0.038431150930053906,2.1241272011290757,1.023532631438318
recent_verified,60,2020,cook_ex_chicago,skip_51,2,160,1,1.0,22.0,0.27272727272727276,0.03676042470668186,2.0233761139254822,1.02247471629109
recent_verified,65,2020,cook_ex_chicago,original,2,43,1,2.0,18.0,0.6666666666666666,0.1546852528417896,2.8732179459862106,0.7453559924999299
recent_verified,65,2020,cook_ex_chicago,skip_51,2,43,1,2.0,19.0,0.6315789473684211,0.14710913759347297,2.711537660300315,0.7433919416750281
recent_verified,70,2020,cook_ex_chicago,original,4,97,3,2.0,20.0,0.6,0.14023993144122696,2.567029207019201,0.7416198487095663
recent_verified,70,2020,cook_ex_chicago,skip_51,4,97,3,2.0,19.0,0.6315789473684211,0.14710913759347297,2.711537660300315,0.7433919416750281
recent_verified,75,2020,cook_ex_chicago,original,2,85,4,2.0,21.0,0.5714285714285714,0.13398317951184371,2.4371015334505746,0.7400128699009549
recent_verified,75,2020,cook_ex_chicago,skip_51,2,85,4,2.0,17.0,0.7058823529411764,0.16308318068363709,3.0553113699711236,0.747545001596402
recent_verified,80,2020,cook_ex_chicago,original,0,101,1,0.0,11.0,,,,
recent_verified,80,2020,cook_ex_chicago,skip_51,0,101,1,0.0,14.0,,,,
recent_verified,85,2020,cook_ex_chicago,original,0,22,1,4.0,8.0,3.0,0.9033567918322931,9.962840907793648,0.6123724356957945
recent_verified,85,2020,cook_ex_chicago,skip_51,0,22,1,4.0,8.0,3.0,0.9033567918322931,9.962840907793648,0.6123724356957945
recent_verified,90,2020,cook_ex_chicago,original,3,52,2,1.0,13.0,0.46153846153846156,0.06037513003930816,3.5282367315913272,1.0377490433255416
recent_verified,90,2020,cook_ex_chicago,skip_51,3,52,2,1.0,12.0,0.5,0.06501223083880767,3.8454302640352993,1.0408329997330663
recent_verified,100,2020,cook_ex_chicago,original,2,212,12,14.0,16.0,5.25,2.562392834703121,10.756547406281442,0.36596252735569995
recent_verified,100,2020,cook_ex_chicago,skip_51,2,212,12,14.0,7.0,12.0,4.8433321859323915,29.731596857686633,0.4629100498862757
recent_verified,30,2020,illinois_ex_cook,original,137,1358,50,45.0,559.0,0.48300536672629696,0.35649330698115106,0.6544139250803371,0.15495525479271485
recent_verified,30,2020,illinois_ex_cook,skip_51,137,1358,50,45.0,564.0,0.4787234042553192,0.3533683520763751,0.6485473201976755,0.15490407311498394
recent_verified,35,2020,illinois_ex_cook,original,56,534,44,55.0,361.0,0.9141274238227147,0.6883273001473126,1.2139994255725668,0.14474771598996392
recent_verified,35,2020,illinois_ex_cook,skip_51,56,534,44,55.0,334.0,0.9880239520958084,0.742846447915598,1.314122632818909,0.14551917453678084
recent_verified,40,2020,illinois_ex_cook,original,60,809,28,17.0,272.0,0.375,0.22973489781915604,0.6121185824832671,0.25
recent_verified,40,2020,illinois_ex_cook,skip_51,60,809,28,17.0,272.0,0.375,0.22973489781915604,0.6121185824832671,0.25
recent_verified,45,2020,illinois_ex_cook,original,37,288,17,28.0,201.0,0.835820895522388,0.5628711126827489,1.2411306134759783,0.20171616219925256
recent_verified,45,2020,illinois_ex_cook,skip_51,37,288,17,28.0,239.0,0.702928870292887,0.47520863112278655,1.0397727741682457,0.19974580379245957
recent_verified,50,2020,illinois_ex_cook,original,33,1076,45,55.0,190.0,1.7368421052631577,1.2865423047112647,2.3447503339518785,0.1531175237409325
recent_verified,50,2020,illinois_ex_cook,skip_51,33,1076,45,55.0,175.0,1.8857142857142857,1.3928092246779942,2.553054865190915,0.1545836469232884
recent_verified,55,2020,illinois_ex_cook,original,17,171,25,30.0,174.0,1.0344827586206897,0.702179293227603,1.5240474736366152,0.19768778356316039
recent_verified,55,2020,illinois_ex_cook,skip_51,17,171,25,30.0,165.0,1.0909090909090908,0.7393324524815135,1.6096718609249148,0.19847906537954926
recent_verified,60,2020,illinois_ex_cook,original,26,491,14,16.0,108.0,0.8888888888888888,0.5258042710547122,1.502695014639597,0.26787918780535985
recent_verified,60,2020,illinois_ex_cook,skip_51,26,491,14,16.0,103.0,0.9320388349514562,0.5504243267612352,1.578230371773691,0.2687168358404022
recent_verified,65,2020,illinois_ex_cook,original,12,160,9,9.0,81.0,0.6666666666666666,0.33482779983610406,1.3273821488597928,0.35136418446315326
recent_verified,65,2020,illinois_ex_cook,skip_51,12,160,9,9.0,81.0,0.6666666666666666,0.33482779983610406,1.3273821488597928,0.35136418446315326
recent_verified,70,2020,illinois_ex_cook,original,10,287,4,9.0,82.0,0.6585365853658537,0.3308834927902086,1.3106439085502526,0.3511498726503124
recent_verified,70,2020,illinois_ex_cook,skip_51,10,287,4,9.0,86.0,0.627906976744186,0.31599396167595173,1.2477047642079324,0.35034128801478037
recent_verified,75,2020,illinois_ex_cook,original,14,257,4,8.0,61.0,0.7868852459016394,0.37655983727732517,1.6443293440284488,0.37602319426193753
recent_verified,75,2020,illinois_ex_cook,skip_51,14,257,4,8.0,62.0,0.7741935483870968,0.3707418056650279,1.616692914598768,0.37567144189845536
recent_verified,80,2020,illinois_ex_cook,original,9,242,5,5.0,37.0,0.8108108108108107,0.3186669854026654,2.0630131172734454,0.47647353234678946
recent_verified,80,2020,illinois_ex_cook,skip_51,9,242,5,5.0,41.0,0.7317073170731707,0.2891459522336833,1.8516447964165834,0.47369847361210593
recent_verified,85,2020,illinois_ex_cook,original,8,79,8,9.0,37.0,1.4594594594594594,0.7044021306909293,3.0238720483659187,0.3716693935988517
recent_verified,85,2020,illinois_ex_cook,skip_51,8,79,8,9.0,35.0,1.542857142857143,0.7416358596833905,3.209672418323352,0.3737412737209254
recent_verified,90,2020,illinois_ex_cook,original,6,113,1,6.0,26.0,1.3846153846153848,0.5699065982300913,3.363989413822483,0.4529108136578383
recent_verified,90,2020,illinois_ex_cook,skip_51,6,113,1,6.0,29.0,1.2413793103448276,0.5153903422291906,2.9900106111552196,0.4484968509224522
recent_verified,100,2020,illinois_ex_cook,original,8,478,27,28.0,44.0,3.8181818181818183,2.377264466087278,6.132473944175375,0.24174688920761409
recent_verified,100,2020,illinois_ex_cook,skip_51,8,478,27,28.0,22.0,7.636363636363637,4.36891502999519,13.347489980101779,0.2849014411490949
recent_verified,30,2021,chicago,original,16,193,6,7.0,73.0,0.5753424657534247,0.2649257822113614,1.249478061879003,0.39567129412446533
recent_verified,30,2021,chicago,skip_51,16,193,6,7.0,71.0,0.5915492957746479,0.27212843183392604,1.2859022740594657,0.39615861709597633
recent_verified,35,2021,chicago,original,8,47,6,4.0,40.0,0.6,0.21466893067630913,1.6770009468339409,0.5244044240850758
recent_verified,35,2021,chicago,skip_51,8,47,6,4.0,39.0,0.6153846153846154,0.21990981909387983,1.7220614632510076,0.5250152622934172
recent_verified,40,2021,chicago,original,4,137,1,5.0,26.0,1.153846153846154,0.4430748225092161,3.004821937761696,0.48832523840319625
recent_verified,40,2021,chicago,skip_51,4,137,1,5.0,28.0,1.0714285714285714,0.41370783174427117,2.7748065073688704,0.4855041562276122
recent_verified,45,2021,chicago,original,5,34,3,3.0,23.0,0.7826086956521738,0.2349768938861308,2.6065387127263726,0.6138498140448513
recent_verified,45,2021,chicago,skip_51,5,34,3,3.0,30.0,0.6,0.183110668582763,1.9660241688063405,0.6055300708194983
recent_verified,50,2021,chicago,original,4,157,10,10.0,28.0,2.142857142857143,1.0409017683312027,4.4114025688087874,0.36839419880650365
recent_verified,50,2021,chicago,skip_51,4,157,10,10.0,23.0,2.608695652173913,1.241637742892157,5.480900564297806,0.37878524373260003
recent_verified,55,2021,chicago,original,2,14,4,5.0,25.0,1.2,0.4593795876347317,3.134662572654388,0.48989794855663565
recent_verified,55,2021,chicago,skip_51,2,14,4,5.0,22.0,1.3636363636363638,0.5163889013778302,3.600976177586063,0.4954336943068623
recent_verified,60,2021,chicago,original,3,76,2,1.0,14.0,0.42857142857142855,0.056354645327225006,3.259242753126195,1.0350983390135313
recent_verified,60,2021,chicago,skip_51,3,76,2,1.0,13.0,0.46153846153846156,0.06037513003930816,3.5282367315913272,1.0377490433255416
recent_verified,65,2021,chicago,original,0,20,0,1.0,10.0,0.6,0.07680458299618335,4.6872202928032225,1.0488088481701516
recent_verified,65,2021,chicago,skip_51,0,20,0,1.0,10.0,0.6,0.07680458299618335,4.6872202928032225,1.0488088481701516
recent_verified,70,2021,chicago,original,3,31,3,0.0,13.0,,,,
recent_verified,70,2021,chicago,skip_51,3,31,3,0.0,11.0,,,,
recent_verified,75,2021,chicago,original,2,28,3,1.0,16.0,0.375,0.04972979594286757,2.8277815610093806,1.0307764064044151
recent_verified,75,2021,chicago,skip_51,2,28,3,1.0,14.0,0.42857142857142855,0.056354645327225006,3.259242753126195,1.0350983390135313
recent_verified,80,2021,chicago,original,2,36,0,1.0,10.0,0.6,0.07680458299618335,4.6872202928032225,1.0488088481701516
recent_verified,80,2021,chicago,skip_51,2,36,0,1.0,11.0,0.5454545454545455,0.07041922028914151,4.224992266818693,1.044465935734187
recent_verified,85,2021,chicago,original,1,15,1,1.0,4.0,1.5,0.16764921141452416,13.420880307254897,1.118033988749895
recent_verified,85,2021,chicago,skip_51,1,15,1,1.0,4.0,1.5,0.16764921141452416,13.420880307254897,1.118033988749895
recent_verified,90,2021,chicago,original,0,20,1,1.0,5.0,1.2,0.14019080819423038,10.271714804617725,1.0954451150103321
recent_verified,90,2021,chicago,skip_51,0,20,1,1.0,4.0,1.5,0.16764921141452416,13.420880307254897,1.118033988749895
recent_verified,100,2021,chicago,original,1,96,5,3.0,9.0,2.0,0.5414419144797877,7.387680733663116,0.6666666666666666
recent_verified,100,2021,chicago,skip_51,1,96,5,3.0,6.0,3.0,0.7502738524803134,11.995619959628213,0.7071067811865476
recent_verified,30,2021,cook_ex_chicago,original,13,224,6,3.0,79.0,0.2278481012658228,0.07193670651878617,0.7216727003881277,0.588210473539391
recent_verified,30,2021,cook_ex_chicago,skip_51,13,224,6,3.0,82.0,0.21951219512195122,0.06935838769986093,0.6947336206224154,0.5878166851022119
recent_verified,35,2021,cook_ex_chicago,original,8,74,7,9.0,55.0,0.9818181818181819,0.4852394841171966,1.986579768755875,0.3595732599803958
recent_verified,35,2021,cook_ex_chicago,skip_51,8,74,7,9.0,53.0,1.0188679245283019,0.5026109170793361,2.0653985266872916,0.3605260540368934
recent_verified,40,2021,cook_ex_chicago,original,7,150,6,5.0,37.0,0.8108108108108107,0.3186669854026654,2.0630131172734454,0.47647353234678946
recent_verified,40,2021,cook_ex_chicago,skip_51,7,150,6,5.0,35.0,0.8571428571428572,0.3358099481529366,2.1878264226300463,0.4780914437337575
recent_verified,45,2021,cook_ex_chicago,original,2,54,3,4.0,30.0,0.8,0.2818350748008432,2.2708316218350455,0.5322906474223771
recent_verified,45,2021,cook_ex_chicago,skip_51,2,54,3,4.0,43.0,0.5581395348837209,0.20034502773616691,1.5549162558227034,0.5227387626276516
recent_verified,50,2021,cook_ex_chicago,original,6,199,9,16.0,32.0,3.0,1.6462291382115914,5.467039667258775,0.30618621784789724
recent_verified,50,2021,cook_ex_chicago,skip_51,6,199,9,16.0,27.0,3.5555555555555554,1.9158115247610372,6.598757312632219,0.3154949081000152
recent_verified,55,2021,cook_ex_chicago,original,2,17,0,4.0,22.0,1.090909090909091,0.37592675926332586,3.165730066569911,0.543557306504609
recent_verified,55,2021,cook_ex_chicago,skip_51,2,17,0,4.0,22.0,1.090909090909091,0.37592675926332586,3.165730066569911,0.543557306504609
recent_verified,60,2021,cook_ex_chicago,original,3,93,3,0.0,11.0,,,,
recent_verified,60,2021,cook_ex_chicago,skip_51,3,93,3,0.0,11.0,,,,
recent_verified,65,2021,cook_ex_chicago,original,2,30,2,3.0,10.0,1.7999999999999998,0.4953734835153245,6.540519643901709,0.6582805886043833
recent_verified,65,2021,cook_ex_chicago,skip_51,2,30,2,3.0,8.0,2.25,0.5969057465431279,8.481238502592003,0.67700320038633
recent_verified,70,2021,cook_ex_chicago,original,1,41,3,0.0,11.0,,,,
recent_verified,70,2021,cook_ex_chicago,skip_51,1,41,3,0.0,9.0,,,,
recent_verified,75,2021,cook_ex_chicago,original,3,37,2,1.0,13.0,0.46153846153846156,0.06037513003930816,3.5282367315913272,1.0377490433255416
recent_verified,75,2021,cook_ex_chicago,skip_51,3,37,2,1.0,12.0,0.5,0.06501223083880767,3.8454302640352993,1.0408329997330663
recent_verified,80,2021,cook_ex_chicago,original,0,46,3,1.0,11.0,0.5454545454545455,0.07041922028914151,4.224992266818693,1.044465935734187
recent_verified,80,2021,cook_ex_chicago,skip_51,0,46,3,1.0,9.0,0.6666666666666666,0.08445921593821881,5.262237394786517,1.0540925533894598
recent_verified,85,2021,cook_ex_chicago,original,0,10,1,1.0,10.0,0.6,0.07680458299618335,4.6872202928032225,1.0488088481701516
recent_verified,85,2021,cook_ex_chicago,skip_51,0,10,1,1.0,10.0,0.6,0.07680458299618335,4.6872202928032225,1.0488088481701516
recent_verified,90,2021,cook_ex_chicago,original,1,26,2,1.0,10.0,0.6,0.07680458299618335,4.6872202928032225,1.0488088481701516
recent_verified,90,2021,cook_ex_chicago,skip_51,1,26,2,1.0,8.0,0.75,0.0938013520269724,5.996715269501172,1.0606601717798212
recent_verified,100,2021,cook_ex_chicago,original,2,112,9,7.0,12.0,3.5,1.3779501990384573,8.890016495914098,0.4755948656056709
recent_verified,100,2021,cook_ex_chicago,skip_51,2,112,9,7.0,4.0,10.5,3.0736944528609094,35.86888732462732,0.6267831705280087
recent_verified,30,2021,illinois_ex_cook,original,79,731,34,28.0,327.0,0.5137614678899083,0.34926161438928155,0.7557396376064327,0.1969070585068521
recent_verified,30,2021,illinois_ex_cook,skip_51,79,731,34,28.0,322.0,0.5217391304347826,0.3546011418648019,0.767656073512106,0.19702760155977514
recent_verified,35,2021,illinois_ex_cook,original,37,289,28,29.0,226.0,0.7699115044247788,0.5230440591952162,1.133295970434469,0.19724993632889112
recent_verified,35,2021,illinois_ex_cook,skip_51,37,289,28,29.0,212.0,0.820754716981132,0.5567773282056273,1.2098881748970782,0.19798924150762617
recent_verified,40,2021,illinois_ex_cook,original,37,442,18,14.0,159.0,0.5283018867924528,0.30590069179219737,0.912397033015094,0.2787792668127816
recent_verified,40,2021,illinois_ex_cook,skip_51,37,442,18,14.0,158.0,0.5316455696202532,0.3077937049921751,0.9183001702521145,0.2788506506225547
recent_verified,45,2021,illinois_ex_cook,original,18,158,11,17.0,110.0,0.9272727272727274,0.5563868970266135,1.5453899352030815,0.2606039878871269
recent_verified,45,2021,illinois_ex_cook,skip_51,18,158,11,17.0,125.0,0.8160000000000001,0.49164135853072133,1.3543531040389325,0.25850247467241916
recent_verified,50,2021,illinois_ex_cook,original,20,588,27,26.0,110.0,1.4181818181818182,0.924934621984089,2.1744668451345803,0.21806523691878896
recent_verified,50,2021,illinois_ex_cook,skip_51,20,588,27,26.0,98.0,1.5918367346938778,1.033041052853247,2.452897862018304,0.22060285604268937
recent_verified,55,2021,illinois_ex_cook,original,11,87,12,15.0,101.0,0.8910891089108911,0.5180623231998883,1.5327109586257928,0.2767086134649165
recent_verified,55,2021,illinois_ex_cook,skip_51,11,87,12,15.0,100.0,0.8999999999999999,0.5230595592570387,1.5485808177381089,0.27688746209726917
recent_verified,60,2021,illinois_ex_cook,original,17,286,7,11.0,61.0,1.0819672131147542,0.5693513181776599,2.0561172212655143,0.32757065425956844
recent_verified,60,2021,illinois_ex_cook,skip_51,17,286,7,11.0,62.0,1.064516129032258,0.5606117978588613,2.021353445107329,0.32716681244764945
recent_verified,65,2021,illinois_ex_cook,original,9,88,3,8.0,45.0,1.0666666666666667,0.5028292539727865,2.2627517567610633,0.38369548110737794
recent_verified,65,2021,illinois_ex_cook,skip_51,9,88,3,8.0,44.0,1.090909090909091,0.5135948183701412,2.3171624830732274,0.3843530573929037
recent_verified,70,2021,illinois_ex_cook,original,8,144,2,2.0,43.0,0.27906976744186046,0.0676040515818434,1.152001001090451,0.7233642332556182
recent_verified,70,2021,illinois_ex_cook,skip_51,8,144,2,2.0,47.0,0.25531914893617025,0.06201674177314315,1.0511333867223642,0.7219948723811555
recent_verified,75,2021,illinois_ex_cook,original,9,139,3,6.0,30.0,1.2,0.4994653311617163,2.883082989265091,0.4472135954999579
recent_verified,75,2021,illinois_ex_cook,skip_51,9,139,3,6.0,29.0,1.2413793103448276,0.5153903422291906,2.9900106111552196,0.4484968509224522
recent_verified,80,2021,illinois_ex_cook,original,4,135,4,2.0,23.0,0.5217391304347826,0.1230064191870192,2.2129879239307977,0.7372097807744856
recent_verified,80,2021,illinois_ex_cook,skip_51,4,135,4,2.0,25.0,0.48,0.1136912152394065,2.026541800215898,0.7348469228349535
recent_verified,85,2021,illinois_ex_cook,original,5,40,4,6.0,25.0,1.44,0.5907367706759957,3.5101928691981112,0.4546060565661952
recent_verified,85,2021,illinois_ex_cook,skip_51,5,40,4,6.0,25.0,1.44,0.5907367706759957,3.5101928691981112,0.4546060565661952
recent_verified,90,2021,illinois_ex_cook,original,2,64,0,4.0,11.0,2.181818181818182,0.694727990662836,6.852078284582422,0.5838742081211422
recent_verified,90,2021,illinois_ex_cook,skip_51,2,64,0,4.0,13.0,1.8461538461538463,0.6019575194195521,5.66200091155126,0.5717718748968657
recent_verified,100,2021,illinois_ex_cook,original,2,274,12,12.0,24.0,3.0,1.5002738274864824,5.998904889968221,0.3535533905932738
recent_verified,100,2021,illinois_ex_cook,skip_51,2,274,12,12.0,14.0,5.142857142857142,2.3786876137046584,11.119147987088597,0.3933978962347216
recent_verified,30,2022,chicago,original,10,143,7,9.0,52.0,1.0384615384615385,0.5117718528145317,2.1071935881841535,0.36102891898278777
recent_verified,30,2022,chicago,skip_51,10,143,7,9.0,49.0,1.1020408163265307,0.5413757243712586,2.243347653351343,0.3626558621839956
recent_verified,35,2022,chicago,original,4,38,3,4.0,30.0,0.8,0.2818350748008432,2.2708316218350455,0.5322906474223771
recent_verified,35,2022,chicago,skip_51,4,38,3,4.0,30.0,0.8,0.2818350748008432,2.2708316218350455,0.5322906474223771
recent_verified,40,2022,chicago,original,2,98,1,3.0,21.0,0.8571428571428571,0.2556645760257141,2.873663176071474,0.6172133998483676
recent_verified,40,2022,chicago,skip_51,2,98,1,3.0,22.0,0.8181818181818182,0.24488481862104947,2.7336177529208614,0.6154574548966637
recent_verified,45,2022,chicago,original,4,24,2,2.0,20.0,0.6,0.14023993144122696,2.567029207019201,0.7416198487095663
recent_verified,45,2022,chicago,skip_51,4,24,2,2.0,28.0,0.42857142857142855,0.10209301518892741,1.799079682854499,0.7319250547113999
recent_verified,50,2022,chicago,original,3,121,10,10.0,27.0,2.2222222222222223,1.0756711840880875,4.590874681768804,0.3701851388657263
recent_verified,50,2022,chicago,skip_51,3,121,10,10.0,20.0,3.0,1.4042558983974784,6.4090882653729295,0.3872983346207417
recent_verified,55,2022,chicago,original,3,14,6,3.0,30.0,0.6,0.183110668582763,1.9660241688063405,0.6055300708194983
recent_verified,55,2022,chicago,skip_51,3,14,6,3.0,25.0,0.72,0.2173853163667934,2.3847056860331155,0.6110100926607787
recent_verified,60,2022,chicago,original,5,67,2,1.0,17.0,0.3529411764705882,0.046968541267807896,2.6521469623290406,1.0289915108550531
recent_verified,60,2022,chicago,skip_51,5,67,2,1.0,16.0,0.375,0.04972979594286757,2.8277815610093806,1.0307764064044151
recent_verified,65,2022,chicago,original,0,16,0,1.0,5.0,1.2,0.14019080819423038,10.271714804617725,1.0954451150103321
recent_verified,65,2022,chicago,skip_51,0,16,0,1.0,5.0,1.2,0.14019080819423038,10.271714804617725,1.0954451150103321
recent_verified,70,2022,chicago,original,1,30,2,0.0,8.0,,,,
recent_verified,70,2022,chicago,skip_51,1,30,2,0.0,8.0,,,,
recent_verified,75,2022,chicago,original,1,16,1,2.0,11.0,1.090909090909091,0.24179800100193674,4.92180514188191,0.7687061147858074
recent_verified,75,2022,chicago,skip_51,1,16,1,2.0,11.0,1.090909090909091,0.24179800100193674,4.92180514188191,0.7687061147858074
recent_verified,80,2022,chicago,original,2,40,0,1.0,7.0,0.8571428571428571,0.10545417122438593,6.966949424767038,1.0690449676496976
recent_verified,80,2022,chicago,skip_51,2,40,0,1.0,7.0,0.8571428571428571,0.10545417122438593,6.966949424767038,1.0690449676496976
recent_verified,85,2022,chicago,original,1,18,0,0.0,4.0,,,,
recent_verified,85,2022,chicago,skip_51,1,18,0,0.0,6.0,,,,
recent_verified,90,2022,chicago,original,0,16,0,2.0,2.0,6.0,0.84515052552627,42.595962390939796,1.0
recent_verified,90,2022,chicago,skip_51,0,16,0,2.0,3.0,4.0,0.66835710493311,23.93929814152466,0.9128709291752768
recent_verified,100,2022,chicago,original,1,74,6,5.0,10.0,3.0,1.0253931253215653,8.777121454932304,0.5477225575051662
recent_verified,100,2022,chicago,skip_51,1,74,6,5.0,7.0,4.285714285714286,1.36019591812749,13.503456887343747,0.5855400437691199
recent_verified,30,2022,cook_ex_chicago,original,15,175,5,3.0,54.0,0.3333333333333333,0.10422247560766075,1.066095489128297,0.5931710140017395
recent_verified,30,2022,cook_ex_chicago,skip_51,15,175,5,3.0,56.0,0.3214285714285714,0.10061017101751163,1.0268974347795272,0.592613260221602
recent_verified,35,2022,cook_ex_chicago,original,5,53,6,7.0,42.0,1.0,0.4492540899947944,2.225911844256303,0.408248290463863
recent_verified,35,2022,cook_ex_chicago,skip_51,5,53,6,7.0,40.0,1.05,0.470373067635156,2.3438841971606084,0.4097037257057139
recent_verified,40,2022,cook_ex_chicago,original,10,108,5,4.0,36.0,0.6666666666666666,0.23728915685048174,1.8730078118339526,0.5270462766947299
recent_verified,40,2022,cook_ex_chicago,skip_51,10,108,5,4.0,36.0,0.6666666666666666,0.23728915685048174,1.8730078118339526,0.5270462766947299
recent_verified,45,2022,cook_ex_chicago,original,1,34,3,5.0,23.0,1.3043478260869565,0.49587581563675576,3.430946212275133,0.49343516379516894
recent_verified,45,2022,cook_ex_chicago,skip_51,1,34,3,5.0,29.0,1.0344827586206897,0.40043754122906056,2.67246316266665,0.4842341981115023
recent_verified,50,2022,cook_ex_chicago,original,5,162,9,9.0,27.0,2.0,0.9405813182611226,4.252689185231645,0.3849001794597505
recent_verified,50,2022,cook_ex_chicago,skip_51,5,162,9,9.0,20.0,2.6999999999999997,1.2294098537277158,5.92967428876209,0.4013864859597432
recent_verified,55,2022,cook_ex_chicago,original,1,24,1,2.0,19.0,0.6315789473684211,0.14710913759347297,2.711537660300315,0.7433919416750281
recent_verified,55,2022,cook_ex_chicago,skip_51,1,24,1,2.0,18.0,0.6666666666666666,0.1546852528417896,2.8732179459862106,0.7453559924999299
recent_verified,60,2022,cook_ex_chicago,original,1,63,1,0.0,5.0,,,,
recent_verified,60,2022,cook_ex_chicago,skip_51,1,63,1,0.0,6.0,,,,
recent_verified,65,2022,cook_ex_chicago,original,0,20,3,2.0,8.0,1.5,0.31852607302982766,7.0637859519566035,0.7905694150420949
recent_verified,65,2022,cook_ex_chicago,skip_51,0,20,3,2.0,5.0,2.4,0.46562023909970934,12.370596284940559,0.8366600265340756
recent_verified,70,2022,cook_ex_chicago,original,2,27,2,0.0,11.0,,,,
recent_verified,70,2022,cook_ex_chicago,skip_51,2,27,2,0.0,10.0,,,,
recent_verified,75,2022,cook_ex_chicago,original,2,29,0,1.0,8.0,0.75,0.0938013520269724,5.996715269501172,1.0606601717798212
recent_verified,75,2022,cook_ex_chicago,skip_51,2,29,0,1.0,9.0,0.6666666666666666,0.08445921593821881,5.262237394786517,1.0540925533894598
recent_verified,80,2022,cook_ex_chicago,original,0,35,1,1.0,7.0,0.8571428571428571,0.10545417122438593,6.966949424767038,1.0690449676496976
recent_verified,80,2022,cook_ex_chicago,skip_51,0,35,1,1.0,7.0,0.8571428571428571,0.10545417122438593,6.966949424767038,1.0690449676496976
recent_verified,85,2022,cook_ex_chicago,original,1,9,1,1.0,6.0,1.0,0.12038721234828748,8.306530074863264,1.0801234497346435
recent_verified,85,2022,cook_ex_chicago,skip_51,1,9,1,1.0,5.0,1.2,0.14019080819423038,10.271714804617725,1.0954451150103321
recent_verified,90,2022,cook_ex_chicago,original,0,27,2,0.0,6.0,,,,
recent_verified,90,2022,cook_ex_chicago,skip_51,0,27,2,0.0,4.0,,,,
recent_verified,100,2022,cook_ex_chicago,original,0,77,4,4.0,7.0,3.4285714285714284,1.0036553315464194,11.71228973865382,0.6267831705280087
recent_verified,100,2022,cook_ex_chicago,skip_51,0,77,4,4.0,4.0,6.0,1.5005477049606268,23.991239919256426,0.7071067811865476
recent_verified,30,2022,illinois_ex_cook,original,55,559,27,27.0,243.0,0.6666666666666666,0.4479511409851702,0.9921716986075456,0.20286020648339487
recent_verified,30,2022,illinois_ex_cook,skip_51,55,559,27,27.0,232.0,0.6982758620689655,0.4687486756797788,1.040193188473665,0.203340556369415
recent_verified,35,2022,illinois_ex_cook,original,26,228,14,16.0,159.0,0.6037735849056604,0.3610931782158505,1.0095525582372544,0.26227715908195404
recent_verified,35,2022,illinois_ex_cook,skip_51,26,228,14,16.0,155.0,0.6193548387096774,0.3701872751179786,1.0362333932489636,0.2625863913138413
recent_verified,40,2022,illinois_ex_cook,original,21,347,11,10.0,94.0,0.6382978723404256,0.33257429491066626,1.2250621291815522,0.33262335737638815
recent_verified,40,2022,illinois_ex_cook,skip_51,21,347,11,10.0,94.0,0.6382978723404256,0.33257429491066626,1.2250621291815522,0.33262335737638815
recent_verified,45,2022,illinois_ex_cook,original,15,117,9,11.0,73.0,0.904109589041096,0.4796350435284285,1.7042419231563308,0.3234311689464657
recent_verified,45,2022,illinois_ex_cook,skip_51,15,117,9,11.0,93.0,0.7096774193548387,0.3798875997405731,1.325765936782572,0.31884444339071355
recent_verified,50,2022,illinois_ex_cook,original,17,427,22,29.0,84.0,2.0714285714285716,1.3581158830697442,3.1593889593810633,0.21537762308432035
recent_verified,50,2022,illinois_ex_cook,skip_51,17,427,22,29.0,71.0,2.4507042253521125,1.5911085464172463,3.774696084489336,0.22037982136062997
recent_verified,55,2022,illinois_ex_cook,original,4,67,13,9.0,82.0,0.6585365853658537,0.3308834927902086,1.3106439085502526,0.3511498726503124
recent_verified,55,2022,illinois_ex_cook,skip_51,4,67,13,9.0,78.0,0.6923076923076923,0.34724604622412725,1.3802603256108736,0.35203923635246104
recent_verified,60,2022,illinois_ex_cook,original,13,224,8,9.0,52.0,1.0384615384615385,0.5117718528145317,2.1071935881841535,0.36102891898278777
recent_verified,60,2022,illinois_ex_cook,skip_51,13,224,8,9.0,51.0,1.0588235294117647,0.5212731566119911,2.150709761696938,0.36155076303109357
recent_verified,65,2022,illinois_ex_cook,original,5,66,3,7.0,41.0,1.024390243902439,0.45957096748662,2.283380470140447,0.40895890595459816
recent_verified,65,2022,illinois_ex_cook,skip_51,5,66,3,7.0,40.0,1.05,0.470373067635156,2.3438841971606084,0.4097037257057139
recent_verified,70,2022,illinois_ex_cook,original,5,113,3,2.0,42.0,0.2857142857142857,0.06916178402861467,1.1803144497754738,0.7237468644557459
recent_verified,70,2022,illinois_ex_cook,skip_51,5,113,3,2.0,41.0,0.29268292682926833,0.07079298352537537,1.2100534741079432,0.7241479433806597
recent_verified,75,2022,illinois_ex_cook,original,8,91,3,2.0,29.0,0.4137931034482759,0.09873533386313949,1.7341788978877228,0.7310832774866962
recent_verified,75,2022,illinois_ex_cook,skip_51,8,91,3,2.0,28.0,0.42857142857142855,0.10209301518892741,1.799079682854499,0.7319250547113999
recent_verified,80,2022,illinois_ex_cook,original,4,105,2,2.0,15.0,0.8,0.18294349384524863,3.4983479682604846,0.752772652709081
recent_verified,80,2022,illinois_ex_cook,skip_51,4,105,2,2.0,16.0,0.75,0.17244411389004288,3.2619263557970557,0.75
recent_verified,85,2022,illinois_ex_cook,original,3,27,3,3.0,13.0,1.3846153846153848,0.39456068401332156,4.858973133899172,0.6405126152203485
recent_verified,85,2022,illinois_ex_cook,skip_51,3,27,3,3.0,12.0,1.5,0.42328504922436166,5.315566907271961,0.6454972243679028
recent_verified,90,2022,illinois_ex_cook,original,2,56,0,2.0,9.0,1.3333333333333333,0.28807903509234156,6.171145974603547,0.7817359599705717
recent_verified,90,2022,illinois_ex_cook,skip_51,2,56,0,2.0,10.0,1.2,0.2629246170912146,5.476854985778798,0.7745966692414834
recent_verified,100,2022,illinois_ex_cook,original,4,219,12,9.0,23.0,2.3478260869565215,1.0863895655147866,5.0739509192373085,0.3931785497463923
recent_verified,100,2022,illinois_ex_cook,skip_51,4,219,12,9.0,13.0,4.153846153846154,1.7755703085881438,9.7176877684683,0.43362909039199393
recent_verified,30,2023,chicago,original,11,147,5,6.0,54.0,0.6666666666666666,0.2868158764372927,1.5495810412071607,0.4303314829119352
recent_verified,30,2023,chicago,skip_51,11,147,5,6.0,53.0,0.6792452830188679,0.29199517118339896,1.5800746040885654,0.43073726469272255
recent_verified,35,2023,chicago,original,3,33,5,4.0,29.0,0.8275862068965518,0.290937813808454,2.354107638604661,0.5333692516640697
recent_verified,35,2023,chicago,skip_51,3,33,5,4.0,28.0,0.8571428571428571,0.30064811594437474,2.4437002548419486,0.5345224838248488
recent_verified,40,2023,chicago,original,3,96,2,4.0,19.0,1.2631578947368423,0.42972080447687777,3.7130337894121324,0.5501196042201808
recent_verified,40,2023,chicago,skip_51,3,96,2,4.0,21.0,1.1428571428571428,0.39229692290297624,3.3294231300983848,0.5455447255899809
recent_verified,45,2023,chicago,original,4,22,5,4.0,23.0,1.0434782608695652,0.3608677938317365,3.017301348357715,0.5417363388859614
recent_verified,45,2023,chicago,skip_51,4,22,5,4.0,25.0,0.96,0.33410021145222696,2.7584538064016746,0.5385164807134504
recent_verified,50,2023,chicago,original,5,91,12,7.0,31.0,1.3548387096774193,0.5965965091661812,3.076766124236697,0.4184676897602393
recent_verified,50,2023,chicago,skip_51,5,91,12,7.0,20.0,2.1,0.8879795907788592,4.966330359160539,0.43915503282683993
recent_verified,55,2023,chicago,original,1,12,4,1.0,26.0,0.23076923076923078,0.03131450854562851,1.7006314434801109,1.0190493307301363
recent_verified,55,2023,chicago,skip_51,1,12,4,1.0,22.0,0.27272727272727276,0.03676042470668186,2.0233761139254822,1.02247471629109
recent_verified,60,2023,chicago,original,2,52,0,0.0,10.0,,,,
recent_verified,60,2023,chicago,skip_51,2,52,0,0.0,11.0,,,,
recent_verified,65,2023,chicago,original,1,17,0,1.0,2.0,3.0,0.272017831116511,33.08606631800218,1.224744871391589
recent_verified,65,2023,chicago,skip_51,1,17,0,1.0,2.0,3.0,0.272017831116511,33.08606631800218,1.224744871391589
recent_verified,70,2023,chicago,original,1,19,1,0.0,7.0,,,,
recent_verified,70,2023,chicago,skip_51,1,19,1,0.0,6.0,,,,
recent_verified,75,2023,chicago,original,1,28,1,0.0,10.0,,,,
recent_verified,75,2023,chicago,skip_51,1,28,1,0.0,9.0,,,,
recent_verified,80,2023,chicago,original,2,29,2,0.0,10.0,,,,
recent_verified,80,2023,chicago,skip_51,2,29,2,0.0,8.0,,,,
recent_verified,85,2023,chicago,original,0,10,0,0.0,7.0,,,,
recent_verified,85,2023,chicago,skip_51,0,10,0,0.0,8.0,,,,
recent_verified,90,2023,chicago,original,1,15,0,1.0,1.0,6.0,0.3752739024771007,95.92993214388717,1.4142135623730951
recent_verified,90,2023,chicago,skip_51,1,15,0,1.0,2.0,3.0,0.272017831116511,33.08606631800218,1.224744871391589
recent_verified,100,2023,chicago,original,1,62,1,3.0,6.0,3.0,0.7502738524803134,11.995619959628213,0.7071067811865476
recent_verified,100,2023,chicago,skip_51,1,62,1,3.0,7.0,2.571428571428571,0.6649344015549882,9.944206349522688,0.6900655593423543
recent_verified,30,2023,cook_ex_chicago,original,15,158,6,5.0,60.0,0.5,0.2007936470050402,1.2450593120295517,0.4654746681256314
recent_verified,30,2023,cook_ex_chicago,skip_51,15,158,6,5.0,59.0,0.5084745762711864,0.20407556082529602,1.2669150272996073,0.4657780077916656
recent_verified,35,2023,cook_ex_chicago,original,7,52,7,5.0,44.0,0.6818181818181819,0.27036173333604996,1.7194594342980742,0.47193990372426947
recent_verified,35,2023,cook_ex_chicago,skip_51,7,52,7,5.0,42.0,0.7142857142857143,0.2826010601249317,1.8053862975853776,0.47308511264837305
recent_verified,40,2023,cook_ex_chicago,original,5,103,5,5.0,32.0,0.9375,0.36528685127097504,2.4060714119381608,0.48088460154178364
recent_verified,40,2023,cook_ex_chicago,skip_51,5,103,5,5.0,30.0,1.0,0.3879922369508297,2.577371155306724,0.48304589153964794
recent_verified,45,2023,cook_ex_chicago,original,2,31,2,3.0,21.0,0.8571428571428571,0.2556645760257141,2.873663176071474,0.6172133998483676
recent_verified,45,2023,cook_ex_chicago,skip_51,2,31,2,3.0,27.0,0.6666666666666666,0.2022434473705817,2.197571541737343,0.6085806194501846
recent_verified,50,2023,cook_ex_chicago,original,3,142,7,8.0,26.0,1.8461538461538463,0.8358292640378188,4.077727557902812,0.40430377003131995
recent_verified,50,2023,cook_ex_chicago,skip_51,3,142,7,8.0,21.0,2.2857142857142856,1.0124251412956264,5.1603714514956165,0.4154744849194083
recent_verified,55,2023,cook_ex_chicago,original,6,21,3,2.0,26.0,0.46153846153846156,0.10954315648555553,1.9446011810640014,0.7337993857053428
recent_verified,55,2023,cook_ex_chicago,skip_51,6,21,3,2.0,24.0,0.5,0.11816561494286273,2.115674683543803,0.7359800721939872
recent_verified,60,2023,cook_ex_chicago,original,2,56,1,1.0,9.0,0.6666666666666666,0.08445921593821881,5.262237394786517,1.0540925533894598
recent_verified,60,2023,cook_ex_chicago,skip_51,2,56,1,1.0,11.0,0.5454545454545455,0.07041922028914151,4.224992266818693,1.044465935734187
recent_verified,65,2023,cook_ex_chicago,original,1,16,2,3.0,8.0,2.25,0.5969057465431279,8.481238502592003,0.67700320038633
recent_verified,65,2023,cook_ex_chicago,skip_51,1,16,2,3.0,6.0,3.0,0.7502738524803134,11.995619959628213,0.7071067811865476
recent_verified,70,2023,cook_ex_chicago,original,2,36,0,0.0,10.0,,,,
recent_verified,70,2023,cook_ex_chicago,skip_51,2,36,0,0.0,11.0,,,,
recent_verified,75,2023,cook_ex_chicago,original,1,27,2,1.0,8.0,0.75,0.0938013520269724,5.996715269501172,1.0606601717798212
recent_verified,75,2023,cook_ex_chicago,skip_51,1,27,2,1.0,7.0,0.8571428571428571,0.10545417122438593,6.966949424767038,1.0690449676496976
recent_verified,80,2023,cook_ex_chicago,original,0,36,0,1.0,5.0,1.2,0.14019080819423038,10.271714804617725,1.0954451150103321
recent_verified,80,2023,cook_ex_chicago,skip_51,0,36,0,1.0,6.0,1.0,0.12038721234828748,8.306530074863264,1.0801234497346435
recent_verified,85,2023,cook_ex_chicago,original,0,10,0,1.0,3.0,2.0,0.20803147790205642,19.227859362145402,1.1547005383792515
recent_verified,85,2023,cook_ex_chicago,skip_51,0,10,0,1.0,3.0,2.0,0.20803147790205642,19.227859362145402,1.1547005383792515
recent_verified,90,2023,cook_ex_chicago,original,1,25,1,0.0,5.0,,,,
recent_verified,90,2023,cook_ex_chicago,skip_51,1,25,1,0.0,5.0,,,,
recent_verified,100,2023,cook_ex_chicago,original,1,77,2,2.0,4.0,3.0,0.5494719775273402,16.379361219657806,0.8660254037844386
recent_verified,100,2023,cook_ex_chicago,skip_51,1,77,2,2.0,2.0,6.0,0.84515052552627,42.595962390939796,1.0
recent_verified,30,2023,illinois_ex_cook,original,67,554,26,25.0,259.0,0.5791505791505792,0.3841677637286605,0.873096144442137,0.20943018851398634
recent_verified,30,2023,illinois_ex_cook,skip_51,67,554,26,25.0,251.0,0.597609561752988,0.39618410936846243,0.9014424855855352,0.2097237796365017
recent_verified,35,2023,illinois_ex_cook,original,24,214,23,18.0,179.0,0.6033519553072626,0.3716128957783429,0.9796042766778289,0.2472693829294814
recent_verified,35,2023,illinois_ex_cook,skip_51,24,214,23,18.0,169.0,0.6390532544378698,0.3930871849247815,1.0389274381605171,0.24793691802325277
recent_verified,40,2023,illinois_ex_cook,original,22,295,12,13.0,125.0,0.624,0.35247359382021476,1.1046955199673991,0.29141564289357724
recent_verified,40,2023,illinois_ex_cook,skip_51,22,295,12,13.0,129.0,0.6046511627906976,0.3418294257915815,1.0695481461770247,0.2909897161543223
recent_verified,45,2023,illinois_ex_cook,original,16,102,3,16.0,81.0,1.1851851851851851,0.6932833044263405,2.026103779240343,0.2735793833832251
recent_verified,45,2023,illinois_ex_cook,skip_51,16,102,3,16.0,102.0,0.9411764705882353,0.5556277979389358,1.5942563566380086,0.2688938853314211
recent_verified,50,2023,illinois_ex_cook,original,15,400,15,24.0,66.0,2.1818181818181817,1.36746941416046,3.4811239865536145,0.2383656473113981
recent_verified,50,2023,illinois_ex_cook,skip_51,15,400,15,24.0,65.0,2.215384615384615,1.3871787242315607,3.5380653612616695,0.23885410201895643
recent_verified,55,2023,illinois_ex_cook,original,10,74,12,14.0,70.0,1.2,0.676036854388011,2.1300613874129306,0.29277002188455997
recent_verified,55,2023,illinois_ex_cook,skip_51,10,74,12,14.0,66.0,1.2727272727272727,0.7149390163149563,2.265696337420486,0.29424494316824984
recent_verified,60,2023,illinois_ex_cook,original,13,185,7,8.0,52.0,0.9230769230769231,0.4384953189014933,1.943170130189178,0.37977726265637496
recent_verified,60,2023,illinois_ex_cook,skip_51,13,185,7,8.0,50.0,0.96,0.45513201516495105,2.0249069924601755,0.3807886552931954
recent_verified,65,2023,illinois_ex_cook,original,7,66,4,5.0,33.0,0.9090909090909091,0.3549024985612007,2.3286572631700424,0.47989897926858555
recent_verified,65,2023,illinois_ex_cook,skip_51,7,66,4,5.0,35.0,0.8571428571428572,0.3358099481529366,2.1878264226300463,0.4780914437337575
recent_verified,70,2023,illinois_ex_cook,original,3,113,1,6.0,28.0,1.2857142857142856,0.5323648191676441,3.105128597855823,0.4498677054212187
recent_verified,70,2023,illinois_ex_cook,skip_51,3,113,1,6.0,29.0,1.2413793103448276,0.5153903422291906,2.9900106111552196,0.4484968509224522
recent_verified,75,2023,illinois_ex_cook,original,6,99,0,2.0,24.0,0.5,0.11816561494286273,2.115674683543803,0.7359800721939872
recent_verified,75,2023,illinois_ex_cook,skip_51,6,99,0,2.0,25.0,0.48,0.1136912152394065,2.026541800215898,0.7348469228349535
recent_verified,80,2023,illinois_ex_cook,original,5,90,1,1.0,16.0,0.375,0.04972979594286757,2.8277815610093806,1.0307764064044151
recent_verified,80,2023,illinois_ex_cook,skip_51,5,90,1,1.0,18.0,0.3333333333333333,0.04449756266107019,2.4970156670697707,1.0274023338281628
recent_verified,85,2023,illinois_ex_cook,original,4,26,5,3.0,14.0,1.2857142857142856,0.36948126930976133,4.474005482274994,0.6362090102803518
recent_verified,85,2023,illinois_ex_cook,skip_51,4,26,5,3.0,12.0,1.5,0.42328504922436166,5.315566907271961,0.6454972243679028
recent_verified,90,2023,illinois_ex_cook,original,1,52,0,3.0,12.0,1.5,0.42328504922436166,5.315566907271961,0.6454972243679028
recent_verified,90,2023,illinois_ex_cook,skip_51,1,52,0,3.0,14.0,1.2857142857142856,0.36948126930976133,4.474005482274994,0.6362090102803518
recent_verified,100,2023,illinois_ex_cook,original,5,170,6,6.0,17.0,2.1176470588235294,0.8349226089905164,5.371071542985228,0.474858079933817
recent_verified,100,2023,illinois_ex_cook,skip_51,5,170,6,6.0,13.0,2.7692307692307696,1.052549453407103,7.285775531430902,0.49354811679282456
recent_verified,30,2024,chicago,original,9,96,3,1.0,41.0,0.14634146341463417,0.020129456470204553,1.063904728179632,1.0121216546949479
recent_verified,30,2024,chicago,skip_51,9,96,3,1.0,43.0,0.13953488372093023,0.019214302434627177,1.0133068239794938,1.0115610777177464
recent_verified,35,2024,chicago,original,3,25,5,5.0,18.0,1.6666666666666667,0.6187812667487528,4.489110978380111,0.5055250296034367
recent_verified,35,2024,chicago,skip_51,3,25,5,5.0,16.0,1.875,0.6868821697640825,5.118235928598178,0.51234753829798
recent_verified,40,2024,chicago,original,0,59,0,3.0,11.0,1.6363636363636365,0.4565085491282022,5.8655767904605955,0.6513389472789296
recent_verified,40,2024,chicago,skip_51,0,59,0,3.0,13.0,1.3846153846153848,0.39456068401332156,4.858973133899172,0.6405126152203485
recent_verified,45,2024,chicago,original,3,10,1,2.0,10.0,1.2,0.2629246170912146,5.476854985778798,0.7745966692414834
recent_verified,45,2024,chicago,skip_51,3,10,1,2.0,18.0,0.6666666666666666,0.1546852528417896,2.8732179459862106,0.7453559924999299
recent_verified,50,2024,chicago,original,1,79,5,9.0,10.0,5.3999999999999995,2.1942517538140627,13.289268175045956,0.45946829173634074
recent_verified,50,2024,chicago,skip_51,1,79,5,9.0,6.0,9.0,3.203403617481504,25.28560545975836,0.5270462766947299
recent_verified,55,2024,chicago,original,0,6,1,1.0,10.0,0.6,0.07680458299618335,4.6872202928032225,1.0488088481701516
recent_verified,55,2024,chicago,skip_51,0,6,1,1.0,9.0,0.6666666666666666,0.08445921593821881,5.262237394786517,1.0540925533894598
recent_verified,60,2024,chicago,original,1,35,1,0.0,6.0,,,,
recent_verified,60,2024,chicago,skip_51,1,35,1,0.0,5.0,,,,
recent_verified,65,2024,chicago,original,0,9,0,0.0,9.0,,,,
recent_verified,65,2024,chicago,skip_51,0,9,0,0.0,9.0,,,,
recent_verified,70,2024,chicago,original,5,14,0,0.0,11.0,,,,
recent_verified,70,2024,chicago,skip_51,5,14,0,0.0,14.0,,,,
recent_verified,75,2024,chicago,original,1,13,1,3.0,5.0,3.5999999999999996,0.8603226622092979,15.064115557201385,0.7302967433402214
recent_verified,75,2024,chicago,skip_51,1,13,1,3.0,5.0,3.5999999999999996,0.8603226622092979,15.064115557201385,0.7302967433402214
recent_verified,80,2024,chicago,original,0,14,0,1.0,1.0,6.0,0.3752739024771007,95.92993214388717,1.4142135623730951
recent_verified,80,2024,chicago,skip_51,0,14,0,1.0,1.0,6.0,0.3752739024771007,95.92993214388717,1.4142135623730951
recent_verified,85,2024,chicago,original,0,5,1,0.0,2.0,,,,
recent_verified,85,2024,chicago,skip_51,0,5,1,0.0,1.0,,,,
recent_verified,90,2024,chicago,original,0,12,0,0.0,3.0,,,,
recent_verified,90,2024,chicago,skip_51,0,12,0,0.0,3.0,,,,
recent_verified,100,2024,chicago,original,1,50,3,3.0,4.0,4.5,1.0071279535415496,20.106680515411366,0.7637626158259733
recent_verified,100,2024,chicago,skip_51,1,50,3,3.0,2.0,9.0,1.5038034860994973,53.863420818430484,0.9128709291752768
recent_verified,30,2024,cook_ex_chicago,original,9,86,1,2.0,29.0,0.4137931034482759,0.09873533386313949,1.7341788978877228,0.7310832774866962
recent_verified,30,2024,cook_ex_chicago,skip_51,9,86,1,2.0,30.0,0.4,0.09559140691214423,1.673790617466821,0.7302967433402214
recent_verified,35,2024,cook_ex_chicago,original,3,31,6,2.0,19.0,0.6315789473684211,0.14710913759347297,2.711537660300315,0.7433919416750281
recent_verified,35,2024,cook_ex_chicago,skip_51,3,31,6,2.0,14.0,0.8571428571428571,0.194802040297238,3.771489643691567,0.7559289460184544
recent_verified,40,2024,cook_ex_chicago,original,3,66,1,1.0,20.0,0.3,0.04026087382526411,2.235420929774358,1.02469507659596
recent_verified,40,2024,cook_ex_chicago,skip_51,3,66,1,1.0,21.0,0.2857142857142857,0.038431150930053906,2.1241272011290757,1.023532631438318
recent_verified,45,2024,cook_ex_chicago,original,1,21,2,2.0,14.0,0.8571428571428571,0.194802040297238,3.771489643691567,0.7559289460184544
recent_verified,45,2024,cook_ex_chicago,skip_51,1,21,2,2.0,19.0,0.6315789473684211,0.14710913759347297,2.711537660300315,0.7433919416750281
recent_verified,50,2024,cook_ex_chicago,original,0,93,6,7.0,11.0,3.8181818181818183,1.480124994260322,9.84951436752116,0.48349377841522817
recent_verified,50,2024,cook_ex_chicago,skip_51,0,93,6,7.0,7.0,6.0,2.1045368116106236,17.10590178389364,0.5345224838248488
recent_verified,55,2024,cook_ex_chicago,original,0,9,1,2.0,10.0,1.2,0.2629246170912146,5.476854985778798,0.7745966692414834
recent_verified,55,2024,cook_ex_chicago,skip_51,0,9,1,2.0,9.0,1.3333333333333333,0.28807903509234156,6.171145974603547,0.7817359599705717
recent_verified,60,2024,cook_ex_chicago,original,1,32,1,0.0,5.0,,,,
recent_verified,60,2024,cook_ex_chicago,skip_51,1,32,1,0.0,4.0,,,,
recent_verified,65,2024,cook_ex_chicago,original,1,6,0,0.0,2.0,,,,
recent_verified,65,2024,cook_ex_chicago,skip_51,1,6,0,0.0,3.0,,,,
recent_verified,70,2024,cook_ex_chicago,original,0,16,1,1.0,1.0,6.0,0.3752739024771007,95.92993214388717,1.4142135623730951
recent_verified,70,2024,cook_ex_chicago,skip_51,0,16,1,1.0,0.0,,,,
recent_verified,75,2024,cook_ex_chicago,original,0,25,0,0.0,3.0,,,,
recent_verified,75,2024,cook_ex_chicago,skip_51,0,25,0,0.0,3.0,,,,
recent_verified,80,2024,cook_ex_chicago,original,1,16,1,0.0,3.0,,,,
recent_verified,80,2024,cook_ex_chicago,skip_51,1,16,1,0.0,2.0,,,,
recent_verified,85,2024,cook_ex_chicago,original,0,9,1,0.0,4.0,,,,
recent_verified,85,2024,cook_ex_chicago,skip_51,0,9,1,0.0,5.0,,,,
recent_verified,90,2024,cook_ex_chicago,original,1,18,0,2.0,6.0,2.0,0.40365847475410166,9.909367076800994,0.816496580927726
recent_verified,90,2024,cook_ex_chicago,skip_51,1,18,0,2.0,6.0,2.0,0.40365847475410166,9.909367076800994,0.816496580927726
recent_verified,100,2024,cook_ex_chicago,original,1,39,2,3.0,4.0,4.5,1.0071279535415496,20.106680515411366,0.7637626158259733
recent_verified,100,2024,cook_ex_chicago,skip_51,1,39,2,3.0,3.0,6.0,1.210975424262305,29.72810123040298,0.816496580927726
recent_verified,30,2024,illinois_ex_cook,original,36,345,12,20.0,140.0,0.8571428571428572,0.5365045185427638,1.369408555116315,0.23904572186687875
recent_verified,30,2024,illinois_ex_cook,skip_51,36,345,12,20.0,140.0,0.8571428571428572,0.5365045185427638,1.369408555116315,0.23904572186687875
recent_verified,35,2024,illinois_ex_cook,original,12,134,11,12.0,79.0,0.9113924050632912,0.4965660217071404,1.6727606797408587,0.3098250493124057
recent_verified,35,2024,illinois_ex_cook,skip_51,12,134,11,12.0,75.0,0.96,0.5219357623407123,1.7657345338187278,0.3109126351029605
recent_verified,40,2024,illinois_ex_cook,original,8,215,6,7.0,54.0,0.7777777777777778,0.35392240488487053,1.7092398312610986,0.4017158963442465
recent_verified,40,2024,illinois_ex_cook,skip_51,8,215,6,7.0,57.0,0.7368421052631579,0.33609430428369286,1.6154284115161828,0.4005009394574071
recent_verified,45,2024,illinois_ex_cook,original,5,66,3,9.0,39.0,1.3846153846153846,0.6707318455317146,2.858310330850333,0.3698001308168194
recent_verified,45,2024,illinois_ex_cook,skip_51,5,66,3,9.0,52.0,1.0384615384615385,0.5117718528145317,2.1071935881841535,0.36102891898278777
recent_verified,50,2024,illinois_ex_cook,original,9,273,7,16.0,39.0,2.4615384615384617,1.3756012125737331,4.404744298165091,0.29688554299767717
recent_verified,50,2024,illinois_ex_cook,skip_51,9,273,7,16.0,36.0,2.6666666666666665,1.4798230868012638,4.805379220351434,0.3004626062886658
recent_verified,55,2024,illinois_ex_cook,original,5,31,5,4.0,38.0,0.6315789473684211,0.22541300172733617,1.769604963787804,0.5256574830378468
recent_verified,55,2024,illinois_ex_cook,skip_51,5,31,5,4.0,35.0,0.6857142857142857,0.24370918958909416,1.9293654146790304,0.5277986629117476
recent_verified,60,2024,illinois_ex_cook,original,4,128,1,2.0,27.0,0.4444444444444444,0.10568700780102012,1.8690174725111692,0.7328281087929399
recent_verified,60,2024,illinois_ex_cook,skip_51,4,128,1,2.0,28.0,0.42857142857142855,0.10209301518892741,1.799079682854499,0.7319250547113999
recent_verified,65,2024,illinois_ex_cook,original,7,32,3,2.0,23.0,0.5217391304347826,0.1230064191870192,2.2129879239307977,0.7372097807744856
recent_verified,65,2024,illinois_ex_cook,skip_51,7,32,3,2.0,22.0,0.5454545454545455,0.12826052429898435,2.3196588567148155,0.7385489458759964
recent_verified,70,2024,illinois_ex_cook,original,3,71,0,2.0,22.0,0.5454545454545455,0.12826052429898435,2.3196588567148155,0.7385489458759964
recent_verified,70,2024,illinois_ex_cook,skip_51,3,71,0,2.0,24.0,0.5,0.11816561494286273,2.115674683543803,0.7359800721939872
recent_verified,75,2024,illinois_ex_cook,original,3,53,4,2.0,18.0,0.6666666666666666,0.1546852528417896,2.8732179459862106,0.7453559924999299
recent_verified,75,2024,illinois_ex_cook,skip_51,3,53,4,2.0,19.0,0.6315789473684211,0.14710913759347297,2.711537660300315,0.7433919416750281
recent_verified,80,2024,illinois_ex_cook,original,3,71,2,5.0,13.0,2.307692307692308,0.8226929727757298,6.473184970833576,0.5262348115842176
recent_verified,80,2024,illinois_ex_cook,skip_51,3,71,2,5.0,14.0,2.142857142857143,0.7718256707358072,5.949318490944109,0.5209880722517277
recent_verified,85,2024,illinois_ex_cook,original,1,22,1,3.0,11.0,1.6363636363636365,0.4565085491282022,5.8655767904605955,0.6513389472789296
recent_verified,85,2024,illinois_ex_cook,skip_51,1,22,1,3.0,13.0,1.3846153846153848,0.39456068401332156,4.858973133899172,0.6405126152203485
recent_verified,90,2024,illinois_ex_cook,original,3,22,0,3.0,6.0,3.0,0.7502738524803134,11.995619959628213,0.7071067811865476
recent_verified,90,2024,illinois_ex_cook,skip_51,3,22,0,3.0,6.0,3.0,0.7502738524803134,11.995619959628213,0.7071067811865476
recent_verified,100,2024,illinois_ex_cook,original,0,118,5,5.0,7.0,4.285714285714286,1.36019591812749,13.503456887343747,0.5855400437691199
recent_verified,100,2024,illinois_ex_cook,skip_51,0,118,5,5.0,4.0,7.5,2.0139441233038395,27.93026844643677,0.6708203932499369
recent_verified,30,2025,chicago,original,8,127,3,5.0,48.0,0.625,0.24881027725778682,1.5699713223472764,0.4699290726623895
recent_verified,30,2025,chicago,skip_51,8,127,3,5.0,49.0,0.6122448979591837,0.2439488240816573,1.5365674193681678,0.469476477861571
recent_verified,35,2025,chicago,original,2,32,3,4.0,20.0,1.2,0.41015725012862625,3.510848581972921,0.5477225575051661
recent_verified,35,2025,chicago,skip_51,2,32,3,4.0,19.0,1.2631578947368423,0.42972080447687777,3.7130337894121324,0.5501196042201808
recent_verified,40,2025,chicago,original,3,65,0,2.0,13.0,0.9230769230769231,0.20830132342339913,4.090569334431046,0.7595545253127499
recent_verified,40,2025,chicago,skip_51,3,65,0,2.0,14.0,0.8571428571428571,0.194802040297238,3.771489643691567,0.7559289460184544
recent_verified,45,2025,chicago,original,0,22,2,1.0,11.0,0.5454545454545455,0.07041922028914151,4.224992266818693,1.044465935734187
recent_verified,45,2025,chicago,skip_51,0,22,2,1.0,20.0,0.3,0.04026087382526411,2.235420929774358,1.02469507659596
recent_verified,50,2025,chicago,original,0,96,14,11.0,19.0,3.473684210526316,1.6530717718517782,7.2994301880449575,0.3788676152120412
recent_verified,50,2025,chicago,skip_51,0,96,14,11.0,6.0,11.0,4.068024918707361,29.744163916883892,0.5075192189225523
recent_verified,55,2025,chicago,original,0,12,1,1.0,19.0,0.31578947368421056,0.0422734064389155,2.359000612686586,1.025978352085154
recent_verified,55,2025,chicago,skip_51,0,12,1,1.0,18.0,0.3333333333333333,0.04449756266107019,2.4970156670697707,1.0274023338281628
recent_verified,60,2025,chicago,original,3,45,2,0.0,6.0,,,,
recent_verified,60,2025,chicago,skip_51,3,45,2,0.0,5.0,,,,
recent_verified,65,2025,chicago,original,0,10,0,1.0,2.0,3.0,0.272017831116511,33.08606631800218,1.224744871391589
recent_verified,65,2025,chicago,skip_51,0,10,0,1.0,2.0,3.0,0.272017831116511,33.08606631800218,1.224744871391589
recent_verified,70,2025,chicago,original,0,20,0,0.0,2.0,,,,
recent_verified,70,2025,chicago,skip_51,0,20,0,0.0,5.0,,,,
recent_verified,75,2025,chicago,original,1,20,1,3.0,7.0,2.571428571428571,0.6649344015549882,9.944206349522688,0.6900655593423543
recent_verified,75,2025,chicago,skip_51,1,20,1,3.0,6.0,3.0,0.7502738524803134,11.995619959628213,0.7071067811865476
recent_verified,80,2025,chicago,original,2,22,2,0.0,10.0,,,,
recent_verified,80,2025,chicago,skip_51,2,22,2,0.0,9.0,,,,
recent_verified,85,2025,chicago,original,0,4,1,1.0,8.0,0.75,0.0938013520269724,5.996715269501172,1.0606601717798212
recent_verified,85,2025,chicago,skip_51,0,4,1,1.0,7.0,0.8571428571428571,0.10545417122438593,6.966949424767038,1.0690449676496976
recent_verified,90,2025,chicago,original,0,10,1,0.0,5.0,,,,
recent_verified,90,2025,chicago,skip_51,0,10,1,0.0,5.0,,,,
recent_verified,100,2025,chicago,original,1,58,4,3.0,6.0,3.0,0.7502738524803134,11.995619959628213,0.7071067811865476
recent_verified,100,2025,chicago,skip_51,1,58,4,3.0,3.0,6.0,1.210975424262305,29.72810123040298,0.816496580927726
recent_verified,30,2025,cook_ex_chicago,original,6,121,4,4.0,46.0,0.5217391304347826,0.18781305578154378,1.4493759184849657,0.5212860351426869
recent_verified,30,2025,cook_ex_chicago,skip_51,6,121,4,4.0,45.0,0.5333333333333333,0.19181247419544775,1.4829298544713476,0.521749194749951
recent_verified,35,2025,cook_ex_chicago,original,5,49,4,3.0,27.0,0.6666666666666666,0.2022434473705817,2.197571541737343,0.6085806194501846
recent_verified,35,2025,cook_ex_chicago,skip_51,5,49,4,3.0,24.0,0.75,0.22583919795807328,2.490710226948412,0.6123724356957945
recent_verified,40,2025,cook_ex_chicago,original,3,80,2,1.0,14.0,0.42857142857142855,0.056354645327225006,3.259242753126195,1.0350983390135313
recent_verified,40,2025,cook_ex_chicago,skip_51,3,80,2,1.0,13.0,0.46153846153846156,0.06037513003930816,3.5282367315913272,1.0377490433255416
recent_verified,45,2025,cook_ex_chicago,original,0,26,2,1.0,9.0,0.6666666666666666,0.08445921593821881,5.262237394786517,1.0540925533894598
recent_verified,45,2025,cook_ex_chicago,skip_51,0,26,2,1.0,14.0,0.42857142857142855,0.056354645327225006,3.259242753126195,1.0350983390135313
recent_verified,50,2025,cook_ex_chicago,original,2,119,8,7.0,19.0,2.210526315789474,0.9292607984448666,5.2584017328346375,0.4421410655034333
recent_verified,50,2025,cook_ex_chicago,skip_51,2,119,8,7.0,13.0,3.230769230769231,1.2889888685345152,8.097719132634786,0.4688072309384954
recent_verified,55,2025,cook_ex_chicago,original,3,14,0,2.0,15.0,0.8,0.18294349384524863,3.4983479682604846,0.752772652709081
recent_verified,55,2025,cook_ex_chicago,skip_51,3,14,0,2.0,15.0,0.8,0.18294349384524863,3.4983479682604846,0.752772652709081
recent_verified,60,2025,cook_ex_chicago,original,1,37,0,0.0,4.0,,,,
recent_verified,60,2025,cook_ex_chicago,skip_51,1,37,0,0.0,5.0,,,,
recent_verified,65,2025,cook_ex_chicago,original,0,10,0,1.0,6.0,1.0,0.12038721234828748,8.306530074863264,1.0801234497346435
recent_verified,65,2025,cook_ex_chicago,skip_51,0,10,0,1.0,6.0,1.0,0.12038721234828748,8.306530074863264,1.0801234497346435
recent_verified,70,2025,cook_ex_chicago,original,1,27,1,0.0,7.0,,,,
recent_verified,70,2025,cook_ex_chicago,skip_51,1,27,1,0.0,7.0,,,,
recent_verified,75,2025,cook_ex_chicago,original,1,23,0,1.0,4.0,1.5,0.16764921141452416,13.420880307254897,1.118033988749895
recent_verified,75,2025,cook_ex_chicago,skip_51,1,23,0,1.0,5.0,1.2,0.14019080819423038,10.271714804617725,1.0954451150103321
recent_verified,80,2025,cook_ex_chicago,original,0,30,1,1.0,1.0,6.0,0.3752739024771007,95.92993214388717,1.4142135623730951
recent_verified,80,2025,cook_ex_chicago,skip_51,0,30,1,1.0,2.0,3.0,0.272017831116511,33.08606631800218,1.224744871391589
recent_verified,85,2025,cook_ex_chicago,original,0,5,0,2.0,2.0,6.0,0.84515052552627,42.595962390939796,1.0
recent_verified,85,2025,cook_ex_chicago,skip_51,0,5,0,2.0,2.0,6.0,0.84515052552627,42.595962390939796,1.0
recent_verified,90,2025,cook_ex_chicago,original,0,28,1,0.0,5.0,,,,
recent_verified,90,2025,cook_ex_chicago,skip_51,0,28,1,0.0,4.0,,,,
recent_verified,100,2025,cook_ex_chicago,original,2,61,4,3.0,6.0,3.0,0.7502738524803134,11.995619959628213,0.7071067811865476
recent_verified,100,2025,cook_ex_chicago,skip_51,2,61,4,3.0,4.0,4.5,1.0071279535415496,20.106680515411366,0.7637626158259733
recent_verified,30,2025,illinois_ex_cook,original,43,424,14,13.0,183.0,0.4262295081967213,0.2428380082462003,0.7481184472301878,0.2870323288366554
recent_verified,30,2025,illinois_ex_cook,skip_51,43,424,14,13.0,182.0,0.4285714285714286,0.2441472561012954,0.7523060972331796,0.28708462588160727
recent_verified,35,2025,illinois_ex_cook,original,17,159,14,13.0,112.0,0.6964285714285714,0.3921625320665385,1.2367646458885784,0.29300451933655963
recent_verified,35,2025,illinois_ex_cook,skip_51,17,159,14,13.0,109.0,0.7155963302752293,0.40262517200720926,1.2718482189042217,0.29342356560045146
recent_verified,40,2025,illinois_ex_cook,original,14,233,9,11.0,77.0,0.8571428571428571,0.4557021404685498,1.6122238899198789,0.3223291856101521
recent_verified,40,2025,illinois_ex_cook,skip_51,14,233,9,11.0,75.0,0.88,0.4673622428767192,1.6569588403919726,0.32286595398465945
recent_verified,45,2025,illinois_ex_cook,original,11,88,5,7.0,53.0,0.7924528301886792,0.3602931117848727,1.742973894124873,0.4021505531333318
recent_verified,45,2025,illinois_ex_cook,skip_51,11,88,5,7.0,69.0,0.6086956521739131,0.27973374956804875,1.324510887755051,0.39667353892127877
recent_verified,50,2025,illinois_ex_cook,original,12,313,18,21.0,65.0,1.9384615384615385,1.1852150557666272,3.170423053446737,0.2510053047321172
recent_verified,50,2025,illinois_ex_cook,skip_51,12,313,18,21.0,56.0,2.25,1.3626062508793246,3.7153066021332566,0.2558831578595795
recent_verified,55,2025,illinois_ex_cook,original,8,52,4,9.0,63.0,0.8571428571428571,0.42630791355960435,1.7233878475687714,0.3563483225498992
recent_verified,55,2025,illinois_ex_cook,skip_51,8,52,4,9.0,59.0,0.9152542372881355,0.4538677745470867,1.845670404138772,0.35785508750538114
recent_verified,60,2025,illinois_ex_cook,original,10,165,4,0.0,38.0,,,,
recent_verified,60,2025,illinois_ex_cook,skip_51,10,165,4,0.0,36.0,,,,
recent_verified,65,2025,illinois_ex_cook,original,9,40,3,2.0,30.0,0.4,0.09559140691214423,1.673790617466821,0.7302967433402214
recent_verified,65,2025,illinois_ex_cook,skip_51,9,40,3,2.0,30.0,0.4,0.09559140691214423,1.673790617466821,0.7302967433402214
recent_verified,70,2025,illinois_ex_cook,original,3,78,0,3.0,29.0,0.6206896551724138,0.18907305496107052,2.0376020693026446,0.6064784348631227
recent_verified,70,2025,illinois_ex_cook,skip_51,3,78,0,3.0,32.0,0.5625,0.17224686334101685,1.8369347566786995,0.60380736442456
recent_verified,75,2025,illinois_ex_cook,original,7,72,1,3.0,21.0,0.8571428571428571,0.2556645760257141,2.873663176071474,0.6172133998483676
recent_verified,75,2025,illinois_ex_cook,skip_51,7,72,1,3.0,23.0,0.7826086956521738,0.2349768938861308,2.6065387127263726,0.6138498140448513
recent_verified,80,2025,illinois_ex_cook,original,3,83,1,3.0,12.0,1.5,0.42328504922436166,5.315566907271961,0.6454972243679028
recent_verified,80,2025,illinois_ex_cook,skip_51,3,83,1,3.0,15.0,1.2,0.3473955321809328,4.145131029635723,0.6324555320336759
recent_verified,85,2025,illinois_ex_cook,original,1,19,5,4.0,15.0,1.6,0.5310229803710581,4.820883642759062,0.5627314338711378
recent_verified,85,2025,illinois_ex_cook,skip_51,1,19,5,4.0,12.0,2.0,0.645029422432894,6.201267509492782,0.5773502691896257
recent_verified,90,2025,illinois_ex_cook,original,1,30,0,2.0,8.0,1.5,0.31852607302982766,7.0637859519566035,0.7905694150420949
recent_verified,90,2025,illinois_ex_cook,skip_51,1,30,0,2.0,8.0,1.5,0.31852607302982766,7.0637859519566035,0.7905694150420949
recent_verified,100,2025,illinois_ex_cook,original,2,137,9,7.0,13.0,3.230769230769231,1.2889888685345152,8.097719132634786,0.4688072309384954
recent_verified,100,2025,illinois_ex_cook,skip_51,2,137,9,7.0,6.0,7.0,2.352472291618587,20.829150751138584,0.5563486402641868
