year,geo,naics2,band,n_establishments,employment,n_observed
1997,chicago,11,1-9,17,52.0,0
1997,chicago,11,10-49,7,157.0,0
1997,chicago,11,50-99,1,69.0,0
1997,chicago,21,1-9,15,59.0,0
1997,chicago,21,10-49,11,218.0,0
1997,chicago,21,100-249,1,130.0,0
1997,chicago,21,1000+,1,4000.0,0
1997,chicago,21,50-99,1,80.0,0
1997,chicago,21,unknown,2,0.0,0
1997,chicago,22,1-9,14,61.0,0
1997,chicago,22,10-49,11,206.0,0
1997,chicago,22,1000+,3,4600.0,0
1997,chicago,22,250-499,1,275.0,0
1997,chicago,22,unknown,1,0.0,0
1997,chicago,23,1-9,3885,13811.0,0
1997,chicago,23,10-49,644,11707.0,0
1997,chicago,23,100-249,31,4391.0,0
1997,chicago,23,250-499,10,3367.0,0
1997,chicago,23,50-99,79,4822.0,0
1997,chicago,23,500-999,1,500.0,0
1997,chicago,23,unknown,5,0.0,0
1997,chicago,31,1-9,610,2314.0,0
1997,chicago,31,10-49,269,5383.0,0
1997,chicago,31,100-249,48,6866.0,0
1997,chicago,31,1000+,4,9400.0,0
1997,chicago,31,250-499,21,7045.0,0
1997,chicago,31,50-99,49,3179.0,0
1997,chicago,31,500-999,5,3450.0,0
1997,chicago,31,unknown,21,0.0,0
1997,chicago,32,1-9,1114,3983.0,0
1997,chicago,32,10-49,480,9648.0,0
1997,chicago,32,100-249,77,10583.0,0
1997,chicago,32,1000+,3,4200.0,0
1997,chicago,32,250-499,19,5984.0,0
1997,chicago,32,50-99,121,7844.0,0
1997,chicago,32,500-999,8,5115.0,0
1997,chicago,32,unknown,10,0.0,0
1997,chicago,33,1-9,1555,5749.0,0
1997,chicago,33,10-49,746,14749.0,0
1997,chicago,33,100-249,121,17129.0,0
1997,chicago,33,1000+,5,7300.0,0
1997,chicago,33,250-499,39,11876.0,0
1997,chicago,33,50-99,142,9174.0,0
1997,chicago,33,500-999,15,9312.0,0
1997,chicago,33,unknown,17,0.0,0
1997,chicago,42,1-9,4664,18095.0,0
1997,chicago,42,10-49,1093,21485.0,0
1997,chicago,42,100-249,123,17199.0,0
1997,chicago,42,1000+,9,18700.0,0
1997,chicago,42,250-499,46,14817.0,0
1997,chicago,42,50-99,180,11528.0,0
1997,chicago,42,500-999,14,9052.0,0
1997,chicago,42,unknown,10,0.0,0
1997,chicago,44,1-9,9141,29267.0,0
1997,chicago,44,10-49,1179,21312.0,0
1997,chicago,44,100-249,76,11433.0,0
1997,chicago,44,250-499,20,6361.0,0
1997,chicago,44,50-99,123,7735.0,0
1997,chicago,44,500-999,1,500.0,0
1997,chicago,44,unknown,6,0.0,0
1997,chicago,45,1-9,3447,9558.0,0
1997,chicago,45,10-49,363,7444.0,0
1997,chicago,45,100-249,32,4976.0,0
1997,chicago,45,1000+,2,2000.0,0
1997,chicago,45,250-499,11,3375.0,0
1997,chicago,45,50-99,45,2966.0,0
1997,chicago,45,500-999,4,2950.0,0
1997,chicago,48,1-9,1091,4581.0,0
1997,chicago,48,10-49,470,7558.0,0
1997,chicago,48,100-249,57,8099.0,0
1997,chicago,48,1000+,1,1200.0,0
1997,chicago,48,250-499,15,4638.0,0
1997,chicago,48,50-99,65,4053.0,0
1997,chicago,48,500-999,3,2115.0,0
1997,chicago,48,unknown,2,0.0,0
1997,chicago,49,1-9,72,256.0,0
1997,chicago,49,10-49,76,1674.0,0
1997,chicago,49,100-249,21,2541.0,0
1997,chicago,49,1000+,2,9000.0,0
1997,chicago,49,250-499,3,1150.0,0
1997,chicago,49,50-99,21,1418.0,0
1997,chicago,49,500-999,2,1100.0,0
1997,chicago,49,unknown,1,0.0,0
1997,chicago,51,1-9,1617,6514.0,0
1997,chicago,51,10-49,489,9728.0,0
1997,chicago,51,100-249,37,4576.0,0
1997,chicago,51,1000+,9,15900.0,0
1997,chicago,51,250-499,22,6433.0,0
1997,chicago,51,50-99,77,4980.0,0
1997,chicago,51,500-999,9,5832.0,0
1997,chicago,51,unknown,12,0.0,0
1997,chicago,52,1-9,3759,13274.0,0
1997,chicago,52,10-49,966,18990.0,0
1997,chicago,52,100-249,127,18480.0,0
1997,chicago,52,1000+,13,46730.0,0
1997,chicago,52,250-499,44,14570.0,0
1997,chicago,52,50-99,201,12994.0,0
1997,chicago,52,500-999,30,20190.0,0
1997,chicago,52,unknown,31,0.0,0
1997,chicago,53,1-9,3492,12856.0,0
1997,chicago,53,10-49,770,13824.0,0
1997,chicago,53,100-249,35,4842.0,0
1997,chicago,53,250-499,10,3270.0,0
1997,chicago,53,50-99,72,4459.0,0
1997,chicago,53,500-999,1,800.0,0
1997,chicago,53,unknown,8,0.0,0
1997,chicago,54,1-9,17904,47533.0,0
1997,chicago,54,10-49,1566,29765.0,0
1997,chicago,54,100-249,112,15650.0,0
1997,chicago,54,1000+,8,16900.0,0
1997,chicago,54,250-499,49,15112.0,0
1997,chicago,54,50-99,201,12800.0,0
1997,chicago,54,500-999,17,10920.0,0
1997,chicago,54,unknown,9,0.0,0
1997,chicago,55,1-9,23,74.0,0
1997,chicago,55,10-49,7,138.0,0
1997,chicago,55,100-249,2,229.0,0
1997,chicago,55,250-499,1,300.0,0
1997,chicago,55,50-99,4,232.0,0
1997,chicago,55,500-999,3,1942.0,0
1997,chicago,55,unknown,9,0.0,0
1997,chicago,56,1-9,3070,10841.0,0
1997,chicago,56,10-49,497,9333.0,0
1997,chicago,56,100-249,40,5620.0,0
1997,chicago,56,1000+,5,6575.0,0
1997,chicago,56,250-499,14,4480.0,0
1997,chicago,56,50-99,71,4406.0,0
1997,chicago,56,500-999,4,2300.0,0
1997,chicago,56,unknown,2,0.0,0
1997,chicago,61,1-9,856,2830.0,0
1997,chicago,61,10-49,803,21642.0,0
1997,chicago,61,100-249,139,18977.0,0
1997,chicago,61,1000+,11,38900.0,0
1997,chicago,61,250-499,16,5063.0,0
1997,chicago,61,50-99,352,23459.0,0
1997,chicago,61,500-999,14,9841.0,0
1997,chicago,61,unknown,2,0.0,0
1997,chicago,62,1-9,9756,36877.0,0
1997,chicago,62,10-49,1260,23417.0,0
1997,chicago,62,100-249,161,23370.0,0
1997,chicago,62,1000+,28,67409.0,0
1997,chicago,62,250-499,22,7293.0,0
1997,chicago,62,50-99,178,11616.0,0
1997,chicago,62,500-999,19,12117.0,0
1997,chicago,62,unknown,4,0.0,0
1997,chicago,71,1-9,948,2845.0,0
1997,chicago,71,10-49,171,3048.0,0
1997,chicago,71,100-249,8,871.0,0
1997,chicago,71,1000+,2,4800.0,0
1997,chicago,71,250-499,4,1250.0,0
1997,chicago,71,50-99,25,1515.0,0
1997,chicago,71,500-999,6,3498.0,0
1997,chicago,71,unknown,3,0.0,0
1997,chicago,72,1-9,4217,14239.0,0
1997,chicago,72,10-49,2497,40464.0,0
1997,chicago,72,100-249,110,15099.0,0
1997,chicago,72,1000+,3,3850.0,0
1997,chicago,72,250-499,23,6670.0,0
1997,chicago,72,50-99,230,14111.0,0
1997,chicago,72,500-999,10,7006.0,0
1997,chicago,72,unknown,5,0.0,0
1997,chicago,81,1-9,12659,38233.0,0
1997,chicago,81,10-49,1268,23015.0,0
1997,chicago,81,100-249,67,8928.0,0
1997,chicago,81,1000+,2,2200.0,0
1997,chicago,81,250-499,18,5851.0,0
1997,chicago,81,50-99,139,8581.0,0
1997,chicago,81,500-999,3,1812.0,0
1997,chicago,81,unknown,4,0.0,0
1997,chicago,92,1-9,413,1991.0,0
1997,chicago,92,10-49,427,9042.0,0
1997,chicago,92,100-249,81,11878.0,0
1997,chicago,92,1000+,9,28697.0,0
1997,chicago,92,250-499,47,15946.0,0
1997,chicago,92,50-99,103,6833.0,0
1997,chicago,92,500-999,14,8111.0,0
1997,chicago,92,unknown,594,0.0,0
1997,chicago,99,1-9,618,1826.0,0
1997,chicago,99,10-49,135,2547.0,0
1997,chicago,99,100-249,1,200.0,0
1997,chicago,99,1000+,1,1300.0,0
1997,chicago,99,250-499,1,300.0,0
1997,chicago,99,50-99,20,1244.0,0
1997,chicago,99,500-999,1,500.0,0
1997,chicago,99,unknown,3159,0.0,0
1997,chicago,,1-9,435,1688.0,0
1997,chicago,,10-49,102,1925.0,0
1997,chicago,,100-249,3,480.0,0
1997,chicago,,250-499,4,1088.0,0
1997,chicago,,50-99,11,605.0,0
1997,chicago,,500-999,1,500.0,0
1997,chicago,,unknown,2,0.0,0
1997,cook_ex_chicago,11,1-9,60,159.0,0
1997,cook_ex_chicago,11,10-49,14,243.0,0
1997,cook_ex_chicago,11,100-249,1,148.0,0
1997,cook_ex_chicago,11,50-99,3,190.0,0
1997,cook_ex_chicago,11,unknown,1,0.0,0
1997,cook_ex_chicago,21,1-9,28,103.0,0
1997,cook_ex_chicago,21,10-49,11,176.0,0
1997,cook_ex_chicago,21,100-249,2,200.0,0
1997,cook_ex_chicago,21,1000+,1,1000.0,0
1997,cook_ex_chicago,21,50-99,2,110.0,0
1997,cook_ex_chicago,22,1-9,23,116.0,0
1997,cook_ex_chicago,22,10-49,13,288.0,0
1997,cook_ex_chicago,22,100-249,2,312.0,0
1997,cook_ex_chicago,22,250-499,2,500.0,0
1997,cook_ex_chicago,22,50-99,1,55.0,0
1997,cook_ex_chicago,23,1-9,6705,21469.0,0
1997,cook_ex_chicago,23,10-49,1141,21865.0,0
1997,cook_ex_chicago,23,100-249,49,5980.0,0
1997,cook_ex_chicago,23,250-499,4,1300.0,0
1997,cook_ex_chicago,23,50-99,125,7611.0,0
1997,cook_ex_chicago,23,unknown,3,0.0,0
1997,cook_ex_chicago,31,1-9,398,1629.0,0
1997,cook_ex_chicago,31,10-49,185,3488.0,0
1997,cook_ex_chicago,31,100-249,37,5455.0,0
1997,cook_ex_chicago,31,1000+,3,3500.0,0
1997,cook_ex_chicago,31,250-499,15,4884.0,0
1997,cook_ex_chicago,31,50-99,40,2557.0,0
1997,cook_ex_chicago,31,500-999,8,5080.0,0
1997,cook_ex_chicago,31,unknown,11,0.0,0
1997,cook_ex_chicago,32,1-9,1414,5397.0,0
1997,cook_ex_chicago,32,10-49,635,13230.0,0
1997,cook_ex_chicago,32,100-249,139,19332.0,0
1997,cook_ex_chicago,32,1000+,1,1100.0,0
1997,cook_ex_chicago,32,250-499,24,7375.0,0
1997,cook_ex_chicago,32,50-99,159,10030.0,0
1997,cook_ex_chicago,32,500-999,5,3200.0,0
1997,cook_ex_chicago,32,unknown,7,0.0,0
1997,cook_ex_chicago,33,1-9,2120,8290.0,0
1997,cook_ex_chicago,33,10-49,1315,27593.0,0
1997,cook_ex_chicago,33,100-249,206,29440.0,0
1997,cook_ex_chicago,33,1000+,13,26500.0,0
1997,cook_ex_chicago,33,250-499,57,17623.0,0
1997,cook_ex_chicago,33,50-99,281,18190.0,0
1997,cook_ex_chicago,33,500-999,23,15629.0,0
1997,cook_ex_chicago,33,unknown,39,0.0,0
1997,cook_ex_chicago,42,1-9,6152,24338.0,0
1997,cook_ex_chicago,42,10-49,1724,33503.0,0
1997,cook_ex_chicago,42,100-249,207,29683.0,0
1997,cook_ex_chicago,42,1000+,12,30675.0,0
1997,cook_ex_chicago,42,250-499,47,15185.0,0
1997,cook_ex_chicago,42,50-99,288,18485.0,0
1997,cook_ex_chicago,42,500-999,21,13190.0,0
1997,cook_ex_chicago,42,unknown,11,0.0,0
1997,cook_ex_chicago,44,1-9,7504,28445.0,0
1997,cook_ex_chicago,44,10-49,1826,33782.0,0
1997,cook_ex_chicago,44,100-249,149,22272.0,0
1997,cook_ex_chicago,44,250-499,28,8324.0,0
1997,cook_ex_chicago,44,50-99,257,15955.0,0
1997,cook_ex_chicago,44,500-999,4,2100.0,0
1997,cook_ex_chicago,44,unknown,8,0.0,0
1997,cook_ex_chicago,45,1-9,3323,10357.0,0
1997,cook_ex_chicago,45,10-49,615,11511.0,0
1997,cook_ex_chicago,45,100-249,87,12855.0,0
1997,cook_ex_chicago,45,250-499,18,5779.0,0
1997,cook_ex_chicago,45,50-99,76,4702.0,0
1997,cook_ex_chicago,45,500-999,7,4099.0,0
1997,cook_ex_chicago,48,1-9,1466,5691.0,0
1997,cook_ex_chicago,48,10-49,408,7804.0,0
1997,cook_ex_chicago,48,100-249,51,7128.0,0
1997,cook_ex_chicago,48,1000+,5,12500.0,0
1997,cook_ex_chicago,48,250-499,14,4300.0,0
1997,cook_ex_chicago,48,50-99,76,4604.0,0
1997,cook_ex_chicago,48,500-999,2,1300.0,0
1997,cook_ex_chicago,48,unknown,6,0.0,0
1997,cook_ex_chicago,49,1-9,146,543.0,0
1997,cook_ex_chicago,49,10-49,55,1284.0,0
1997,cook_ex_chicago,49,100-249,19,2844.0,0
1997,cook_ex_chicago,49,250-499,4,1190.0,0
1997,cook_ex_chicago,49,50-99,22,1570.0,0
1997,cook_ex_chicago,49,unknown,2,0.0,0
1997,cook_ex_chicago,51,1-9,1181,4270.0,0
1997,cook_ex_chicago,51,10-49,321,6405.0,0
1997,cook_ex_chicago,51,100-249,29,3974.0,0
1997,cook_ex_chicago,51,1000+,2,4900.0,0
1997,cook_ex_chicago,51,250-499,15,4650.0,0
1997,cook_ex_chicago,51,50-99,71,4676.0,0
1997,cook_ex_chicago,51,500-999,10,6025.0,0
1997,cook_ex_chicago,51,unknown,13,0.0,0
1997,cook_ex_chicago,52,1-9,4383,14220.0,0
1997,cook_ex_chicago,52,10-49,974,18777.0,0
1997,cook_ex_chicago,52,100-249,58,8327.0,0
1997,cook_ex_chicago,52,1000+,5,12300.0,0
1997,cook_ex_chicago,52,250-499,17,5118.0,0
1997,cook_ex_chicago,52,50-99,144,9356.0,0
1997,cook_ex_chicago,52,500-999,3,1999.0,0
1997,cook_ex_chicago,52,unknown,18,0.0,0
1997,cook_ex_chicago,53,1-9,2734,9778.0,0
1997,cook_ex_chicago,53,10-49,695,13384.0,0
1997,cook_ex_chicago,53,100-249,20,2842.0,0
1997,cook_ex_chicago,53,250-499,1,300.0,0
1997,cook_ex_chicago,53,50-99,67,4049.0,0
1997,cook_ex_chicago,53,unknown,3,0.0,0
1997,cook_ex_chicago,54,1-9,9493,27796.0,0
1997,cook_ex_chicago,54,10-49,989,17585.0,0
1997,cook_ex_chicago,54,100-249,44,6155.0,0
1997,cook_ex_chicago,54,1000+,3,4120.0,0
1997,cook_ex_chicago,54,250-499,10,3514.0,0
1997,cook_ex_chicago,54,50-99,104,6477.0,0
1997,cook_ex_chicago,54,500-999,3,1950.0,0
1997,cook_ex_chicago,54,unknown,4,0.0,0
1997,cook_ex_chicago,55,1-9,25,88.0,0
1997,cook_ex_chicago,55,10-49,11,282.0,0
1997,cook_ex_chicago,55,100-249,4,514.0,0
1997,cook_ex_chicago,55,50-99,7,480.0,0
1997,cook_ex_chicago,55,unknown,6,0.0,0
1997,cook_ex_chicago,56,1-9,3359,10959.0,0
1997,cook_ex_chicago,56,10-49,654,11769.0,0
1997,cook_ex_chicago,56,100-249,38,5563.0,0
1997,cook_ex_chicago,56,1000+,1,2125.0,0
1997,cook_ex_chicago,56,250-499,16,5255.0,0
1997,cook_ex_chicago,56,50-99,64,3768.0,0
1997,cook_ex_chicago,56,500-999,4,2300.0,0
1997,cook_ex_chicago,56,unknown,2,0.0,0
1997,cook_ex_chicago,61,1-9,874,2739.0,0
1997,cook_ex_chicago,61,10-49,846,23395.0,0
1997,cook_ex_chicago,61,100-249,71,10599.0,0
1997,cook_ex_chicago,61,1000+,7,13786.0,0
1997,cook_ex_chicago,61,250-499,28,8637.0,0
1997,cook_ex_chicago,61,50-99,327,20854.0,0
1997,cook_ex_chicago,61,500-999,5,2975.0,0
1997,cook_ex_chicago,62,1-9,11309,41684.0,0
1997,cook_ex_chicago,62,10-49,1227,21721.0,0
1997,cook_ex_chicago,62,100-249,136,19994.0,0
1997,cook_ex_chicago,62,1000+,20,44375.0,0
1997,cook_ex_chicago,62,250-499,38,11933.0,0
1997,cook_ex_chicago,62,50-99,156,10375.0,0
1997,cook_ex_chicago,62,500-999,8,5325.0,0
1997,cook_ex_chicago,62,unknown,4,0.0,0
1997,cook_ex_chicago,71,1-9,950,2975.0,0
1997,cook_ex_chicago,71,10-49,268,5501.0,0
1997,cook_ex_chicago,71,100-249,29,4210.0,0
1997,cook_ex_chicago,71,1000+,1,3000.0,0
1997,cook_ex_chicago,71,250-499,3,1025.0,0
1997,cook_ex_chicago,71,50-99,42,2548.0,0
1997,cook_ex_chicago,71,500-999,1,500.0,0
1997,cook_ex_chicago,71,unknown,2,0.0,0
1997,cook_ex_chicago,72,1-9,2552,9788.0,0
1997,cook_ex_chicago,72,10-49,2252,41773.0,0
1997,cook_ex_chicago,72,100-249,91,12409.0,0
1997,cook_ex_chicago,72,250-499,19,5850.0,0
1997,cook_ex_chicago,72,50-99,305,19214.0,0
1997,cook_ex_chicago,72,500-999,2,1350.0,0
1997,cook_ex_chicago,72,unknown,7,0.0,0
1997,cook_ex_chicago,81,1-9,9371,28171.0,0
1997,cook_ex_chicago,81,10-49,1203,21287.0,0
1997,cook_ex_chicago,81,100-249,61,8674.0,0
1997,cook_ex_chicago,81,1000+,4,8683.0,0
1997,cook_ex_chicago,81,250-499,12,3832.0,0
1997,cook_ex_chicago,81,50-99,110,6813.0,0
1997,cook_ex_chicago,81,500-999,4,2400.0,0
1997,cook_ex_chicago,81,unknown,3,0.0,0
1997,cook_ex_chicago,92,1-9,434,1690.0,0
1997,cook_ex_chicago,92,10-49,325,7978.0,0
1997,cook_ex_chicago,92,100-249,37,4980.0,0
1997,cook_ex_chicago,92,1000+,1,1000.0,0
1997,cook_ex_chicago,92,250-499,10,3295.0,0
1997,cook_ex_chicago,92,50-99,85,5242.0,0
1997,cook_ex_chicago,92,500-999,4,2500.0,0
1997,cook_ex_chicago,92,unknown,547,0.0,0
1997,cook_ex_chicago,99,1-9,525,1677.0,0
1997,cook_ex_chicago,99,10-49,150,2785.0,0
1997,cook_ex_chicago,99,100-249,1,100.0,0
1997,cook_ex_chicago,99,50-99,24,1486.0,0
1997,cook_ex_chicago,99,unknown,3588,0.0,0
1997,cook_ex_chicago,,1-9,592,2147.0,0
1997,cook_ex_chicago,,10-49,87,1466.0,0
1997,cook_ex_chicago,,100-249,8,1020.0,0
1997,cook_ex_chicago,,250-499,2,500.0,0
1997,cook_ex_chicago,,50-99,12,808.0,0
1997,cook_ex_chicago,,500-999,1,580.0,0
1997,cook_ex_chicago,,unknown,11,0.0,0
1997,il_ex_msa,11,1-9,1039,2924.0,0
1997,il_ex_msa,11,10-49,92,1658.0,0
1997,il_ex_msa,11,100-249,8,1300.0,0
1997,il_ex_msa,11,250-499,1,325.0,0
1997,il_ex_msa,11,50-99,7,413.0,0
1997,il_ex_msa,11,500-999,1,900.0,0
1997,il_ex_msa,11,unknown,2,0.0,0
1997,il_ex_msa,21,1-9,327,1191.0,0
1997,il_ex_msa,21,10-49,113,2161.0,0
1997,il_ex_msa,21,100-249,10,1438.0,0
1997,il_ex_msa,21,250-499,8,2367.0,0
1997,il_ex_msa,21,50-99,14,860.0,0
1997,il_ex_msa,21,500-999,3,2313.0,0
1997,il_ex_msa,22,1-9,197,845.0,0
1997,il_ex_msa,22,10-49,111,2369.0,0
1997,il_ex_msa,22,100-249,10,1285.0,0
1997,il_ex_msa,22,250-499,5,1572.0,0
1997,il_ex_msa,22,50-99,18,1201.0,0
1997,il_ex_msa,22,500-999,1,800.0,0
1997,il_ex_msa,22,unknown,2,0.0,0
1997,il_ex_msa,23,1-9,11407,34197.0,0
1997,il_ex_msa,23,10-49,1477,26485.0,0
1997,il_ex_msa,23,100-249,64,8239.0,0
1997,il_ex_msa,23,250-499,16,4852.0,0
1997,il_ex_msa,23,50-99,141,8623.0,0
1997,il_ex_msa,23,500-999,3,2050.0,0
1997,il_ex_msa,23,unknown,2,0.0,0
1997,il_ex_msa,31,1-9,454,1862.0,0
1997,il_ex_msa,31,10-49,218,4524.0,0
1997,il_ex_msa,31,100-249,54,7480.0,0
1997,il_ex_msa,31,1000+,4,7235.0,0
1997,il_ex_msa,31,250-499,15,5204.0,0
1997,il_ex_msa,31,50-99,58,3616.0,0
1997,il_ex_msa,31,500-999,5,3102.0,0
1997,il_ex_msa,31,unknown,8,0.0,0
1997,il_ex_msa,32,1-9,1392,4976.0,0
1997,il_ex_msa,32,10-49,570,11768.0,0
1997,il_ex_msa,32,100-249,92,13702.0,0
1997,il_ex_msa,32,1000+,10,14450.0,0
1997,il_ex_msa,32,250-499,35,11883.0,0
1997,il_ex_msa,32,50-99,106,6964.0,0
1997,il_ex_msa,32,500-999,17,11063.0,0
1997,il_ex_msa,32,unknown,4,0.0,0
1997,il_ex_msa,33,1-9,2126,7265.0,0
1997,il_ex_msa,33,10-49,918,18753.0,0
1997,il_ex_msa,33,100-249,171,24631.0,0
1997,il_ex_msa,33,1000+,22,39405.0,0
1997,il_ex_msa,33,250-499,59,20105.0,0
1997,il_ex_msa,33,50-99,204,13618.0,0
1997,il_ex_msa,33,500-999,28,18442.0,0
1997,il_ex_msa,33,unknown,19,0.0,0
1997,il_ex_msa,42,1-9,7069,25917.0,0
1997,il_ex_msa,42,10-49,1800,33978.0,0
1997,il_ex_msa,42,100-249,120,17145.0,0
1997,il_ex_msa,42,1000+,10,18500.0,0
1997,il_ex_msa,42,250-499,38,12054.0,0
1997,il_ex_msa,42,50-99,219,13860.0,0
1997,il_ex_msa,42,500-999,22,14030.0,0
1997,il_ex_msa,42,unknown,5,0.0,0
1997,il_ex_msa,44,1-9,15085,54164.0,0
1997,il_ex_msa,44,10-49,2885,50524.0,0
1997,il_ex_msa,44,100-249,161,22092.0,0
1997,il_ex_msa,44,1000+,4,7750.0,0
1997,il_ex_msa,44,250-499,22,7152.0,0
1997,il_ex_msa,44,50-99,318,20931.0,0
1997,il_ex_msa,44,500-999,7,4558.0,0
1997,il_ex_msa,44,unknown,3,0.0,0
1997,il_ex_msa,45,1-9,7317,20289.0,0
1997,il_ex_msa,45,10-49,701,12637.0,0
1997,il_ex_msa,45,100-249,152,22139.0,0
1997,il_ex_msa,45,250-499,22,6498.0,0
1997,il_ex_msa,45,50-99,80,5631.0,0
1997,il_ex_msa,45,unknown,1,0.0,0
1997,il_ex_msa,48,1-9,2387,8845.0,0
1997,il_ex_msa,48,10-49,728,14214.0,0
1997,il_ex_msa,48,100-249,49,6426.0,0
1997,il_ex_msa,48,1000+,1,2000.0,0
1997,il_ex_msa,48,250-499,15,5086.0,0
1997,il_ex_msa,48,50-99,93,5770.0,0
1997,il_ex_msa,48,500-999,4,2495.0,0
1997,il_ex_msa,48,unknown,4,0.0,0
1997,il_ex_msa,49,1-9,1523,5567.0,0
1997,il_ex_msa,49,10-49,274,4944.0,0
1997,il_ex_msa,49,100-249,14,2077.0,0
1997,il_ex_msa,49,250-499,3,1000.0,0
1997,il_ex_msa,49,50-99,25,1702.0,0
1997,il_ex_msa,49,500-999,3,2150.0,0
1997,il_ex_msa,51,1-9,1970,7391.0,0
1997,il_ex_msa,51,10-49,599,11398.0,0
1997,il_ex_msa,51,100-249,33,4841.0,0
1997,il_ex_msa,51,1000+,1,1500.0,0
1997,il_ex_msa,51,250-499,9,3108.0,0
1997,il_ex_msa,51,50-99,65,4277.0,0
1997,il_ex_msa,51,500-999,2,1140.0,0
1997,il_ex_msa,51,unknown,5,0.0,0
1997,il_ex_msa,52,1-9,8082,24576.0,0
1997,il_ex_msa,52,10-49,1275,23592.0,0
1997,il_ex_msa,52,100-249,47,6632.0,0
1997,il_ex_msa,52,1000+,8,24040.0,0
1997,il_ex_msa,52,250-499,22,7121.0,0
1997,il_ex_msa,52,50-99,118,7344.0,0
1997,il_ex_msa,52,500-999,9,5420.0,0
1997,il_ex_msa,52,unknown,50,0.0,0
1997,il_ex_msa,53,1-9,5037,15141.0,0
1997,il_ex_msa,53,10-49,586,10149.0,0
1997,il_ex_msa,53,100-249,11,1512.0,0
1997,il_ex_msa,53,50-99,44,2678.0,0
1997,il_ex_msa,53,500-999,1,615.0,0
1997,il_ex_msa,53,unknown,1,0.0,0
1997,il_ex_msa,54,1-9,12252,33513.0,0
1997,il_ex_msa,54,10-49,1009,18159.0,0
1997,il_ex_msa,54,100-249,32,4546.0,0
1997,il_ex_msa,54,1000+,1,1400.0,0
1997,il_ex_msa,54,250-499,9,2775.0,0
1997,il_ex_msa,54,50-99,63,4045.0,0
1997,il_ex_msa,54,500-999,1,600.0,0
1997,il_ex_msa,54,unknown,5,0.0,0
1997,il_ex_msa,55,1-9,36,129.0,0
1997,il_ex_msa,55,10-49,22,530.0,0
1997,il_ex_msa,55,100-249,2,300.0,0
1997,il_ex_msa,55,50-99,4,278.0,0
1997,il_ex_msa,55,500-999,2,1409.0,0
1997,il_ex_msa,55,unknown,49,0.0,0
1997,il_ex_msa,56,1-9,4167,12277.0,0
1997,il_ex_msa,56,10-49,583,10558.0,0
1997,il_ex_msa,56,100-249,35,4832.0,0
1997,il_ex_msa,56,250-499,14,4162.0,0
1997,il_ex_msa,56,50-99,64,4032.0,0
1997,il_ex_msa,56,500-999,2,1100.0,0
1997,il_ex_msa,56,unknown,2,0.0,0
1997,il_ex_msa,61,1-9,1562,5394.0,0
1997,il_ex_msa,61,10-49,2091,55747.0,0
1997,il_ex_msa,61,100-249,153,20888.0,0
1997,il_ex_msa,61,1000+,8,25217.0,0
1997,il_ex_msa,61,250-499,30,9750.0,0
1997,il_ex_msa,61,50-99,500,31027.0,0
1997,il_ex_msa,61,500-999,9,5692.0,0
1997,il_ex_msa,61,unknown,1,0.0,0
1997,il_ex_msa,62,1-9,13737,50244.0,0
1997,il_ex_msa,62,10-49,2036,38856.0,0
1997,il_ex_msa,62,100-249,305,42851.0,0
1997,il_ex_msa,62,1000+,26,51300.0,0
1997,il_ex_msa,62,250-499,50,16137.0,0
1997,il_ex_msa,62,50-99,479,32842.0,0
1997,il_ex_msa,62,500-999,24,16031.0,0
1997,il_ex_msa,62,unknown,10,0.0,0
1997,il_ex_msa,71,1-9,2043,6994.0,0
1997,il_ex_msa,71,10-49,441,8219.0,0
1997,il_ex_msa,71,100-249,21,2878.0,0
1997,il_ex_msa,71,1000+,3,4260.0,0
1997,il_ex_msa,71,250-499,7,2405.0,0
1997,il_ex_msa,71,50-99,54,3433.0,0
1997,il_ex_msa,71,500-999,4,2961.0,0
1997,il_ex_msa,71,unknown,4,0.0,0
1997,il_ex_msa,72,1-9,5692,20713.0,0
1997,il_ex_msa,72,10-49,4066,78581.0,0
1997,il_ex_msa,72,100-249,91,11461.0,0
1997,il_ex_msa,72,250-499,11,3336.0,0
1997,il_ex_msa,72,50-99,515,31800.0,0
1997,il_ex_msa,72,500-999,2,1135.0,0
1997,il_ex_msa,81,1-9,25286,64606.0,0
1997,il_ex_msa,81,10-49,1493,26830.0,0
1997,il_ex_msa,81,100-249,82,11483.0,0
1997,il_ex_msa,81,1000+,4,6231.0,0
1997,il_ex_msa,81,250-499,19,6070.0,0
1997,il_ex_msa,81,50-99,155,9977.0,0
1997,il_ex_msa,81,500-999,1,800.0,0
1997,il_ex_msa,81,unknown,7,0.0,0
1997,il_ex_msa,92,1-9,4507,16630.0,0
1997,il_ex_msa,92,10-49,1684,34712.0,0
1997,il_ex_msa,92,100-249,83,12151.0,0
1997,il_ex_msa,92,1000+,4,8700.0,0
1997,il_ex_msa,92,250-499,44,14644.0,0
1997,il_ex_msa,92,50-99,204,13343.0,0
1997,il_ex_msa,92,500-999,9,6038.0,0
1997,il_ex_msa,92,unknown,3346,0.0,0
1997,il_ex_msa,99,1-9,306,946.0,0
1997,il_ex_msa,99,10-49,68,1333.0,0
1997,il_ex_msa,99,100-249,1,100.0,0
1997,il_ex_msa,99,50-99,18,1155.0,0
1997,il_ex_msa,99,500-999,1,910.0,0
1997,il_ex_msa,99,unknown,1486,0.0,0
1997,il_ex_msa,,1-9,483,1583.0,0
1997,il_ex_msa,,10-49,70,1293.0,0
1997,il_ex_msa,,100-249,7,1054.0,0
1997,il_ex_msa,,50-99,9,555.0,0
1997,il_ex_msa,,unknown,8,0.0,0
1997,msa_ex_cook,11,1-9,179,512.0,0
1997,msa_ex_cook,11,10-49,34,596.0,0
1997,msa_ex_cook,11,100-249,5,742.0,0
1997,msa_ex_cook,11,250-499,1,355.0,0
1997,msa_ex_cook,11,50-99,5,290.0,0
1997,msa_ex_cook,21,1-9,30,108.0,0
1997,msa_ex_cook,21,10-49,12,217.0,0
1997,msa_ex_cook,21,100-249,1,100.0,0
1997,msa_ex_cook,21,250-499,1,260.0,0
1997,msa_ex_cook,21,50-99,2,120.0,0
1997,msa_ex_cook,21,500-999,1,600.0,0
1997,msa_ex_cook,22,1-9,45,202.0,0
1997,msa_ex_cook,22,10-49,27,404.0,0
1997,msa_ex_cook,22,100-249,3,424.0,0
1997,msa_ex_cook,22,250-499,1,300.0,0
1997,msa_ex_cook,22,50-99,4,305.0,0
1997,msa_ex_cook,22,500-999,3,1904.0,0
1997,msa_ex_cook,22,unknown,2,0.0,0
1997,msa_ex_cook,23,1-9,10283,31889.0,0
1997,msa_ex_cook,23,10-49,1440,26837.0,0
1997,msa_ex_cook,23,100-249,51,7369.0,0
1997,msa_ex_cook,23,1000+,1,1000.0,0
1997,msa_ex_cook,23,250-499,12,3830.0,0
1997,msa_ex_cook,23,50-99,134,8198.0,0
1997,msa_ex_cook,23,500-999,4,2450.0,0
1997,msa_ex_cook,23,unknown,5,0.0,0
1997,msa_ex_cook,31,1-9,340,1380.0,0
1997,msa_ex_cook,31,10-49,167,3228.0,0
1997,msa_ex_cook,31,100-249,33,4579.0,0
1997,msa_ex_cook,31,250-499,10,3355.0,0
1997,msa_ex_cook,31,50-99,30,2048.0,0
1997,msa_ex_cook,31,500-999,3,1725.0,0
1997,msa_ex_cook,31,unknown,11,0.0,0
1997,msa_ex_cook,32,1-9,1473,5457.0,0
1997,msa_ex_cook,32,10-49,696,15027.0,0
1997,msa_ex_cook,32,100-249,143,20435.0,0
1997,msa_ex_cook,32,1000+,7,10980.0,0
1997,msa_ex_cook,32,250-499,27,8997.0,0
1997,msa_ex_cook,32,50-99,157,10058.0,0
1997,msa_ex_cook,32,500-999,13,8180.0,0
1997,msa_ex_cook,32,unknown,9,0.0,0
1997,msa_ex_cook,33,1-9,2502,9198.0,0
1997,msa_ex_cook,33,10-49,1321,26562.0,0
1997,msa_ex_cook,33,100-249,174,24965.0,0
1997,msa_ex_cook,33,1000+,9,17800.0,0
1997,msa_ex_cook,33,250-499,56,17288.0,0
1997,msa_ex_cook,33,50-99,248,15949.0,0
1997,msa_ex_cook,33,500-999,22,13715.0,0
1997,msa_ex_cook,33,unknown,35,0.0,0
1997,msa_ex_cook,42,1-9,6757,25810.0,0
1997,msa_ex_cook,42,10-49,1778,34004.0,0
1997,msa_ex_cook,42,100-249,186,26808.0,0
1997,msa_ex_cook,42,1000+,5,12500.0,0
1997,msa_ex_cook,42,250-499,60,19194.0,0
1997,msa_ex_cook,42,50-99,247,15693.0,0
1997,msa_ex_cook,42,500-999,14,7500.0,0
1997,msa_ex_cook,42,unknown,18,0.0,0
1997,msa_ex_cook,44,1-9,8142,30371.0,0
1997,msa_ex_cook,44,10-49,2024,37121.0,0
1997,msa_ex_cook,44,100-249,157,22724.0,0
1997,msa_ex_cook,44,250-499,30,8904.0,0
1997,msa_ex_cook,44,50-99,260,17065.0,0
1997,msa_ex_cook,44,500-999,4,2905.0,0
1997,msa_ex_cook,44,unknown,8,0.0,0
1997,msa_ex_cook,45,1-9,3980,11987.0,0
1997,msa_ex_cook,45,10-49,567,9910.0,0
1997,msa_ex_cook,45,100-249,98,14841.0,0
1997,msa_ex_cook,45,1000+,2,2200.0,0
1997,msa_ex_cook,45,250-499,26,7861.0,0
1997,msa_ex_cook,45,50-99,87,5496.0,0
1997,msa_ex_cook,45,500-999,3,2350.0,0
1997,msa_ex_cook,45,unknown,4,0.0,0
1997,msa_ex_cook,48,1-9,1350,5301.0,0
1997,msa_ex_cook,48,10-49,443,8552.0,0
1997,msa_ex_cook,48,100-249,37,5137.0,0
1997,msa_ex_cook,48,1000+,1,1006.0,0
1997,msa_ex_cook,48,250-499,3,1050.0,0
1997,msa_ex_cook,48,50-99,75,4750.0,0
1997,msa_ex_cook,48,500-999,4,2731.0,0
1997,msa_ex_cook,48,unknown,5,0.0,0
1997,msa_ex_cook,49,1-9,152,584.0,0
1997,msa_ex_cook,49,10-49,76,1715.0,0
1997,msa_ex_cook,49,100-249,16,2205.0,0
1997,msa_ex_cook,49,250-499,3,868.0,0
1997,msa_ex_cook,49,50-99,23,1641.0,0
1997,msa_ex_cook,51,1-9,1267,4840.0,0
1997,msa_ex_cook,51,10-49,331,6614.0,0
1997,msa_ex_cook,51,100-249,54,7950.0,0
1997,msa_ex_cook,51,1000+,1,1150.0,0
1997,msa_ex_cook,51,250-499,14,4400.0,0
1997,msa_ex_cook,51,50-99,47,3229.0,0
1997,msa_ex_cook,51,500-999,1,700.0,0
1997,msa_ex_cook,51,unknown,11,0.0,0
1997,msa_ex_cook,52,1-9,4696,15093.0,0
1997,msa_ex_cook,52,10-49,982,19156.0,0
1997,msa_ex_cook,52,100-249,80,11369.0,0
1997,msa_ex_cook,52,1000+,11,26200.0,0
1997,msa_ex_cook,52,250-499,19,6152.0,0
1997,msa_ex_cook,52,50-99,145,9171.0,0
1997,msa_ex_cook,52,500-999,8,4695.0,0
1997,msa_ex_cook,52,unknown,27,0.0,0
1997,msa_ex_cook,53,1-9,3384,11372.0,0
1997,msa_ex_cook,53,10-49,649,12687.0,0
1997,msa_ex_cook,53,100-249,7,925.0,0
1997,msa_ex_cook,53,1000+,1,1000.0,0
1997,msa_ex_cook,53,250-499,4,1300.0,0
1997,msa_ex_cook,53,50-99,61,3657.0,0
1997,msa_ex_cook,53,500-999,2,1150.0,0
1997,msa_ex_cook,53,unknown,4,0.0,0
1997,msa_ex_cook,54,1-9,11719,33264.0,0
1997,msa_ex_cook,54,10-49,1120,20075.0,0
1997,msa_ex_cook,54,100-249,39,5668.0,0
1997,msa_ex_cook,54,1000+,2,4500.0,0
1997,msa_ex_cook,54,250-499,12,4075.0,0
1997,msa_ex_cook,54,50-99,98,6307.0,0
1997,msa_ex_cook,54,500-999,6,4050.0,0
1997,msa_ex_cook,54,unknown,6,0.0,0
1997,msa_ex_cook,55,1-9,29,117.0,0
1997,msa_ex_cook,55,10-49,8,183.0,0
1997,msa_ex_cook,55,250-499,2,750.0,0
1997,msa_ex_cook,55,50-99,3,239.0,0
1997,msa_ex_cook,55,500-999,1,500.0,0
1997,msa_ex_cook,55,unknown,10,0.0,0
1997,msa_ex_cook,56,1-9,4396,13576.0,0
1997,msa_ex_cook,56,10-49,606,10895.0,0
1997,msa_ex_cook,56,100-249,45,6241.0,0
1997,msa_ex_cook,56,1000+,1,1500.0,0
1997,msa_ex_cook,56,250-499,6,1870.0,0
1997,msa_ex_cook,56,50-99,82,4879.0,0
1997,msa_ex_cook,56,500-999,5,3175.0,0
1997,msa_ex_cook,61,1-9,903,2976.0,0
1997,msa_ex_cook,61,10-49,873,23714.0,0
1997,msa_ex_cook,61,100-249,85,12280.0,0
1997,msa_ex_cook,61,1000+,7,10786.0,0
1997,msa_ex_cook,61,250-499,31,9429.0,0
1997,msa_ex_cook,61,50-99,333,20799.0,0
1997,msa_ex_cook,61,500-999,8,4966.0,0
1997,msa_ex_cook,62,1-9,11224,41189.0,0
1997,msa_ex_cook,62,10-49,1223,22091.0,0
1997,msa_ex_cook,62,100-249,141,20684.0,0
1997,msa_ex_cook,62,1000+,13,18828.0,0
1997,msa_ex_cook,62,250-499,12,3675.0,0
1997,msa_ex_cook,62,50-99,166,10747.0,0
1997,msa_ex_cook,62,500-999,7,5000.0,0
1997,msa_ex_cook,62,unknown,3,0.0,0
1997,msa_ex_cook,71,1-9,1307,4041.0,0
1997,msa_ex_cook,71,10-49,322,6497.0,0
1997,msa_ex_cook,71,100-249,39,5622.0,0
1997,msa_ex_cook,71,1000+,3,6650.0,0
1997,msa_ex_cook,71,250-499,6,1869.0,0
1997,msa_ex_cook,71,50-99,57,3687.0,0
1997,msa_ex_cook,71,500-999,2,1000.0,0
1997,msa_ex_cook,71,unknown,3,0.0,0
1997,msa_ex_cook,72,1-9,2472,9850.0,0
1997,msa_ex_cook,72,10-49,2330,43715.0,0
1997,msa_ex_cook,72,100-249,87,11088.0,0
1997,msa_ex_cook,72,1000+,2,3900.0,0
1997,msa_ex_cook,72,250-499,13,4000.0,0
1997,msa_ex_cook,72,50-99,330,20628.0,0
1997,msa_ex_cook,72,500-999,2,1080.0,0
1997,msa_ex_cook,72,unknown,2,0.0,0
1997,msa_ex_cook,81,1-9,10079,30078.0,0
1997,msa_ex_cook,81,10-49,1118,19345.0,0
1997,msa_ex_cook,81,100-249,53,7600.0,0
1997,msa_ex_cook,81,250-499,11,3868.0,0
1997,msa_ex_cook,81,50-99,92,5667.0,0
1997,msa_ex_cook,81,500-999,4,2648.0,0
1997,msa_ex_cook,81,unknown,5,0.0,0
1997,msa_ex_cook,92,1-9,779,3131.0,0
1997,msa_ex_cook,92,10-49,488,11090.0,0
1997,msa_ex_cook,92,100-249,47,6787.0,0
1997,msa_ex_cook,92,1000+,1,2000.0,0
1997,msa_ex_cook,92,250-499,10,3354.0,0
1997,msa_ex_cook,92,50-99,129,8226.0,0
1997,msa_ex_cook,92,500-999,7,4497.0,0
1997,msa_ex_cook,92,unknown,602,0.0,0
1997,msa_ex_cook,99,1-9,516,1544.0,0
1997,msa_ex_cook,99,10-49,127,2333.0,0
1997,msa_ex_cook,99,50-99,31,1891.0,0
1997,msa_ex_cook,99,unknown,3318,0.0,0
1997,msa_ex_cook,,1-9,783,2712.0,0
1997,msa_ex_cook,,10-49,121,2327.0,0
1997,msa_ex_cook,,100-249,9,1290.0,0
1997,msa_ex_cook,,1000+,8,10060.0,0
1997,msa_ex_cook,,250-499,3,926.0,0
1997,msa_ex_cook,,50-99,19,1164.0,0
1997,msa_ex_cook,,500-999,1,500.0,0
1997,msa_ex_cook,,unknown,5,0.0,0
1998,chicago,11,1-9,16,40.0,16
1998,chicago,11,10-49,1,20.0,1
1998,chicago,11,unknown,3,0.0,0
1998,chicago,21,1-9,9,32.0,9
1998,chicago,21,10-49,2,45.0,2
1998,chicago,21,100-249,1,130.0,1
1998,chicago,21,unknown,6,0.0,0
1998,chicago,22,1-9,9,32.0,9
1998,chicago,22,10-49,4,72.0,4
1998,chicago,22,1000+,1,1200.0,1
1998,chicago,22,250-499,1,275.0,1
1998,chicago,22,unknown,9,0.0,0
1998,chicago,23,1-9,2051,6324.0,2049
1998,chicago,23,10-49,534,9464.0,532
1998,chicago,23,100-249,36,5148.0,36
1998,chicago,23,250-499,10,3215.0,10
1998,chicago,23,50-99,73,4552.0,73
1998,chicago,23,unknown,1524,0.0,0
1998,chicago,31,1-9,470,1750.0,470
1998,chicago,31,10-49,189,3765.0,189
1998,chicago,31,100-249,34,4724.0,34
1998,chicago,31,1000+,1,1000.0,1
1998,chicago,31,250-499,14,4645.0,14
1998,chicago,31,50-99,43,2684.0,43
1998,chicago,31,500-999,5,2800.0,5
1998,chicago,31,unknown,80,0.0,0
1998,chicago,32,1-9,881,3068.0,881
1998,chicago,32,10-49,385,7986.0,384
1998,chicago,32,100-249,71,9494.0,71
1998,chicago,32,1000+,8,15500.0,8
1998,chicago,32,250-499,19,5635.0,19
1998,chicago,32,50-99,83,5262.0,83
1998,chicago,32,500-999,10,6335.0,10
1998,chicago,32,unknown,158,0.0,0
1998,chicago,33,1-9,1108,3897.0,1107
1998,chicago,33,10-49,633,12829.0,633
1998,chicago,33,100-249,102,14523.0,102
1998,chicago,33,1000+,5,5100.0,5
1998,chicago,33,250-499,38,12075.0,38
1998,chicago,33,50-99,139,9084.0,139
1998,chicago,33,500-999,9,5253.0,9
1998,chicago,33,unknown,248,0.0,0
1998,chicago,42,1-9,2971,10068.0,2961
1998,chicago,42,10-49,1045,20894.0,1041
1998,chicago,42,100-249,133,19163.0,133
1998,chicago,42,1000+,11,20600.0,11
1998,chicago,42,250-499,53,17396.0,53
1998,chicago,42,50-99,179,11381.0,179
1998,chicago,42,500-999,16,10883.0,16
1998,chicago,42,unknown,1288,0.0,0
1998,chicago,44,1-9,7158,21489.0,7132
1998,chicago,44,10-49,1108,20128.0,1086
1998,chicago,44,100-249,81,12434.0,80
1998,chicago,44,1000+,1,5000.0,1
1998,chicago,44,250-499,26,8057.0,26
1998,chicago,44,50-99,116,7127.0,112
1998,chicago,44,500-999,4,2000.0,4
1998,chicago,44,unknown,1456,0.0,0
1998,chicago,45,1-9,2588,6797.0,2580
1998,chicago,45,10-49,349,6347.0,346
1998,chicago,45,100-249,38,5356.0,38
1998,chicago,45,1000+,1,1000.0,1
1998,chicago,45,250-499,3,900.0,3
1998,chicago,45,50-99,43,2682.0,43
1998,chicago,45,500-999,3,2350.0,3
1998,chicago,45,unknown,728,0.0,0
1998,chicago,48,1-9,760,2212.0,758
1998,chicago,48,10-49,264,5106.0,261
1998,chicago,48,100-249,45,6521.0,45
1998,chicago,48,1000+,2,3400.0,2
1998,chicago,48,250-499,11,3408.0,11
1998,chicago,48,50-99,57,3547.0,57
1998,chicago,48,500-999,3,2115.0,3
1998,chicago,48,unknown,419,0.0,0
1998,chicago,49,1-9,72,243.0,71
1998,chicago,49,10-49,45,860.0,45
1998,chicago,49,100-249,21,2581.0,21
1998,chicago,49,1000+,2,9000.0,2
1998,chicago,49,250-499,4,1410.0,4
1998,chicago,49,50-99,16,1098.0,15
1998,chicago,49,500-999,2,1100.0,2
1998,chicago,49,unknown,46,0.0,0
1998,chicago,51,1-9,982,3359.0,980
1998,chicago,51,10-49,417,8391.0,417
1998,chicago,51,100-249,50,6115.0,50
1998,chicago,51,1000+,4,5800.0,4
1998,chicago,51,250-499,23,6623.0,23
1998,chicago,51,50-99,68,4327.0,68
1998,chicago,51,500-999,7,4582.0,7
1998,chicago,51,unknown,600,0.0,0
1998,chicago,52,1-9,2853,9455.0,2617
1998,chicago,52,10-49,847,17159.0,838
1998,chicago,52,100-249,122,17171.0,122
1998,chicago,52,1000+,12,32900.0,12
1998,chicago,52,250-499,35,11475.0,35
1998,chicago,52,50-99,179,11733.0,179
1998,chicago,52,500-999,24,16070.0,24
1998,chicago,52,unknown,706,0.0,0
1998,chicago,53,1-9,2431,8614.0,2337
1998,chicago,53,10-49,733,13288.0,727
1998,chicago,53,100-249,33,4357.0,33
1998,chicago,53,250-499,10,3270.0,10
1998,chicago,53,50-99,76,4807.0,76
1998,chicago,53,500-999,1,500.0,1
1998,chicago,53,unknown,922,0.0,0
1998,chicago,54,1-9,15752,38611.0,5707
1998,chicago,54,10-49,1528,29332.0,1514
1998,chicago,54,100-249,109,14988.0,109
1998,chicago,54,1000+,11,20000.0,11
1998,chicago,54,250-499,42,13480.0,42
1998,chicago,54,50-99,191,12168.0,191
1998,chicago,54,500-999,15,10200.0,15
1998,chicago,54,unknown,2086,0.0,0
1998,chicago,55,1-9,26,70.0,26
1998,chicago,55,10-49,8,165.0,8
1998,chicago,55,100-249,2,229.0,2
1998,chicago,55,1000+,3,5000.0,3
1998,chicago,55,250-499,3,1000.0,3
1998,chicago,55,50-99,6,347.0,6
1998,chicago,55,500-999,1,650.0,1
1998,chicago,55,unknown,12,0.0,0
1998,chicago,56,1-9,1971,6505.0,1962
1998,chicago,56,10-49,506,9370.0,505
1998,chicago,56,100-249,38,5319.0,38
1998,chicago,56,1000+,1,1000.0,1
1998,chicago,56,250-499,17,5010.0,17
1998,chicago,56,50-99,70,4584.0,70
1998,chicago,56,500-999,5,3112.0,5
1998,chicago,56,unknown,884,0.0,0
1998,chicago,61,1-9,595,1960.0,592
1998,chicago,61,10-49,608,14611.0,595
1998,chicago,61,100-249,136,18508.0,136
1998,chicago,61,1000+,7,21400.0,7
1998,chicago,61,250-499,15,4326.0,15
1998,chicago,61,50-99,359,24004.0,359
1998,chicago,61,500-999,13,8741.0,13
1998,chicago,61,unknown,380,0.0,0
1998,chicago,62,1-9,7671,26678.0,2876
1998,chicago,62,10-49,1169,21883.0,1163
1998,chicago,62,100-249,132,19437.0,132
1998,chicago,62,1000+,25,72880.0,25
1998,chicago,62,250-499,25,8027.0,25
1998,chicago,62,50-99,157,10121.0,157
1998,chicago,62,500-999,15,8930.0,15
1998,chicago,62,unknown,1177,0.0,0
1998,chicago,71,1-9,572,1575.0,571
1998,chicago,71,10-49,150,2889.0,150
1998,chicago,71,100-249,10,1201.0,10
1998,chicago,71,1000+,2,2000.0,2
1998,chicago,71,250-499,3,1100.0,3
1998,chicago,71,50-99,23,1428.0,23
1998,chicago,71,500-999,6,3450.0,6
1998,chicago,71,unknown,364,0.0,0
1998,chicago,72,1-9,3858,13068.0,3851
1998,chicago,72,10-49,1475,29651.0,1462
1998,chicago,72,100-249,101,13625.0,101
1998,chicago,72,1000+,4,4950.0,4
1998,chicago,72,250-499,23,6775.0,22
1998,chicago,72,50-99,215,13167.0,213
1998,chicago,72,500-999,9,5686.0,9
1998,chicago,72,unknown,1072,0.0,0
1998,chicago,81,1-9,9434,26632.0,9401
1998,chicago,81,10-49,1338,24622.0,1336
1998,chicago,81,100-249,69,9363.0,69
1998,chicago,81,1000+,3,5400.0,3
1998,chicago,81,250-499,19,6556.0,19
1998,chicago,81,50-99,166,10590.0,166
1998,chicago,81,500-999,7,4983.0,7
1998,chicago,81,unknown,2871,0.0,0
1998,chicago,92,1-9,339,1637.0,338
1998,chicago,92,10-49,373,7896.0,373
1998,chicago,92,100-249,86,12736.0,86
1998,chicago,92,1000+,8,23420.0,8
1998,chicago,92,250-499,55,18506.0,55
1998,chicago,92,50-99,82,5504.0,82
1998,chicago,92,500-999,15,8899.0,15
1998,chicago,92,unknown,378,0.0,0
1998,chicago,99,1-9,391,1110.0,391
1998,chicago,99,10-49,81,1556.0,81
1998,chicago,99,50-99,16,1032.0,16
1998,chicago,99,500-999,3,2500.0,3
1998,chicago,99,unknown,1895,0.0,0
1998,chicago,,1-9,238,774.0,238
1998,chicago,,10-49,81,1532.0,81
1998,chicago,,100-249,7,920.0,7
1998,chicago,,1000+,1,2100.0,1
1998,chicago,,250-499,2,500.0,2
1998,chicago,,50-99,12,655.0,12
1998,chicago,,500-999,1,500.0,1
1998,chicago,,unknown,145,0.0,0
1998,cook_ex_chicago,11,1-9,36,102.0,36
1998,cook_ex_chicago,11,10-49,9,170.0,9
1998,cook_ex_chicago,11,50-99,1,60.0,1
1998,cook_ex_chicago,11,unknown,10,0.0,0
1998,cook_ex_chicago,21,1-9,21,84.0,20
1998,cook_ex_chicago,21,10-49,5,121.0,5
1998,cook_ex_chicago,21,50-99,1,60.0,1
1998,cook_ex_chicago,21,unknown,7,0.0,0
1998,cook_ex_chicago,22,1-9,16,61.0,16
1998,cook_ex_chicago,22,10-49,9,189.0,9
1998,cook_ex_chicago,22,100-249,3,387.0,3
1998,cook_ex_chicago,22,250-499,1,250.0,1
1998,cook_ex_chicago,22,50-99,3,178.0,3
1998,cook_ex_chicago,22,unknown,12,0.0,0
1998,cook_ex_chicago,23,1-9,3480,10819.0,3470
1998,cook_ex_chicago,23,10-49,1074,20980.0,1073
1998,cook_ex_chicago,23,100-249,40,5349.0,40
1998,cook_ex_chicago,23,250-499,4,1260.0,4
1998,cook_ex_chicago,23,50-99,114,6847.0,114
1998,cook_ex_chicago,23,500-999,1,500.0,1
1998,cook_ex_chicago,23,unknown,2809,0.0,0
1998,cook_ex_chicago,31,1-9,298,1138.0,298
1998,cook_ex_chicago,31,10-49,133,2665.0,133
1998,cook_ex_chicago,31,100-249,38,5429.0,37
1998,cook_ex_chicago,31,1000+,2,2400.0,2
1998,cook_ex_chicago,31,250-499,10,3325.0,10
1998,cook_ex_chicago,31,50-99,37,2224.0,37
1998,cook_ex_chicago,31,500-999,6,4075.0,6
1998,cook_ex_chicago,31,unknown,61,0.0,0
1998,cook_ex_chicago,32,1-9,997,3717.0,995
1998,cook_ex_chicago,32,10-49,488,10157.0,487
1998,cook_ex_chicago,32,100-249,113,15498.0,113
1998,cook_ex_chicago,32,1000+,3,4120.0,3
1998,cook_ex_chicago,32,250-499,23,7301.0,23
1998,cook_ex_chicago,32,50-99,150,9494.0,149
1998,cook_ex_chicago,32,500-999,5,3450.0,5
1998,cook_ex_chicago,32,unknown,218,0.0,0
1998,cook_ex_chicago,33,1-9,1681,6597.0,1681
1998,cook_ex_chicago,33,10-49,1121,24040.0,1120
1998,cook_ex_chicago,33,100-249,183,26056.0,183
1998,cook_ex_chicago,33,1000+,6,11000.0,6
1998,cook_ex_chicago,33,250-499,43,13752.0,43
1998,cook_ex_chicago,33,50-99,274,17738.0,274
1998,cook_ex_chicago,33,500-999,19,13164.0,19
1998,cook_ex_chicago,33,unknown,368,0.0,0
1998,cook_ex_chicago,42,1-9,4007,14721.0,3999
1998,cook_ex_chicago,42,10-49,1697,33723.0,1691
1998,cook_ex_chicago,42,100-249,241,34697.0,240
1998,cook_ex_chicago,42,1000+,16,37815.0,16
1998,cook_ex_chicago,42,250-499,56,17470.0,56
1998,cook_ex_chicago,42,50-99,329,21064.0,328
1998,cook_ex_chicago,42,500-999,26,16580.0,26
1998,cook_ex_chicago,42,unknown,1677,0.0,0
1998,cook_ex_chicago,44,1-9,5705,21434.0,5645
1998,cook_ex_chicago,44,10-49,1702,31342.0,1674
1998,cook_ex_chicago,44,100-249,152,23017.0,147
1998,cook_ex_chicago,44,1000+,4,10100.0,4
1998,cook_ex_chicago,44,250-499,35,10364.0,35
1998,cook_ex_chicago,44,50-99,208,13016.0,193
1998,cook_ex_chicago,44,500-999,5,2780.0,5
1998,cook_ex_chicago,44,unknown,1204,0.0,0
1998,cook_ex_chicago,45,1-9,2480,7897.0,2472
1998,cook_ex_chicago,45,10-49,572,11019.0,555
1998,cook_ex_chicago,45,100-249,80,11906.0,77
1998,cook_ex_chicago,45,250-499,13,4240.0,13
1998,cook_ex_chicago,45,50-99,78,4741.0,72
1998,cook_ex_chicago,45,500-999,3,1709.0,3
1998,cook_ex_chicago,45,unknown,692,0.0,0
1998,cook_ex_chicago,48,1-9,1052,3479.0,1052
1998,cook_ex_chicago,48,10-49,347,6778.0,343
1998,cook_ex_chicago,48,100-249,48,6681.0,48
1998,cook_ex_chicago,48,1000+,3,7200.0,3
1998,cook_ex_chicago,48,250-499,13,4340.0,13
1998,cook_ex_chicago,48,50-99,68,4235.0,68
1998,cook_ex_chicago,48,500-999,3,1850.0,3
1998,cook_ex_chicago,48,unknown,411,0.0,0
1998,cook_ex_chicago,49,1-9,113,409.0,112
1998,cook_ex_chicago,49,10-49,48,1100.0,48
1998,cook_ex_chicago,49,100-249,18,2844.0,18
1998,cook_ex_chicago,49,250-499,3,890.0,3
1998,cook_ex_chicago,49,50-99,19,1350.0,19
1998,cook_ex_chicago,49,unknown,47,0.0,0
1998,cook_ex_chicago,51,1-9,746,2335.0,741
1998,cook_ex_chicago,51,10-49,283,5801.0,282
1998,cook_ex_chicago,51,100-249,31,4412.0,31
1998,cook_ex_chicago,51,1000+,1,3500.0,1
1998,cook_ex_chicago,51,250-499,12,3955.0,12
1998,cook_ex_chicago,51,50-99,67,4422.0,67
1998,cook_ex_chicago,51,500-999,7,4250.0,7
1998,cook_ex_chicago,51,unknown,415,0.0,0
1998,cook_ex_chicago,52,1-9,3378,10503.0,2912
1998,cook_ex_chicago,52,10-49,899,17602.0,891
1998,cook_ex_chicago,52,100-249,67,9210.0,67
1998,cook_ex_chicago,52,1000+,4,10800.0,4
1998,cook_ex_chicago,52,250-499,20,5795.0,20
1998,cook_ex_chicago,52,50-99,132,8432.0,132
1998,cook_ex_chicago,52,500-999,3,1999.0,3
1998,cook_ex_chicago,52,unknown,865,0.0,0
1998,cook_ex_chicago,53,1-9,1922,6459.0,1851
1998,cook_ex_chicago,53,10-49,652,12339.0,640
1998,cook_ex_chicago,53,100-249,21,3038.0,20
1998,cook_ex_chicago,53,250-499,2,750.0,2
1998,cook_ex_chicago,53,50-99,68,4256.0,68
1998,cook_ex_chicago,53,500-999,1,950.0,1
1998,cook_ex_chicago,53,unknown,661,0.0,0
1998,cook_ex_chicago,54,1-9,6778,18996.0,4799
1998,cook_ex_chicago,54,10-49,988,17862.0,982
1998,cook_ex_chicago,54,100-249,49,6865.0,49
1998,cook_ex_chicago,54,1000+,4,5820.0,4
1998,cook_ex_chicago,54,250-499,15,4696.0,15
1998,cook_ex_chicago,54,50-99,106,6740.0,106
1998,cook_ex_chicago,54,500-999,5,2941.0,5
1998,cook_ex_chicago,54,unknown,2138,0.0,0
1998,cook_ex_chicago,55,1-9,18,55.0,18
1998,cook_ex_chicago,55,10-49,7,213.0,7
1998,cook_ex_chicago,55,100-249,5,650.0,5
1998,cook_ex_chicago,55,250-499,1,350.0,1
1998,cook_ex_chicago,55,50-99,8,470.0,8
1998,cook_ex_chicago,55,unknown,7,0.0,0
1998,cook_ex_chicago,56,1-9,2045,6989.0,2037
1998,cook_ex_chicago,56,10-49,626,11412.0,623
1998,cook_ex_chicago,56,100-249,38,5825.0,38
1998,cook_ex_chicago,56,1000+,1,3800.0,1
1998,cook_ex_chicago,56,250-499,18,5790.0,18
1998,cook_ex_chicago,56,50-99,75,4512.0,75
1998,cook_ex_chicago,56,500-999,3,1700.0,3
1998,cook_ex_chicago,56,unknown,1089,0.0,0
1998,cook_ex_chicago,61,1-9,584,1913.0,581
1998,cook_ex_chicago,61,10-49,700,18808.0,697
1998,cook_ex_chicago,61,100-249,71,10425.0,71
1998,cook_ex_chicago,61,1000+,5,8961.0,5
1998,cook_ex_chicago,61,250-499,25,7707.0,25
1998,cook_ex_chicago,61,50-99,341,21764.0,341
1998,cook_ex_chicago,61,500-999,5,3025.0,5
1998,cook_ex_chicago,61,unknown,367,0.0,0
1998,cook_ex_chicago,62,1-9,8882,31339.0,2665
1998,cook_ex_chicago,62,10-49,1199,21271.0,1197
1998,cook_ex_chicago,62,100-249,116,17039.0,116
1998,cook_ex_chicago,62,1000+,12,26183.0,12
1998,cook_ex_chicago,62,250-499,32,9971.0,32
1998,cook_ex_chicago,62,50-99,140,8985.0,140
1998,cook_ex_chicago,62,500-999,8,4275.0,8
1998,cook_ex_chicago,62,unknown,1188,0.0,0
1998,cook_ex_chicago,71,1-9,537,1513.0,533
1998,cook_ex_chicago,71,10-49,234,5029.0,233
1998,cook_ex_chicago,71,100-249,28,3970.0,28
1998,cook_ex_chicago,71,250-499,2,700.0,2
1998,cook_ex_chicago,71,50-99,48,2924.0,48
1998,cook_ex_chicago,71,500-999,3,2000.0,3
1998,cook_ex_chicago,71,unknown,425,0.0,0
1998,cook_ex_chicago,72,1-9,2401,9163.0,2395
1998,cook_ex_chicago,72,10-49,1684,35784.0,1646
1998,cook_ex_chicago,72,100-249,88,11846.0,88
1998,cook_ex_chicago,72,250-499,17,5351.0,17
1998,cook_ex_chicago,72,50-99,322,20244.0,311
1998,cook_ex_chicago,72,500-999,3,1980.0,3
1998,cook_ex_chicago,72,unknown,611,0.0,0
1998,cook_ex_chicago,81,1-9,7533,23350.0,7465
1998,cook_ex_chicago,81,10-49,1364,24512.0,1358
1998,cook_ex_chicago,81,100-249,75,10576.0,75
1998,cook_ex_chicago,81,1000+,5,13050.0,5
1998,cook_ex_chicago,81,250-499,23,7282.0,23
1998,cook_ex_chicago,81,50-99,154,9681.0,152
1998,cook_ex_chicago,81,500-999,5,3000.0,5
1998,cook_ex_chicago,81,unknown,1837,0.0,0
1998,cook_ex_chicago,92,1-9,468,1804.0,468
1998,cook_ex_chicago,92,10-49,366,9054.0,366
1998,cook_ex_chicago,92,100-249,51,7195.0,51
1998,cook_ex_chicago,92,1000+,2,2700.0,2
1998,cook_ex_chicago,92,250-499,13,4295.0,13
1998,cook_ex_chicago,92,50-99,92,5780.0,92
1998,cook_ex_chicago,92,500-999,4,2850.0,4
1998,cook_ex_chicago,92,unknown,358,0.0,0
1998,cook_ex_chicago,99,1-9,452,1312.0,451
1998,cook_ex_chicago,99,10-49,119,2278.0,119
1998,cook_ex_chicago,99,100-249,1,100.0,1
1998,cook_ex_chicago,99,50-99,16,999.0,16
1998,cook_ex_chicago,99,unknown,2340,0.0,0
1998,cook_ex_chicago,,1-9,297,973.0,297
1998,cook_ex_chicago,,10-49,77,1360.0,77
1998,cook_ex_chicago,,100-249,5,800.0,5
1998,cook_ex_chicago,,1000+,1,3000.0,1
1998,cook_ex_chicago,,250-499,2,530.0,2
1998,cook_ex_chicago,,50-99,4,270.0,4
1998,cook_ex_chicago,,unknown,211,0.0,0
1998,il_ex_msa,11,1-9,783,2167.0,783
1998,il_ex_msa,11,10-49,76,1281.0,73
1998,il_ex_msa,11,100-249,7,1033.0,7
1998,il_ex_msa,11,250-499,1,400.0,1
1998,il_ex_msa,11,50-99,8,457.0,8
1998,il_ex_msa,11,unknown,255,0.0,0
1998,il_ex_msa,21,1-9,229,804.0,228
1998,il_ex_msa,21,10-49,76,1514.0,76
1998,il_ex_msa,21,100-249,7,1126.0,7
1998,il_ex_msa,21,250-499,7,2090.0,7
1998,il_ex_msa,21,50-99,10,613.0,10
1998,il_ex_msa,21,500-999,1,900.0,1
1998,il_ex_msa,21,unknown,58,0.0,0
1998,il_ex_msa,22,1-9,158,595.0,157
1998,il_ex_msa,22,10-49,72,1630.0,72
1998,il_ex_msa,22,100-249,5,722.0,5
1998,il_ex_msa,22,250-499,2,609.0,2
1998,il_ex_msa,22,50-99,14,942.0,14
1998,il_ex_msa,22,500-999,2,1550.0,2
1998,il_ex_msa,22,unknown,55,0.0,0
1998,il_ex_msa,23,1-9,7799,22281.0,7787
1998,il_ex_msa,23,10-49,1400,25794.0,1400
1998,il_ex_msa,23,100-249,56,7456.0,56
1998,il_ex_msa,23,250-499,15,4512.0,15
1998,il_ex_msa,23,50-99,125,7715.0,125
1998,il_ex_msa,23,500-999,3,1800.0,3
1998,il_ex_msa,23,unknown,3039,0.0,0
1998,il_ex_msa,31,1-9,344,1286.0,344
1998,il_ex_msa,31,10-49,162,3429.0,160
1998,il_ex_msa,31,100-249,40,5968.0,40
1998,il_ex_msa,31,1000+,4,6611.0,4
1998,il_ex_msa,31,250-499,8,2705.0,8
1998,il_ex_msa,31,50-99,50,3248.0,50
1998,il_ex_msa,31,500-999,7,4340.0,7
1998,il_ex_msa,31,unknown,49,0.0,0
1998,il_ex_msa,32,1-9,1155,4099.0,1154
1998,il_ex_msa,32,10-49,474,9929.0,474
1998,il_ex_msa,32,100-249,71,10495.0,71
1998,il_ex_msa,32,1000+,7,10064.0,7
1998,il_ex_msa,32,250-499,27,9653.0,27
1998,il_ex_msa,32,50-99,88,5832.0,88
1998,il_ex_msa,32,500-999,12,7875.0,12
1998,il_ex_msa,32,unknown,121,0.0,0
1998,il_ex_msa,33,1-9,1892,6419.0,1888
1998,il_ex_msa,33,10-49,827,17247.0,826
1998,il_ex_msa,33,100-249,153,21568.0,153
1998,il_ex_msa,33,1000+,18,41025.0,18
1998,il_ex_msa,33,250-499,46,15788.0,46
1998,il_ex_msa,33,50-99,216,14630.0,216
1998,il_ex_msa,33,500-999,30,20317.0,30
1998,il_ex_msa,33,unknown,211,0.0,0
1998,il_ex_msa,42,1-9,5672,19769.0,5654
1998,il_ex_msa,42,10-49,1815,34678.0,1804
1998,il_ex_msa,42,100-249,170,24538.0,169
1998,il_ex_msa,42,1000+,18,34210.0,18
1998,il_ex_msa,42,250-499,72,22115.0,72
1998,il_ex_msa,42,50-99,251,16037.0,248
1998,il_ex_msa,42,500-999,31,19720.0,31
1998,il_ex_msa,42,unknown,1098,0.0,0
1998,il_ex_msa,44,1-9,12652,45409.0,12546
1998,il_ex_msa,44,10-49,2827,49382.0,2805
1998,il_ex_msa,44,100-249,175,24058.0,170
1998,il_ex_msa,44,1000+,2,4950.0,2
1998,il_ex_msa,44,250-499,26,7913.0,26
1998,il_ex_msa,44,50-99,290,19217.0,280
1998,il_ex_msa,44,500-999,4,2650.0,4
1998,il_ex_msa,44,unknown,1335,0.0,0
1998,il_ex_msa,45,1-9,6275,17735.0,6264
1998,il_ex_msa,45,10-49,728,13185.0,714
1998,il_ex_msa,45,100-249,117,16690.0,112
1998,il_ex_msa,45,250-499,17,5399.0,17
1998,il_ex_msa,45,50-99,84,5621.0,81
1998,il_ex_msa,45,500-999,1,600.0,1
1998,il_ex_msa,45,unknown,975,0.0,0
1998,il_ex_msa,48,1-9,1921,6106.0,1902
1998,il_ex_msa,48,10-49,706,13947.0,693
1998,il_ex_msa,48,100-249,44,5653.0,44
1998,il_ex_msa,48,1000+,1,2000.0,1
1998,il_ex_msa,48,250-499,15,5227.0,15
1998,il_ex_msa,48,50-99,99,6251.0,99
1998,il_ex_msa,48,500-999,7,4225.0,7
1998,il_ex_msa,48,unknown,473,0.0,0
1998,il_ex_msa,49,1-9,1366,4847.0,1366
1998,il_ex_msa,49,10-49,242,4331.0,242
1998,il_ex_msa,49,100-249,14,2090.0,14
1998,il_ex_msa,49,250-499,1,350.0,1
1998,il_ex_msa,49,50-99,27,1787.0,27
1998,il_ex_msa,49,500-999,3,2150.0,3
1998,il_ex_msa,49,unknown,144,0.0,0
1998,il_ex_msa,51,1-9,1435,4856.0,1426
1998,il_ex_msa,51,10-49,500,9833.0,499
1998,il_ex_msa,51,100-249,36,4791.0,36
1998,il_ex_msa,51,1000+,1,1500.0,1
1998,il_ex_msa,51,250-499,10,3293.0,10
1998,il_ex_msa,51,50-99,57,3729.0,57
1998,il_ex_msa,51,500-999,3,1640.0,3
1998,il_ex_msa,51,unknown,560,0.0,0
1998,il_ex_msa,52,1-9,7148,21540.0,5992
1998,il_ex_msa,52,10-49,1248,23750.0,1241
1998,il_ex_msa,52,100-249,47,6687.0,47
1998,il_ex_msa,52,1000+,9,26563.0,9
1998,il_ex_msa,52,250-499,19,6343.0,19
1998,il_ex_msa,52,50-99,97,6251.0,97
1998,il_ex_msa,52,500-999,9,5460.0,9
1998,il_ex_msa,52,unknown,671,0.0,0
1998,il_ex_msa,53,1-9,4203,12508.0,3796
1998,il_ex_msa,53,10-49,573,9996.0,567
1998,il_ex_msa,53,100-249,15,2114.0,15
1998,il_ex_msa,53,250-499,2,500.0,2
1998,il_ex_msa,53,50-99,45,2873.0,45
1998,il_ex_msa,53,500-999,2,1265.0,2
1998,il_ex_msa,53,unknown,729,0.0,0
1998,il_ex_msa,54,1-9,10590,28454.0,5777
1998,il_ex_msa,54,10-49,1054,18861.0,1047
1998,il_ex_msa,54,100-249,41,5752.0,41
1998,il_ex_msa,54,1000+,2,3300.0,2
1998,il_ex_msa,54,250-499,12,3860.0,12
1998,il_ex_msa,54,50-99,70,4480.0,69
1998,il_ex_msa,54,500-999,3,2050.0,3
1998,il_ex_msa,54,unknown,1432,0.0,0
1998,il_ex_msa,55,1-9,47,170.0,47
1998,il_ex_msa,55,10-49,34,791.0,34
1998,il_ex_msa,55,100-249,2,265.0,2
1998,il_ex_msa,55,50-99,6,356.0,6
1998,il_ex_msa,55,500-999,1,900.0,1
1998,il_ex_msa,55,unknown,34,0.0,0
1998,il_ex_msa,56,1-9,3010,8894.0,2998
1998,il_ex_msa,56,10-49,535,9580.0,520
1998,il_ex_msa,56,100-249,40,5718.0,40
1998,il_ex_msa,56,1000+,1,2500.0,1
1998,il_ex_msa,56,250-499,8,2315.0,8
1998,il_ex_msa,56,50-99,72,4390.0,72
1998,il_ex_msa,56,500-999,2,1250.0,2
1998,il_ex_msa,56,unknown,1002,0.0,0
1998,il_ex_msa,61,1-9,1287,4659.0,1279
1998,il_ex_msa,61,10-49,1931,50893.0,1929
1998,il_ex_msa,61,100-249,165,22791.0,165
1998,il_ex_msa,61,1000+,10,43820.0,10
1998,il_ex_msa,61,250-499,31,9877.0,31
1998,il_ex_msa,61,50-99,541,33906.0,541
1998,il_ex_msa,61,500-999,6,4094.0,6
1998,il_ex_msa,61,unknown,453,0.0,0
1998,il_ex_msa,62,1-9,11584,40755.0,4412
1998,il_ex_msa,62,10-49,2030,38628.0,2023
1998,il_ex_msa,62,100-249,265,36299.0,264
1998,il_ex_msa,62,1000+,32,67168.0,32
1998,il_ex_msa,62,250-499,53,16783.0,53
1998,il_ex_msa,62,50-99,443,30199.0,443
1998,il_ex_msa,62,500-999,28,18621.0,28
1998,il_ex_msa,62,unknown,1288,0.0,0
1998,il_ex_msa,71,1-9,1314,4273.0,1309
1998,il_ex_msa,71,10-49,430,8157.0,430
1998,il_ex_msa,71,100-249,18,2496.0,18
1998,il_ex_msa,71,1000+,3,3517.0,3
1998,il_ex_msa,71,250-499,9,3305.0,9
1998,il_ex_msa,71,50-99,54,3501.0,54
1998,il_ex_msa,71,500-999,3,2511.0,3
1998,il_ex_msa,71,unknown,637,0.0,0
1998,il_ex_msa,72,1-9,5272,19815.0,5246
1998,il_ex_msa,72,10-49,3428,72606.0,3379
1998,il_ex_msa,72,100-249,98,12677.0,95
1998,il_ex_msa,72,1000+,1,1500.0,1
1998,il_ex_msa,72,250-499,10,3241.0,10
1998,il_ex_msa,72,50-99,507,31228.0,488
1998,il_ex_msa,72,500-999,2,1135.0,2
1998,il_ex_msa,72,unknown,877,0.0,0
1998,il_ex_msa,81,1-9,20726,54098.0,20546
1998,il_ex_msa,81,10-49,1724,31609.0,1717
1998,il_ex_msa,81,100-249,120,17130.0,120
1998,il_ex_msa,81,1000+,4,5031.0,4
1998,il_ex_msa,81,250-499,24,7433.0,24
1998,il_ex_msa,81,50-99,230,15271.0,230
1998,il_ex_msa,81,500-999,1,700.0,1
1998,il_ex_msa,81,unknown,4548,0.0,0
1998,il_ex_msa,92,1-9,4782,17413.0,4779
1998,il_ex_msa,92,10-49,1723,35690.0,1723
1998,il_ex_msa,92,100-249,85,12687.0,85
1998,il_ex_msa,92,1000+,6,11000.0,6
1998,il_ex_msa,92,250-499,44,14508.0,44
1998,il_ex_msa,92,50-99,196,12796.0,196
1998,il_ex_msa,92,500-999,11,6774.0,11
1998,il_ex_msa,92,unknown,2364,0.0,0
1998,il_ex_msa,99,1-9,232,669.0,232
1998,il_ex_msa,99,10-49,46,978.0,46
1998,il_ex_msa,99,100-249,1,120.0,1
1998,il_ex_msa,99,50-99,12,808.0,12
1998,il_ex_msa,99,unknown,904,0.0,0
1998,il_ex_msa,,1-9,280,864.0,278
1998,il_ex_msa,,10-49,59,1270.0,58
1998,il_ex_msa,,100-249,5,655.0,5
1998,il_ex_msa,,250-499,2,725.0,2
1998,il_ex_msa,,50-99,3,180.0,3
1998,il_ex_msa,,unknown,115,0.0,0
1998,msa_ex_cook,11,1-9,126,349.0,126
1998,msa_ex_cook,11,10-49,37,623.0,36
1998,msa_ex_cook,11,100-249,3,492.0,3
1998,msa_ex_cook,11,250-499,1,300.0,1
1998,msa_ex_cook,11,50-99,4,230.0,4
1998,msa_ex_cook,11,unknown,45,0.0,0
1998,msa_ex_cook,21,1-9,22,71.0,22
1998,msa_ex_cook,21,10-49,13,225.0,13
1998,msa_ex_cook,21,250-499,2,800.0,2
1998,msa_ex_cook,21,50-99,1,75.0,1
1998,msa_ex_cook,21,500-999,1,600.0,1
1998,msa_ex_cook,21,unknown,8,0.0,0
1998,msa_ex_cook,22,1-9,37,118.0,37
1998,msa_ex_cook,22,10-49,26,456.0,26
1998,msa_ex_cook,22,100-249,5,814.0,5
1998,msa_ex_cook,22,50-99,2,150.0,2
1998,msa_ex_cook,22,500-999,2,1600.0,2
1998,msa_ex_cook,22,unknown,18,0.0,0
1998,msa_ex_cook,23,1-9,5722,17291.0,5709
1998,msa_ex_cook,23,10-49,1354,24879.0,1352
1998,msa_ex_cook,23,100-249,50,7381.0,49
1998,msa_ex_cook,23,1000+,1,1000.0,1
1998,msa_ex_cook,23,250-499,7,2080.0,7
1998,msa_ex_cook,23,50-99,122,7586.0,122
1998,msa_ex_cook,23,500-999,2,1000.0,2
1998,msa_ex_cook,23,unknown,3885,0.0,0
1998,msa_ex_cook,31,1-9,297,1116.0,294
1998,msa_ex_cook,31,10-49,140,2766.0,140
1998,msa_ex_cook,31,100-249,27,3866.0,27
1998,msa_ex_cook,31,250-499,9,2687.0,9
1998,msa_ex_cook,31,50-99,34,2278.0,34
1998,msa_ex_cook,31,500-999,2,1025.0,2
1998,msa_ex_cook,31,unknown,42,0.0,0
1998,msa_ex_cook,32,1-9,1105,3931.0,1101
1998,msa_ex_cook,32,10-49,549,11969.0,549
1998,msa_ex_cook,32,100-249,130,18975.0,130
1998,msa_ex_cook,32,1000+,8,18020.0,8
1998,msa_ex_cook,32,250-499,31,10024.0,31
1998,msa_ex_cook,32,50-99,139,8728.0,139
1998,msa_ex_cook,32,500-999,7,4800.0,7
1998,msa_ex_cook,32,unknown,300,0.0,0
1998,msa_ex_cook,33,1-9,2035,7331.0,2034
1998,msa_ex_cook,33,10-49,1079,22092.0,1078
1998,msa_ex_cook,33,100-249,168,23726.0,168
1998,msa_ex_cook,33,1000+,9,17700.0,9
1998,msa_ex_cook,33,250-499,51,16712.0,51
1998,msa_ex_cook,33,50-99,236,15112.0,236
1998,msa_ex_cook,33,500-999,22,13625.0,22
1998,msa_ex_cook,33,unknown,374,0.0,0
1998,msa_ex_cook,42,1-9,4757,16615.0,4745
1998,msa_ex_cook,42,10-49,1847,35917.0,1844
1998,msa_ex_cook,42,100-249,203,29518.0,203
1998,msa_ex_cook,42,1000+,7,16160.0,7
1998,msa_ex_cook,42,250-499,69,21781.0,69
1998,msa_ex_cook,42,50-99,283,18247.0,283
1998,msa_ex_cook,42,500-999,21,12455.0,21
1998,msa_ex_cook,42,unknown,1816,0.0,0
1998,msa_ex_cook,44,1-9,6338,23542.0,6266
1998,msa_ex_cook,44,10-49,1903,34649.0,1882
1998,msa_ex_cook,44,100-249,169,24325.0,166
1998,msa_ex_cook,44,1000+,1,1200.0,1
1998,msa_ex_cook,44,250-499,39,11537.0,39
1998,msa_ex_cook,44,50-99,238,15518.0,227
1998,msa_ex_cook,44,500-999,4,2805.0,4
1998,msa_ex_cook,44,unknown,1422,0.0,0
1998,msa_ex_cook,45,1-9,3208,9962.0,3195
1998,msa_ex_cook,45,10-49,570,10052.0,558
1998,msa_ex_cook,45,100-249,91,13756.0,89
1998,msa_ex_cook,45,1000+,1,1000.0,1
1998,msa_ex_cook,45,250-499,13,3958.0,13
1998,msa_ex_cook,45,50-99,80,5159.0,78
1998,msa_ex_cook,45,500-999,2,1450.0,2
1998,msa_ex_cook,45,unknown,818,0.0,0
1998,msa_ex_cook,48,1-9,1028,3411.0,1026
1998,msa_ex_cook,48,10-49,387,7517.0,387
1998,msa_ex_cook,48,100-249,43,5986.0,43
1998,msa_ex_cook,48,250-499,5,1600.0,5
1998,msa_ex_cook,48,50-99,67,4364.0,67
1998,msa_ex_cook,48,500-999,4,2656.0,4
1998,msa_ex_cook,48,unknown,386,0.0,0
1998,msa_ex_cook,49,1-9,145,519.0,144
1998,msa_ex_cook,49,10-49,78,1749.0,78
1998,msa_ex_cook,49,100-249,15,2142.0,15
1998,msa_ex_cook,49,250-499,4,1118.0,4
1998,msa_ex_cook,49,50-99,20,1476.0,20
1998,msa_ex_cook,49,unknown,35,0.0,0
1998,msa_ex_cook,51,1-9,789,2416.0,783
1998,msa_ex_cook,51,10-49,311,6619.0,310
1998,msa_ex_cook,51,100-249,47,6895.0,47
1998,msa_ex_cook,51,1000+,2,2150.0,2
1998,msa_ex_cook,51,250-499,13,4575.0,13
1998,msa_ex_cook,51,50-99,51,3476.0,51
1998,msa_ex_cook,51,500-999,3,1700.0,3
1998,msa_ex_cook,51,unknown,446,0.0,0
1998,msa_ex_cook,52,1-9,3647,11347.0,3181
1998,msa_ex_cook,52,10-49,925,17773.0,920
1998,msa_ex_cook,52,100-249,73,10676.0,73
1998,msa_ex_cook,52,1000+,9,21200.0,9
1998,msa_ex_cook,52,250-499,22,7085.0,22
1998,msa_ex_cook,52,50-99,135,8581.0,135
1998,msa_ex_cook,52,500-999,9,5265.0,9
1998,msa_ex_cook,52,unknown,790,0.0,0
1998,msa_ex_cook,53,1-9,2435,8033.0,2267
1998,msa_ex_cook,53,10-49,656,12882.0,645
1998,msa_ex_cook,53,100-249,8,1080.0,8
1998,msa_ex_cook,53,1000+,2,2300.0,2
1998,msa_ex_cook,53,250-499,3,980.0,3
1998,msa_ex_cook,53,50-99,64,4029.0,64
1998,msa_ex_cook,53,500-999,2,1200.0,2
1998,msa_ex_cook,53,unknown,753,0.0,0
1998,msa_ex_cook,54,1-9,8832,23810.0,6130
1998,msa_ex_cook,54,10-49,1137,20269.0,1133
1998,msa_ex_cook,54,100-249,41,5871.0,41
1998,msa_ex_cook,54,1000+,3,5300.0,3
1998,msa_ex_cook,54,250-499,10,3423.0,10
1998,msa_ex_cook,54,50-99,109,7005.0,109
1998,msa_ex_cook,54,500-999,11,7650.0,11
1998,msa_ex_cook,54,unknown,2570,0.0,0
1998,msa_ex_cook,55,1-9,27,81.0,27
1998,msa_ex_cook,55,10-49,14,298.0,14
1998,msa_ex_cook,55,100-249,2,330.0,2
1998,msa_ex_cook,55,250-499,3,971.0,3
1998,msa_ex_cook,55,50-99,3,239.0,3
1998,msa_ex_cook,55,unknown,9,0.0,0
1998,msa_ex_cook,56,1-9,2748,8857.0,2736
1998,msa_ex_cook,56,10-49,598,11176.0,592
1998,msa_ex_cook,56,100-249,46,6568.0,46
1998,msa_ex_cook,56,250-499,7,2388.0,7
1998,msa_ex_cook,56,50-99,72,4346.0,72
1998,msa_ex_cook,56,500-999,6,3948.0,6
1998,msa_ex_cook,56,unknown,1437,0.0,0
1998,msa_ex_cook,61,1-9,689,2378.0,682
1998,msa_ex_cook,61,10-49,741,19454.0,738
1998,msa_ex_cook,61,100-249,89,12772.0,89
1998,msa_ex_cook,61,1000+,7,10786.0,7
1998,msa_ex_cook,61,250-499,33,10147.0,33
1998,msa_ex_cook,61,50-99,367,23567.0,367
1998,msa_ex_cook,61,500-999,7,4780.0,7
1998,msa_ex_cook,61,unknown,392,0.0,0
1998,msa_ex_cook,62,1-9,8745,30766.0,2918
1998,msa_ex_cook,62,10-49,1237,22341.0,1233
1998,msa_ex_cook,62,100-249,102,15439.0,102
1998,msa_ex_cook,62,1000+,16,20838.0,16
1998,msa_ex_cook,62,250-499,13,4155.0,13
1998,msa_ex_cook,62,50-99,149,9502.0,149
1998,msa_ex_cook,62,500-999,7,4387.0,7
1998,msa_ex_cook,62,unknown,1131,0.0,0
1998,msa_ex_cook,71,1-9,757,2170.0,756
1998,msa_ex_cook,71,10-49,326,6813.0,325
1998,msa_ex_cook,71,100-249,31,4718.0,31
1998,msa_ex_cook,71,1000+,3,6250.0,3
1998,msa_ex_cook,71,250-499,4,1265.0,4
1998,msa_ex_cook,71,50-99,57,3633.0,57
1998,msa_ex_cook,71,500-999,2,1000.0,2
1998,msa_ex_cook,71,unknown,488,0.0,0
1998,msa_ex_cook,72,1-9,2390,9625.0,2383
1998,msa_ex_cook,72,10-49,1800,38564.0,1754
1998,msa_ex_cook,72,100-249,109,14221.0,107
1998,msa_ex_cook,72,250-499,13,4010.0,13
1998,msa_ex_cook,72,50-99,329,20430.0,317
1998,msa_ex_cook,72,500-999,1,600.0,1
1998,msa_ex_cook,72,unknown,550,0.0,0
1998,msa_ex_cook,81,1-9,8308,25576.0,8235
1998,msa_ex_cook,81,10-49,1314,23804.0,1309
1998,msa_ex_cook,81,100-249,73,10150.0,73
1998,msa_ex_cook,81,1000+,3,5600.0,3
1998,msa_ex_cook,81,250-499,19,6034.0,19
1998,msa_ex_cook,81,50-99,126,7777.0,122
1998,msa_ex_cook,81,500-999,5,3004.0,5
1998,msa_ex_cook,81,unknown,1928,0.0,0
1998,msa_ex_cook,92,1-9,784,3212.0,784
1998,msa_ex_cook,92,10-49,490,10994.0,490
1998,msa_ex_cook,92,100-249,48,6387.0,48
1998,msa_ex_cook,92,1000+,1,2000.0,1
1998,msa_ex_cook,92,250-499,10,3080.0,10
1998,msa_ex_cook,92,50-99,126,7988.0,126
1998,msa_ex_cook,92,500-999,8,4990.0,8
1998,msa_ex_cook,92,unknown,439,0.0,0
1998,msa_ex_cook,99,1-9,466,1291.0,466
1998,msa_ex_cook,99,10-49,100,1844.0,100
1998,msa_ex_cook,99,100-249,1,100.0,1
1998,msa_ex_cook,99,250-499,1,460.0,1
1998,msa_ex_cook,99,50-99,21,1256.0,21
1998,msa_ex_cook,99,unknown,2195,0.0,0
1998,msa_ex_cook,,1-9,385,1162.0,383
1998,msa_ex_cook,,10-49,92,1879.0,92
1998,msa_ex_cook,,100-249,11,1620.0,11
1998,msa_ex_cook,,1000+,1,1400.0,1
1998,msa_ex_cook,,250-499,3,826.0,3
1998,msa_ex_cook,,50-99,18,1253.0,18
1998,msa_ex_cook,,500-999,2,1100.0,2
1998,msa_ex_cook,,unknown,315,0.0,0
1999,chicago,11,1-9,18,49.0,18
1999,chicago,11,10-49,3,45.0,3
1999,chicago,11,250-499,1,400.0,1
1999,chicago,11,unknown,11,0.0,0
1999,chicago,21,1-9,12,38.0,12
1999,chicago,21,10-49,2,35.0,2
1999,chicago,21,100-249,1,100.0,1
1999,chicago,21,unknown,7,0.0,0
1999,chicago,22,1-9,9,24.0,9
1999,chicago,22,10-49,6,102.0,6
1999,chicago,22,100-249,1,102.0,1
1999,chicago,22,1000+,2,2400.0,2
1999,chicago,22,250-499,1,275.0,1
1999,chicago,22,unknown,12,0.0,0
1999,chicago,23,1-9,2031,6336.0,2029
1999,chicago,23,10-49,597,10964.0,597
1999,chicago,23,100-249,37,5067.0,37
1999,chicago,23,1000+,2,2000.0,2
1999,chicago,23,250-499,9,2900.0,9
1999,chicago,23,50-99,71,4331.0,71
1999,chicago,23,unknown,1447,0.0,0
1999,chicago,31,1-9,448,1671.0,447
1999,chicago,31,10-49,181,3772.0,181
1999,chicago,31,100-249,32,4552.0,32
1999,chicago,31,1000+,3,7600.0,3
1999,chicago,31,250-499,16,5360.0,16
1999,chicago,31,50-99,29,1754.0,29
1999,chicago,31,500-999,7,4100.0,7
1999,chicago,31,unknown,73,0.0,0
1999,chicago,32,1-9,806,2744.0,806
1999,chicago,32,10-49,375,7703.0,375
1999,chicago,32,100-249,63,8688.0,63
1999,chicago,32,1000+,8,15400.0,8
1999,chicago,32,250-499,17,5080.0,17
1999,chicago,32,50-99,94,5943.0,94
1999,chicago,32,500-999,8,4906.0,8
1999,chicago,32,unknown,152,0.0,0
1999,chicago,33,1-9,1126,4115.0,1125
1999,chicago,33,10-49,631,13255.0,631
1999,chicago,33,100-249,91,13347.0,91
1999,chicago,33,1000+,4,4300.0,4
1999,chicago,33,250-499,32,10159.0,32
1999,chicago,33,50-99,135,8829.0,135
1999,chicago,33,500-999,16,9462.0,16
1999,chicago,33,unknown,246,0.0,0
1999,chicago,42,1-9,2897,9734.0,2889
1999,chicago,42,10-49,1021,20163.0,1018
1999,chicago,42,100-249,144,20542.0,144
1999,chicago,42,1000+,10,18800.0,10
1999,chicago,42,250-499,54,17033.0,54
1999,chicago,42,50-99,179,11719.0,179
1999,chicago,42,500-999,11,7403.0,11
1999,chicago,42,unknown,1222,0.0,0
1999,chicago,44,1-9,7163,21758.0,7128
1999,chicago,44,10-49,1124,19886.0,1100
1999,chicago,44,100-249,81,12199.0,81
1999,chicago,44,1000+,1,1000.0,1
1999,chicago,44,250-499,23,6987.0,23
1999,chicago,44,50-99,118,7464.0,115
1999,chicago,44,500-999,5,2895.0,5
1999,chicago,44,unknown,1396,0.0,0
1999,chicago,45,1-9,2638,7081.0,2632
1999,chicago,45,10-49,353,6377.0,347
1999,chicago,45,100-249,36,5190.0,34
1999,chicago,45,1000+,1,1000.0,1
1999,chicago,45,250-499,2,550.0,2
1999,chicago,45,50-99,45,2779.0,45
1999,chicago,45,500-999,4,2700.0,4
1999,chicago,45,unknown,702,0.0,0
1999,chicago,48,1-9,801,2392.0,799
1999,chicago,48,10-49,275,5539.0,272
1999,chicago,48,100-249,47,7012.0,47
1999,chicago,48,1000+,2,3500.0,2
1999,chicago,48,250-499,13,3918.0,13
1999,chicago,48,50-99,56,3611.0,56
1999,chicago,48,500-999,3,2340.0,3
1999,chicago,48,unknown,461,0.0,0
1999,chicago,49,1-9,76,275.0,76
1999,chicago,49,10-49,42,777.0,42
1999,chicago,49,100-249,20,2466.0,20
1999,chicago,49,1000+,2,9000.0,2
1999,chicago,49,250-499,2,750.0,2
1999,chicago,49,50-99,21,1388.0,21
1999,chicago,49,500-999,2,1100.0,2
1999,chicago,49,unknown,49,0.0,0
1999,chicago,51,1-9,1150,3925.0,1147
1999,chicago,51,10-49,472,9414.0,472
1999,chicago,51,100-249,48,6023.0,48
1999,chicago,51,1000+,4,6200.0,4
1999,chicago,51,250-499,27,7923.0,27
1999,chicago,51,50-99,92,5863.0,92
1999,chicago,51,500-999,10,5832.0,10
1999,chicago,51,unknown,621,0.0,0
1999,chicago,52,1-9,3005,10011.0,2766
1999,chicago,52,10-49,911,18073.0,900
1999,chicago,52,100-249,124,17576.0,124
1999,chicago,52,1000+,18,45540.0,18
1999,chicago,52,250-499,39,13385.0,39
1999,chicago,52,50-99,174,11429.0,174
1999,chicago,52,500-999,30,19605.0,30
1999,chicago,52,unknown,884,0.0,0
1999,chicago,53,1-9,2513,8881.0,2408
1999,chicago,53,10-49,797,14427.0,794
1999,chicago,53,100-249,31,4024.0,31
1999,chicago,53,250-499,9,2945.0,9
1999,chicago,53,50-99,78,4976.0,78
1999,chicago,53,500-999,3,1700.0,3
1999,chicago,53,unknown,1025,0.0,0
1999,chicago,54,1-9,16575,40399.0,5921
1999,chicago,54,10-49,1624,31856.0,1608
1999,chicago,54,100-249,116,15686.0,116
1999,chicago,54,1000+,13,22720.0,13
1999,chicago,54,250-499,48,15200.0,48
1999,chicago,54,50-99,207,13085.0,207
1999,chicago,54,500-999,24,15600.0,24
1999,chicago,54,unknown,2305,0.0,0
1999,chicago,55,1-9,31,87.0,31
1999,chicago,55,10-49,8,149.0,8
1999,chicago,55,100-249,3,329.0,3
1999,chicago,55,1000+,4,9000.0,4
1999,chicago,55,250-499,2,630.0,2
1999,chicago,55,50-99,4,200.0,4
1999,chicago,55,500-999,2,1400.0,2
1999,chicago,55,unknown,15,0.0,0
1999,chicago,56,1-9,2089,6943.0,2080
1999,chicago,56,10-49,499,9310.0,499
1999,chicago,56,100-249,46,6344.0,46
1999,chicago,56,1000+,1,1100.0,1
1999,chicago,56,250-499,16,5231.0,16
1999,chicago,56,50-99,75,4824.0,75
1999,chicago,56,500-999,5,2900.0,5
1999,chicago,56,unknown,911,0.0,0
1999,chicago,61,1-9,622,2114.0,619
1999,chicago,61,10-49,625,14972.0,620
1999,chicago,61,100-249,158,21003.0,158
1999,chicago,61,1000+,7,25134.0,7
1999,chicago,61,250-499,17,5047.0,17
1999,chicago,61,50-99,366,24379.0,366
1999,chicago,61,500-999,13,9241.0,13
1999,chicago,61,unknown,389,0.0,0
1999,chicago,62,1-9,7812,27456.0,3046
1999,chicago,62,10-49,1255,23790.0,1246
1999,chicago,62,100-249,128,18981.0,128
1999,chicago,62,1000+,27,75809.0,27
1999,chicago,62,250-499,25,7844.0,25
1999,chicago,62,50-99,171,10881.0,171
1999,chicago,62,500-999,19,11430.0,19
1999,chicago,62,unknown,1276,0.0,0
1999,chicago,71,1-9,572,1571.0,571
1999,chicago,71,10-49,154,2893.0,154
1999,chicago,71,100-249,15,1770.0,15
1999,chicago,71,1000+,2,4614.0,2
1999,chicago,71,250-499,4,1400.0,4
1999,chicago,71,50-99,21,1244.0,21
1999,chicago,71,500-999,5,2850.0,5
1999,chicago,71,unknown,381,0.0,0
1999,chicago,72,1-9,3854,13304.0,3844
1999,chicago,72,10-49,1510,30757.0,1493
1999,chicago,72,100-249,118,16036.0,118
1999,chicago,72,1000+,7,9573.0,7
1999,chicago,72,250-499,23,6965.0,23
1999,chicago,72,50-99,234,14706.0,232
1999,chicago,72,500-999,9,6036.0,9
1999,chicago,72,unknown,1071,0.0,0
1999,chicago,81,1-9,9641,27453.0,9610
1999,chicago,81,10-49,1381,25416.0,1375
1999,chicago,81,100-249,67,9629.0,67
1999,chicago,81,1000+,2,9200.0,2
1999,chicago,81,250-499,23,7805.0,23
1999,chicago,81,50-99,155,9936.0,155
1999,chicago,81,500-999,12,7901.0,12
1999,chicago,81,unknown,2911,0.0,0
1999,chicago,92,1-9,300,1448.0,300
1999,chicago,92,10-49,350,7492.0,350
1999,chicago,92,100-249,87,13053.0,87
1999,chicago,92,1000+,9,24074.0,9
1999,chicago,92,250-499,47,15828.0,47
1999,chicago,92,50-99,88,5839.0,88
1999,chicago,92,500-999,13,7747.0,13
1999,chicago,92,unknown,279,0.0,0
1999,chicago,99,1-9,457,1306.0,447
1999,chicago,99,10-49,107,2106.0,106
1999,chicago,99,100-249,19,2560.0,19
1999,chicago,99,250-499,1,300.0,1
1999,chicago,99,50-99,20,1242.0,20
1999,chicago,99,unknown,4963,0.0,0
1999,chicago,,1-9,214,732.0,214
1999,chicago,,10-49,80,1581.0,80
1999,chicago,,100-249,8,945.0,8
1999,chicago,,1000+,2,4300.0,2
1999,chicago,,250-499,3,995.0,3
1999,chicago,,50-99,13,766.0,13
1999,chicago,,unknown,165,0.0,0
1999,cook_ex_chicago,11,1-9,37,104.0,37
1999,cook_ex_chicago,11,10-49,8,123.0,8
1999,cook_ex_chicago,11,100-249,1,120.0,1
1999,cook_ex_chicago,11,50-99,2,130.0,2
1999,cook_ex_chicago,11,unknown,12,0.0,0
1999,cook_ex_chicago,21,1-9,26,105.0,25
1999,cook_ex_chicago,21,10-49,5,91.0,5
1999,cook_ex_chicago,21,100-249,1,150.0,1
1999,cook_ex_chicago,21,50-99,2,130.0,2
1999,cook_ex_chicago,21,unknown,11,0.0,0
1999,cook_ex_chicago,22,1-9,25,79.0,25
1999,cook_ex_chicago,22,10-49,15,350.0,15
1999,cook_ex_chicago,22,100-249,4,502.0,4
1999,cook_ex_chicago,22,50-99,1,60.0,1
1999,cook_ex_chicago,22,unknown,12,0.0,0
1999,cook_ex_chicago,23,1-9,3575,11203.0,3568
1999,cook_ex_chicago,23,10-49,1082,21187.0,1081
1999,cook_ex_chicago,23,100-249,50,6345.0,50
1999,cook_ex_chicago,23,250-499,5,1600.0,5
1999,cook_ex_chicago,23,50-99,138,8440.0,138
1999,cook_ex_chicago,23,500-999,2,1000.0,2
1999,cook_ex_chicago,23,unknown,2591,0.0,0
1999,cook_ex_chicago,31,1-9,290,1119.0,290
1999,cook_ex_chicago,31,10-49,130,2671.0,130
1999,cook_ex_chicago,31,100-249,34,4840.0,34
1999,cook_ex_chicago,31,1000+,2,2300.0,2
1999,cook_ex_chicago,31,250-499,7,2265.0,7
1999,cook_ex_chicago,31,50-99,38,2318.0,38
1999,cook_ex_chicago,31,500-999,7,4680.0,7
1999,cook_ex_chicago,31,unknown,47,0.0,0
1999,cook_ex_chicago,32,1-9,943,3542.0,942
1999,cook_ex_chicago,32,10-49,485,9962.0,485
1999,cook_ex_chicago,32,100-249,117,16776.0,117
1999,cook_ex_chicago,32,1000+,2,3120.0,2
1999,cook_ex_chicago,32,250-499,16,4998.0,16
1999,cook_ex_chicago,32,50-99,137,8726.0,136
1999,cook_ex_chicago,32,500-999,4,2750.0,4
1999,cook_ex_chicago,32,unknown,191,0.0,0
1999,cook_ex_chicago,33,1-9,1695,6622.0,1695
1999,cook_ex_chicago,33,10-49,1056,22838.0,1056
1999,cook_ex_chicago,33,100-249,214,31976.0,214
1999,cook_ex_chicago,33,1000+,11,23215.0,11
1999,cook_ex_chicago,33,250-499,42,13133.0,42
1999,cook_ex_chicago,33,50-99,252,16246.0,252
1999,cook_ex_chicago,33,500-999,23,16200.0,23
1999,cook_ex_chicago,33,unknown,336,0.0,0
1999,cook_ex_chicago,42,1-9,3887,14291.0,3875
1999,cook_ex_chicago,42,10-49,1642,32842.0,1636
1999,cook_ex_chicago,42,100-249,195,27410.0,195
1999,cook_ex_chicago,42,1000+,12,22000.0,12
1999,cook_ex_chicago,42,250-499,55,17895.0,55
1999,cook_ex_chicago,42,50-99,320,20778.0,319
1999,cook_ex_chicago,42,500-999,20,12646.0,20
1999,cook_ex_chicago,42,unknown,1592,0.0,0
1999,cook_ex_chicago,44,1-9,5693,21080.0,5637
1999,cook_ex_chicago,44,10-49,1688,31171.0,1658
1999,cook_ex_chicago,44,100-249,150,22368.0,145
1999,cook_ex_chicago,44,1000+,3,4825.0,3
1999,cook_ex_chicago,44,250-499,36,10618.0,36
1999,cook_ex_chicago,44,50-99,224,14212.0,208
1999,cook_ex_chicago,44,500-999,6,3400.0,6
1999,cook_ex_chicago,44,unknown,1108,0.0,0
1999,cook_ex_chicago,45,1-9,2523,7913.0,2514
1999,cook_ex_chicago,45,10-49,590,11458.0,580
1999,cook_ex_chicago,45,100-249,74,10988.0,70
1999,cook_ex_chicago,45,250-499,20,6030.0,20
1999,cook_ex_chicago,45,50-99,79,5015.0,71
1999,cook_ex_chicago,45,500-999,6,3259.0,6
1999,cook_ex_chicago,45,unknown,691,0.0,0
1999,cook_ex_chicago,48,1-9,1084,3586.0,1084
1999,cook_ex_chicago,48,10-49,367,7324.0,363
1999,cook_ex_chicago,48,100-249,51,7158.0,51
1999,cook_ex_chicago,48,1000+,2,4000.0,2
1999,cook_ex_chicago,48,250-499,13,4450.0,13
1999,cook_ex_chicago,48,50-99,69,4293.0,69
1999,cook_ex_chicago,48,500-999,2,1300.0,2
1999,cook_ex_chicago,48,unknown,453,0.0,0
1999,cook_ex_chicago,49,1-9,110,370.0,108
1999,cook_ex_chicago,49,10-49,50,1126.0,49
1999,cook_ex_chicago,49,100-249,18,2744.0,18
1999,cook_ex_chicago,49,250-499,4,1140.0,4
1999,cook_ex_chicago,49,50-99,22,1559.0,22
1999,cook_ex_chicago,49,unknown,49,0.0,0
1999,cook_ex_chicago,51,1-9,805,2524.0,800
1999,cook_ex_chicago,51,10-49,295,6098.0,293
1999,cook_ex_chicago,51,100-249,36,5290.0,36
1999,cook_ex_chicago,51,1000+,2,5500.0,2
1999,cook_ex_chicago,51,250-499,8,2410.0,8
1999,cook_ex_chicago,51,50-99,72,4551.0,72
1999,cook_ex_chicago,51,500-999,6,3425.0,6
1999,cook_ex_chicago,51,unknown,405,0.0,0
1999,cook_ex_chicago,52,1-9,3395,10681.0,2958
1999,cook_ex_chicago,52,10-49,867,16798.0,860
1999,cook_ex_chicago,52,100-249,56,7828.0,56
1999,cook_ex_chicago,52,1000+,5,11800.0,5
1999,cook_ex_chicago,52,250-499,17,5132.0,17
1999,cook_ex_chicago,52,50-99,127,8285.0,127
1999,cook_ex_chicago,52,500-999,3,2099.0,3
1999,cook_ex_chicago,52,unknown,838,0.0,0
1999,cook_ex_chicago,53,1-9,1913,6532.0,1850
1999,cook_ex_chicago,53,10-49,641,12243.0,632
1999,cook_ex_chicago,53,100-249,16,2394.0,16
1999,cook_ex_chicago,53,250-499,2,700.0,2
1999,cook_ex_chicago,53,50-99,69,4416.0,69
1999,cook_ex_chicago,53,500-999,1,950.0,1
1999,cook_ex_chicago,53,unknown,653,0.0,0
1999,cook_ex_chicago,54,1-9,6819,18870.0,4943
1999,cook_ex_chicago,54,10-49,1015,18280.0,1009
1999,cook_ex_chicago,54,100-249,49,6830.0,49
1999,cook_ex_chicago,54,1000+,6,12800.0,6
1999,cook_ex_chicago,54,250-499,18,5412.0,18
1999,cook_ex_chicago,54,50-99,110,6986.0,110
1999,cook_ex_chicago,54,500-999,7,5031.0,7
1999,cook_ex_chicago,54,unknown,2067,0.0,0
1999,cook_ex_chicago,55,1-9,17,43.0,17
1999,cook_ex_chicago,55,10-49,8,218.0,8
1999,cook_ex_chicago,55,100-249,3,450.0,3
1999,cook_ex_chicago,55,250-499,1,350.0,1
1999,cook_ex_chicago,55,50-99,4,245.0,4
1999,cook_ex_chicago,55,unknown,8,0.0,0
1999,cook_ex_chicago,56,1-9,2096,6914.0,2085
1999,cook_ex_chicago,56,10-49,635,11696.0,631
1999,cook_ex_chicago,56,100-249,46,6820.0,46
1999,cook_ex_chicago,56,250-499,15,5008.0,15
1999,cook_ex_chicago,56,50-99,70,4306.0,70
1999,cook_ex_chicago,56,500-999,2,1300.0,2
1999,cook_ex_chicago,56,unknown,1071,0.0,0
1999,cook_ex_chicago,61,1-9,580,1894.0,578
1999,cook_ex_chicago,61,10-49,670,18118.0,668
1999,cook_ex_chicago,61,100-249,71,10249.0,71
1999,cook_ex_chicago,61,1000+,6,9840.0,6
1999,cook_ex_chicago,61,250-499,26,8170.0,26
1999,cook_ex_chicago,61,50-99,339,22159.0,339
1999,cook_ex_chicago,61,500-999,7,4191.0,7
1999,cook_ex_chicago,61,unknown,349,0.0,0
1999,cook_ex_chicago,62,1-9,8981,31649.0,2768
1999,cook_ex_chicago,62,10-49,1270,22505.0,1268
1999,cook_ex_chicago,62,100-249,125,18121.0,125
1999,cook_ex_chicago,62,1000+,15,32450.0,15
1999,cook_ex_chicago,62,250-499,33,10439.0,33
1999,cook_ex_chicago,62,50-99,142,9110.0,142
1999,cook_ex_chicago,62,500-999,9,4975.0,9
1999,cook_ex_chicago,62,unknown,1065,0.0,0
1999,cook_ex_chicago,71,1-9,540,1509.0,540
1999,cook_ex_chicago,71,10-49,243,5354.0,242
1999,cook_ex_chicago,71,100-249,36,5306.0,36
1999,cook_ex_chicago,71,250-499,6,1650.0,6
1999,cook_ex_chicago,71,50-99,42,2623.0,42
1999,cook_ex_chicago,71,500-999,1,500.0,1
1999,cook_ex_chicago,71,unknown,394,0.0,0
1999,cook_ex_chicago,72,1-9,2475,9479.0,2472
1999,cook_ex_chicago,72,10-49,1689,35715.0,1664
1999,cook_ex_chicago,72,100-249,98,13361.0,98
1999,cook_ex_chicago,72,1000+,2,4800.0,2
1999,cook_ex_chicago,72,250-499,17,5311.0,17
1999,cook_ex_chicago,72,50-99,319,20057.0,308
1999,cook_ex_chicago,72,500-999,3,1980.0,3
1999,cook_ex_chicago,72,unknown,544,0.0,0
1999,cook_ex_chicago,81,1-9,7552,23453.0,7505
1999,cook_ex_chicago,81,10-49,1323,24103.0,1315
1999,cook_ex_chicago,81,100-249,69,9815.0,68
1999,cook_ex_chicago,81,1000+,3,8600.0,3
1999,cook_ex_chicago,81,250-499,19,6169.0,19
1999,cook_ex_chicago,81,50-99,137,8726.0,135
1999,cook_ex_chicago,81,500-999,4,2600.0,4
1999,cook_ex_chicago,81,unknown,1762,0.0,0
1999,cook_ex_chicago,92,1-9,477,1850.0,477
1999,cook_ex_chicago,92,10-49,389,9432.0,389
1999,cook_ex_chicago,92,100-249,56,7948.0,56
1999,cook_ex_chicago,92,1000+,1,1000.0,1
1999,cook_ex_chicago,92,250-499,14,4812.0,14
1999,cook_ex_chicago,92,50-99,104,6398.0,104
1999,cook_ex_chicago,92,500-999,3,1900.0,3
1999,cook_ex_chicago,92,unknown,329,0.0,0
1999,cook_ex_chicago,99,1-9,420,1056.0,419
1999,cook_ex_chicago,99,10-49,93,1730.0,92
1999,cook_ex_chicago,99,100-249,2,200.0,2
1999,cook_ex_chicago,99,250-499,1,350.0,1
1999,cook_ex_chicago,99,50-99,17,1111.0,17
1999,cook_ex_chicago,99,500-999,1,550.0,1
1999,cook_ex_chicago,99,unknown,1367,0.0,0
1999,cook_ex_chicago,,1-9,259,854.0,259
1999,cook_ex_chicago,,10-49,82,1362.0,82
1999,cook_ex_chicago,,100-249,6,1040.0,6
1999,cook_ex_chicago,,250-499,2,650.0,2
1999,cook_ex_chicago,,50-99,4,255.0,4
1999,cook_ex_chicago,,unknown,212,0.0,0
1999,il_ex_msa,11,1-9,808,2219.0,808
1999,il_ex_msa,11,10-49,84,1382.0,80
1999,il_ex_msa,11,100-249,4,490.0,4
1999,il_ex_msa,11,250-499,1,400.0,1
1999,il_ex_msa,11,50-99,8,475.0,8
1999,il_ex_msa,11,500-999,2,1450.0,2
1999,il_ex_msa,11,unknown,298,0.0,0
1999,il_ex_msa,21,1-9,209,730.0,208
1999,il_ex_msa,21,10-49,89,1653.0,87
1999,il_ex_msa,21,100-249,8,1196.0,8
1999,il_ex_msa,21,250-499,6,1840.0,6
1999,il_ex_msa,21,50-99,8,475.0,8
1999,il_ex_msa,21,unknown,64,0.0,0
1999,il_ex_msa,22,1-9,149,588.0,148
1999,il_ex_msa,22,10-49,63,1336.0,63
1999,il_ex_msa,22,100-249,5,594.0,5
1999,il_ex_msa,22,250-499,2,590.0,2
1999,il_ex_msa,22,50-99,14,1024.0,14
1999,il_ex_msa,22,500-999,2,1690.0,2
1999,il_ex_msa,22,unknown,56,0.0,0
1999,il_ex_msa,23,1-9,7890,22732.0,7874
1999,il_ex_msa,23,10-49,1471,27454.0,1468
1999,il_ex_msa,23,100-249,57,7999.0,57
1999,il_ex_msa,23,250-499,10,3269.0,10
1999,il_ex_msa,23,50-99,131,8243.0,131
1999,il_ex_msa,23,500-999,4,2300.0,4
1999,il_ex_msa,23,unknown,3147,0.0,0
1999,il_ex_msa,31,1-9,361,1351.0,361
1999,il_ex_msa,31,10-49,161,3407.0,160
1999,il_ex_msa,31,100-249,50,7356.0,49
1999,il_ex_msa,31,1000+,5,8292.0,5
1999,il_ex_msa,31,250-499,9,2940.0,9
1999,il_ex_msa,31,50-99,53,3418.0,53
1999,il_ex_msa,31,500-999,8,5140.0,8
1999,il_ex_msa,31,unknown,54,0.0,0
1999,il_ex_msa,32,1-9,1122,4019.0,1121
1999,il_ex_msa,32,10-49,469,9889.0,469
1999,il_ex_msa,32,100-249,69,10115.0,69
1999,il_ex_msa,32,1000+,9,14464.0,9
1999,il_ex_msa,32,250-499,25,8703.0,25
1999,il_ex_msa,32,50-99,84,5540.0,84
1999,il_ex_msa,32,500-999,9,6075.0,9
1999,il_ex_msa,32,unknown,115,0.0,0
1999,il_ex_msa,33,1-9,1959,6613.0,1957
1999,il_ex_msa,33,10-49,861,17698.0,860
1999,il_ex_msa,33,100-249,158,22231.0,158
1999,il_ex_msa,33,1000+,13,28065.0,13
1999,il_ex_msa,33,250-499,50,17098.0,50
1999,il_ex_msa,33,50-99,196,13198.0,195
1999,il_ex_msa,33,500-999,31,20846.0,31
1999,il_ex_msa,33,unknown,212,0.0,0
1999,il_ex_msa,42,1-9,5394,18840.0,5377
1999,il_ex_msa,42,10-49,1795,33775.0,1790
1999,il_ex_msa,42,100-249,158,22459.0,157
1999,il_ex_msa,42,1000+,17,31440.0,17
1999,il_ex_msa,42,250-499,75,22863.0,75
1999,il_ex_msa,42,50-99,254,16175.0,251
1999,il_ex_msa,42,500-999,30,18684.0,30
1999,il_ex_msa,42,unknown,1106,0.0,0
1999,il_ex_msa,44,1-9,12596,46015.0,12497
1999,il_ex_msa,44,10-49,2865,50024.0,2834
1999,il_ex_msa,44,100-249,174,23875.0,169
1999,il_ex_msa,44,1000+,1,1150.0,1
1999,il_ex_msa,44,250-499,28,8702.0,28
1999,il_ex_msa,44,50-99,321,21188.0,312
1999,il_ex_msa,44,500-999,8,5318.0,8
1999,il_ex_msa,44,unknown,1378,0.0,0
1999,il_ex_msa,45,1-9,6198,17402.0,6184
1999,il_ex_msa,45,10-49,767,13745.0,757
1999,il_ex_msa,45,100-249,110,15615.0,107
1999,il_ex_msa,45,1000+,1,1000.0,1
1999,il_ex_msa,45,250-499,13,4074.0,13
1999,il_ex_msa,45,50-99,77,5279.0,74
1999,il_ex_msa,45,500-999,2,1075.0,2
1999,il_ex_msa,45,unknown,995,0.0,0
1999,il_ex_msa,48,1-9,1986,6218.0,1968
1999,il_ex_msa,48,10-49,725,14069.0,714
1999,il_ex_msa,48,100-249,43,5749.0,43
1999,il_ex_msa,48,1000+,1,1000.0,1
1999,il_ex_msa,48,250-499,15,5266.0,15
1999,il_ex_msa,48,50-99,108,6749.0,108
1999,il_ex_msa,48,500-999,7,4225.0,7
1999,il_ex_msa,48,unknown,492,0.0,0
1999,il_ex_msa,49,1-9,1362,4899.0,1361
1999,il_ex_msa,49,10-49,253,4569.0,252
1999,il_ex_msa,49,100-249,17,2550.0,17
1999,il_ex_msa,49,250-499,1,350.0,1
1999,il_ex_msa,49,50-99,25,1762.0,25
1999,il_ex_msa,49,500-999,3,2150.0,3
1999,il_ex_msa,49,unknown,146,0.0,0
1999,il_ex_msa,51,1-9,1496,5005.0,1489
1999,il_ex_msa,51,10-49,505,9902.0,503
1999,il_ex_msa,51,100-249,35,4682.0,35
1999,il_ex_msa,51,250-499,8,2672.0,8
1999,il_ex_msa,51,50-99,62,4121.0,62
1999,il_ex_msa,51,500-999,3,1640.0,3
1999,il_ex_msa,51,unknown,598,0.0,0
1999,il_ex_msa,52,1-9,7207,21728.0,6075
1999,il_ex_msa,52,10-49,1246,23400.0,1243
1999,il_ex_msa,52,100-249,49,7036.0,49
1999,il_ex_msa,52,1000+,11,36950.0,11
1999,il_ex_msa,52,250-499,14,4602.0,14
1999,il_ex_msa,52,50-99,106,6706.0,106
1999,il_ex_msa,52,500-999,8,4549.0,8
1999,il_ex_msa,52,unknown,683,0.0,0
1999,il_ex_msa,53,1-9,4268,12428.0,3803
1999,il_ex_msa,53,10-49,582,10287.0,579
1999,il_ex_msa,53,100-249,13,1757.0,13
1999,il_ex_msa,53,250-499,2,625.0,2
1999,il_ex_msa,53,50-99,41,2501.0,41
1999,il_ex_msa,53,unknown,756,0.0,0
1999,il_ex_msa,54,1-9,10902,29151.0,6018
1999,il_ex_msa,54,10-49,1112,20201.0,1108
1999,il_ex_msa,54,100-249,42,5679.0,42
1999,il_ex_msa,54,1000+,1,2000.0,1
1999,il_ex_msa,54,250-499,12,4303.0,12
1999,il_ex_msa,54,50-99,72,4670.0,72
1999,il_ex_msa,54,500-999,4,2477.0,4
1999,il_ex_msa,54,unknown,1465,0.0,0
1999,il_ex_msa,55,1-9,48,164.0,48
1999,il_ex_msa,55,10-49,29,741.0,29
1999,il_ex_msa,55,100-249,1,150.0,1
1999,il_ex_msa,55,250-499,2,725.0,2
1999,il_ex_msa,55,50-99,4,250.0,4
1999,il_ex_msa,55,unknown,38,0.0,0
1999,il_ex_msa,56,1-9,3029,8995.0,3012
1999,il_ex_msa,56,10-49,566,10381.0,551
1999,il_ex_msa,56,100-249,40,5329.0,40
1999,il_ex_msa,56,250-499,13,3745.0,13
1999,il_ex_msa,56,50-99,71,4591.0,71
1999,il_ex_msa,56,500-999,2,1250.0,2
1999,il_ex_msa,56,unknown,1044,0.0,0
1999,il_ex_msa,61,1-9,1320,4884.0,1312
1999,il_ex_msa,61,10-49,1907,50494.0,1906
1999,il_ex_msa,61,100-249,164,22344.0,164
1999,il_ex_msa,61,1000+,12,48080.0,12
1999,il_ex_msa,61,250-499,29,9138.0,29
1999,il_ex_msa,61,50-99,567,35730.0,567
1999,il_ex_msa,61,500-999,9,5321.0,9
1999,il_ex_msa,61,unknown,458,0.0,0
1999,il_ex_msa,62,1-9,11981,42047.0,4627
1999,il_ex_msa,62,10-49,2079,39766.0,2074
1999,il_ex_msa,62,100-249,286,40153.0,286
1999,il_ex_msa,62,1000+,30,67536.0,30
1999,il_ex_msa,62,250-499,50,15586.0,50
1999,il_ex_msa,62,50-99,453,30907.0,453
1999,il_ex_msa,62,500-999,27,18697.0,27
1999,il_ex_msa,62,unknown,1414,0.0,0
1999,il_ex_msa,71,1-9,1352,4313.0,1346
1999,il_ex_msa,71,10-49,443,8578.0,443
1999,il_ex_msa,71,100-249,23,3218.0,23
1999,il_ex_msa,71,1000+,3,3691.0,3
1999,il_ex_msa,71,250-499,7,2554.0,7
1999,il_ex_msa,71,50-99,59,3655.0,59
1999,il_ex_msa,71,500-999,3,2511.0,3
1999,il_ex_msa,71,unknown,706,0.0,0
1999,il_ex_msa,72,1-9,5325,20048.0,5300
1999,il_ex_msa,72,10-49,3519,73812.0,3478
1999,il_ex_msa,72,100-249,102,13417.0,100
1999,il_ex_msa,72,1000+,1,1500.0,1
1999,il_ex_msa,72,250-499,19,5426.0,19
1999,il_ex_msa,72,50-99,508,31714.0,493
1999,il_ex_msa,72,500-999,2,1275.0,2
1999,il_ex_msa,72,unknown,874,0.0,0
1999,il_ex_msa,81,1-9,20752,54286.0,20577
1999,il_ex_msa,81,10-49,1728,31436.0,1718
1999,il_ex_msa,81,100-249,107,14558.0,107
1999,il_ex_msa,81,1000+,4,8900.0,4
1999,il_ex_msa,81,250-499,32,10122.0,32
1999,il_ex_msa,81,50-99,215,13856.0,214
1999,il_ex_msa,81,500-999,2,1326.0,2
1999,il_ex_msa,81,unknown,4683,0.0,0
1999,il_ex_msa,92,1-9,4921,17920.0,4918
1999,il_ex_msa,92,10-49,1784,36999.0,1784
1999,il_ex_msa,92,100-249,83,12666.0,83
1999,il_ex_msa,92,1000+,8,13560.0,8
1999,il_ex_msa,92,250-499,49,15732.0,49
1999,il_ex_msa,92,50-99,211,13826.0,211
1999,il_ex_msa,92,500-999,10,6074.0,10
1999,il_ex_msa,92,unknown,2175,0.0,0
1999,il_ex_msa,99,1-9,193,495.0,190
1999,il_ex_msa,99,10-49,38,835.0,37
1999,il_ex_msa,99,50-99,13,798.0,13
1999,il_ex_msa,99,unknown,965,0.0,0
1999,il_ex_msa,,1-9,277,859.0,272
1999,il_ex_msa,,10-49,62,1197.0,60
1999,il_ex_msa,,100-249,3,400.0,3
1999,il_ex_msa,,250-499,1,400.0,1
1999,il_ex_msa,,50-99,9,533.0,9
1999,il_ex_msa,,unknown,90,0.0,0
1999,msa_ex_cook,11,1-9,133,402.0,133
1999,msa_ex_cook,11,10-49,36,621.0,35
1999,msa_ex_cook,11,100-249,5,792.0,5
1999,msa_ex_cook,11,250-499,2,611.0,2
1999,msa_ex_cook,11,50-99,6,330.0,6
1999,msa_ex_cook,11,unknown,46,0.0,0
1999,msa_ex_cook,21,1-9,21,71.0,21
1999,msa_ex_cook,21,10-49,16,252.0,16
1999,msa_ex_cook,21,1000+,1,1000.0,1
1999,msa_ex_cook,21,50-99,3,194.0,3
1999,msa_ex_cook,21,500-999,1,600.0,1
1999,msa_ex_cook,21,unknown,8,0.0,0
1999,msa_ex_cook,22,1-9,36,129.0,36
1999,msa_ex_cook,22,10-49,23,393.0,23
1999,msa_ex_cook,22,100-249,5,725.0,5
1999,msa_ex_cook,22,250-499,1,400.0,1
1999,msa_ex_cook,22,50-99,1,75.0,1
1999,msa_ex_cook,22,500-999,1,700.0,1
1999,msa_ex_cook,22,unknown,24,0.0,0
1999,msa_ex_cook,23,1-9,5871,17689.0,5855
1999,msa_ex_cook,23,10-49,1384,25631.0,1383
1999,msa_ex_cook,23,100-249,49,7083.0,49
1999,msa_ex_cook,23,1000+,1,1000.0,1
1999,msa_ex_cook,23,250-499,13,3990.0,13
1999,msa_ex_cook,23,50-99,153,9308.0,153
1999,msa_ex_cook,23,500-999,2,1200.0,2
1999,msa_ex_cook,23,unknown,4027,0.0,0
1999,msa_ex_cook,31,1-9,285,1066.0,282
1999,msa_ex_cook,31,10-49,131,2523.0,131
1999,msa_ex_cook,31,100-249,28,4074.0,28
1999,msa_ex_cook,31,250-499,12,4035.0,12
1999,msa_ex_cook,31,50-99,33,2279.0,33
1999,msa_ex_cook,31,500-999,1,700.0,1
1999,msa_ex_cook,31,unknown,42,0.0,0
1999,msa_ex_cook,32,1-9,1048,3775.0,1047
1999,msa_ex_cook,32,10-49,524,11328.0,523
1999,msa_ex_cook,32,100-249,127,17739.0,127
1999,msa_ex_cook,32,1000+,6,15620.0,6
1999,msa_ex_cook,32,250-499,29,9379.0,29
1999,msa_ex_cook,32,50-99,143,9356.0,143
1999,msa_ex_cook,32,500-999,11,6700.0,11
1999,msa_ex_cook,32,unknown,303,0.0,0
1999,msa_ex_cook,33,1-9,2065,7379.0,2064
1999,msa_ex_cook,33,10-49,1111,22845.0,1111
1999,msa_ex_cook,33,100-249,154,21464.0,154
1999,msa_ex_cook,33,1000+,8,23300.0,8
1999,msa_ex_cook,33,250-499,58,18307.0,58
1999,msa_ex_cook,33,50-99,216,14031.0,216
1999,msa_ex_cook,33,500-999,23,14025.0,23
1999,msa_ex_cook,33,unknown,353,0.0,0
1999,msa_ex_cook,42,1-9,4715,16344.0,4705
1999,msa_ex_cook,42,10-49,1843,36262.0,1833
1999,msa_ex_cook,42,100-249,209,30924.0,209
1999,msa_ex_cook,42,1000+,13,19467.0,13
1999,msa_ex_cook,42,250-499,65,21041.0,65
1999,msa_ex_cook,42,50-99,263,16694.0,262
1999,msa_ex_cook,42,500-999,22,13105.0,22
1999,msa_ex_cook,42,unknown,1791,0.0,0
1999,msa_ex_cook,44,1-9,6414,23561.0,6346
1999,msa_ex_cook,44,10-49,1915,35361.0,1881
1999,msa_ex_cook,44,100-249,162,24227.0,162
1999,msa_ex_cook,44,250-499,42,12071.0,42
1999,msa_ex_cook,44,50-99,241,15330.0,234
1999,msa_ex_cook,44,500-999,4,3205.0,4
1999,msa_ex_cook,44,unknown,1374,0.0,0
1999,msa_ex_cook,45,1-9,3327,10327.0,3319
1999,msa_ex_cook,45,10-49,615,10937.0,605
1999,msa_ex_cook,45,100-249,93,14115.0,88
1999,msa_ex_cook,45,250-499,11,3276.0,11
1999,msa_ex_cook,45,50-99,77,5012.0,70
1999,msa_ex_cook,45,500-999,2,1300.0,2
1999,msa_ex_cook,45,unknown,849,0.0,0
1999,msa_ex_cook,48,1-9,1099,3577.0,1095
1999,msa_ex_cook,48,10-49,392,7425.0,390
1999,msa_ex_cook,48,100-249,42,5708.0,41
1999,msa_ex_cook,48,250-499,5,1500.0,5
1999,msa_ex_cook,48,50-99,74,4667.0,74
1999,msa_ex_cook,48,500-999,3,2206.0,3
1999,msa_ex_cook,48,unknown,400,0.0,0
1999,msa_ex_cook,49,1-9,151,530.0,150
1999,msa_ex_cook,49,10-49,73,1692.0,73
1999,msa_ex_cook,49,100-249,15,2094.0,15
1999,msa_ex_cook,49,250-499,3,868.0,3
1999,msa_ex_cook,49,50-99,21,1501.0,21
1999,msa_ex_cook,49,unknown,39,0.0,0
1999,msa_ex_cook,51,1-9,885,2554.0,879
1999,msa_ex_cook,51,10-49,332,6924.0,331
1999,msa_ex_cook,51,100-249,40,5509.0,40
1999,msa_ex_cook,51,1000+,2,2150.0,2
1999,msa_ex_cook,51,250-499,13,4375.0,13
1999,msa_ex_cook,51,50-99,53,3721.0,53
1999,msa_ex_cook,51,500-999,5,2877.0,5
1999,msa_ex_cook,51,unknown,479,0.0,0
1999,msa_ex_cook,52,1-9,3758,11552.0,3307
1999,msa_ex_cook,52,10-49,923,17756.0,919
1999,msa_ex_cook,52,100-249,70,10096.0,70
1999,msa_ex_cook,52,1000+,9,20500.0,9
1999,msa_ex_cook,52,250-499,17,5035.0,17
1999,msa_ex_cook,52,50-99,121,7567.0,121
1999,msa_ex_cook,52,500-999,12,7600.0,12
1999,msa_ex_cook,52,unknown,866,0.0,0
1999,msa_ex_cook,53,1-9,2535,8142.0,2347
1999,msa_ex_cook,53,10-49,641,12341.0,635
1999,msa_ex_cook,53,100-249,12,1803.0,12
1999,msa_ex_cook,53,1000+,3,4400.0,3
1999,msa_ex_cook,53,250-499,4,1245.0,4
1999,msa_ex_cook,53,50-99,64,4229.0,64
1999,msa_ex_cook,53,500-999,1,500.0,1
1999,msa_ex_cook,53,unknown,794,0.0,0
1999,msa_ex_cook,54,1-9,9181,24696.0,6513
1999,msa_ex_cook,54,10-49,1157,20545.0,1151
1999,msa_ex_cook,54,100-249,43,6363.0,43
1999,msa_ex_cook,54,1000+,3,4500.0,3
1999,msa_ex_cook,54,250-499,14,4450.0,14
1999,msa_ex_cook,54,50-99,112,7086.0,112
1999,msa_ex_cook,54,500-999,10,7180.0,10
1999,msa_ex_cook,54,unknown,2602,0.0,0
1999,msa_ex_cook,55,1-9,26,71.0,26
1999,msa_ex_cook,55,10-49,16,387.0,16
1999,msa_ex_cook,55,100-249,3,420.0,3
1999,msa_ex_cook,55,50-99,3,183.0,3
1999,msa_ex_cook,55,unknown,14,0.0,0
1999,msa_ex_cook,56,1-9,2857,9221.0,2840
1999,msa_ex_cook,56,10-49,623,11583.0,620
1999,msa_ex_cook,56,100-249,39,5373.0,39
1999,msa_ex_cook,56,1000+,1,1400.0,1
1999,msa_ex_cook,56,250-499,14,4630.0,14
1999,msa_ex_cook,56,50-99,78,4818.0,78
1999,msa_ex_cook,56,500-999,5,3576.0,5
1999,msa_ex_cook,56,unknown,1444,0.0,0
1999,msa_ex_cook,61,1-9,684,2283.0,680
1999,msa_ex_cook,61,10-49,726,19148.0,723
1999,msa_ex_cook,61,100-249,96,13907.0,96
1999,msa_ex_cook,61,1000+,6,10612.0,6
1999,msa_ex_cook,61,250-499,41,12918.0,41
1999,msa_ex_cook,61,50-99,399,25684.0,399
1999,msa_ex_cook,61,500-999,2,1380.0,2
1999,msa_ex_cook,61,unknown,382,0.0,0
1999,msa_ex_cook,62,1-9,9217,32238.0,3054
1999,msa_ex_cook,62,10-49,1301,23763.0,1298
1999,msa_ex_cook,62,100-249,109,16418.0,109
1999,msa_ex_cook,62,1000+,19,25522.0,19
1999,msa_ex_cook,62,250-499,13,3955.0,13
1999,msa_ex_cook,62,50-99,163,10516.0,163
1999,msa_ex_cook,62,500-999,6,3930.0,6
1999,msa_ex_cook,62,unknown,1167,0.0,0
1999,msa_ex_cook,71,1-9,813,2337.0,810
1999,msa_ex_cook,71,10-49,322,6726.0,322
1999,msa_ex_cook,71,100-249,37,5446.0,37
1999,msa_ex_cook,71,1000+,5,9506.0,5
1999,msa_ex_cook,71,250-499,6,2075.0,6
1999,msa_ex_cook,71,50-99,59,3708.0,59
1999,msa_ex_cook,71,500-999,4,2000.0,4
1999,msa_ex_cook,71,unknown,490,0.0,0
1999,msa_ex_cook,72,1-9,2504,9967.0,2500
1999,msa_ex_cook,72,10-49,1901,40856.0,1871
1999,msa_ex_cook,72,100-249,97,12356.0,94
1999,msa_ex_cook,72,250-499,11,3353.0,11
1999,msa_ex_cook,72,50-99,332,20771.0,323
1999,msa_ex_cook,72,500-999,2,1100.0,2
1999,msa_ex_cook,72,unknown,545,0.0,0
1999,msa_ex_cook,81,1-9,8454,25810.0,8399
1999,msa_ex_cook,81,10-49,1327,24164.0,1319
1999,msa_ex_cook,81,100-249,75,10348.0,74
1999,msa_ex_cook,81,1000+,2,4500.0,2
1999,msa_ex_cook,81,250-499,20,6504.0,20
1999,msa_ex_cook,81,50-99,150,9223.0,145
1999,msa_ex_cook,81,500-999,3,1600.0,3
1999,msa_ex_cook,81,unknown,1978,0.0,0
1999,msa_ex_cook,92,1-9,818,3357.0,818
1999,msa_ex_cook,92,10-49,505,11273.0,505
1999,msa_ex_cook,92,100-249,55,7554.0,55
1999,msa_ex_cook,92,1000+,2,3207.0,2
1999,msa_ex_cook,92,250-499,8,2388.0,8
1999,msa_ex_cook,92,50-99,124,7857.0,124
1999,msa_ex_cook,92,500-999,10,6484.0,10
1999,msa_ex_cook,92,unknown,404,0.0,0
1999,msa_ex_cook,99,1-9,468,1234.0,468
1999,msa_ex_cook,99,10-49,84,1500.0,83
1999,msa_ex_cook,99,100-249,2,290.0,2
1999,msa_ex_cook,99,250-499,1,400.0,1
1999,msa_ex_cook,99,50-99,24,1486.0,24
1999,msa_ex_cook,99,unknown,1087,0.0,0
1999,msa_ex_cook,,1-9,389,1152.0,389
1999,msa_ex_cook,,10-49,89,1694.0,89
1999,msa_ex_cook,,100-249,14,1856.0,14
1999,msa_ex_cook,,1000+,1,1050.0,1
1999,msa_ex_cook,,250-499,3,926.0,3
1999,msa_ex_cook,,50-99,19,1368.0,19
1999,msa_ex_cook,,500-999,2,1100.0,2
1999,msa_ex_cook,,unknown,302,0.0,0
2000,chicago,11,1-9,18,43.0,18
2000,chicago,11,10-49,3,45.0,3
2000,chicago,11,100-249,1,200.0,1
2000,chicago,11,250-499,1,400.0,1
2000,chicago,11,unknown,10,0.0,0
2000,chicago,21,1-9,11,36.0,11
2000,chicago,21,10-49,5,99.0,5
2000,chicago,21,unknown,5,0.0,0
2000,chicago,22,1-9,9,24.0,9
2000,chicago,22,10-49,5,87.0,5
2000,chicago,22,100-249,1,102.0,1
2000,chicago,22,1000+,2,2400.0,2
2000,chicago,22,250-499,1,275.0,1
2000,chicago,22,unknown,12,0.0,0
2000,chicago,23,1-9,2056,6401.0,2054
2000,chicago,23,10-49,595,10889.0,595
2000,chicago,23,100-249,33,4320.0,33
2000,chicago,23,1000+,2,2000.0,2
2000,chicago,23,250-499,8,2415.0,8
2000,chicago,23,50-99,71,4304.0,71
2000,chicago,23,unknown,1457,0.0,0
2000,chicago,31,1-9,461,1713.0,460
2000,chicago,31,10-49,184,3772.0,184
2000,chicago,31,100-249,41,5851.0,41
2000,chicago,31,1000+,2,6600.0,2
2000,chicago,31,250-499,16,5020.0,16
2000,chicago,31,50-99,43,2705.0,43
2000,chicago,31,500-999,8,4700.0,8
2000,chicago,31,unknown,73,0.0,0
2000,chicago,32,1-9,794,2713.0,794
2000,chicago,32,10-49,354,7310.0,354
2000,chicago,32,100-249,58,8073.0,58
2000,chicago,32,1000+,6,9500.0,6
2000,chicago,32,250-499,15,4600.0,15
2000,chicago,32,50-99,81,5200.0,81
2000,chicago,32,500-999,5,3035.0,5
2000,chicago,32,unknown,148,0.0,0
2000,chicago,33,1-9,1137,4159.0,1135
2000,chicago,33,10-49,632,13149.0,632
2000,chicago,33,100-249,96,13749.0,96
2000,chicago,33,1000+,3,3600.0,3
2000,chicago,33,250-499,34,10913.0,34
2000,chicago,33,50-99,134,8827.0,134
2000,chicago,33,500-999,15,8862.0,15
2000,chicago,33,unknown,254,0.0,0
2000,chicago,42,1-9,2875,9632.0,2866
2000,chicago,42,10-49,1029,20360.0,1025
2000,chicago,42,100-249,130,18640.0,130
2000,chicago,42,1000+,10,19900.0,10
2000,chicago,42,250-499,49,15666.0,49
2000,chicago,42,50-99,169,10939.0,169
2000,chicago,42,500-999,20,13049.0,20
2000,chicago,42,unknown,1215,0.0,0
2000,chicago,44,1-9,7175,21618.0,7141
2000,chicago,44,10-49,1103,19808.0,1079
2000,chicago,44,100-249,83,12366.0,83
2000,chicago,44,1000+,3,3700.0,3
2000,chicago,44,250-499,21,6480.0,21
2000,chicago,44,50-99,113,7092.0,110
2000,chicago,44,500-999,3,1570.0,3
2000,chicago,44,unknown,1405,0.0,0
2000,chicago,45,1-9,2677,7183.0,2672
2000,chicago,45,10-49,347,6226.0,343
2000,chicago,45,100-249,29,4234.0,27
2000,chicago,45,1000+,1,1000.0,1
2000,chicago,45,250-499,6,1825.0,6
2000,chicago,45,50-99,42,2613.0,42
2000,chicago,45,500-999,5,3500.0,5
2000,chicago,45,unknown,707,0.0,0
2000,chicago,48,1-9,815,2435.0,813
2000,chicago,48,10-49,274,5500.0,271
2000,chicago,48,100-249,50,7536.0,50
2000,chicago,48,1000+,2,3500.0,2
2000,chicago,48,250-499,14,4318.0,14
2000,chicago,48,50-99,56,3604.0,56
2000,chicago,48,500-999,2,1430.0,2
2000,chicago,48,unknown,459,0.0,0
2000,chicago,49,1-9,76,270.0,76
2000,chicago,49,10-49,42,814.0,42
2000,chicago,49,100-249,20,2441.0,20
2000,chicago,49,1000+,2,9000.0,2
2000,chicago,49,250-499,2,750.0,2
2000,chicago,49,50-99,20,1341.0,20
2000,chicago,49,500-999,2,1100.0,2
2000,chicago,49,unknown,50,0.0,0
2000,chicago,51,1-9,1149,3826.0,1146
2000,chicago,51,10-49,449,8818.0,449
2000,chicago,51,100-249,45,6166.0,45
2000,chicago,51,1000+,5,7400.0,5
2000,chicago,51,250-499,19,5538.0,19
2000,chicago,51,50-99,80,4993.0,80
2000,chicago,51,500-999,9,5182.0,9
2000,chicago,51,unknown,618,0.0,0
2000,chicago,52,1-9,3007,9978.0,2764
2000,chicago,52,10-49,892,17676.0,881
2000,chicago,52,100-249,120,17091.0,120
2000,chicago,52,1000+,14,37900.0,14
2000,chicago,52,250-499,41,13885.0,41
2000,chicago,52,50-99,164,10743.0,164
2000,chicago,52,500-999,25,16152.0,25
2000,chicago,52,unknown,881,0.0,0
2000,chicago,53,1-9,2518,8840.0,2412
2000,chicago,53,10-49,795,14373.0,791
2000,chicago,53,100-249,30,3944.0,30
2000,chicago,53,250-499,11,3595.0,11
2000,chicago,53,50-99,78,4981.0,78
2000,chicago,53,500-999,2,1100.0,2
2000,chicago,53,unknown,1011,0.0,0
2000,chicago,54,1-9,16439,39939.0,5852
2000,chicago,54,10-49,1523,29635.0,1508
2000,chicago,54,100-249,99,13559.0,99
2000,chicago,54,1000+,13,22545.0,13
2000,chicago,54,250-499,41,13190.0,41
2000,chicago,54,50-99,188,11814.0,188
2000,chicago,54,500-999,19,11900.0,19
2000,chicago,54,unknown,2289,0.0,0
2000,chicago,55,1-9,30,89.0,30
2000,chicago,55,10-49,8,149.0,8
2000,chicago,55,100-249,3,429.0,3
2000,chicago,55,1000+,3,6000.0,3
2000,chicago,55,250-499,1,280.0,1
2000,chicago,55,50-99,6,397.0,6
2000,chicago,55,500-999,2,1450.0,2
2000,chicago,55,unknown,14,0.0,0
2000,chicago,56,1-9,2088,6871.0,2079
2000,chicago,56,10-49,480,8950.0,479
2000,chicago,56,100-249,50,7128.0,50
2000,chicago,56,1000+,1,1100.0,1
2000,chicago,56,250-499,14,4531.0,14
2000,chicago,56,50-99,77,5037.0,77
2000,chicago,56,500-999,6,3412.0,6
2000,chicago,56,unknown,911,0.0,0
2000,chicago,61,1-9,630,2120.0,627
2000,chicago,61,10-49,633,15120.0,627
2000,chicago,61,100-249,156,20749.0,156
2000,chicago,61,1000+,7,27034.0,7
2000,chicago,61,250-499,16,4612.0,16
2000,chicago,61,50-99,364,24224.0,364
2000,chicago,61,500-999,13,9441.0,13
2000,chicago,61,unknown,382,0.0,0
2000,chicago,62,1-9,8333,28950.0,3022
2000,chicago,62,10-49,1235,23405.0,1226
2000,chicago,62,100-249,121,17693.0,121
2000,chicago,62,1000+,24,71349.0,24
2000,chicago,62,250-499,29,9214.0,29
2000,chicago,62,50-99,174,11145.0,174
2000,chicago,62,500-999,20,12065.0,20
2000,chicago,62,unknown,1276,0.0,0
2000,chicago,71,1-9,580,1587.0,579
2000,chicago,71,10-49,164,3060.0,164
2000,chicago,71,100-249,13,1500.0,13
2000,chicago,71,1000+,2,4614.0,2
2000,chicago,71,250-499,3,1100.0,3
2000,chicago,71,50-99,20,1257.0,20
2000,chicago,71,500-999,3,1850.0,3
2000,chicago,71,unknown,377,0.0,0
2000,chicago,72,1-9,3898,13406.0,3888
2000,chicago,72,10-49,1501,30678.0,1483
2000,chicago,72,100-249,112,15416.0,112
2000,chicago,72,1000+,6,7773.0,6
2000,chicago,72,250-499,23,6965.0,23
2000,chicago,72,50-99,233,14626.0,231
2000,chicago,72,500-999,9,6036.0,9
2000,chicago,72,unknown,1077,0.0,0
2000,chicago,81,1-9,9740,27763.0,9711
2000,chicago,81,10-49,1369,24860.0,1364
2000,chicago,81,100-249,67,9427.0,67
2000,chicago,81,1000+,5,13875.0,5
2000,chicago,81,250-499,19,6345.0,19
2000,chicago,81,50-99,151,9405.0,151
2000,chicago,81,500-999,8,5642.0,8
2000,chicago,81,unknown,2895,0.0,0
2000,chicago,92,1-9,299,1443.0,299
2000,chicago,92,10-49,349,7486.0,349
2000,chicago,92,100-249,87,13153.0,87
2000,chicago,92,1000+,9,24074.0,9
2000,chicago,92,250-499,46,15578.0,46
2000,chicago,92,50-99,88,5874.0,88
2000,chicago,92,500-999,13,7747.0,13
2000,chicago,92,unknown,277,0.0,0
2000,chicago,99,1-9,470,1316.0,460
2000,chicago,99,10-49,101,1979.0,100
2000,chicago,99,100-249,12,1730.0,12
2000,chicago,99,50-99,21,1302.0,21
2000,chicago,99,unknown,4858,0.0,0
2000,chicago,,1-9,361,1298.0,348
2000,chicago,,10-49,242,5134.0,242
2000,chicago,,100-249,53,6796.0,53
2000,chicago,,1000+,9,15400.0,9
2000,chicago,,250-499,21,6385.0,21
2000,chicago,,50-99,60,3963.0,60
2000,chicago,,500-999,8,5375.0,8
2000,chicago,,unknown,301,0.0,0
2000,cook_ex_chicago,11,1-9,36,103.0,36
2000,cook_ex_chicago,11,10-49,7,113.0,7
2000,cook_ex_chicago,11,100-249,1,120.0,1
2000,cook_ex_chicago,11,50-99,2,135.0,2
2000,cook_ex_chicago,11,unknown,17,0.0,0
2000,cook_ex_chicago,21,1-9,19,79.0,19
2000,cook_ex_chicago,21,10-49,6,126.0,6
2000,cook_ex_chicago,21,50-99,1,60.0,1
2000,cook_ex_chicago,21,unknown,11,0.0,0
2000,cook_ex_chicago,22,1-9,21,71.0,21
2000,cook_ex_chicago,22,10-49,14,341.0,14
2000,cook_ex_chicago,22,100-249,3,340.0,3
2000,cook_ex_chicago,22,50-99,3,190.0,3
2000,cook_ex_chicago,22,unknown,13,0.0,0
2000,cook_ex_chicago,23,1-9,3484,10858.0,3474
2000,cook_ex_chicago,23,10-49,1071,20931.0,1070
2000,cook_ex_chicago,23,100-249,43,5352.0,43
2000,cook_ex_chicago,23,250-499,5,1600.0,5
2000,cook_ex_chicago,23,50-99,130,7785.0,130
2000,cook_ex_chicago,23,500-999,1,500.0,1
2000,cook_ex_chicago,23,unknown,2799,0.0,0
2000,cook_ex_chicago,31,1-9,278,1070.0,278
2000,cook_ex_chicago,31,10-49,139,3097.0,139
2000,cook_ex_chicago,31,100-249,35,4845.0,35
2000,cook_ex_chicago,31,1000+,3,3500.0,3
2000,cook_ex_chicago,31,250-499,7,2265.0,7
2000,cook_ex_chicago,31,50-99,42,2713.0,42
2000,cook_ex_chicago,31,500-999,3,1900.0,3
2000,cook_ex_chicago,31,unknown,61,0.0,0
2000,cook_ex_chicago,32,1-9,922,3414.0,921
2000,cook_ex_chicago,32,10-49,470,9549.0,470
2000,cook_ex_chicago,32,100-249,124,17497.0,124
2000,cook_ex_chicago,32,1000+,2,3200.0,2
2000,cook_ex_chicago,32,250-499,13,4346.0,13
2000,cook_ex_chicago,32,50-99,134,8653.0,133
2000,cook_ex_chicago,32,500-999,5,3300.0,5
2000,cook_ex_chicago,32,unknown,208,0.0,1
2000,cook_ex_chicago,33,1-9,1713,6623.0,1712
2000,cook_ex_chicago,33,10-49,1053,22509.0,1052
2000,cook_ex_chicago,33,100-249,211,31058.0,211
2000,cook_ex_chicago,33,1000+,9,11215.0,9
2000,cook_ex_chicago,33,250-499,38,11881.0,38
2000,cook_ex_chicago,33,50-99,268,17112.0,268
2000,cook_ex_chicago,33,500-999,24,16394.0,24
2000,cook_ex_chicago,33,unknown,371,0.0,0
2000,cook_ex_chicago,42,1-9,3757,13925.0,3745
2000,cook_ex_chicago,42,10-49,1608,32121.0,1596
2000,cook_ex_chicago,42,100-249,183,25946.0,183
2000,cook_ex_chicago,42,1000+,11,28800.0,11
2000,cook_ex_chicago,42,250-499,54,17573.0,54
2000,cook_ex_chicago,42,50-99,295,18969.0,295
2000,cook_ex_chicago,42,500-999,21,13689.0,21
2000,cook_ex_chicago,42,unknown,1657,0.0,0
2000,cook_ex_chicago,44,1-9,5659,21006.0,5596
2000,cook_ex_chicago,44,10-49,1649,30064.0,1617
2000,cook_ex_chicago,44,100-249,153,23035.0,145
2000,cook_ex_chicago,44,1000+,6,12925.0,6
2000,cook_ex_chicago,44,250-499,42,11910.0,42
2000,cook_ex_chicago,44,50-99,217,13423.0,198
2000,cook_ex_chicago,44,500-999,5,2950.0,5
2000,cook_ex_chicago,44,unknown,1324,0.0,0
2000,cook_ex_chicago,45,1-9,2475,7715.0,2465
2000,cook_ex_chicago,45,10-49,580,11385.0,567
2000,cook_ex_chicago,45,100-249,72,10515.0,66
2000,cook_ex_chicago,45,250-499,16,5135.0,16
2000,cook_ex_chicago,45,50-99,79,5072.0,71
2000,cook_ex_chicago,45,500-999,7,3850.0,7
2000,cook_ex_chicago,45,unknown,751,0.0,0
2000,cook_ex_chicago,48,1-9,1061,3463.0,1061
2000,cook_ex_chicago,48,10-49,355,7100.0,351
2000,cook_ex_chicago,48,100-249,56,7914.0,56
2000,cook_ex_chicago,48,1000+,3,6000.0,3
2000,cook_ex_chicago,48,250-499,13,4300.0,13
2000,cook_ex_chicago,48,50-99,68,4209.0,68
2000,cook_ex_chicago,48,500-999,2,1200.0,2
2000,cook_ex_chicago,48,unknown,522,0.0,0
2000,cook_ex_chicago,49,1-9,107,375.0,105
2000,cook_ex_chicago,49,10-49,54,1238.0,53
2000,cook_ex_chicago,49,100-249,19,2844.0,19
2000,cook_ex_chicago,49,250-499,5,1540.0,5
2000,cook_ex_chicago,49,50-99,24,1665.0,24
2000,cook_ex_chicago,49,unknown,54,0.0,0
2000,cook_ex_chicago,51,1-9,785,2439.0,782
2000,cook_ex_chicago,51,10-49,272,5668.0,270
2000,cook_ex_chicago,51,100-249,33,4770.0,33
2000,cook_ex_chicago,51,1000+,2,6000.0,2
2000,cook_ex_chicago,51,250-499,9,2689.0,9
2000,cook_ex_chicago,51,50-99,67,4228.0,67
2000,cook_ex_chicago,51,500-999,5,2750.0,5
2000,cook_ex_chicago,51,unknown,455,0.0,0
2000,cook_ex_chicago,52,1-9,3414,10665.0,2948
2000,cook_ex_chicago,52,10-49,840,16148.0,831
2000,cook_ex_chicago,52,100-249,45,6423.0,45
2000,cook_ex_chicago,52,1000+,4,10000.0,4
2000,cook_ex_chicago,52,250-499,13,3950.0,13
2000,cook_ex_chicago,52,50-99,125,8126.0,125
2000,cook_ex_chicago,52,500-999,3,2099.0,3
2000,cook_ex_chicago,52,unknown,985,0.0,0
2000,cook_ex_chicago,53,1-9,1922,6537.0,1840
2000,cook_ex_chicago,53,10-49,640,12059.0,628
2000,cook_ex_chicago,53,100-249,16,2499.0,16
2000,cook_ex_chicago,53,250-499,2,700.0,2
2000,cook_ex_chicago,53,50-99,70,4549.0,70
2000,cook_ex_chicago,53,unknown,728,0.0,0
2000,cook_ex_chicago,54,1-9,6758,18563.0,4858
2000,cook_ex_chicago,54,10-49,971,17410.0,961
2000,cook_ex_chicago,54,100-249,42,5701.0,42
2000,cook_ex_chicago,54,1000+,2,2500.0,2
2000,cook_ex_chicago,54,250-499,19,5653.0,19
2000,cook_ex_chicago,54,50-99,98,6204.0,98
2000,cook_ex_chicago,54,500-999,6,4231.0,6
2000,cook_ex_chicago,54,unknown,2224,0.0,0
2000,cook_ex_chicago,55,1-9,15,43.0,15
2000,cook_ex_chicago,55,10-49,8,210.0,8
2000,cook_ex_chicago,55,100-249,3,430.0,3
2000,cook_ex_chicago,55,250-499,1,350.0,1
2000,cook_ex_chicago,55,50-99,4,245.0,4
2000,cook_ex_chicago,55,unknown,5,0.0,0
2000,cook_ex_chicago,56,1-9,2095,6871.0,2087
2000,cook_ex_chicago,56,10-49,618,11457.0,612
2000,cook_ex_chicago,56,100-249,46,6900.0,46
2000,cook_ex_chicago,56,250-499,14,4658.0,14
2000,cook_ex_chicago,56,50-99,59,3551.0,59
2000,cook_ex_chicago,56,500-999,2,1300.0,2
2000,cook_ex_chicago,56,unknown,1159,0.0,0
2000,cook_ex_chicago,61,1-9,596,1906.0,594
2000,cook_ex_chicago,61,10-49,671,18104.0,668
2000,cook_ex_chicago,61,100-249,68,9649.0,68
2000,cook_ex_chicago,61,1000+,5,6340.0,5
2000,cook_ex_chicago,61,250-499,28,8935.0,28
2000,cook_ex_chicago,61,50-99,337,22052.0,337
2000,cook_ex_chicago,61,500-999,8,4691.0,8
2000,cook_ex_chicago,61,unknown,387,0.0,0
2000,cook_ex_chicago,62,1-9,9165,32097.0,2745
2000,cook_ex_chicago,62,10-49,1232,21818.0,1230
2000,cook_ex_chicago,62,100-249,127,18741.0,127
2000,cook_ex_chicago,62,1000+,16,34250.0,16
2000,cook_ex_chicago,62,250-499,31,9624.0,31
2000,cook_ex_chicago,62,50-99,143,9110.0,143
2000,cook_ex_chicago,62,500-999,9,5325.0,9
2000,cook_ex_chicago,62,unknown,1207,0.0,0
2000,cook_ex_chicago,71,1-9,530,1476.0,528
2000,cook_ex_chicago,71,10-49,239,5288.0,238
2000,cook_ex_chicago,71,100-249,34,5049.0,34
2000,cook_ex_chicago,71,250-499,5,1410.0,5
2000,cook_ex_chicago,71,50-99,41,2508.0,41
2000,cook_ex_chicago,71,500-999,2,1000.0,2
2000,cook_ex_chicago,71,unknown,439,0.0,0
2000,cook_ex_chicago,72,1-9,2432,9318.0,2427
2000,cook_ex_chicago,72,10-49,1674,35438.0,1647
2000,cook_ex_chicago,72,100-249,98,13377.0,98
2000,cook_ex_chicago,72,1000+,2,4800.0,2
2000,cook_ex_chicago,72,250-499,16,5051.0,16
2000,cook_ex_chicago,72,50-99,308,19368.0,298
2000,cook_ex_chicago,72,500-999,2,1480.0,2
2000,cook_ex_chicago,72,unknown,648,0.0,0
2000,cook_ex_chicago,81,1-9,7487,23275.0,7442
2000,cook_ex_chicago,81,10-49,1356,25056.0,1348
2000,cook_ex_chicago,81,100-249,75,10609.0,75
2000,cook_ex_chicago,81,1000+,2,7200.0,2
2000,cook_ex_chicago,81,250-499,17,5659.0,17
2000,cook_ex_chicago,81,50-99,140,9124.0,139
2000,cook_ex_chicago,81,500-999,3,2100.0,3
2000,cook_ex_chicago,81,unknown,1944,0.0,0
2000,cook_ex_chicago,92,1-9,472,1849.0,472
2000,cook_ex_chicago,92,10-49,380,9397.0,380
2000,cook_ex_chicago,92,100-249,57,8090.0,57
2000,cook_ex_chicago,92,1000+,2,5000.0,2
2000,cook_ex_chicago,92,250-499,14,4812.0,14
2000,cook_ex_chicago,92,50-99,106,6567.0,106
2000,cook_ex_chicago,92,500-999,3,1900.0,3
2000,cook_ex_chicago,92,unknown,322,0.0,0
2000,cook_ex_chicago,99,1-9,381,939.0,380
2000,cook_ex_chicago,99,10-49,76,1424.0,75
2000,cook_ex_chicago,99,100-249,2,200.0,2
2000,cook_ex_chicago,99,50-99,14,920.0,14
2000,cook_ex_chicago,99,unknown,751,0.0,0
2000,cook_ex_chicago,,1-9,385,1300.0,380
2000,cook_ex_chicago,,10-49,158,2951.0,158
2000,cook_ex_chicago,,100-249,34,5290.0,34
2000,cook_ex_chicago,,1000+,4,9100.0,4
2000,cook_ex_chicago,,250-499,15,4647.0,15
2000,cook_ex_chicago,,50-99,42,2800.0,42
2000,cook_ex_chicago,,500-999,5,3875.0,5
2000,cook_ex_chicago,,unknown,283,0.0,0
2000,il_ex_msa,11,1-9,837,2295.0,837
2000,il_ex_msa,11,10-49,80,1289.0,76
2000,il_ex_msa,11,100-249,7,1010.0,7
2000,il_ex_msa,11,50-99,9,554.0,9
2000,il_ex_msa,11,500-999,1,850.0,1
2000,il_ex_msa,11,unknown,297,0.0,0
2000,il_ex_msa,21,1-9,206,693.0,205
2000,il_ex_msa,21,10-49,88,1692.0,86
2000,il_ex_msa,21,100-249,10,1482.0,10
2000,il_ex_msa,21,250-499,5,1590.0,5
2000,il_ex_msa,21,50-99,7,423.0,7
2000,il_ex_msa,21,500-999,1,525.0,1
2000,il_ex_msa,21,unknown,58,0.0,0
2000,il_ex_msa,22,1-9,141,523.0,140
2000,il_ex_msa,22,10-49,55,1153.0,55
2000,il_ex_msa,22,100-249,4,486.0,4
2000,il_ex_msa,22,250-499,3,990.0,3
2000,il_ex_msa,22,50-99,13,923.0,13
2000,il_ex_msa,22,500-999,2,1690.0,2
2000,il_ex_msa,22,unknown,57,0.0,0
2000,il_ex_msa,23,1-9,7971,22962.0,7950
2000,il_ex_msa,23,10-49,1514,28272.0,1511
2000,il_ex_msa,23,100-249,65,9257.0,65
2000,il_ex_msa,23,250-499,7,2272.0,7
2000,il_ex_msa,23,50-99,135,8457.0,135
2000,il_ex_msa,23,500-999,2,1300.0,2
2000,il_ex_msa,23,unknown,3095,0.0,0
2000,il_ex_msa,31,1-9,379,1439.0,379
2000,il_ex_msa,31,10-49,180,3819.0,179
2000,il_ex_msa,31,100-249,37,5373.0,36
2000,il_ex_msa,31,1000+,3,4492.0,3
2000,il_ex_msa,31,250-499,10,3010.0,10
2000,il_ex_msa,31,50-99,48,3110.0,48
2000,il_ex_msa,31,500-999,6,3840.0,6
2000,il_ex_msa,31,unknown,54,0.0,0
2000,il_ex_msa,32,1-9,1097,3953.0,1096
2000,il_ex_msa,32,10-49,455,9450.0,455
2000,il_ex_msa,32,100-249,65,9638.0,65
2000,il_ex_msa,32,1000+,8,12764.0,8
2000,il_ex_msa,32,250-499,30,10128.0,30
2000,il_ex_msa,32,50-99,89,5939.0,89
2000,il_ex_msa,32,500-999,12,8120.0,12
2000,il_ex_msa,32,unknown,110,0.0,0
2000,il_ex_msa,33,1-9,1964,6628.0,1962
2000,il_ex_msa,33,10-49,846,17474.0,845
2000,il_ex_msa,33,100-249,161,22259.0,161
2000,il_ex_msa,33,1000+,13,27165.0,13
2000,il_ex_msa,33,250-499,60,19982.0,60
2000,il_ex_msa,33,50-99,195,13064.0,194
2000,il_ex_msa,33,500-999,24,15665.0,24
2000,il_ex_msa,33,unknown,190,0.0,0
2000,il_ex_msa,42,1-9,5343,18759.0,5326
2000,il_ex_msa,42,10-49,1810,34248.0,1803
2000,il_ex_msa,42,100-249,163,23012.0,161
2000,il_ex_msa,42,1000+,14,26140.0,14
2000,il_ex_msa,42,250-499,66,20381.0,66
2000,il_ex_msa,42,50-99,247,15776.0,246
2000,il_ex_msa,42,500-999,31,19357.0,31
2000,il_ex_msa,42,unknown,1080,0.0,0
2000,il_ex_msa,44,1-9,12502,45585.0,12398
2000,il_ex_msa,44,10-49,2929,51119.0,2901
2000,il_ex_msa,44,100-249,164,22634.0,161
2000,il_ex_msa,44,1000+,2,3350.0,2
2000,il_ex_msa,44,250-499,30,9759.0,30
2000,il_ex_msa,44,50-99,321,21154.0,311
2000,il_ex_msa,44,500-999,10,6861.0,10
2000,il_ex_msa,44,unknown,1283,0.0,0
2000,il_ex_msa,45,1-9,6221,17474.0,6211
2000,il_ex_msa,45,10-49,759,13393.0,751
2000,il_ex_msa,45,100-249,121,16753.0,115
2000,il_ex_msa,45,1000+,1,1000.0,1
2000,il_ex_msa,45,250-499,13,4099.0,13
2000,il_ex_msa,45,50-99,82,5614.0,79
2000,il_ex_msa,45,500-999,2,1037.0,2
2000,il_ex_msa,45,unknown,919,0.0,0
2000,il_ex_msa,48,1-9,1947,6110.0,1932
2000,il_ex_msa,48,10-49,747,14387.0,738
2000,il_ex_msa,48,100-249,51,6814.0,51
2000,il_ex_msa,48,1000+,1,1000.0,1
2000,il_ex_msa,48,250-499,13,4666.0,13
2000,il_ex_msa,48,50-99,107,6621.0,107
2000,il_ex_msa,48,500-999,6,3525.0,6
2000,il_ex_msa,48,unknown,484,0.0,0
2000,il_ex_msa,49,1-9,1383,4968.0,1382
2000,il_ex_msa,49,10-49,254,4559.0,254
2000,il_ex_msa,49,100-249,14,1980.0,14
2000,il_ex_msa,49,250-499,1,350.0,1
2000,il_ex_msa,49,50-99,28,1897.0,28
2000,il_ex_msa,49,500-999,3,2150.0,3
2000,il_ex_msa,49,unknown,152,0.0,0
2000,il_ex_msa,51,1-9,1541,5213.0,1534
2000,il_ex_msa,51,10-49,507,9895.0,505
2000,il_ex_msa,51,100-249,35,4589.0,35
2000,il_ex_msa,51,250-499,9,2912.0,9
2000,il_ex_msa,51,50-99,56,3654.0,56
2000,il_ex_msa,51,500-999,4,2140.0,4
2000,il_ex_msa,51,unknown,574,0.0,0
2000,il_ex_msa,52,1-9,7268,21812.0,6135
2000,il_ex_msa,52,10-49,1253,23563.0,1251
2000,il_ex_msa,52,100-249,51,7378.0,51
2000,il_ex_msa,52,1000+,9,26589.0,9
2000,il_ex_msa,52,250-499,17,5926.0,17
2000,il_ex_msa,52,50-99,103,6546.0,103
2000,il_ex_msa,52,500-999,8,4549.0,8
2000,il_ex_msa,52,unknown,689,0.0,0
2000,il_ex_msa,53,1-9,4299,12598.0,3817
2000,il_ex_msa,53,10-49,572,10054.0,569
2000,il_ex_msa,53,100-249,9,1185.0,9
2000,il_ex_msa,53,250-499,1,250.0,1
2000,il_ex_msa,53,50-99,43,2635.0,43
2000,il_ex_msa,53,500-999,1,615.0,1
2000,il_ex_msa,53,unknown,718,0.0,0
2000,il_ex_msa,54,1-9,10841,28989.0,5990
2000,il_ex_msa,54,10-49,1103,19833.0,1101
2000,il_ex_msa,54,100-249,37,4969.0,37
2000,il_ex_msa,54,1000+,2,3300.0,2
2000,il_ex_msa,54,250-499,11,4055.0,11
2000,il_ex_msa,54,50-99,84,5419.0,84
2000,il_ex_msa,54,500-999,4,2347.0,4
2000,il_ex_msa,54,unknown,1437,0.0,0
2000,il_ex_msa,55,1-9,51,171.0,51
2000,il_ex_msa,55,10-49,25,664.0,25
2000,il_ex_msa,55,100-249,1,150.0,1
2000,il_ex_msa,55,250-499,1,400.0,1
2000,il_ex_msa,55,50-99,4,250.0,4
2000,il_ex_msa,55,unknown,34,0.0,0
2000,il_ex_msa,56,1-9,3057,9027.0,3046
2000,il_ex_msa,56,10-49,547,10014.0,538
2000,il_ex_msa,56,100-249,44,6075.0,44
2000,il_ex_msa,56,250-499,14,4015.0,14
2000,il_ex_msa,56,50-99,67,4447.0,67
2000,il_ex_msa,56,500-999,1,500.0,1
2000,il_ex_msa,56,unknown,987,0.0,0
2000,il_ex_msa,61,1-9,1305,4741.0,1299
2000,il_ex_msa,61,10-49,1900,50552.0,1898
2000,il_ex_msa,61,100-249,172,23779.0,172
2000,il_ex_msa,61,1000+,14,52730.0,14
2000,il_ex_msa,61,250-499,31,9766.0,31
2000,il_ex_msa,61,50-99,575,36407.0,575
2000,il_ex_msa,61,500-999,7,4234.0,7
2000,il_ex_msa,61,unknown,458,0.0,0
2000,il_ex_msa,62,1-9,12315,43153.0,4715
2000,il_ex_msa,62,10-49,2137,40802.0,2131
2000,il_ex_msa,62,100-249,280,38415.0,280
2000,il_ex_msa,62,1000+,28,63833.0,28
2000,il_ex_msa,62,250-499,55,16826.0,55
2000,il_ex_msa,62,50-99,447,30110.0,447
2000,il_ex_msa,62,500-999,29,20572.0,29
2000,il_ex_msa,62,unknown,1396,0.0,0
2000,il_ex_msa,71,1-9,1397,4539.0,1390
2000,il_ex_msa,71,10-49,465,8834.0,465
2000,il_ex_msa,71,100-249,15,2098.0,15
2000,il_ex_msa,71,1000+,2,2591.0,2
2000,il_ex_msa,71,250-499,6,2179.0,6
2000,il_ex_msa,71,50-99,64,4062.0,64
2000,il_ex_msa,71,500-999,5,3851.0,5
2000,il_ex_msa,71,unknown,674,0.0,0
2000,il_ex_msa,72,1-9,5314,19948.0,5288
2000,il_ex_msa,72,10-49,3531,74572.0,3494
2000,il_ex_msa,72,100-249,112,14952.0,111
2000,il_ex_msa,72,1000+,1,1500.0,1
2000,il_ex_msa,72,250-499,18,5227.0,18
2000,il_ex_msa,72,50-99,509,31803.0,497
2000,il_ex_msa,72,500-999,2,1035.0,2
2000,il_ex_msa,72,unknown,838,0.0,0
2000,il_ex_msa,81,1-9,20780,54279.0,20612
2000,il_ex_msa,81,10-49,1724,31264.0,1715
2000,il_ex_msa,81,100-249,119,17017.0,118
2000,il_ex_msa,81,1000+,5,11131.0,5
2000,il_ex_msa,81,250-499,26,8277.0,26
2000,il_ex_msa,81,50-99,233,15299.0,232
2000,il_ex_msa,81,500-999,2,1200.0,2
2000,il_ex_msa,81,unknown,4593,0.0,0
2000,il_ex_msa,92,1-9,5001,18242.0,4997
2000,il_ex_msa,92,10-49,1815,37656.0,1815
2000,il_ex_msa,92,100-249,83,12698.0,83
2000,il_ex_msa,92,1000+,8,13560.0,8
2000,il_ex_msa,92,250-499,45,14552.0,45
2000,il_ex_msa,92,50-99,214,13999.0,214
2000,il_ex_msa,92,500-999,12,7224.0,12
2000,il_ex_msa,92,unknown,2074,0.0,0
2000,il_ex_msa,99,1-9,193,462.0,189
2000,il_ex_msa,99,10-49,41,899.0,39
2000,il_ex_msa,99,100-249,2,245.0,2
2000,il_ex_msa,99,50-99,12,720.0,12
2000,il_ex_msa,99,unknown,828,0.0,0
2000,il_ex_msa,,1-9,319,1021.0,311
2000,il_ex_msa,,10-49,90,1999.0,87
2000,il_ex_msa,,100-249,17,2389.0,17
2000,il_ex_msa,,1000+,2,2960.0,2
2000,il_ex_msa,,250-499,11,3302.0,11
2000,il_ex_msa,,50-99,13,880.0,13
2000,il_ex_msa,,500-999,2,1400.0,2
2000,il_ex_msa,,unknown,112,0.0,0
2000,msa_ex_cook,11,1-9,129,370.0,129
2000,msa_ex_cook,11,10-49,37,583.0,37
2000,msa_ex_cook,11,100-249,3,532.0,3
2000,msa_ex_cook,11,50-99,5,280.0,5
2000,msa_ex_cook,11,unknown,49,0.0,0
2000,msa_ex_cook,21,1-9,24,82.0,24
2000,msa_ex_cook,21,10-49,19,315.0,19
2000,msa_ex_cook,21,1000+,1,1000.0,1
2000,msa_ex_cook,21,50-99,1,75.0,1
2000,msa_ex_cook,21,500-999,1,600.0,1
2000,msa_ex_cook,21,unknown,7,0.0,0
2000,msa_ex_cook,22,1-9,45,156.0,45
2000,msa_ex_cook,22,10-49,24,428.0,24
2000,msa_ex_cook,22,100-249,2,390.0,2
2000,msa_ex_cook,22,unknown,25,0.0,0
2000,msa_ex_cook,23,1-9,5920,17847.0,5900
2000,msa_ex_cook,23,10-49,1404,25981.0,1403
2000,msa_ex_cook,23,100-249,55,7504.0,55
2000,msa_ex_cook,23,250-499,12,3720.0,12
2000,msa_ex_cook,23,50-99,143,8769.0,143
2000,msa_ex_cook,23,500-999,4,2330.0,4
2000,msa_ex_cook,23,unknown,4149,0.0,0
2000,msa_ex_cook,31,1-9,270,1006.0,268
2000,msa_ex_cook,31,10-49,134,2601.0,134
2000,msa_ex_cook,31,100-249,21,3087.0,21
2000,msa_ex_cook,31,250-499,7,2087.0,7
2000,msa_ex_cook,31,50-99,30,1912.0,30
2000,msa_ex_cook,31,unknown,46,0.0,0
2000,msa_ex_cook,32,1-9,1040,3755.0,1039
2000,msa_ex_cook,32,10-49,518,11192.0,518
2000,msa_ex_cook,32,100-249,127,17712.0,127
2000,msa_ex_cook,32,1000+,7,25720.0,7
2000,msa_ex_cook,32,250-499,29,9212.0,29
2000,msa_ex_cook,32,50-99,148,9416.0,148
2000,msa_ex_cook,32,500-999,10,6699.0,10
2000,msa_ex_cook,32,unknown,309,0.0,0
2000,msa_ex_cook,33,1-9,2057,7334.0,2055
2000,msa_ex_cook,33,10-49,1139,23783.0,1139
2000,msa_ex_cook,33,100-249,167,24051.0,167
2000,msa_ex_cook,33,1000+,9,15600.0,9
2000,msa_ex_cook,33,250-499,59,19226.0,59
2000,msa_ex_cook,33,50-99,221,14220.0,221
2000,msa_ex_cook,33,500-999,20,12395.0,20
2000,msa_ex_cook,33,unknown,405,0.0,0
2000,msa_ex_cook,42,1-9,4655,16008.0,4646
2000,msa_ex_cook,42,10-49,1806,35289.0,1797
2000,msa_ex_cook,42,100-249,201,28794.0,201
2000,msa_ex_cook,42,1000+,10,16267.0,10
2000,msa_ex_cook,42,250-499,70,22404.0,70
2000,msa_ex_cook,42,50-99,267,17164.0,266
2000,msa_ex_cook,42,500-999,21,12355.0,21
2000,msa_ex_cook,42,unknown,1908,0.0,0
2000,msa_ex_cook,44,1-9,6456,23783.0,6387
2000,msa_ex_cook,44,10-49,1912,35373.0,1875
2000,msa_ex_cook,44,100-249,167,25161.0,166
2000,msa_ex_cook,44,1000+,2,2400.0,2
2000,msa_ex_cook,44,250-499,40,11606.0,40
2000,msa_ex_cook,44,50-99,262,16721.0,252
2000,msa_ex_cook,44,500-999,3,2050.0,3
2000,msa_ex_cook,44,unknown,1476,0.0,0
2000,msa_ex_cook,45,1-9,3296,10156.0,3288
2000,msa_ex_cook,45,10-49,611,10877.0,599
2000,msa_ex_cook,45,100-249,94,14054.0,89
2000,msa_ex_cook,45,250-499,14,4045.0,14
2000,msa_ex_cook,45,50-99,84,5446.0,76
2000,msa_ex_cook,45,500-999,3,2200.0,3
2000,msa_ex_cook,45,unknown,900,0.0,0
2000,msa_ex_cook,48,1-9,1076,3459.0,1071
2000,msa_ex_cook,48,10-49,390,7364.0,389
2000,msa_ex_cook,48,100-249,39,5395.0,38
2000,msa_ex_cook,48,250-499,5,1550.0,5
2000,msa_ex_cook,48,50-99,70,4385.0,70
2000,msa_ex_cook,48,500-999,4,2656.0,4
2000,msa_ex_cook,48,unknown,453,0.0,0
2000,msa_ex_cook,49,1-9,153,553.0,152
2000,msa_ex_cook,49,10-49,78,1762.0,78
2000,msa_ex_cook,49,100-249,17,2472.0,17
2000,msa_ex_cook,49,250-499,3,868.0,3
2000,msa_ex_cook,49,50-99,19,1341.0,19
2000,msa_ex_cook,49,unknown,40,0.0,0
2000,msa_ex_cook,51,1-9,888,2572.0,883
2000,msa_ex_cook,51,10-49,326,6928.0,326
2000,msa_ex_cook,51,100-249,34,4835.0,34
2000,msa_ex_cook,51,1000+,2,2150.0,2
2000,msa_ex_cook,51,250-499,13,4175.0,13
2000,msa_ex_cook,51,50-99,53,3688.0,53
2000,msa_ex_cook,51,500-999,6,3627.0,6
2000,msa_ex_cook,51,unknown,529,0.0,0
2000,msa_ex_cook,52,1-9,3796,11641.0,3310
2000,msa_ex_cook,52,10-49,930,17518.0,924
2000,msa_ex_cook,52,100-249,69,9934.0,69
2000,msa_ex_cook,52,1000+,7,15500.0,7
2000,msa_ex_cook,52,250-499,16,4735.0,16
2000,msa_ex_cook,52,50-99,126,7879.0,126
2000,msa_ex_cook,52,500-999,13,8200.0,13
2000,msa_ex_cook,52,unknown,1017,0.0,0
2000,msa_ex_cook,53,1-9,2601,8351.0,2393
2000,msa_ex_cook,53,10-49,656,12561.0,641
2000,msa_ex_cook,53,100-249,9,1203.0,9
2000,msa_ex_cook,53,1000+,2,2400.0,2
2000,msa_ex_cook,53,250-499,2,695.0,2
2000,msa_ex_cook,53,50-99,70,4469.0,70
2000,msa_ex_cook,53,500-999,1,500.0,1
2000,msa_ex_cook,53,unknown,851,0.0,0
2000,msa_ex_cook,54,1-9,9347,25160.0,6601
2000,msa_ex_cook,54,10-49,1115,19910.0,1109
2000,msa_ex_cook,54,100-249,49,7166.0,49
2000,msa_ex_cook,54,1000+,2,3000.0,2
2000,msa_ex_cook,54,250-499,14,4535.0,14
2000,msa_ex_cook,54,50-99,99,6362.0,99
2000,msa_ex_cook,54,500-999,10,6300.0,10
2000,msa_ex_cook,54,unknown,2751,0.0,0
2000,msa_ex_cook,55,1-9,28,83.0,28
2000,msa_ex_cook,55,10-49,16,416.0,16
2000,msa_ex_cook,55,100-249,2,320.0,2
2000,msa_ex_cook,55,50-99,5,290.0,5
2000,msa_ex_cook,55,unknown,14,0.0,0
2000,msa_ex_cook,56,1-9,2877,9195.0,2862
2000,msa_ex_cook,56,10-49,632,11884.0,624
2000,msa_ex_cook,56,100-249,34,4681.0,34
2000,msa_ex_cook,56,250-499,14,4577.0,14
2000,msa_ex_cook,56,50-99,80,4852.0,80
2000,msa_ex_cook,56,500-999,3,2275.0,3
2000,msa_ex_cook,56,unknown,1547,0.0,0
2000,msa_ex_cook,61,1-9,687,2299.0,685
2000,msa_ex_cook,61,10-49,712,18891.0,710
2000,msa_ex_cook,61,100-249,96,13916.0,96
2000,msa_ex_cook,61,1000+,6,10612.0,6
2000,msa_ex_cook,61,250-499,35,11038.0,35
2000,msa_ex_cook,61,50-99,398,25685.0,398
2000,msa_ex_cook,61,500-999,4,2480.0,4
2000,msa_ex_cook,61,unknown,418,0.0,0
2000,msa_ex_cook,62,1-9,9358,32710.0,3039
2000,msa_ex_cook,62,10-49,1305,23529.0,1302
2000,msa_ex_cook,62,100-249,108,16218.0,108
2000,msa_ex_cook,62,1000+,21,29672.0,21
2000,msa_ex_cook,62,250-499,16,4892.0,16
2000,msa_ex_cook,62,50-99,163,10520.0,163
2000,msa_ex_cook,62,500-999,6,3900.0,6
2000,msa_ex_cook,62,unknown,1292,0.0,0
2000,msa_ex_cook,71,1-9,830,2380.0,829
2000,msa_ex_cook,71,10-49,324,6772.0,324
2000,msa_ex_cook,71,100-249,34,5073.0,34
2000,msa_ex_cook,71,1000+,4,6506.0,4
2000,msa_ex_cook,71,250-499,8,2700.0,8
2000,msa_ex_cook,71,50-99,66,4184.0,66
2000,msa_ex_cook,71,500-999,3,1500.0,3
2000,msa_ex_cook,71,unknown,506,0.0,0
2000,msa_ex_cook,72,1-9,2484,9777.0,2482
2000,msa_ex_cook,72,10-49,1919,41315.0,1881
2000,msa_ex_cook,72,100-249,109,14465.0,107
2000,msa_ex_cook,72,1000+,1,7200.0,1
2000,msa_ex_cook,72,250-499,12,3553.0,12
2000,msa_ex_cook,72,50-99,334,21012.0,329
2000,msa_ex_cook,72,500-999,5,3000.0,5
2000,msa_ex_cook,72,unknown,574,0.0,0
2000,msa_ex_cook,81,1-9,8526,26038.0,8465
2000,msa_ex_cook,81,10-49,1309,23565.0,1300
2000,msa_ex_cook,81,100-249,83,11401.0,82
2000,msa_ex_cook,81,1000+,1,2500.0,1
2000,msa_ex_cook,81,250-499,18,5918.0,18
2000,msa_ex_cook,81,50-99,122,7522.0,120
2000,msa_ex_cook,81,500-999,6,3359.0,6
2000,msa_ex_cook,81,unknown,2065,0.0,0
2000,msa_ex_cook,92,1-9,819,3400.0,819
2000,msa_ex_cook,92,10-49,525,11609.0,525
2000,msa_ex_cook,92,100-249,57,7875.0,57
2000,msa_ex_cook,92,1000+,2,3207.0,2
2000,msa_ex_cook,92,250-499,10,3340.0,10
2000,msa_ex_cook,92,50-99,128,8114.0,128
2000,msa_ex_cook,92,500-999,7,4567.0,7
2000,msa_ex_cook,92,unknown,380,0.0,0
2000,msa_ex_cook,99,1-9,453,1183.0,452
2000,msa_ex_cook,99,10-49,80,1440.0,78
2000,msa_ex_cook,99,100-249,2,250.0,1
2000,msa_ex_cook,99,50-99,20,1199.0,20
2000,msa_ex_cook,99,unknown,1006,0.0,0
2000,msa_ex_cook,,1-9,468,1496.0,466
2000,msa_ex_cook,,10-49,177,3573.0,177
2000,msa_ex_cook,,100-249,34,5243.0,34
2000,msa_ex_cook,,1000+,5,10250.0,5
2000,msa_ex_cook,,250-499,12,3722.0,12
2000,msa_ex_cook,,50-99,52,3400.0,52
2000,msa_ex_cook,,500-999,4,2705.0,4
2000,msa_ex_cook,,unknown,403,0.0,0
2001,chicago,11,1-9,21,64.0,21
2001,chicago,11,10-49,4,84.0,4
2001,chicago,11,100-249,1,100.0,1
2001,chicago,11,unknown,6,0.0,0
2001,chicago,21,1-9,8,27.0,8
2001,chicago,21,10-49,5,98.0,5
2001,chicago,21,100-249,1,100.0,1
2001,chicago,21,50-99,1,90.0,1
2001,chicago,21,unknown,6,0.0,0
2001,chicago,22,1-9,6,20.0,6
2001,chicago,22,10-49,5,87.0,5
2001,chicago,22,100-249,1,102.0,1
2001,chicago,22,1000+,2,2200.0,2
2001,chicago,22,50-99,2,125.0,2
2001,chicago,22,unknown,12,0.0,0
2001,chicago,23,1-9,1994,6350.0,1992
2001,chicago,23,10-49,618,11398.0,618
2001,chicago,23,100-249,39,5504.0,39
2001,chicago,23,1000+,1,1000.0,1
2001,chicago,23,250-499,11,3290.0,11
2001,chicago,23,50-99,69,4172.0,69
2001,chicago,23,500-999,1,800.0,1
2001,chicago,23,unknown,1688,0.0,0
2001,chicago,31,1-9,429,1584.0,428
2001,chicago,31,10-49,209,4226.0,208
2001,chicago,31,100-249,31,4614.0,31
2001,chicago,31,1000+,1,1000.0,1
2001,chicago,31,250-499,16,5275.0,16
2001,chicago,31,50-99,39,2537.0,39
2001,chicago,31,500-999,9,5321.0,9
2001,chicago,31,unknown,90,0.0,0
2001,chicago,32,1-9,741,2610.0,741
2001,chicago,32,10-49,337,7022.0,336
2001,chicago,32,100-249,46,6560.0,46
2001,chicago,32,1000+,4,7500.0,4
2001,chicago,32,250-499,14,4235.0,14
2001,chicago,32,50-99,79,4937.0,79
2001,chicago,32,500-999,6,3835.0,6
2001,chicago,32,unknown,167,0.0,0
2001,chicago,33,1-9,1113,4019.0,1111
2001,chicago,33,10-49,623,12890.0,623
2001,chicago,33,100-249,99,14415.0,99
2001,chicago,33,1000+,4,8800.0,4
2001,chicago,33,250-499,26,8725.0,26
2001,chicago,33,50-99,115,7444.0,115
2001,chicago,33,500-999,14,8162.0,14
2001,chicago,33,unknown,272,0.0,0
2001,chicago,42,1-9,2495,8513.0,2484
2001,chicago,42,10-49,889,17911.0,885
2001,chicago,42,100-249,131,18000.0,129
2001,chicago,42,1000+,8,15700.0,8
2001,chicago,42,250-499,49,15546.0,49
2001,chicago,42,50-99,173,11181.0,173
2001,chicago,42,500-999,9,6049.0,9
2001,chicago,42,unknown,1219,0.0,0
2001,chicago,44,1-9,6863,20906.0,6823
2001,chicago,44,10-49,1102,19933.0,1063
2001,chicago,44,100-249,78,11602.0,78
2001,chicago,44,250-499,21,5915.0,21
2001,chicago,44,50-99,114,7121.0,113
2001,chicago,44,500-999,4,2300.0,4
2001,chicago,44,unknown,1594,0.0,0
2001,chicago,45,1-9,2590,6995.0,2583
2001,chicago,45,10-49,347,6324.0,343
2001,chicago,45,100-249,36,5104.0,34
2001,chicago,45,1000+,2,2000.0,2
2001,chicago,45,250-499,4,1250.0,4
2001,chicago,45,50-99,49,3204.0,42
2001,chicago,45,500-999,7,4450.0,7
2001,chicago,45,unknown,761,0.0,0
2001,chicago,48,1-9,836,2437.0,833
2001,chicago,48,10-49,258,5236.0,254
2001,chicago,48,100-249,47,6687.0,47
2001,chicago,48,1000+,2,3500.0,2
2001,chicago,48,250-499,9,2788.0,9
2001,chicago,48,50-99,53,3479.0,53
2001,chicago,48,500-999,3,2140.0,3
2001,chicago,48,unknown,507,0.0,0
2001,chicago,49,1-9,85,292.0,83
2001,chicago,49,10-49,36,711.0,36
2001,chicago,49,100-249,17,2161.0,17
2001,chicago,49,1000+,1,1000.0,1
2001,chicago,49,250-499,2,750.0,2
2001,chicago,49,50-99,17,1178.0,17
2001,chicago,49,500-999,2,1100.0,2
2001,chicago,49,unknown,44,0.0,0
2001,chicago,51,1-9,1215,3972.0,1211
2001,chicago,51,10-49,449,8836.0,449
2001,chicago,51,100-249,36,5111.0,36
2001,chicago,51,1000+,9,12568.0,9
2001,chicago,51,250-499,23,6838.0,23
2001,chicago,51,50-99,95,5853.0,95
2001,chicago,51,500-999,9,4950.0,9
2001,chicago,51,unknown,727,0.0,0
2001,chicago,52,1-9,2941,9837.0,2695
2001,chicago,52,10-49,883,17266.0,874
2001,chicago,52,100-249,124,17706.0,124
2001,chicago,52,1000+,13,42640.0,13
2001,chicago,52,250-499,40,13777.0,40
2001,chicago,52,50-99,167,10889.0,167
2001,chicago,52,500-999,24,15687.0,24
2001,chicago,52,unknown,1141,0.0,0
2001,chicago,53,1-9,2530,9107.0,2415
2001,chicago,53,10-49,792,14033.0,775
2001,chicago,53,100-249,41,5277.0,41
2001,chicago,53,1000+,2,4000.0,2
2001,chicago,53,250-499,9,3140.0,9
2001,chicago,53,50-99,84,5399.0,84
2001,chicago,53,500-999,2,1047.0,2
2001,chicago,53,unknown,1174,0.0,0
2001,chicago,54,1-9,15120,37492.0,5800
2001,chicago,54,10-49,1533,29509.0,1514
2001,chicago,54,100-249,109,15276.0,109
2001,chicago,54,1000+,12,31400.0,12
2001,chicago,54,250-499,35,11313.0,35
2001,chicago,54,50-99,190,12091.0,190
2001,chicago,54,500-999,20,12744.0,20
2001,chicago,54,unknown,2527,0.0,0
2001,chicago,55,1-9,26,65.0,26
2001,chicago,55,10-49,9,175.0,9
2001,chicago,55,100-249,3,429.0,3
2001,chicago,55,1000+,4,9700.0,4
2001,chicago,55,250-499,1,280.0,1
2001,chicago,55,50-99,3,215.0,3
2001,chicago,55,500-999,2,1500.0,2
2001,chicago,55,unknown,13,0.0,0
2001,chicago,56,1-9,2028,6806.0,2023
2001,chicago,56,10-49,508,9511.0,508
2001,chicago,56,100-249,48,6553.0,48
2001,chicago,56,250-499,16,4725.0,16
2001,chicago,56,50-99,63,4083.0,63
2001,chicago,56,500-999,7,4255.0,7
2001,chicago,56,unknown,960,0.0,0
2001,chicago,61,1-9,616,2005.0,616
2001,chicago,61,10-49,644,15079.0,623
2001,chicago,61,100-249,165,22193.0,165
2001,chicago,61,1000+,4,19034.0,4
2001,chicago,61,250-499,14,3997.0,14
2001,chicago,61,50-99,385,25916.0,385
2001,chicago,61,500-999,13,9741.0,13
2001,chicago,61,unknown,425,0.0,0
2001,chicago,62,1-9,9093,31660.0,3032
2001,chicago,62,10-49,1182,22054.0,1172
2001,chicago,62,100-249,120,16705.0,120
2001,chicago,62,1000+,20,55550.0,20
2001,chicago,62,250-499,29,8694.0,29
2001,chicago,62,50-99,179,11289.0,179
2001,chicago,62,500-999,13,8601.0,13
2001,chicago,62,unknown,1427,0.0,0
2001,chicago,71,1-9,572,1569.0,571
2001,chicago,71,10-49,140,2586.0,140
2001,chicago,71,100-249,12,1375.0,12
2001,chicago,71,1000+,3,8000.0,3
2001,chicago,71,250-499,4,1375.0,4
2001,chicago,71,50-99,21,1378.0,21
2001,chicago,71,500-999,4,2525.0,4
2001,chicago,71,unknown,394,0.0,0
2001,chicago,72,1-9,3745,13506.0,3733
2001,chicago,72,10-49,1484,30487.0,1466
2001,chicago,72,100-249,121,17122.0,121
2001,chicago,72,1000+,5,6723.0,5
2001,chicago,72,250-499,31,9480.0,31
2001,chicago,72,50-99,239,14672.0,239
2001,chicago,72,500-999,11,7050.0,11
2001,chicago,72,unknown,1169,0.0,0
2001,chicago,81,1-9,9386,27018.0,9352
2001,chicago,81,10-49,1352,24563.0,1349
2001,chicago,81,100-249,66,9433.0,66
2001,chicago,81,1000+,5,8175.0,5
2001,chicago,81,250-499,11,3590.0,11
2001,chicago,81,50-99,134,8557.0,134
2001,chicago,81,500-999,12,7413.0,12
2001,chicago,81,unknown,3432,0.0,0
2001,chicago,92,1-9,257,1176.0,257
2001,chicago,92,10-49,304,6559.0,304
2001,chicago,92,100-249,73,10899.0,73
2001,chicago,92,1000+,7,19597.0,7
2001,chicago,92,250-499,41,13871.0,41
2001,chicago,92,50-99,71,4639.0,71
2001,chicago,92,500-999,11,6813.0,11
2001,chicago,92,unknown,217,0.0,0
2001,chicago,99,1-9,581,1721.0,577
2001,chicago,99,10-49,133,2491.0,133
2001,chicago,99,50-99,21,1241.0,21
2001,chicago,99,unknown,4412,0.0,0
2001,chicago,,1-9,379,1406.0,369
2001,chicago,,10-49,262,5671.0,261
2001,chicago,,100-249,69,10167.0,69
2001,chicago,,1000+,9,19454.0,9
2001,chicago,,250-499,33,10101.0,33
2001,chicago,,50-99,75,4978.0,75
2001,chicago,,500-999,17,10886.0,17
2001,chicago,,unknown,369,0.0,0
2001,cook_ex_chicago,11,1-9,39,112.0,39
2001,cook_ex_chicago,11,10-49,11,184.0,11
2001,cook_ex_chicago,11,100-249,2,272.0,2
2001,cook_ex_chicago,11,50-99,2,125.0,2
2001,cook_ex_chicago,11,unknown,15,0.0,0
2001,cook_ex_chicago,21,1-9,24,110.0,23
2001,cook_ex_chicago,21,10-49,10,236.0,10
2001,cook_ex_chicago,21,100-249,1,200.0,1
2001,cook_ex_chicago,21,50-99,1,60.0,1
2001,cook_ex_chicago,21,unknown,9,0.0,0
2001,cook_ex_chicago,22,1-9,23,87.0,23
2001,cook_ex_chicago,22,10-49,20,487.0,20
2001,cook_ex_chicago,22,100-249,4,425.0,4
2001,cook_ex_chicago,22,50-99,2,150.0,2
2001,cook_ex_chicago,22,unknown,17,0.0,0
2001,cook_ex_chicago,23,1-9,3414,10814.0,3404
2001,cook_ex_chicago,23,10-49,1111,21460.0,1110
2001,cook_ex_chicago,23,100-249,52,6736.0,52
2001,cook_ex_chicago,23,250-499,3,850.0,3
2001,cook_ex_chicago,23,50-99,133,8066.0,133
2001,cook_ex_chicago,23,500-999,2,1200.0,2
2001,cook_ex_chicago,23,unknown,2813,0.0,0
2001,cook_ex_chicago,31,1-9,278,1134.0,278
2001,cook_ex_chicago,31,10-49,136,2840.0,136
2001,cook_ex_chicago,31,100-249,39,5758.0,39
2001,cook_ex_chicago,31,1000+,2,2300.0,2
2001,cook_ex_chicago,31,250-499,9,2750.0,9
2001,cook_ex_chicago,31,50-99,43,2622.0,43
2001,cook_ex_chicago,31,500-999,3,1650.0,3
2001,cook_ex_chicago,31,unknown,53,0.0,0
2001,cook_ex_chicago,32,1-9,869,3281.0,868
2001,cook_ex_chicago,32,10-49,483,9887.0,483
2001,cook_ex_chicago,32,100-249,109,15110.0,109
2001,cook_ex_chicago,32,1000+,1,1800.0,1
2001,cook_ex_chicago,32,250-499,16,5151.0,16
2001,cook_ex_chicago,32,50-99,135,8514.0,135
2001,cook_ex_chicago,32,500-999,5,3303.0,5
2001,cook_ex_chicago,32,unknown,202,0.0,0
2001,cook_ex_chicago,33,1-9,1790,7069.0,1789
2001,cook_ex_chicago,33,10-49,1060,22978.0,1060
2001,cook_ex_chicago,33,100-249,200,29112.0,200
2001,cook_ex_chicago,33,1000+,17,34800.0,17
2001,cook_ex_chicago,33,250-499,54,16567.0,54
2001,cook_ex_chicago,33,50-99,273,17503.0,273
2001,cook_ex_chicago,33,500-999,18,11775.0,18
2001,cook_ex_chicago,33,unknown,390,0.0,0
2001,cook_ex_chicago,42,1-9,3514,12953.0,3503
2001,cook_ex_chicago,42,10-49,1504,30362.0,1489
2001,cook_ex_chicago,42,100-249,187,25566.0,187
2001,cook_ex_chicago,42,1000+,6,12200.0,6
2001,cook_ex_chicago,42,250-499,49,15891.0,49
2001,cook_ex_chicago,42,50-99,248,16329.0,248
2001,cook_ex_chicago,42,500-999,21,12879.0,21
2001,cook_ex_chicago,42,unknown,1669,0.0,0
2001,cook_ex_chicago,44,1-9,5594,20919.0,5515
2001,cook_ex_chicago,44,10-49,1674,30950.0,1633
2001,cook_ex_chicago,44,100-249,132,19792.0,125
2001,cook_ex_chicago,44,1000+,3,3500.0,3
2001,cook_ex_chicago,44,250-499,45,13029.0,45
2001,cook_ex_chicago,44,50-99,235,15063.0,226
2001,cook_ex_chicago,44,500-999,4,2400.0,4
2001,cook_ex_chicago,44,unknown,1395,0.0,0
2001,cook_ex_chicago,45,1-9,2358,7374.0,2346
2001,cook_ex_chicago,45,10-49,582,11143.0,563
2001,cook_ex_chicago,45,100-249,85,12864.0,81
2001,cook_ex_chicago,45,1000+,1,13000.0,1
2001,cook_ex_chicago,45,250-499,16,5162.0,16
2001,cook_ex_chicago,45,50-99,86,5329.0,71
2001,cook_ex_chicago,45,500-999,5,2850.0,5
2001,cook_ex_chicago,45,unknown,747,0.0,0
2001,cook_ex_chicago,48,1-9,1087,3525.0,1084
2001,cook_ex_chicago,48,10-49,405,7739.0,399
2001,cook_ex_chicago,48,100-249,51,7143.0,51
2001,cook_ex_chicago,48,1000+,3,7200.0,3
2001,cook_ex_chicago,48,250-499,13,4350.0,13
2001,cook_ex_chicago,48,50-99,74,4665.0,74
2001,cook_ex_chicago,48,500-999,1,500.0,1
2001,cook_ex_chicago,48,unknown,525,0.0,0
2001,cook_ex_chicago,49,1-9,94,313.0,93
2001,cook_ex_chicago,49,10-49,52,1024.0,50
2001,cook_ex_chicago,49,100-249,21,3167.0,21
2001,cook_ex_chicago,49,250-499,6,1990.0,6
2001,cook_ex_chicago,49,50-99,21,1465.0,21
2001,cook_ex_chicago,49,unknown,51,0.0,0
2001,cook_ex_chicago,51,1-9,883,2800.0,878
2001,cook_ex_chicago,51,10-49,268,5786.0,267
2001,cook_ex_chicago,51,100-249,36,4900.0,36
2001,cook_ex_chicago,51,1000+,2,6000.0,2
2001,cook_ex_chicago,51,250-499,5,1590.0,5
2001,cook_ex_chicago,51,50-99,51,3475.0,51
2001,cook_ex_chicago,51,500-999,7,4000.0,7
2001,cook_ex_chicago,51,unknown,487,0.0,0
2001,cook_ex_chicago,52,1-9,3440,10681.0,2990
2001,cook_ex_chicago,52,10-49,855,16754.0,842
2001,cook_ex_chicago,52,100-249,57,7887.0,57
2001,cook_ex_chicago,52,1000+,1,5000.0,1
2001,cook_ex_chicago,52,250-499,9,2645.0,9
2001,cook_ex_chicago,52,50-99,107,7116.0,107
2001,cook_ex_chicago,52,500-999,7,4399.0,7
2001,cook_ex_chicago,52,unknown,1074,0.0,0
2001,cook_ex_chicago,53,1-9,1914,6586.0,1817
2001,cook_ex_chicago,53,10-49,627,11537.0,609
2001,cook_ex_chicago,53,100-249,30,4084.0,28
2001,cook_ex_chicago,53,250-499,2,605.0,2
2001,cook_ex_chicago,53,50-99,60,3827.0,60
2001,cook_ex_chicago,53,500-999,1,700.0,1
2001,cook_ex_chicago,53,unknown,824,0.0,0
2001,cook_ex_chicago,54,1-9,6873,19251.0,4928
2001,cook_ex_chicago,54,10-49,984,17426.0,974
2001,cook_ex_chicago,54,100-249,57,7730.0,57
2001,cook_ex_chicago,54,1000+,5,7500.0,5
2001,cook_ex_chicago,54,250-499,14,4235.0,14
2001,cook_ex_chicago,54,50-99,108,6741.0,108
2001,cook_ex_chicago,54,500-999,3,1750.0,3
2001,cook_ex_chicago,54,unknown,2470,0.0,0
2001,cook_ex_chicago,55,1-9,15,40.0,15
2001,cook_ex_chicago,55,10-49,9,238.0,9
2001,cook_ex_chicago,55,100-249,5,680.0,5
2001,cook_ex_chicago,55,250-499,1,350.0,1
2001,cook_ex_chicago,55,50-99,5,305.0,5
2001,cook_ex_chicago,55,unknown,7,0.0,0
2001,cook_ex_chicago,56,1-9,2087,6841.0,2077
2001,cook_ex_chicago,56,10-49,596,11362.0,591
2001,cook_ex_chicago,56,100-249,44,6068.0,44
2001,cook_ex_chicago,56,1000+,2,4500.0,2
2001,cook_ex_chicago,56,250-499,14,4678.0,14
2001,cook_ex_chicago,56,50-99,70,4334.0,70
2001,cook_ex_chicago,56,500-999,2,1100.0,2
2001,cook_ex_chicago,56,unknown,1186,0.0,0
2001,cook_ex_chicago,61,1-9,603,1967.0,598
2001,cook_ex_chicago,61,10-49,636,17190.0,631
2001,cook_ex_chicago,61,100-249,86,12354.0,86
2001,cook_ex_chicago,61,1000+,4,7300.0,4
2001,cook_ex_chicago,61,250-499,26,8136.0,26
2001,cook_ex_chicago,61,50-99,378,24758.0,378
2001,cook_ex_chicago,61,500-999,5,3147.0,5
2001,cook_ex_chicago,61,unknown,461,0.0,0
2001,cook_ex_chicago,62,1-9,10629,37150.0,2786
2001,cook_ex_chicago,62,10-49,1291,23350.0,1288
2001,cook_ex_chicago,62,100-249,121,17907.0,121
2001,cook_ex_chicago,62,1000+,19,43975.0,19
2001,cook_ex_chicago,62,250-499,31,9797.0,31
2001,cook_ex_chicago,62,50-99,140,8952.0,140
2001,cook_ex_chicago,62,500-999,7,3925.0,7
2001,cook_ex_chicago,62,unknown,1397,0.0,0
2001,cook_ex_chicago,71,1-9,521,1489.0,518
2001,cook_ex_chicago,71,10-49,271,5916.0,270
2001,cook_ex_chicago,71,100-249,30,4356.0,30
2001,cook_ex_chicago,71,1000+,1,1300.0,1
2001,cook_ex_chicago,71,250-499,6,1659.0,6
2001,cook_ex_chicago,71,50-99,60,3771.0,60
2001,cook_ex_chicago,71,500-999,4,2245.0,4
2001,cook_ex_chicago,71,unknown,446,0.0,0
2001,cook_ex_chicago,72,1-9,2424,9498.0,2419
2001,cook_ex_chicago,72,10-49,1691,36002.0,1663
2001,cook_ex_chicago,72,100-249,102,14129.0,99
2001,cook_ex_chicago,72,250-499,18,5602.0,17
2001,cook_ex_chicago,72,50-99,318,20083.0,313
2001,cook_ex_chicago,72,500-999,2,1480.0,2
2001,cook_ex_chicago,72,unknown,664,0.0,0
2001,cook_ex_chicago,81,1-9,7554,23405.0,7510
2001,cook_ex_chicago,81,10-49,1331,24751.0,1316
2001,cook_ex_chicago,81,100-249,65,9501.0,65
2001,cook_ex_chicago,81,1000+,3,8400.0,3
2001,cook_ex_chicago,81,250-499,14,4165.0,14
2001,cook_ex_chicago,81,50-99,124,8009.0,119
2001,cook_ex_chicago,81,500-999,6,3150.0,6
2001,cook_ex_chicago,81,unknown,2140,0.0,0
2001,cook_ex_chicago,92,1-9,452,1745.0,452
2001,cook_ex_chicago,92,10-49,374,9157.0,374
2001,cook_ex_chicago,92,100-249,51,7246.0,51
2001,cook_ex_chicago,92,1000+,1,1000.0,1
2001,cook_ex_chicago,92,250-499,15,5277.0,15
2001,cook_ex_chicago,92,50-99,97,6034.0,97
2001,cook_ex_chicago,92,500-999,3,1850.0,3
2001,cook_ex_chicago,92,unknown,287,0.0,0
2001,cook_ex_chicago,99,1-9,428,1127.0,424
2001,cook_ex_chicago,99,10-49,93,1763.0,90
2001,cook_ex_chicago,99,50-99,11,738.0,11
2001,cook_ex_chicago,99,unknown,1445,0.0,0
2001,cook_ex_chicago,,1-9,396,1274.0,391
2001,cook_ex_chicago,,10-49,183,3796.0,181
2001,cook_ex_chicago,,100-249,61,8778.0,61
2001,cook_ex_chicago,,1000+,5,11600.0,5
2001,cook_ex_chicago,,250-499,17,5464.0,17
2001,cook_ex_chicago,,50-99,51,3398.0,50
2001,cook_ex_chicago,,500-999,12,8291.0,12
2001,cook_ex_chicago,,unknown,417,0.0,0
2001,il_ex_msa,11,1-9,931,2428.0,931
2001,il_ex_msa,11,10-49,103,1827.0,99
2001,il_ex_msa,11,100-249,7,958.0,7
2001,il_ex_msa,11,1000+,1,1500.0,1
2001,il_ex_msa,11,250-499,1,300.0,1
2001,il_ex_msa,11,50-99,6,352.0,6
2001,il_ex_msa,11,unknown,476,0.0,0
2001,il_ex_msa,21,1-9,208,700.0,206
2001,il_ex_msa,21,10-49,80,1570.0,78
2001,il_ex_msa,21,100-249,4,691.0,4
2001,il_ex_msa,21,250-499,3,815.0,3
2001,il_ex_msa,21,50-99,9,607.0,9
2001,il_ex_msa,21,500-999,1,525.0,1
2001,il_ex_msa,21,unknown,64,0.0,0
2001,il_ex_msa,22,1-9,158,546.0,157
2001,il_ex_msa,22,10-49,57,1204.0,57
2001,il_ex_msa,22,100-249,4,492.0,4
2001,il_ex_msa,22,250-499,3,1040.0,3
2001,il_ex_msa,22,50-99,15,1062.0,15
2001,il_ex_msa,22,500-999,1,940.0,1
2001,il_ex_msa,22,unknown,64,0.0,0
2001,il_ex_msa,23,1-9,8098,23463.0,8081
2001,il_ex_msa,23,10-49,1547,28363.0,1545
2001,il_ex_msa,23,100-249,66,9155.0,66
2001,il_ex_msa,23,250-499,13,4215.0,13
2001,il_ex_msa,23,50-99,146,8854.0,146
2001,il_ex_msa,23,500-999,3,2000.0,3
2001,il_ex_msa,23,unknown,3874,0.0,0
2001,il_ex_msa,31,1-9,378,1467.0,378
2001,il_ex_msa,31,10-49,166,3432.0,163
2001,il_ex_msa,31,100-249,35,5307.0,35
2001,il_ex_msa,31,1000+,5,28892.0,5
2001,il_ex_msa,31,250-499,13,4019.0,13
2001,il_ex_msa,31,50-99,48,3081.0,48
2001,il_ex_msa,31,500-999,6,3540.0,6
2001,il_ex_msa,31,unknown,65,0.0,0
2001,il_ex_msa,32,1-9,1089,3905.0,1085
2001,il_ex_msa,32,10-49,437,9235.0,436
2001,il_ex_msa,32,100-249,73,11300.0,73
2001,il_ex_msa,32,1000+,8,12040.0,8
2001,il_ex_msa,32,250-499,20,6834.0,20
2001,il_ex_msa,32,50-99,92,6125.0,92
2001,il_ex_msa,32,500-999,10,7575.0,10
2001,il_ex_msa,32,unknown,131,0.0,0
2001,il_ex_msa,33,1-9,2114,7190.0,2112
2001,il_ex_msa,33,10-49,915,18965.0,915
2001,il_ex_msa,33,100-249,162,22735.0,162
2001,il_ex_msa,33,1000+,10,17900.0,10
2001,il_ex_msa,33,250-499,52,17577.0,52
2001,il_ex_msa,33,50-99,192,12718.0,191
2001,il_ex_msa,33,500-999,19,11814.0,19
2001,il_ex_msa,33,unknown,318,0.0,0
2001,il_ex_msa,42,1-9,5087,17928.0,5059
2001,il_ex_msa,42,10-49,1692,31635.0,1683
2001,il_ex_msa,42,100-249,151,21306.0,150
2001,il_ex_msa,42,1000+,12,24840.0,12
2001,il_ex_msa,42,250-499,59,18405.0,59
2001,il_ex_msa,42,50-99,250,15709.0,248
2001,il_ex_msa,42,500-999,29,18062.0,29
2001,il_ex_msa,42,unknown,1307,0.0,0
2001,il_ex_msa,44,1-9,12481,45808.0,12346
2001,il_ex_msa,44,10-49,2952,50347.0,2913
2001,il_ex_msa,44,100-249,161,22068.0,159
2001,il_ex_msa,44,1000+,3,4250.0,3
2001,il_ex_msa,44,250-499,34,11112.0,34
2001,il_ex_msa,44,50-99,320,20772.0,308
2001,il_ex_msa,44,500-999,8,5080.0,8
2001,il_ex_msa,44,unknown,1713,0.0,0
2001,il_ex_msa,45,1-9,6098,17374.0,6065
2001,il_ex_msa,45,10-49,739,13225.0,727
2001,il_ex_msa,45,100-249,125,17915.0,119
2001,il_ex_msa,45,1000+,1,3500.0,1
2001,il_ex_msa,45,250-499,14,4330.0,14
2001,il_ex_msa,45,50-99,99,6911.0,94
2001,il_ex_msa,45,500-999,3,1845.0,3
2001,il_ex_msa,45,unknown,1180,0.0,0
2001,il_ex_msa,48,1-9,2022,6349.0,2007
2001,il_ex_msa,48,10-49,748,14574.0,735
2001,il_ex_msa,48,100-249,52,6995.0,52
2001,il_ex_msa,48,1000+,1,1000.0,1
2001,il_ex_msa,48,250-499,16,5776.0,16
2001,il_ex_msa,48,50-99,106,6823.0,106
2001,il_ex_msa,48,500-999,4,2425.0,4
2001,il_ex_msa,48,unknown,667,0.0,0
2001,il_ex_msa,49,1-9,1406,5032.0,1406
2001,il_ex_msa,49,10-49,273,4894.0,272
2001,il_ex_msa,49,100-249,17,2340.0,17
2001,il_ex_msa,49,250-499,3,1100.0,3
2001,il_ex_msa,49,50-99,28,1988.0,28
2001,il_ex_msa,49,500-999,3,2150.0,3
2001,il_ex_msa,49,unknown,163,0.0,0
2001,il_ex_msa,51,1-9,1673,5689.0,1663
2001,il_ex_msa,51,10-49,556,10682.0,553
2001,il_ex_msa,51,100-249,33,4320.0,33
2001,il_ex_msa,51,1000+,2,6200.0,2
2001,il_ex_msa,51,250-499,8,2655.0,8
2001,il_ex_msa,51,50-99,74,4848.0,74
2001,il_ex_msa,51,500-999,4,2500.0,4
2001,il_ex_msa,51,unknown,679,0.0,0
2001,il_ex_msa,52,1-9,7552,22297.0,6259
2001,il_ex_msa,52,10-49,1262,23828.0,1253
2001,il_ex_msa,52,100-249,43,5924.0,43
2001,il_ex_msa,52,1000+,8,24889.0,8
2001,il_ex_msa,52,250-499,19,6344.0,19
2001,il_ex_msa,52,50-99,101,6263.0,101
2001,il_ex_msa,52,500-999,7,4009.0,7
2001,il_ex_msa,52,unknown,1054,0.0,0
2001,il_ex_msa,53,1-9,4543,12848.0,3947
2001,il_ex_msa,53,10-49,647,11156.0,636
2001,il_ex_msa,53,100-249,13,1617.0,13
2001,il_ex_msa,53,250-499,1,250.0,1
2001,il_ex_msa,53,50-99,46,2815.0,46
2001,il_ex_msa,53,500-999,2,1000.0,2
2001,il_ex_msa,53,unknown,939,0.0,0
2001,il_ex_msa,54,1-9,11310,30232.0,6259
2001,il_ex_msa,54,10-49,1182,20975.0,1175
2001,il_ex_msa,54,100-249,39,5449.0,39
2001,il_ex_msa,54,1000+,1,2000.0,1
2001,il_ex_msa,54,250-499,10,3460.0,10
2001,il_ex_msa,54,50-99,93,5993.0,92
2001,il_ex_msa,54,500-999,4,2347.0,4
2001,il_ex_msa,54,unknown,1785,0.0,0
2001,il_ex_msa,55,1-9,59,173.0,59
2001,il_ex_msa,55,10-49,25,676.0,25
2001,il_ex_msa,55,100-249,2,215.0,2
2001,il_ex_msa,55,50-99,8,505.0,8
2001,il_ex_msa,55,unknown,23,0.0,0
2001,il_ex_msa,56,1-9,3079,9228.0,3059
2001,il_ex_msa,56,10-49,587,10977.0,568
2001,il_ex_msa,56,100-249,38,5624.0,38
2001,il_ex_msa,56,250-499,15,4463.0,15
2001,il_ex_msa,56,50-99,77,4817.0,77
2001,il_ex_msa,56,500-999,5,3130.0,5
2001,il_ex_msa,56,unknown,1283,0.0,0
2001,il_ex_msa,61,1-9,1336,4932.0,1330
2001,il_ex_msa,61,10-49,1880,50046.0,1878
2001,il_ex_msa,61,100-249,185,25756.0,185
2001,il_ex_msa,61,1000+,11,44871.0,11
2001,il_ex_msa,61,250-499,32,9929.0,32
2001,il_ex_msa,61,50-99,614,38564.0,614
2001,il_ex_msa,61,500-999,7,4134.0,7
2001,il_ex_msa,61,unknown,586,0.0,0
2001,il_ex_msa,62,1-9,14492,50288.0,4801
2001,il_ex_msa,62,10-49,2256,42983.0,2251
2001,il_ex_msa,62,100-249,275,37519.0,275
2001,il_ex_msa,62,1000+,25,52198.0,25
2001,il_ex_msa,62,250-499,53,16567.0,53
2001,il_ex_msa,62,50-99,433,29023.0,433
2001,il_ex_msa,62,500-999,28,20136.0,28
2001,il_ex_msa,62,unknown,1973,0.0,0
2001,il_ex_msa,71,1-9,1485,4790.0,1476
2001,il_ex_msa,71,10-49,501,9938.0,499
2001,il_ex_msa,71,100-249,20,2989.0,20
2001,il_ex_msa,71,250-499,7,2532.0,7
2001,il_ex_msa,71,50-99,64,4051.0,64
2001,il_ex_msa,71,500-999,4,3251.0,4
2001,il_ex_msa,71,unknown,898,0.0,0
2001,il_ex_msa,72,1-9,5358,20212.0,5320
2001,il_ex_msa,72,10-49,3681,77104.0,3613
2001,il_ex_msa,72,100-249,107,14171.0,107
2001,il_ex_msa,72,1000+,1,1100.0,1
2001,il_ex_msa,72,250-499,15,4347.0,15
2001,il_ex_msa,72,50-99,489,30579.0,475
2001,il_ex_msa,72,unknown,1169,0.0,0
2001,il_ex_msa,81,1-9,20937,55073.0,20747
2001,il_ex_msa,81,10-49,1826,33065.0,1812
2001,il_ex_msa,81,100-249,121,16759.0,120
2001,il_ex_msa,81,1000+,4,7300.0,4
2001,il_ex_msa,81,250-499,25,8089.0,25
2001,il_ex_msa,81,50-99,232,15431.0,232
2001,il_ex_msa,81,500-999,3,1995.0,3
2001,il_ex_msa,81,unknown,6341,0.0,0
2001,il_ex_msa,92,1-9,4943,17973.0,4935
2001,il_ex_msa,92,10-49,1778,36928.0,1776
2001,il_ex_msa,92,100-249,81,12013.0,81
2001,il_ex_msa,92,1000+,6,9600.0,6
2001,il_ex_msa,92,250-499,36,11226.0,36
2001,il_ex_msa,92,50-99,211,13901.0,211
2001,il_ex_msa,92,500-999,7,3881.0,7
2001,il_ex_msa,92,unknown,2603,0.0,0
2001,il_ex_msa,99,1-9,833,2497.0,818
2001,il_ex_msa,99,10-49,215,3946.0,210
2001,il_ex_msa,99,100-249,11,1680.0,11
2001,il_ex_msa,99,250-499,2,700.0,2
2001,il_ex_msa,99,50-99,31,1874.0,30
2001,il_ex_msa,99,unknown,4654,0.0,0
2001,il_ex_msa,,1-9,301,943.0,297
2001,il_ex_msa,,10-49,95,1967.0,94
2001,il_ex_msa,,100-249,24,3514.0,24
2001,il_ex_msa,,1000+,6,14064.0,6
2001,il_ex_msa,,250-499,12,4002.0,12
2001,il_ex_msa,,50-99,28,2069.0,28
2001,il_ex_msa,,500-999,4,2850.0,4
2001,il_ex_msa,,unknown,153,0.0,0
2001,msa_ex_cook,11,1-9,137,403.0,137
2001,msa_ex_cook,11,10-49,34,676.0,34
2001,msa_ex_cook,11,100-249,5,752.0,5
2001,msa_ex_cook,11,50-99,4,210.0,4
2001,msa_ex_cook,11,unknown,80,0.0,0
2001,msa_ex_cook,21,1-9,21,86.0,21
2001,msa_ex_cook,21,10-49,19,382.0,18
2001,msa_ex_cook,21,50-99,1,75.0,1
2001,msa_ex_cook,21,unknown,11,0.0,0
2001,msa_ex_cook,22,1-9,46,192.0,46
2001,msa_ex_cook,22,10-49,27,487.0,27
2001,msa_ex_cook,22,100-249,5,805.0,5
2001,msa_ex_cook,22,50-99,1,50.0,1
2001,msa_ex_cook,22,unknown,40,0.0,0
2001,msa_ex_cook,23,1-9,6006,18138.0,5979
2001,msa_ex_cook,23,10-49,1533,28245.0,1530
2001,msa_ex_cook,23,100-249,73,10401.0,72
2001,msa_ex_cook,23,250-499,13,3988.0,13
2001,msa_ex_cook,23,50-99,166,9973.0,166
2001,msa_ex_cook,23,500-999,4,2430.0,4
2001,msa_ex_cook,23,unknown,4614,0.0,0
2001,msa_ex_cook,31,1-9,284,1124.0,283
2001,msa_ex_cook,31,10-49,141,2866.0,141
2001,msa_ex_cook,31,100-249,30,4551.0,30
2001,msa_ex_cook,31,250-499,5,1485.0,5
2001,msa_ex_cook,31,50-99,30,1932.0,30
2001,msa_ex_cook,31,500-999,1,780.0,1
2001,msa_ex_cook,31,unknown,67,0.0,0
2001,msa_ex_cook,32,1-9,1046,3745.0,1042
2001,msa_ex_cook,32,10-49,562,12277.0,561
2001,msa_ex_cook,32,100-249,131,18611.0,131
2001,msa_ex_cook,32,1000+,8,34710.0,8
2001,msa_ex_cook,32,250-499,33,9945.0,33
2001,msa_ex_cook,32,50-99,127,8211.0,127
2001,msa_ex_cook,32,500-999,7,4700.0,7
2001,msa_ex_cook,32,unknown,320,0.0,0
2001,msa_ex_cook,33,1-9,2200,8110.0,2198
2001,msa_ex_cook,33,10-49,1216,24961.0,1216
2001,msa_ex_cook,33,100-249,183,26052.0,183
2001,msa_ex_cook,33,1000+,9,19600.0,9
2001,msa_ex_cook,33,250-499,61,20244.0,61
2001,msa_ex_cook,33,50-99,232,15044.0,232
2001,msa_ex_cook,33,500-999,16,10876.0,16
2001,msa_ex_cook,33,unknown,504,0.0,0
2001,msa_ex_cook,42,1-9,4455,15493.0,4444
2001,msa_ex_cook,42,10-49,1746,33946.0,1731
2001,msa_ex_cook,42,100-249,185,25324.0,184
2001,msa_ex_cook,42,1000+,9,27850.0,9
2001,msa_ex_cook,42,250-499,74,23599.0,74
2001,msa_ex_cook,42,50-99,250,15906.0,250
2001,msa_ex_cook,42,500-999,21,11737.0,21
2001,msa_ex_cook,42,unknown,2127,0.0,0
2001,msa_ex_cook,44,1-9,6517,24160.0,6439
2001,msa_ex_cook,44,10-49,1989,37518.0,1937
2001,msa_ex_cook,44,100-249,186,27497.0,181
2001,msa_ex_cook,44,1000+,2,2200.0,2
2001,msa_ex_cook,44,250-499,39,11655.0,39
2001,msa_ex_cook,44,50-99,281,17714.0,272
2001,msa_ex_cook,44,500-999,7,4640.0,7
2001,msa_ex_cook,44,unknown,1839,0.0,0
2001,msa_ex_cook,45,1-9,3259,9919.0,3248
2001,msa_ex_cook,45,10-49,633,11427.0,617
2001,msa_ex_cook,45,100-249,88,13304.0,83
2001,msa_ex_cook,45,1000+,1,1000.0,1
2001,msa_ex_cook,45,250-499,15,4607.0,15
2001,msa_ex_cook,45,50-99,82,5284.0,72
2001,msa_ex_cook,45,500-999,3,2100.0,3
2001,msa_ex_cook,45,unknown,978,0.0,0
2001,msa_ex_cook,48,1-9,1192,3842.0,1188
2001,msa_ex_cook,48,10-49,400,8078.0,394
2001,msa_ex_cook,48,100-249,46,6239.0,46
2001,msa_ex_cook,48,1000+,1,2000.0,1
2001,msa_ex_cook,48,250-499,6,1780.0,6
2001,msa_ex_cook,48,50-99,68,4355.0,68
2001,msa_ex_cook,48,500-999,4,2281.0,4
2001,msa_ex_cook,48,unknown,563,0.0,0
2001,msa_ex_cook,49,1-9,146,539.0,144
2001,msa_ex_cook,49,10-49,80,1904.0,80
2001,msa_ex_cook,49,100-249,15,2267.0,15
2001,msa_ex_cook,49,250-499,3,868.0,3
2001,msa_ex_cook,49,50-99,21,1502.0,21
2001,msa_ex_cook,49,unknown,49,0.0,0
2001,msa_ex_cook,51,1-9,989,2838.0,985
2001,msa_ex_cook,51,10-49,323,6992.0,322
2001,msa_ex_cook,51,100-249,37,5018.0,37
2001,msa_ex_cook,51,1000+,5,7100.0,5
2001,msa_ex_cook,51,250-499,12,3975.0,12
2001,msa_ex_cook,51,50-99,55,3903.0,55
2001,msa_ex_cook,51,500-999,14,8327.0,14
2001,msa_ex_cook,51,unknown,609,0.0,0
2001,msa_ex_cook,52,1-9,3922,11903.0,3388
2001,msa_ex_cook,52,10-49,972,18365.0,965
2001,msa_ex_cook,52,100-249,60,8373.0,60
2001,msa_ex_cook,52,1000+,7,16050.0,7
2001,msa_ex_cook,52,250-499,17,5019.0,17
2001,msa_ex_cook,52,50-99,115,7201.0,115
2001,msa_ex_cook,52,500-999,10,6400.0,10
2001,msa_ex_cook,52,unknown,1296,0.0,0
2001,msa_ex_cook,53,1-9,2712,8439.0,2445
2001,msa_ex_cook,53,10-49,679,13081.0,660
2001,msa_ex_cook,53,100-249,14,2088.0,13
2001,msa_ex_cook,53,1000+,2,3600.0,2
2001,msa_ex_cook,53,250-499,4,1245.0,4
2001,msa_ex_cook,53,50-99,73,4644.0,73
2001,msa_ex_cook,53,500-999,2,1000.0,2
2001,msa_ex_cook,53,unknown,1007,0.0,0
2001,msa_ex_cook,54,1-9,9696,26061.0,6819
2001,msa_ex_cook,54,10-49,1221,22000.0,1212
2001,msa_ex_cook,54,100-249,64,9124.0,63
2001,msa_ex_cook,54,1000+,4,5563.0,4
2001,msa_ex_cook,54,250-499,15,4589.0,15
2001,msa_ex_cook,54,50-99,102,6638.0,102
2001,msa_ex_cook,54,500-999,4,2550.0,4
2001,msa_ex_cook,54,unknown,3102,0.0,0
2001,msa_ex_cook,55,1-9,27,86.0,27
2001,msa_ex_cook,55,10-49,12,269.0,12
2001,msa_ex_cook,55,100-249,2,340.0,2
2001,msa_ex_cook,55,1000+,1,3000.0,1
2001,msa_ex_cook,55,250-499,2,568.0,2
2001,msa_ex_cook,55,50-99,2,135.0,2
2001,msa_ex_cook,55,unknown,11,0.0,0
2001,msa_ex_cook,56,1-9,2885,9252.0,2873
2001,msa_ex_cook,56,10-49,668,12460.0,653
2001,msa_ex_cook,56,100-249,51,7355.0,51
2001,msa_ex_cook,56,1000+,3,3901.0,3
2001,msa_ex_cook,56,250-499,17,5415.0,17
2001,msa_ex_cook,56,50-99,83,5198.0,82
2001,msa_ex_cook,56,500-999,3,1875.0,3
2001,msa_ex_cook,56,unknown,1788,0.0,0
2001,msa_ex_cook,61,1-9,717,2363.0,713
2001,msa_ex_cook,61,10-49,722,19226.0,718
2001,msa_ex_cook,61,100-249,104,14838.0,104
2001,msa_ex_cook,61,1000+,5,7612.0,5
2001,msa_ex_cook,61,250-499,31,9894.0,31
2001,msa_ex_cook,61,50-99,431,28601.0,431
2001,msa_ex_cook,61,500-999,6,3675.0,6
2001,msa_ex_cook,61,unknown,511,0.0,0
2001,msa_ex_cook,62,1-9,11439,39742.0,3170
2001,msa_ex_cook,62,10-49,1369,25073.0,1364
2001,msa_ex_cook,62,100-249,103,15021.0,103
2001,msa_ex_cook,62,1000+,12,19900.0,12
2001,msa_ex_cook,62,250-499,19,6152.0,19
2001,msa_ex_cook,62,50-99,157,10195.0,157
2001,msa_ex_cook,62,500-999,8,4880.0,8
2001,msa_ex_cook,62,unknown,1628,0.0,0
2001,msa_ex_cook,71,1-9,887,2560.0,884
2001,msa_ex_cook,71,10-49,339,7018.0,338
2001,msa_ex_cook,71,100-249,38,5738.0,38
2001,msa_ex_cook,71,1000+,6,9457.0,6
2001,msa_ex_cook,71,250-499,11,3315.0,11
2001,msa_ex_cook,71,50-99,67,4282.0,67
2001,msa_ex_cook,71,500-999,2,1000.0,2
2001,msa_ex_cook,71,unknown,564,0.0,0
2001,msa_ex_cook,72,1-9,2504,10034.0,2489
2001,msa_ex_cook,72,10-49,2008,43085.0,1949
2001,msa_ex_cook,72,100-249,107,14266.0,105
2001,msa_ex_cook,72,1000+,1,2000.0,1
2001,msa_ex_cook,72,250-499,10,3178.0,10
2001,msa_ex_cook,72,50-99,345,21804.0,338
2001,msa_ex_cook,72,500-999,3,1600.0,3
2001,msa_ex_cook,72,unknown,705,0.0,0
2001,msa_ex_cook,81,1-9,8535,25918.0,8466
2001,msa_ex_cook,81,10-49,1400,24890.0,1377
2001,msa_ex_cook,81,100-249,87,11954.0,85
2001,msa_ex_cook,81,1000+,2,3500.0,2
2001,msa_ex_cook,81,250-499,19,6135.0,19
2001,msa_ex_cook,81,50-99,139,8621.0,138
2001,msa_ex_cook,81,500-999,5,2904.0,5
2001,msa_ex_cook,81,unknown,2651,0.0,0
2001,msa_ex_cook,92,1-9,769,3164.0,769
2001,msa_ex_cook,92,10-49,489,10922.0,489
2001,msa_ex_cook,92,100-249,53,7220.0,53
2001,msa_ex_cook,92,1000+,2,5000.0,2
2001,msa_ex_cook,92,250-499,10,3133.0,10
2001,msa_ex_cook,92,50-99,125,7986.0,125
2001,msa_ex_cook,92,500-999,7,4272.0,7
2001,msa_ex_cook,92,unknown,453,0.0,0
2001,msa_ex_cook,99,1-9,664,1715.0,658
2001,msa_ex_cook,99,10-49,140,2667.0,137
2001,msa_ex_cook,99,100-249,5,655.0,5
2001,msa_ex_cook,99,250-499,3,1000.0,3
2001,msa_ex_cook,99,50-99,24,1456.0,24
2001,msa_ex_cook,99,unknown,2748,0.0,0
2001,msa_ex_cook,,1-9,494,1602.0,492
2001,msa_ex_cook,,10-49,206,4099.0,205
2001,msa_ex_cook,,100-249,44,6594.0,44
2001,msa_ex_cook,,1000+,10,20450.0,10
2001,msa_ex_cook,,250-499,23,7279.0,23
2001,msa_ex_cook,,50-99,59,4028.0,59
2001,msa_ex_cook,,500-999,12,6730.0,12
2001,msa_ex_cook,,unknown,511,0.0,0
2002,chicago,11,1-9,22,69.0,22
2002,chicago,11,10-49,3,73.0,3
2002,chicago,11,100-249,1,100.0,1
2002,chicago,11,50-99,1,65.0,1
2002,chicago,11,unknown,16,0.0,0
2002,chicago,21,1-9,11,42.0,11
2002,chicago,21,10-49,6,149.0,6
2002,chicago,21,100-249,1,100.0,1
2002,chicago,21,unknown,13,0.0,0
2002,chicago,22,1-9,7,34.0,7
2002,chicago,22,10-49,2,28.0,2
2002,chicago,22,100-249,1,102.0,1
2002,chicago,22,1000+,2,2201.0,2
2002,chicago,22,50-99,2,130.0,2
2002,chicago,22,unknown,17,0.0,0
2002,chicago,23,1-9,1988,6472.0,1985
2002,chicago,23,10-49,605,11018.0,605
2002,chicago,23,100-249,37,5379.0,37
2002,chicago,23,1000+,1,1000.0,1
2002,chicago,23,250-499,9,2465.0,9
2002,chicago,23,50-99,65,3883.0,65
2002,chicago,23,unknown,2311,0.0,0
2002,chicago,31,1-9,428,1656.0,427
2002,chicago,31,10-49,183,3737.0,182
2002,chicago,31,100-249,37,5269.0,37
2002,chicago,31,1000+,1,1300.0,1
2002,chicago,31,250-499,18,5532.0,18
2002,chicago,31,50-99,41,2674.0,41
2002,chicago,31,500-999,8,4901.0,8
2002,chicago,31,unknown,96,0.0,0
2002,chicago,32,1-9,692,2446.0,692
2002,chicago,32,10-49,294,6230.0,293
2002,chicago,32,100-249,54,7480.0,54
2002,chicago,32,1000+,4,10900.0,4
2002,chicago,32,250-499,13,3865.0,13
2002,chicago,32,50-99,81,5099.0,81
2002,chicago,32,500-999,6,3685.0,6
2002,chicago,32,unknown,201,0.0,0
2002,chicago,33,1-9,1066,3887.0,1063
2002,chicago,33,10-49,579,11910.0,578
2002,chicago,33,100-249,91,13623.0,91
2002,chicago,33,1000+,2,2300.0,2
2002,chicago,33,250-499,18,5975.0,18
2002,chicago,33,50-99,119,7803.0,119
2002,chicago,33,500-999,7,4102.0,7
2002,chicago,33,unknown,305,0.0,0
2002,chicago,42,1-9,2385,8220.0,2381
2002,chicago,42,10-49,839,16642.0,836
2002,chicago,42,100-249,115,16456.0,113
2002,chicago,42,1000+,4,8000.0,4
2002,chicago,42,250-499,32,10071.0,32
2002,chicago,42,50-99,137,8652.0,137
2002,chicago,42,500-999,10,7094.0,10
2002,chicago,42,unknown,1426,0.0,0
2002,chicago,44,1-9,6720,20526.0,6656
2002,chicago,44,10-49,1110,20665.0,1065
2002,chicago,44,100-249,82,12433.0,81
2002,chicago,44,1000+,1,5000.0,1
2002,chicago,44,250-499,30,8895.0,30
2002,chicago,44,50-99,109,6839.0,108
2002,chicago,44,500-999,3,1800.0,3
2002,chicago,44,unknown,2126,0.0,0
2002,chicago,45,1-9,2485,6643.0,2478
2002,chicago,45,10-49,350,6290.0,339
2002,chicago,45,100-249,24,3517.0,23
2002,chicago,45,1000+,1,1000.0,1
2002,chicago,45,250-499,8,2370.0,8
2002,chicago,45,50-99,53,3424.0,46
2002,chicago,45,500-999,6,3800.0,6
2002,chicago,45,unknown,976,0.0,0
2002,chicago,48,1-9,812,2444.0,808
2002,chicago,48,10-49,258,4987.0,252
2002,chicago,48,100-249,44,6589.0,44
2002,chicago,48,1000+,3,5320.0,3
2002,chicago,48,250-499,8,2488.0,8
2002,chicago,48,50-99,51,3346.0,51
2002,chicago,48,500-999,4,2640.0,4
2002,chicago,48,unknown,756,0.0,0
2002,chicago,49,1-9,79,269.0,76
2002,chicago,49,10-49,33,651.0,33
2002,chicago,49,100-249,18,2361.0,18
2002,chicago,49,1000+,2,9000.0,2
2002,chicago,49,250-499,1,450.0,1
2002,chicago,49,50-99,17,1198.0,17
2002,chicago,49,500-999,3,1600.0,3
2002,chicago,49,unknown,55,0.0,0
2002,chicago,51,1-9,1174,3738.0,1174
2002,chicago,51,10-49,432,8358.0,430
2002,chicago,51,100-249,38,5242.0,38
2002,chicago,51,1000+,5,7268.0,5
2002,chicago,51,250-499,16,4643.0,16
2002,chicago,51,50-99,94,5757.0,94
2002,chicago,51,500-999,12,6450.0,12
2002,chicago,51,unknown,1009,0.0,0
2002,chicago,52,1-9,2829,9552.0,2616
2002,chicago,52,10-49,846,16549.0,838
2002,chicago,52,100-249,109,15681.0,109
2002,chicago,52,1000+,13,37200.0,13
2002,chicago,52,250-499,37,13028.0,37
2002,chicago,52,50-99,164,10519.0,164
2002,chicago,52,500-999,17,10808.0,17
2002,chicago,52,unknown,1515,0.0,0
2002,chicago,53,1-9,2460,8926.0,2323
2002,chicago,53,10-49,768,13150.0,753
2002,chicago,53,100-249,45,5880.0,45
2002,chicago,53,1000+,2,2500.0,2
2002,chicago,53,250-499,11,3665.0,11
2002,chicago,53,50-99,75,4832.0,75
2002,chicago,53,500-999,2,1047.0,2
2002,chicago,53,unknown,1472,0.0,0
2002,chicago,54,1-9,15066,37535.0,5768
2002,chicago,54,10-49,1709,33202.0,1686
2002,chicago,54,100-249,185,25944.0,185
2002,chicago,54,1000+,24,56894.0,24
2002,chicago,54,250-499,80,26213.0,80
2002,chicago,54,50-99,253,16362.0,253
2002,chicago,54,500-999,42,26725.0,42
2002,chicago,54,unknown,3514,0.0,0
2002,chicago,55,1-9,25,67.0,25
2002,chicago,55,10-49,8,182.0,8
2002,chicago,55,100-249,2,254.0,2
2002,chicago,55,1000+,2,4700.0,2
2002,chicago,55,250-499,1,280.0,1
2002,chicago,55,50-99,5,315.0,5
2002,chicago,55,500-999,1,700.0,1
2002,chicago,55,unknown,17,0.0,0
2002,chicago,56,1-9,1936,6382.0,1932
2002,chicago,56,10-49,477,8977.0,476
2002,chicago,56,100-249,44,6359.0,44
2002,chicago,56,250-499,14,4550.0,14
2002,chicago,56,50-99,55,3462.0,55
2002,chicago,56,500-999,8,4605.0,8
2002,chicago,56,unknown,1374,0.0,0
2002,chicago,61,1-9,599,1883.0,597
2002,chicago,61,10-49,629,14889.0,613
2002,chicago,61,100-249,162,22200.0,162
2002,chicago,61,1000+,7,21334.0,7
2002,chicago,61,250-499,15,4341.0,15
2002,chicago,61,50-99,382,26032.0,382
2002,chicago,61,500-999,9,6576.0,9
2002,chicago,61,unknown,535,0.0,0
2002,chicago,62,1-9,8438,29523.0,2865
2002,chicago,62,10-49,1149,21623.0,1138
2002,chicago,62,100-249,112,15934.0,112
2002,chicago,62,1000+,22,53109.0,22
2002,chicago,62,250-499,25,7330.0,25
2002,chicago,62,50-99,171,11039.0,171
2002,chicago,62,500-999,16,10440.0,16
2002,chicago,62,unknown,1705,0.0,0
2002,chicago,71,1-9,564,1598.0,563
2002,chicago,71,10-49,135,2555.0,135
2002,chicago,71,100-249,13,1442.0,13
2002,chicago,71,1000+,4,9000.0,4
2002,chicago,71,250-499,3,975.0,3
2002,chicago,71,50-99,22,1372.0,22
2002,chicago,71,500-999,3,2160.0,3
2002,chicago,71,unknown,557,0.0,0
2002,chicago,72,1-9,3646,13292.0,3635
2002,chicago,72,10-49,1498,30844.0,1469
2002,chicago,72,100-249,121,17100.0,120
2002,chicago,72,1000+,6,11423.0,6
2002,chicago,72,250-499,26,7880.0,26
2002,chicago,72,50-99,236,14596.0,233
2002,chicago,72,500-999,8,5360.0,8
2002,chicago,72,unknown,1433,0.0,0
2002,chicago,81,1-9,9065,26341.0,9024
2002,chicago,81,10-49,1274,22797.0,1271
2002,chicago,81,100-249,63,8766.0,63
2002,chicago,81,1000+,3,10075.0,3
2002,chicago,81,250-499,14,4355.0,14
2002,chicago,81,50-99,133,8357.0,133
2002,chicago,81,500-999,10,6655.0,10
2002,chicago,81,unknown,3874,0.0,0
2002,chicago,92,1-9,230,1090.0,230
2002,chicago,92,10-49,278,5844.0,277
2002,chicago,92,100-249,65,9842.0,65
2002,chicago,92,1000+,5,12877.0,5
2002,chicago,92,250-499,31,10458.0,31
2002,chicago,92,50-99,68,4505.0,68
2002,chicago,92,500-999,10,6185.0,10
2002,chicago,92,unknown,267,0.0,0
2002,chicago,99,1-9,468,1574.0,464
2002,chicago,99,10-49,157,2990.0,154
2002,chicago,99,100-249,14,1825.0,14
2002,chicago,99,250-499,3,850.0,3
2002,chicago,99,50-99,26,1599.0,26
2002,chicago,99,unknown,3121,0.0,0
2002,chicago,,1-9,181,609.0,181
2002,chicago,,10-49,80,1537.0,80
2002,chicago,,100-249,4,500.0,4
2002,chicago,,1000+,1,2100.0,1
2002,chicago,,250-499,2,550.0,2
2002,chicago,,50-99,5,310.0,5
2002,chicago,,unknown,257,0.0,0
2002,cook_ex_chicago,11,1-9,39,104.0,39
2002,cook_ex_chicago,11,10-49,9,151.0,9
2002,cook_ex_chicago,11,100-249,1,132.0,1
2002,cook_ex_chicago,11,50-99,2,105.0,2
2002,cook_ex_chicago,11,unknown,28,0.0,0
2002,cook_ex_chicago,21,1-9,17,83.0,17
2002,cook_ex_chicago,21,10-49,4,91.0,3
2002,cook_ex_chicago,21,100-249,2,250.0,2
2002,cook_ex_chicago,21,50-99,1,60.0,1
2002,cook_ex_chicago,21,unknown,19,0.0,0
2002,cook_ex_chicago,22,1-9,30,116.0,29
2002,cook_ex_chicago,22,10-49,21,425.0,21
2002,cook_ex_chicago,22,100-249,2,225.0,2
2002,cook_ex_chicago,22,50-99,3,170.0,3
2002,cook_ex_chicago,22,unknown,28,0.0,0
2002,cook_ex_chicago,23,1-9,3385,10792.0,3369
2002,cook_ex_chicago,23,10-49,1141,21844.0,1138
2002,cook_ex_chicago,23,100-249,50,6544.0,50
2002,cook_ex_chicago,23,250-499,3,850.0,3
2002,cook_ex_chicago,23,50-99,143,8669.0,143
2002,cook_ex_chicago,23,500-999,3,1700.0,3
2002,cook_ex_chicago,23,unknown,3695,0.0,0
2002,cook_ex_chicago,31,1-9,283,1175.0,282
2002,cook_ex_chicago,31,10-49,134,2686.0,134
2002,cook_ex_chicago,31,100-249,31,4314.0,30
2002,cook_ex_chicago,31,1000+,2,2300.0,2
2002,cook_ex_chicago,31,250-499,5,1550.0,5
2002,cook_ex_chicago,31,50-99,35,2044.0,35
2002,cook_ex_chicago,31,500-999,1,500.0,1
2002,cook_ex_chicago,31,unknown,65,0.0,0
2002,cook_ex_chicago,32,1-9,845,3212.0,844
2002,cook_ex_chicago,32,10-49,474,9635.0,472
2002,cook_ex_chicago,32,100-249,106,14533.0,106
2002,cook_ex_chicago,32,1000+,4,5300.0,4
2002,cook_ex_chicago,32,250-499,18,5860.0,18
2002,cook_ex_chicago,32,50-99,121,7824.0,121
2002,cook_ex_chicago,32,500-999,4,2600.0,4
2002,cook_ex_chicago,32,unknown,236,0.0,0
2002,cook_ex_chicago,33,1-9,1683,6511.0,1682
2002,cook_ex_chicago,33,10-49,1018,21963.0,1016
2002,cook_ex_chicago,33,100-249,178,25000.0,178
2002,cook_ex_chicago,33,1000+,9,13900.0,9
2002,cook_ex_chicago,33,250-499,40,12347.0,40
2002,cook_ex_chicago,33,50-99,248,15984.0,248
2002,cook_ex_chicago,33,500-999,15,10125.0,15
2002,cook_ex_chicago,33,unknown,481,0.0,0
2002,cook_ex_chicago,42,1-9,3398,12535.0,3387
2002,cook_ex_chicago,42,10-49,1407,28262.0,1392
2002,cook_ex_chicago,42,100-249,168,22281.0,167
2002,cook_ex_chicago,42,1000+,7,14815.0,7
2002,cook_ex_chicago,42,250-499,57,18583.0,57
2002,cook_ex_chicago,42,50-99,240,15465.0,239
2002,cook_ex_chicago,42,500-999,24,14844.0,24
2002,cook_ex_chicago,42,unknown,1979,0.0,0
2002,cook_ex_chicago,44,1-9,5479,20290.0,5388
2002,cook_ex_chicago,44,10-49,1716,31896.0,1652
2002,cook_ex_chicago,44,100-249,155,23979.0,143
2002,cook_ex_chicago,44,1000+,3,4625.0,3
2002,cook_ex_chicago,44,250-499,36,10309.0,36
2002,cook_ex_chicago,44,50-99,235,14856.0,221
2002,cook_ex_chicago,44,500-999,7,4650.0,7
2002,cook_ex_chicago,44,unknown,1907,0.0,0
2002,cook_ex_chicago,45,1-9,2329,7281.0,2312
2002,cook_ex_chicago,45,10-49,558,10628.0,538
2002,cook_ex_chicago,45,100-249,78,11903.0,72
2002,cook_ex_chicago,45,250-499,20,6298.0,20
2002,cook_ex_chicago,45,50-99,76,4809.0,65
2002,cook_ex_chicago,45,500-999,4,2250.0,4
2002,cook_ex_chicago,45,unknown,992,0.0,0
2002,cook_ex_chicago,48,1-9,1099,3553.0,1097
2002,cook_ex_chicago,48,10-49,396,7583.0,392
2002,cook_ex_chicago,48,100-249,51,6741.0,51
2002,cook_ex_chicago,48,1000+,2,3500.0,2
2002,cook_ex_chicago,48,250-499,11,3870.0,11
2002,cook_ex_chicago,48,50-99,70,4461.0,70
2002,cook_ex_chicago,48,500-999,1,500.0,1
2002,cook_ex_chicago,48,unknown,695,0.0,0
2002,cook_ex_chicago,49,1-9,100,330.0,99
2002,cook_ex_chicago,49,10-49,48,1025.0,46
2002,cook_ex_chicago,49,100-249,18,2749.0,18
2002,cook_ex_chicago,49,250-499,5,1590.0,5
2002,cook_ex_chicago,49,50-99,20,1380.0,20
2002,cook_ex_chicago,49,unknown,46,0.0,0
2002,cook_ex_chicago,51,1-9,874,2664.0,871
2002,cook_ex_chicago,51,10-49,265,5467.0,263
2002,cook_ex_chicago,51,100-249,32,4518.0,32
2002,cook_ex_chicago,51,1000+,3,7200.0,3
2002,cook_ex_chicago,51,250-499,4,1150.0,4
2002,cook_ex_chicago,51,50-99,44,3146.0,44
2002,cook_ex_chicago,51,500-999,4,2350.0,4
2002,cook_ex_chicago,51,unknown,705,0.0,0
2002,cook_ex_chicago,52,1-9,3411,10563.0,2968
2002,cook_ex_chicago,52,10-49,863,16851.0,856
2002,cook_ex_chicago,52,100-249,56,7861.0,56
2002,cook_ex_chicago,52,1000+,1,5000.0,1
2002,cook_ex_chicago,52,250-499,6,1779.0,6
2002,cook_ex_chicago,52,50-99,103,6798.0,103
2002,cook_ex_chicago,52,500-999,6,3650.0,6
2002,cook_ex_chicago,52,unknown,1534,0.0,0
2002,cook_ex_chicago,53,1-9,1941,6672.0,1824
2002,cook_ex_chicago,53,10-49,619,11533.0,601
2002,cook_ex_chicago,53,100-249,30,4110.0,29
2002,cook_ex_chicago,53,250-499,3,1000.0,3
2002,cook_ex_chicago,53,50-99,65,4181.0,65
2002,cook_ex_chicago,53,500-999,1,700.0,1
2002,cook_ex_chicago,53,unknown,1138,0.0,0
2002,cook_ex_chicago,54,1-9,7201,20272.0,5135
2002,cook_ex_chicago,54,10-49,1119,20643.0,1111
2002,cook_ex_chicago,54,100-249,122,16969.0,122
2002,cook_ex_chicago,54,1000+,12,25100.0,12
2002,cook_ex_chicago,54,250-499,36,10656.0,36
2002,cook_ex_chicago,54,50-99,167,10791.0,167
2002,cook_ex_chicago,54,500-999,20,12721.0,20
2002,cook_ex_chicago,54,unknown,3127,0.0,0
2002,cook_ex_chicago,55,1-9,16,38.0,16
2002,cook_ex_chicago,55,10-49,6,150.0,6
2002,cook_ex_chicago,55,100-249,4,610.0,4
2002,cook_ex_chicago,55,250-499,3,900.0,3
2002,cook_ex_chicago,55,50-99,3,204.0,3
2002,cook_ex_chicago,55,unknown,9,0.0,0
2002,cook_ex_chicago,56,1-9,2040,6642.0,2034
2002,cook_ex_chicago,56,10-49,603,11076.0,596
2002,cook_ex_chicago,56,100-249,45,6194.0,45
2002,cook_ex_chicago,56,1000+,3,5500.0,3
2002,cook_ex_chicago,56,250-499,13,4345.0,13
2002,cook_ex_chicago,56,50-99,91,5523.0,91
2002,cook_ex_chicago,56,500-999,1,500.0,1
2002,cook_ex_chicago,56,unknown,1592,0.0,0
2002,cook_ex_chicago,61,1-9,592,1914.0,590
2002,cook_ex_chicago,61,10-49,632,16731.0,628
2002,cook_ex_chicago,61,100-249,79,11319.0,79
2002,cook_ex_chicago,61,1000+,3,5900.0,3
2002,cook_ex_chicago,61,250-499,32,10005.0,32
2002,cook_ex_chicago,61,50-99,390,25779.0,390
2002,cook_ex_chicago,61,500-999,6,3425.0,6
2002,cook_ex_chicago,61,unknown,599,0.0,0
2002,cook_ex_chicago,62,1-9,11064,38358.0,2789
2002,cook_ex_chicago,62,10-49,1328,23901.0,1323
2002,cook_ex_chicago,62,100-249,126,18180.0,126
2002,cook_ex_chicago,62,1000+,18,43750.0,18
2002,cook_ex_chicago,62,250-499,27,8597.0,27
2002,cook_ex_chicago,62,50-99,161,10272.0,161
2002,cook_ex_chicago,62,500-999,5,2925.0,5
2002,cook_ex_chicago,62,unknown,1827,0.0,0
2002,cook_ex_chicago,71,1-9,524,1504.0,523
2002,cook_ex_chicago,71,10-49,264,5740.0,263
2002,cook_ex_chicago,71,100-249,33,4826.0,33
2002,cook_ex_chicago,71,1000+,2,2700.0,2
2002,cook_ex_chicago,71,250-499,7,2059.0,7
2002,cook_ex_chicago,71,50-99,61,3765.0,61
2002,cook_ex_chicago,71,500-999,3,1745.0,3
2002,cook_ex_chicago,71,unknown,571,0.0,0
2002,cook_ex_chicago,72,1-9,2416,9446.0,2404
2002,cook_ex_chicago,72,10-49,1683,35750.0,1647
2002,cook_ex_chicago,72,100-249,89,12034.0,87
2002,cook_ex_chicago,72,250-499,20,6152.0,18
2002,cook_ex_chicago,72,50-99,312,19654.0,306
2002,cook_ex_chicago,72,500-999,2,1480.0,2
2002,cook_ex_chicago,72,unknown,883,0.0,0
2002,cook_ex_chicago,81,1-9,7515,23340.0,7476
2002,cook_ex_chicago,81,10-49,1321,24474.0,1302
2002,cook_ex_chicago,81,100-249,66,9460.0,65
2002,cook_ex_chicago,81,1000+,1,1800.0,1
2002,cook_ex_chicago,81,250-499,12,3795.0,12
2002,cook_ex_chicago,81,50-99,125,7841.0,123
2002,cook_ex_chicago,81,500-999,8,4358.0,8
2002,cook_ex_chicago,81,unknown,2697,0.0,0
2002,cook_ex_chicago,92,1-9,439,1714.0,439
2002,cook_ex_chicago,92,10-49,350,8500.0,350
2002,cook_ex_chicago,92,100-249,52,7431.0,52
2002,cook_ex_chicago,92,1000+,1,1000.0,1
2002,cook_ex_chicago,92,250-499,15,5277.0,15
2002,cook_ex_chicago,92,50-99,97,5947.0,97
2002,cook_ex_chicago,92,500-999,3,1850.0,3
2002,cook_ex_chicago,92,unknown,361,0.0,0
2002,cook_ex_chicago,99,1-9,381,1167.0,377
2002,cook_ex_chicago,99,10-49,79,1400.0,77
2002,cook_ex_chicago,99,100-249,6,745.0,6
2002,cook_ex_chicago,99,250-499,1,300.0,1
2002,cook_ex_chicago,99,50-99,7,474.0,7
2002,cook_ex_chicago,99,unknown,2146,0.0,0
2002,cook_ex_chicago,,1-9,250,821.0,250
2002,cook_ex_chicago,,10-49,66,1181.0,66
2002,cook_ex_chicago,,100-249,4,656.0,4
2002,cook_ex_chicago,,50-99,8,495.0,8
2002,cook_ex_chicago,,unknown,270,0.0,0
2002,il_ex_msa,11,1-9,964,2526.0,964
2002,il_ex_msa,11,10-49,110,1830.0,106
2002,il_ex_msa,11,100-249,3,380.0,3
2002,il_ex_msa,11,50-99,12,714.0,12
2002,il_ex_msa,11,unknown,489,0.0,0
2002,il_ex_msa,21,1-9,214,745.0,212
2002,il_ex_msa,21,10-49,90,1832.0,87
2002,il_ex_msa,21,100-249,5,801.0,5
2002,il_ex_msa,21,250-499,2,565.0,2
2002,il_ex_msa,21,50-99,7,527.0,7
2002,il_ex_msa,21,500-999,1,525.0,1
2002,il_ex_msa,21,unknown,80,0.0,0
2002,il_ex_msa,22,1-9,166,609.0,165
2002,il_ex_msa,22,10-49,58,1249.0,58
2002,il_ex_msa,22,100-249,2,235.0,2
2002,il_ex_msa,22,250-499,5,1678.0,5
2002,il_ex_msa,22,50-99,11,734.0,11
2002,il_ex_msa,22,500-999,1,940.0,1
2002,il_ex_msa,22,unknown,85,0.0,0
2002,il_ex_msa,23,1-9,8255,23805.0,8247
2002,il_ex_msa,23,10-49,1608,29770.0,1608
2002,il_ex_msa,23,100-249,76,10337.0,76
2002,il_ex_msa,23,1000+,1,1200.0,1
2002,il_ex_msa,23,250-499,14,4137.0,14
2002,il_ex_msa,23,50-99,150,9002.0,150
2002,il_ex_msa,23,500-999,4,2405.0,4
2002,il_ex_msa,23,unknown,4989,0.0,0
2002,il_ex_msa,31,1-9,373,1365.0,373
2002,il_ex_msa,31,10-49,176,3538.0,172
2002,il_ex_msa,31,100-249,37,5397.0,37
2002,il_ex_msa,31,1000+,6,10992.0,6
2002,il_ex_msa,31,250-499,17,5649.0,17
2002,il_ex_msa,31,50-99,52,3368.0,52
2002,il_ex_msa,31,500-999,5,2790.0,5
2002,il_ex_msa,31,unknown,96,0.0,0
2002,il_ex_msa,32,1-9,1112,4014.0,1105
2002,il_ex_msa,32,10-49,440,9057.0,439
2002,il_ex_msa,32,100-249,80,11848.0,80
2002,il_ex_msa,32,1000+,6,8540.0,6
2002,il_ex_msa,32,250-499,26,8490.0,26
2002,il_ex_msa,32,50-99,91,6146.0,91
2002,il_ex_msa,32,500-999,8,5345.0,8
2002,il_ex_msa,32,unknown,152,0.0,0
2002,il_ex_msa,33,1-9,2107,7167.0,2104
2002,il_ex_msa,33,10-49,896,18436.0,895
2002,il_ex_msa,33,100-249,133,18687.0,133
2002,il_ex_msa,33,1000+,14,26740.0,14
2002,il_ex_msa,33,250-499,47,15482.0,47
2002,il_ex_msa,33,50-99,190,12754.0,189
2002,il_ex_msa,33,500-999,25,16510.0,25
2002,il_ex_msa,33,unknown,381,0.0,0
2002,il_ex_msa,42,1-9,4999,17529.0,4978
2002,il_ex_msa,42,10-49,1639,30792.0,1623
2002,il_ex_msa,42,100-249,172,23864.0,169
2002,il_ex_msa,42,1000+,4,9000.0,4
2002,il_ex_msa,42,250-499,56,17853.0,56
2002,il_ex_msa,42,50-99,225,14010.0,223
2002,il_ex_msa,42,500-999,29,18353.0,29
2002,il_ex_msa,42,unknown,1552,0.0,0
2002,il_ex_msa,44,1-9,12377,45336.0,12221
2002,il_ex_msa,44,10-49,3010,52010.0,2959
2002,il_ex_msa,44,100-249,158,21200.0,156
2002,il_ex_msa,44,1000+,4,9800.0,4
2002,il_ex_msa,44,250-499,30,9880.0,30
2002,il_ex_msa,44,50-99,328,21347.0,311
2002,il_ex_msa,44,500-999,11,6497.0,11
2002,il_ex_msa,44,unknown,2245,0.0,0
2002,il_ex_msa,45,1-9,6089,17313.0,6056
2002,il_ex_msa,45,10-49,766,13832.0,747
2002,il_ex_msa,45,100-249,135,19469.0,128
2002,il_ex_msa,45,1000+,1,3500.0,1
2002,il_ex_msa,45,250-499,18,5485.0,18
2002,il_ex_msa,45,50-99,102,7105.0,97
2002,il_ex_msa,45,unknown,1469,0.0,0
2002,il_ex_msa,48,1-9,2047,6347.0,2032
2002,il_ex_msa,48,10-49,743,14347.0,728
2002,il_ex_msa,48,100-249,50,6585.0,50
2002,il_ex_msa,48,1000+,1,1000.0,1
2002,il_ex_msa,48,250-499,13,4481.0,13
2002,il_ex_msa,48,50-99,106,6727.0,106
2002,il_ex_msa,48,500-999,3,1825.0,3
2002,il_ex_msa,48,unknown,803,0.0,0
2002,il_ex_msa,49,1-9,1386,4922.0,1386
2002,il_ex_msa,49,10-49,267,4797.0,266
2002,il_ex_msa,49,100-249,14,1796.0,14
2002,il_ex_msa,49,1000+,1,2000.0,1
2002,il_ex_msa,49,250-499,3,1100.0,3
2002,il_ex_msa,49,50-99,29,1965.0,29
2002,il_ex_msa,49,500-999,3,2150.0,3
2002,il_ex_msa,49,unknown,200,0.0,0
2002,il_ex_msa,51,1-9,1699,5809.0,1688
2002,il_ex_msa,51,10-49,543,10524.0,541
2002,il_ex_msa,51,100-249,33,4567.0,33
2002,il_ex_msa,51,1000+,3,7234.0,3
2002,il_ex_msa,51,250-499,8,2875.0,8
2002,il_ex_msa,51,50-99,68,4363.0,68
2002,il_ex_msa,51,500-999,3,1650.0,3
2002,il_ex_msa,51,unknown,997,0.0,0
2002,il_ex_msa,52,1-9,7562,22359.0,6345
2002,il_ex_msa,52,10-49,1264,23724.0,1256
2002,il_ex_msa,52,100-249,41,5652.0,41
2002,il_ex_msa,52,1000+,7,21889.0,7
2002,il_ex_msa,52,250-499,17,5534.0,17
2002,il_ex_msa,52,50-99,102,6381.0,102
2002,il_ex_msa,52,500-999,8,4629.0,8
2002,il_ex_msa,52,unknown,1373,0.0,0
2002,il_ex_msa,53,1-9,4524,12836.0,3954
2002,il_ex_msa,53,10-49,638,11037.0,623
2002,il_ex_msa,53,100-249,12,1556.0,12
2002,il_ex_msa,53,250-499,3,900.0,3
2002,il_ex_msa,53,50-99,44,2811.0,44
2002,il_ex_msa,53,500-999,1,700.0,1
2002,il_ex_msa,53,unknown,1183,0.0,0
2002,il_ex_msa,54,1-9,11380,30407.0,6363
2002,il_ex_msa,54,10-49,1227,22122.0,1221
2002,il_ex_msa,54,100-249,65,9613.0,65
2002,il_ex_msa,54,1000+,9,18060.0,9
2002,il_ex_msa,54,250-499,29,9412.0,29
2002,il_ex_msa,54,50-99,116,7762.0,116
2002,il_ex_msa,54,500-999,11,7053.0,11
2002,il_ex_msa,54,unknown,2298,0.0,0
2002,il_ex_msa,55,1-9,51,161.0,51
2002,il_ex_msa,55,10-49,34,824.0,34
2002,il_ex_msa,55,100-249,2,290.0,2
2002,il_ex_msa,55,50-99,8,490.0,8
2002,il_ex_msa,55,unknown,25,0.0,0
2002,il_ex_msa,56,1-9,3137,9275.0,3113
2002,il_ex_msa,56,10-49,587,11089.0,556
2002,il_ex_msa,56,100-249,32,4733.0,32
2002,il_ex_msa,56,250-499,20,6068.0,20
2002,il_ex_msa,56,50-99,74,4528.0,74
2002,il_ex_msa,56,500-999,3,1550.0,3
2002,il_ex_msa,56,unknown,1698,0.0,0
2002,il_ex_msa,61,1-9,1347,4903.0,1340
2002,il_ex_msa,61,10-49,1871,49784.0,1869
2002,il_ex_msa,61,100-249,185,25302.0,185
2002,il_ex_msa,61,1000+,9,33171.0,9
2002,il_ex_msa,61,250-499,27,8346.0,27
2002,il_ex_msa,61,50-99,641,40592.0,641
2002,il_ex_msa,61,500-999,9,5534.0,9
2002,il_ex_msa,61,unknown,670,0.0,0
2002,il_ex_msa,62,1-9,15422,53156.0,4958
2002,il_ex_msa,62,10-49,2257,43124.0,2249
2002,il_ex_msa,62,100-249,284,38523.0,283
2002,il_ex_msa,62,1000+,24,45364.0,24
2002,il_ex_msa,62,250-499,50,15695.0,50
2002,il_ex_msa,62,50-99,455,30765.0,455
2002,il_ex_msa,62,500-999,30,21877.0,30
2002,il_ex_msa,62,unknown,2463,0.0,0
2002,il_ex_msa,71,1-9,1494,4696.0,1489
2002,il_ex_msa,71,10-49,521,10162.0,520
2002,il_ex_msa,71,100-249,21,3204.0,21
2002,il_ex_msa,71,1000+,1,1000.0,1
2002,il_ex_msa,71,250-499,8,2782.0,8
2002,il_ex_msa,71,50-99,59,3615.0,59
2002,il_ex_msa,71,500-999,1,800.0,1
2002,il_ex_msa,71,unknown,1029,0.0,0
2002,il_ex_msa,72,1-9,5366,20481.0,5316
2002,il_ex_msa,72,10-49,3760,78178.0,3670
2002,il_ex_msa,72,100-249,122,16435.0,122
2002,il_ex_msa,72,1000+,2,2900.0,2
2002,il_ex_msa,72,250-499,11,3187.0,11
2002,il_ex_msa,72,50-99,479,29984.0,463
2002,il_ex_msa,72,500-999,1,600.0,1
2002,il_ex_msa,72,unknown,1327,0.0,0
2002,il_ex_msa,81,1-9,21015,55285.0,20834
2002,il_ex_msa,81,10-49,1847,33227.0,1831
2002,il_ex_msa,81,100-249,123,17046.0,123
2002,il_ex_msa,81,1000+,3,5400.0,3
2002,il_ex_msa,81,250-499,25,7807.0,25
2002,il_ex_msa,81,50-99,198,12873.0,197
2002,il_ex_msa,81,500-999,1,600.0,1
2002,il_ex_msa,81,unknown,6920,0.0,0
2002,il_ex_msa,92,1-9,4723,17113.0,4718
2002,il_ex_msa,92,10-49,1706,35390.0,1703
2002,il_ex_msa,92,100-249,75,10978.0,75
2002,il_ex_msa,92,1000+,7,12100.0,7
2002,il_ex_msa,92,250-499,36,11482.0,36
2002,il_ex_msa,92,50-99,202,13263.0,202
2002,il_ex_msa,92,500-999,9,5101.0,9
2002,il_ex_msa,92,unknown,3048,0.0,0
2002,il_ex_msa,99,1-9,716,2263.0,706
2002,il_ex_msa,99,10-49,169,3073.0,166
2002,il_ex_msa,99,100-249,10,1515.0,10
2002,il_ex_msa,99,250-499,4,1100.0,4
2002,il_ex_msa,99,50-99,23,1346.0,22
2002,il_ex_msa,99,500-999,1,650.0,1
2002,il_ex_msa,99,unknown,2981,0.0,0
2002,il_ex_msa,,1-9,262,839.0,260
2002,il_ex_msa,,10-49,69,1420.0,67
2002,il_ex_msa,,100-249,6,885.0,6
2002,il_ex_msa,,250-499,1,450.0,1
2002,il_ex_msa,,50-99,7,460.0,7
2002,il_ex_msa,,500-999,1,800.0,1
2002,il_ex_msa,,unknown,128,0.0,0
2002,msa_ex_cook,11,1-9,145,442.0,145
2002,msa_ex_cook,11,10-49,37,743.0,37
2002,msa_ex_cook,11,100-249,1,100.0,1
2002,msa_ex_cook,11,250-499,1,300.0,1
2002,msa_ex_cook,11,50-99,6,345.0,6
2002,msa_ex_cook,11,unknown,93,0.0,0
2002,msa_ex_cook,21,1-9,25,80.0,25
2002,msa_ex_cook,21,10-49,16,316.0,15
2002,msa_ex_cook,21,100-249,1,150.0,1
2002,msa_ex_cook,21,1000+,1,1200.0,1
2002,msa_ex_cook,21,250-499,1,358.0,1
2002,msa_ex_cook,21,500-999,1,600.0,1
2002,msa_ex_cook,21,unknown,21,0.0,0
2002,msa_ex_cook,22,1-9,40,145.0,40
2002,msa_ex_cook,22,10-49,25,510.0,25
2002,msa_ex_cook,22,100-249,6,955.0,6
2002,msa_ex_cook,22,50-99,3,190.0,3
2002,msa_ex_cook,22,unknown,41,0.0,0
2002,msa_ex_cook,23,1-9,5945,17873.0,5916
2002,msa_ex_cook,23,10-49,1589,29145.0,1584
2002,msa_ex_cook,23,100-249,77,10943.0,77
2002,msa_ex_cook,23,1000+,1,1000.0,1
2002,msa_ex_cook,23,250-499,11,3420.0,11
2002,msa_ex_cook,23,50-99,160,9675.0,160
2002,msa_ex_cook,23,500-999,2,1080.0,2
2002,msa_ex_cook,23,unknown,5545,0.0,0
2002,msa_ex_cook,31,1-9,293,1158.0,292
2002,msa_ex_cook,31,10-49,133,2608.0,133
2002,msa_ex_cook,31,100-249,23,3547.0,23
2002,msa_ex_cook,31,250-499,4,1212.0,4
2002,msa_ex_cook,31,50-99,31,1976.0,31
2002,msa_ex_cook,31,500-999,1,700.0,1
2002,msa_ex_cook,31,unknown,80,0.0,0
2002,msa_ex_cook,32,1-9,1027,3676.0,1024
2002,msa_ex_cook,32,10-49,536,11832.0,532
2002,msa_ex_cook,32,100-249,119,16867.0,119
2002,msa_ex_cook,32,1000+,4,7510.0,4
2002,msa_ex_cook,32,250-499,32,9680.0,32
2002,msa_ex_cook,32,50-99,126,8103.0,126
2002,msa_ex_cook,32,500-999,9,6201.0,9
2002,msa_ex_cook,32,unknown,349,0.0,0
2002,msa_ex_cook,33,1-9,2174,7908.0,2174
2002,msa_ex_cook,33,10-49,1186,24393.0,1184
2002,msa_ex_cook,33,100-249,185,25873.0,185
2002,msa_ex_cook,33,1000+,8,31700.0,8
2002,msa_ex_cook,33,250-499,58,18792.0,58
2002,msa_ex_cook,33,50-99,239,15425.0,239
2002,msa_ex_cook,33,500-999,23,13575.0,23
2002,msa_ex_cook,33,unknown,578,0.0,0
2002,msa_ex_cook,42,1-9,4333,15109.0,4323
2002,msa_ex_cook,42,10-49,1653,31891.0,1639
2002,msa_ex_cook,42,100-249,179,24307.0,178
2002,msa_ex_cook,42,1000+,5,8150.0,5
2002,msa_ex_cook,42,250-499,62,18927.0,62
2002,msa_ex_cook,42,50-99,245,15579.0,244
2002,msa_ex_cook,42,500-999,17,9600.0,17
2002,msa_ex_cook,42,unknown,2372,0.0,0
2002,msa_ex_cook,44,1-9,6497,23736.0,6406
2002,msa_ex_cook,44,10-49,2070,38929.0,2013
2002,msa_ex_cook,44,100-249,173,25283.0,165
2002,msa_ex_cook,44,1000+,2,2663.0,2
2002,msa_ex_cook,44,250-499,37,11270.0,37
2002,msa_ex_cook,44,50-99,271,17177.0,258
2002,msa_ex_cook,44,500-999,3,1860.0,3
2002,msa_ex_cook,44,unknown,2300,0.0,0
2002,msa_ex_cook,45,1-9,3309,9928.0,3288
2002,msa_ex_cook,45,10-49,637,11607.0,614
2002,msa_ex_cook,45,100-249,87,13423.0,82
2002,msa_ex_cook,45,1000+,1,1000.0,1
2002,msa_ex_cook,45,250-499,13,3792.0,13
2002,msa_ex_cook,45,50-99,67,4242.0,57
2002,msa_ex_cook,45,500-999,3,2100.0,3
2002,msa_ex_cook,45,unknown,1249,0.0,0
2002,msa_ex_cook,48,1-9,1223,3977.0,1220
2002,msa_ex_cook,48,10-49,392,7824.0,387
2002,msa_ex_cook,48,100-249,44,6088.0,44
2002,msa_ex_cook,48,1000+,1,2000.0,1
2002,msa_ex_cook,48,250-499,10,2905.0,10
2002,msa_ex_cook,48,50-99,74,4703.0,74
2002,msa_ex_cook,48,500-999,5,3031.0,5
2002,msa_ex_cook,48,unknown,717,0.0,0
2002,msa_ex_cook,49,1-9,145,521.0,145
2002,msa_ex_cook,49,10-49,85,1942.0,85
2002,msa_ex_cook,49,100-249,14,2105.0,14
2002,msa_ex_cook,49,1000+,1,2000.0,1
2002,msa_ex_cook,49,250-499,3,868.0,3
2002,msa_ex_cook,49,50-99,19,1386.0,19
2002,msa_ex_cook,49,unknown,64,0.0,0
2002,msa_ex_cook,51,1-9,1031,2985.0,1028
2002,msa_ex_cook,51,10-49,312,6757.0,312
2002,msa_ex_cook,51,100-249,34,4548.0,34
2002,msa_ex_cook,51,1000+,5,12050.0,5
2002,msa_ex_cook,51,250-499,12,3953.0,12
2002,msa_ex_cook,51,50-99,44,3153.0,44
2002,msa_ex_cook,51,500-999,7,3627.0,7
2002,msa_ex_cook,51,unknown,739,0.0,0
2002,msa_ex_cook,52,1-9,3925,12132.0,3453
2002,msa_ex_cook,52,10-49,978,18600.0,971
2002,msa_ex_cook,52,100-249,63,8834.0,63
2002,msa_ex_cook,52,1000+,7,12700.0,7
2002,msa_ex_cook,52,250-499,17,4920.0,17
2002,msa_ex_cook,52,50-99,108,6708.0,108
2002,msa_ex_cook,52,500-999,7,4350.0,7
2002,msa_ex_cook,52,unknown,1558,0.0,0
2002,msa_ex_cook,53,1-9,2816,8716.0,2505
2002,msa_ex_cook,53,10-49,670,13093.0,651
2002,msa_ex_cook,53,100-249,15,2055.0,14
2002,msa_ex_cook,53,250-499,6,1705.0,6
2002,msa_ex_cook,53,50-99,69,4506.0,69
2002,msa_ex_cook,53,500-999,1,500.0,1
2002,msa_ex_cook,53,unknown,1236,0.0,0
2002,msa_ex_cook,54,1-9,10006,27082.0,7079
2002,msa_ex_cook,54,10-49,1378,25649.0,1367
2002,msa_ex_cook,54,100-249,138,20416.0,137
2002,msa_ex_cook,54,1000+,15,28700.0,15
2002,msa_ex_cook,54,250-499,47,15414.0,47
2002,msa_ex_cook,54,50-99,140,9385.0,140
2002,msa_ex_cook,54,500-999,29,18104.0,29
2002,msa_ex_cook,54,unknown,3724,0.0,0
2002,msa_ex_cook,55,1-9,26,89.0,26
2002,msa_ex_cook,55,10-49,12,302.0,12
2002,msa_ex_cook,55,100-249,4,690.0,4
2002,msa_ex_cook,55,50-99,4,311.0,4
2002,msa_ex_cook,55,500-999,1,537.0,1
2002,msa_ex_cook,55,unknown,15,0.0,0
2002,msa_ex_cook,56,1-9,2852,9017.0,2836
2002,msa_ex_cook,56,10-49,677,12729.0,666
2002,msa_ex_cook,56,100-249,46,6546.0,46
2002,msa_ex_cook,56,1000+,1,1500.0,1
2002,msa_ex_cook,56,250-499,12,4025.0,12
2002,msa_ex_cook,56,50-99,85,5404.0,83
2002,msa_ex_cook,56,500-999,4,3025.0,4
2002,msa_ex_cook,56,unknown,2134,0.0,0
2002,msa_ex_cook,61,1-9,728,2344.0,723
2002,msa_ex_cook,61,10-49,722,19043.0,718
2002,msa_ex_cook,61,100-249,109,15705.0,109
2002,msa_ex_cook,61,1000+,5,7249.0,5
2002,msa_ex_cook,61,250-499,33,10622.0,33
2002,msa_ex_cook,61,50-99,470,31293.0,470
2002,msa_ex_cook,61,500-999,7,3950.0,7
2002,msa_ex_cook,61,unknown,621,0.0,0
2002,msa_ex_cook,62,1-9,11816,41068.0,3260
2002,msa_ex_cook,62,10-49,1418,25711.0,1413
2002,msa_ex_cook,62,100-249,110,16231.0,110
2002,msa_ex_cook,62,1000+,15,26651.0,15
2002,msa_ex_cook,62,250-499,19,5812.0,19
2002,msa_ex_cook,62,50-99,164,10578.0,164
2002,msa_ex_cook,62,500-999,7,4781.0,7
2002,msa_ex_cook,62,unknown,1813,0.0,0
2002,msa_ex_cook,71,1-9,892,2573.0,886
2002,msa_ex_cook,71,10-49,353,7302.0,352
2002,msa_ex_cook,71,100-249,34,4804.0,34
2002,msa_ex_cook,71,1000+,7,13056.0,7
2002,msa_ex_cook,71,250-499,10,3165.0,10
2002,msa_ex_cook,71,50-99,65,4095.0,65
2002,msa_ex_cook,71,500-999,3,1500.0,3
2002,msa_ex_cook,71,unknown,693,0.0,0
2002,msa_ex_cook,72,1-9,2561,10245.0,2536
2002,msa_ex_cook,72,10-49,2081,45013.0,2008
2002,msa_ex_cook,72,100-249,113,15120.0,109
2002,msa_ex_cook,72,1000+,1,1001.0,1
2002,msa_ex_cook,72,250-499,12,3638.0,11
2002,msa_ex_cook,72,50-99,346,21880.0,335
2002,msa_ex_cook,72,500-999,3,1600.0,3
2002,msa_ex_cook,72,unknown,885,0.0,0
2002,msa_ex_cook,81,1-9,8544,26203.0,8470
2002,msa_ex_cook,81,10-49,1436,25931.0,1420
2002,msa_ex_cook,81,100-249,84,11658.0,84
2002,msa_ex_cook,81,1000+,1,1000.0,1
2002,msa_ex_cook,81,250-499,18,5795.0,18
2002,msa_ex_cook,81,50-99,129,8026.0,128
2002,msa_ex_cook,81,500-999,5,2704.0,5
2002,msa_ex_cook,81,unknown,3115,0.0,0
2002,msa_ex_cook,92,1-9,707,2883.0,707
2002,msa_ex_cook,92,10-49,435,9638.0,435
2002,msa_ex_cook,92,100-249,46,6274.0,46
2002,msa_ex_cook,92,250-499,12,3733.0,12
2002,msa_ex_cook,92,50-99,119,7606.0,119
2002,msa_ex_cook,92,500-999,5,3117.0,5
2002,msa_ex_cook,92,unknown,598,0.0,0
2002,msa_ex_cook,99,1-9,530,1449.0,527
2002,msa_ex_cook,99,10-49,115,2244.0,111
2002,msa_ex_cook,99,100-249,10,1280.0,10
2002,msa_ex_cook,99,250-499,7,2125.0,7
2002,msa_ex_cook,99,50-99,19,1199.0,19
2002,msa_ex_cook,99,500-999,1,500.0,1
2002,msa_ex_cook,99,unknown,2488,0.0,0
2002,msa_ex_cook,,1-9,354,1060.0,354
2002,msa_ex_cook,,10-49,92,1849.0,92
2002,msa_ex_cook,,100-249,8,1022.0,8
2002,msa_ex_cook,,1000+,3,4600.0,3
2002,msa_ex_cook,,250-499,3,826.0,3
2002,msa_ex_cook,,50-99,21,1337.0,21
2002,msa_ex_cook,,500-999,2,1100.0,2
2002,msa_ex_cook,,unknown,434,0.0,0
2003,chicago,11,1-9,25,70.0,16
2003,chicago,11,10-49,6,128.0,1
2003,chicago,11,100-249,1,100.0,1
2003,chicago,11,50-99,1,65.0,1
2003,chicago,11,500-999,1,500.0,1
2003,chicago,21,1-9,19,69.0,6
2003,chicago,21,10-49,3,43.0,2
2003,chicago,21,unknown,2,0.0,0
2003,chicago,22,1-9,9,40.0,7
2003,chicago,22,10-49,14,379.0,2
2003,chicago,22,100-249,2,202.0,2
2003,chicago,22,1000+,2,3400.0,2
2003,chicago,22,50-99,1,50.0,1
2003,chicago,22,unknown,1,0.0,0
2003,chicago,23,1-9,4153,15366.0,2011
2003,chicago,23,10-49,616,11079.0,605
2003,chicago,23,100-249,37,5439.0,37
2003,chicago,23,1000+,1,1000.0,1
2003,chicago,23,250-499,10,2915.0,10
2003,chicago,23,50-99,67,3947.0,67
2003,chicago,23,500-999,2,1000.0,2
2003,chicago,23,unknown,7,0.0,0
2003,chicago,31,1-9,487,1957.0,401
2003,chicago,31,10-49,208,4222.0,190
2003,chicago,31,100-249,47,6682.0,47
2003,chicago,31,1000+,2,2700.0,2
2003,chicago,31,250-499,19,6317.0,19
2003,chicago,31,50-99,44,2821.0,43
2003,chicago,31,500-999,10,5900.0,10
2003,chicago,31,unknown,14,0.0,0
2003,chicago,32,1-9,790,2890.0,631
2003,chicago,32,10-49,354,7207.0,325
2003,chicago,32,100-249,61,8793.0,61
2003,chicago,32,1000+,1,1300.0,1
2003,chicago,32,250-499,12,3570.0,12
2003,chicago,32,50-99,76,4832.0,76
2003,chicago,32,500-999,5,3230.0,5
2003,chicago,32,unknown,8,0.0,0
2003,chicago,33,1-9,1326,5270.0,1073
2003,chicago,33,10-49,669,13114.0,588
2003,chicago,33,100-249,92,13318.0,92
2003,chicago,33,1000+,4,5900.0,4
2003,chicago,33,250-499,23,7454.0,23
2003,chicago,33,50-99,135,8912.0,135
2003,chicago,33,500-999,4,2338.0,4
2003,chicago,33,unknown,12,0.0,0
2003,chicago,42,1-9,3452,14269.0,2129
2003,chicago,42,10-49,730,14154.0,720
2003,chicago,42,100-249,70,9906.0,70
2003,chicago,42,1000+,4,8700.0,4
2003,chicago,42,250-499,24,7490.0,24
2003,chicago,42,50-99,103,6468.0,102
2003,chicago,42,500-999,7,4184.0,7
2003,chicago,42,unknown,3,0.0,0
2003,chicago,44,1-9,9335,31298.0,6777
2003,chicago,44,10-49,1308,25158.0,1251
2003,chicago,44,100-249,104,15554.0,100
2003,chicago,44,1000+,1,5000.0,1
2003,chicago,44,250-499,28,8393.0,28
2003,chicago,44,50-99,141,8691.0,139
2003,chicago,44,500-999,8,4996.0,8
2003,chicago,44,unknown,3,0.0,0
2003,chicago,45,1-9,3435,9770.0,2469
2003,chicago,45,10-49,420,9582.0,333
2003,chicago,45,100-249,39,5397.0,36
2003,chicago,45,1000+,1,1000.0,1
2003,chicago,45,250-499,12,3875.0,12
2003,chicago,45,50-99,44,2743.0,40
2003,chicago,45,500-999,4,2545.0,4
2003,chicago,45,unknown,4,0.0,0
2003,chicago,48,1-9,1353,5917.0,797
2003,chicago,48,10-49,471,7374.0,267
2003,chicago,48,100-249,43,6457.0,43
2003,chicago,48,1000+,3,4120.0,3
2003,chicago,48,250-499,9,2738.0,9
2003,chicago,48,50-99,51,3213.0,51
2003,chicago,48,500-999,4,2640.0,4
2003,chicago,48,unknown,4,0.0,0
2003,chicago,49,1-9,80,286.0,54
2003,chicago,49,10-49,75,1780.0,35
2003,chicago,49,100-249,18,2261.0,18
2003,chicago,49,1000+,2,9000.0,2
2003,chicago,49,250-499,3,1150.0,3
2003,chicago,49,50-99,17,1173.0,17
2003,chicago,49,500-999,1,600.0,1
2003,chicago,51,1-9,2175,9115.0,1241
2003,chicago,51,10-49,512,9503.0,439
2003,chicago,51,100-249,41,5647.0,41
2003,chicago,51,1000+,7,11200.0,7
2003,chicago,51,250-499,20,5373.0,20
2003,chicago,51,50-99,99,6198.0,99
2003,chicago,51,500-999,14,7847.0,14
2003,chicago,51,unknown,10,0.0,0
2003,chicago,52,1-9,4313,16206.0,2666
2003,chicago,52,10-49,1071,19219.0,887
2003,chicago,52,100-249,133,19121.0,133
2003,chicago,52,1000+,14,41040.0,14
2003,chicago,52,250-499,38,13021.0,38
2003,chicago,52,50-99,172,11251.0,172
2003,chicago,52,500-999,21,13578.0,21
2003,chicago,52,unknown,29,0.0,0
2003,chicago,53,1-9,4229,15897.0,2471
2003,chicago,53,10-49,827,14216.0,809
2003,chicago,53,100-249,42,5467.0,42
2003,chicago,53,1000+,1,1500.0,1
2003,chicago,53,250-499,7,2355.0,7
2003,chicago,53,50-99,68,4484.0,68
2003,chicago,53,500-999,3,1500.0,3
2003,chicago,53,unknown,2,0.0,0
2003,chicago,54,1-9,18054,50292.0,5998
2003,chicago,54,10-49,1693,32060.0,1683
2003,chicago,54,100-249,158,22055.0,158
2003,chicago,54,1000+,18,41597.0,18
2003,chicago,54,250-499,59,18930.0,59
2003,chicago,54,50-99,242,15344.0,240
2003,chicago,54,500-999,29,18568.0,29
2003,chicago,54,unknown,14,0.0,0
2003,chicago,55,1-9,41,178.0,23
2003,chicago,55,10-49,9,227.0,9
2003,chicago,55,100-249,3,354.0,3
2003,chicago,55,1000+,4,12001.0,4
2003,chicago,55,50-99,8,517.0,8
2003,chicago,55,500-999,2,1200.0,2
2003,chicago,55,unknown,5,0.0,0
2003,chicago,56,1-9,3338,11651.0,1998
2003,chicago,56,10-49,486,9098.0,485
2003,chicago,56,100-249,55,8108.0,55
2003,chicago,56,1000+,2,2100.0,2
2003,chicago,56,250-499,15,4760.0,15
2003,chicago,56,50-99,53,3250.0,53
2003,chicago,56,500-999,4,2591.0,4
2003,chicago,56,unknown,2,0.0,0
2003,chicago,61,1-9,984,3158.0,639
2003,chicago,61,10-49,909,23807.0,654
2003,chicago,61,100-249,167,22806.0,167
2003,chicago,61,1000+,7,26534.0,7
2003,chicago,61,250-499,16,4647.0,16
2003,chicago,61,50-99,390,26597.0,390
2003,chicago,61,500-999,14,9976.0,14
2003,chicago,61,unknown,3,0.0,0
2003,chicago,62,1-9,9825,39209.0,2933
2003,chicago,62,10-49,1275,23283.0,1164
2003,chicago,62,100-249,179,26683.0,136
2003,chicago,62,1000+,23,59209.0,23
2003,chicago,62,250-499,30,8834.0,30
2003,chicago,62,50-99,175,11770.0,159
2003,chicago,62,500-999,20,12812.0,20
2003,chicago,62,unknown,14,0.0,0
2003,chicago,71,1-9,1000,2991.0,585
2003,chicago,71,10-49,214,3477.0,146
2003,chicago,71,100-249,17,2327.0,17
2003,chicago,71,1000+,2,2000.0,2
2003,chicago,71,250-499,7,2235.0,7
2003,chicago,71,50-99,32,2061.0,32
2003,chicago,71,500-999,4,2260.0,4
2003,chicago,71,unknown,1,0.0,0
2003,chicago,72,1-9,4017,15107.0,3624
2003,chicago,72,10-49,2808,44117.0,1475
2003,chicago,72,100-249,126,17432.0,125
2003,chicago,72,1000+,4,5723.0,4
2003,chicago,72,250-499,34,10348.0,32
2003,chicago,72,50-99,253,15631.0,249
2003,chicago,72,500-999,11,7150.0,11
2003,chicago,72,unknown,3,0.0,0
2003,chicago,81,1-9,13017,40830.0,9057
2003,chicago,81,10-49,1224,21323.0,1215
2003,chicago,81,100-249,68,8976.0,68
2003,chicago,81,1000+,2,2700.0,2
2003,chicago,81,250-499,14,4480.0,14
2003,chicago,81,50-99,124,7804.0,124
2003,chicago,81,500-999,5,3596.0,5
2003,chicago,81,unknown,12,0.0,0
2003,chicago,92,1-9,327,1533.0,303
2003,chicago,92,10-49,323,6675.0,321
2003,chicago,92,100-249,69,10132.0,69
2003,chicago,92,1000+,8,21754.0,8
2003,chicago,92,250-499,37,12338.0,37
2003,chicago,92,50-99,69,4551.0,69
2003,chicago,92,500-999,11,6943.0,11
2003,chicago,92,unknown,303,0.0,0
2003,chicago,99,1-9,524,1829.0,384
2003,chicago,99,10-49,112,2313.0,105
2003,chicago,99,100-249,6,900.0,6
2003,chicago,99,250-499,2,550.0,2
2003,chicago,99,50-99,21,1231.0,21
2003,chicago,99,unknown,2958,0.0,0
2003,chicago,,1-9,99,378.0,59
2003,chicago,,10-49,14,286.0,13
2003,chicago,,100-249,1,180.0,1
2003,chicago,,250-499,1,250.0,1
2003,chicago,,50-99,3,180.0,3
2003,chicago,,unknown,1,0.0,0
2003,cook_ex_chicago,11,1-9,45,126.0,28
2003,cook_ex_chicago,11,10-49,14,228.0,10
2003,cook_ex_chicago,11,50-99,2,100.0,2
2003,cook_ex_chicago,21,1-9,27,109.0,11
2003,cook_ex_chicago,21,10-49,12,281.0,9
2003,cook_ex_chicago,21,100-249,1,100.0,1
2003,cook_ex_chicago,21,50-99,1,60.0,1
2003,cook_ex_chicago,21,unknown,1,0.0,0
2003,cook_ex_chicago,22,1-9,31,143.0,19
2003,cook_ex_chicago,22,10-49,32,654.0,21
2003,cook_ex_chicago,22,50-99,2,140.0,2
2003,cook_ex_chicago,22,unknown,1,0.0,0
2003,cook_ex_chicago,23,1-9,6649,21928.0,3253
2003,cook_ex_chicago,23,10-49,1145,21665.0,1142
2003,cook_ex_chicago,23,100-249,53,7148.0,53
2003,cook_ex_chicago,23,250-499,4,1100.0,4
2003,cook_ex_chicago,23,50-99,142,8618.0,142
2003,cook_ex_chicago,23,500-999,1,500.0,1
2003,cook_ex_chicago,23,unknown,1,0.0,0
2003,cook_ex_chicago,31,1-9,326,1398.0,263
2003,cook_ex_chicago,31,10-49,152,3059.0,138
2003,cook_ex_chicago,31,100-249,23,3205.0,22
2003,cook_ex_chicago,31,1000+,2,2300.0,2
2003,cook_ex_chicago,31,250-499,11,3400.0,11
2003,cook_ex_chicago,31,50-99,26,1560.0,26
2003,cook_ex_chicago,31,500-999,4,2400.0,4
2003,cook_ex_chicago,31,unknown,7,0.0,0
2003,cook_ex_chicago,32,1-9,1043,4033.0,862
2003,cook_ex_chicago,32,10-49,509,10403.0,457
2003,cook_ex_chicago,32,100-249,118,16376.0,118
2003,cook_ex_chicago,32,1000+,4,4600.0,4
2003,cook_ex_chicago,32,250-499,19,6288.0,19
2003,cook_ex_chicago,32,50-99,144,9163.0,144
2003,cook_ex_chicago,32,500-999,6,3650.0,6
2003,cook_ex_chicago,32,unknown,9,0.0,0
2003,cook_ex_chicago,33,1-9,1964,7802.0,1668
2003,cook_ex_chicago,33,10-49,1210,24983.0,1039
2003,cook_ex_chicago,33,100-249,190,26395.0,190
2003,cook_ex_chicago,33,1000+,11,17015.0,11
2003,cook_ex_chicago,33,250-499,61,18666.0,61
2003,cook_ex_chicago,33,50-99,257,16966.0,257
2003,cook_ex_chicago,33,500-999,20,13715.0,20
2003,cook_ex_chicago,33,unknown,27,0.0,0
2003,cook_ex_chicago,42,1-9,4839,20042.0,3180
2003,cook_ex_chicago,42,10-49,1304,25400.0,1276
2003,cook_ex_chicago,42,100-249,127,17007.0,127
2003,cook_ex_chicago,42,250-499,29,9099.0,29
2003,cook_ex_chicago,42,50-99,202,12938.0,202
2003,cook_ex_chicago,42,500-999,14,8429.0,14
2003,cook_ex_chicago,42,unknown,5,0.0,0
2003,cook_ex_chicago,44,1-9,7806,29271.0,5625
2003,cook_ex_chicago,44,10-49,1851,35747.0,1761
2003,cook_ex_chicago,44,100-249,183,27802.0,176
2003,cook_ex_chicago,44,1000+,3,7400.0,3
2003,cook_ex_chicago,44,250-499,31,8894.0,31
2003,cook_ex_chicago,44,50-99,263,16625.0,249
2003,cook_ex_chicago,44,500-999,6,4000.0,6
2003,cook_ex_chicago,44,unknown,7,0.0,0
2003,cook_ex_chicago,45,1-9,3222,9883.0,2306
2003,cook_ex_chicago,45,10-49,614,12385.0,550
2003,cook_ex_chicago,45,100-249,87,13526.0,76
2003,cook_ex_chicago,45,250-499,20,6268.0,20
2003,cook_ex_chicago,45,50-99,71,4448.0,60
2003,cook_ex_chicago,45,500-999,6,3300.0,6
2003,cook_ex_chicago,45,unknown,3,0.0,0
2003,cook_ex_chicago,48,1-9,1754,7066.0,1110
2003,cook_ex_chicago,48,10-49,459,8494.0,419
2003,cook_ex_chicago,48,100-249,50,6744.0,50
2003,cook_ex_chicago,48,1000+,4,11500.0,4
2003,cook_ex_chicago,48,250-499,15,5120.0,15
2003,cook_ex_chicago,48,50-99,75,4796.0,75
2003,cook_ex_chicago,48,500-999,2,1200.0,2
2003,cook_ex_chicago,48,unknown,7,0.0,0
2003,cook_ex_chicago,49,1-9,120,395.0,75
2003,cook_ex_chicago,49,10-49,46,1033.0,41
2003,cook_ex_chicago,49,100-249,21,3072.0,21
2003,cook_ex_chicago,49,250-499,5,1540.0,5
2003,cook_ex_chicago,49,50-99,20,1365.0,20
2003,cook_ex_chicago,51,1-9,1552,6082.0,868
2003,cook_ex_chicago,51,10-49,294,5760.0,259
2003,cook_ex_chicago,51,100-249,31,4422.0,31
2003,cook_ex_chicago,51,1000+,3,8000.0,3
2003,cook_ex_chicago,51,250-499,12,3750.0,12
2003,cook_ex_chicago,51,50-99,43,2889.0,43
2003,cook_ex_chicago,51,500-999,9,5200.0,9
2003,cook_ex_chicago,51,unknown,4,0.0,0
2003,cook_ex_chicago,52,1-9,4989,17153.0,3126
2003,cook_ex_chicago,52,10-49,989,18305.0,912
2003,cook_ex_chicago,52,100-249,52,7177.0,52
2003,cook_ex_chicago,52,1000+,3,9400.0,3
2003,cook_ex_chicago,52,250-499,4,1150.0,4
2003,cook_ex_chicago,52,50-99,102,6891.0,102
2003,cook_ex_chicago,52,500-999,5,3250.0,5
2003,cook_ex_chicago,52,unknown,15,0.0,0
2003,cook_ex_chicago,53,1-9,3198,11594.0,1947
2003,cook_ex_chicago,53,10-49,618,11216.0,603
2003,cook_ex_chicago,53,100-249,25,3056.0,25
2003,cook_ex_chicago,53,250-499,2,605.0,2
2003,cook_ex_chicago,53,50-99,61,3886.0,61
2003,cook_ex_chicago,53,unknown,1,0.0,0
2003,cook_ex_chicago,54,1-9,10083,30439.0,5160
2003,cook_ex_chicago,54,10-49,1095,19622.0,1082
2003,cook_ex_chicago,54,100-249,72,9743.0,72
2003,cook_ex_chicago,54,1000+,10,22100.0,10
2003,cook_ex_chicago,54,250-499,18,5650.0,18
2003,cook_ex_chicago,54,50-99,142,8800.0,142
2003,cook_ex_chicago,54,500-999,10,6830.0,10
2003,cook_ex_chicago,54,unknown,7,0.0,0
2003,cook_ex_chicago,55,1-9,29,132.0,19
2003,cook_ex_chicago,55,10-49,9,210.0,9
2003,cook_ex_chicago,55,100-249,7,1070.0,7
2003,cook_ex_chicago,55,250-499,2,550.0,2
2003,cook_ex_chicago,55,50-99,4,264.0,4
2003,cook_ex_chicago,55,500-999,1,500.0,1
2003,cook_ex_chicago,55,unknown,2,0.0,0
2003,cook_ex_chicago,56,1-9,3537,11362.0,2018
2003,cook_ex_chicago,56,10-49,614,11462.0,610
2003,cook_ex_chicago,56,100-249,53,7090.0,53
2003,cook_ex_chicago,56,1000+,3,5500.0,3
2003,cook_ex_chicago,56,250-499,13,4348.0,13
2003,cook_ex_chicago,56,50-99,89,5507.0,88
2003,cook_ex_chicago,56,500-999,4,2000.0,4
2003,cook_ex_chicago,61,1-9,915,2819.0,600
2003,cook_ex_chicago,61,10-49,892,25721.0,610
2003,cook_ex_chicago,61,100-249,81,11597.0,81
2003,cook_ex_chicago,61,1000+,6,14600.0,6
2003,cook_ex_chicago,61,250-499,31,9585.0,31
2003,cook_ex_chicago,61,50-99,397,26195.0,397
2003,cook_ex_chicago,61,500-999,6,3675.0,6
2003,cook_ex_chicago,62,1-9,12655,47773.0,2969
2003,cook_ex_chicago,62,10-49,1466,26088.0,1357
2003,cook_ex_chicago,62,100-249,182,27360.0,138
2003,cook_ex_chicago,62,1000+,21,44975.0,21
2003,cook_ex_chicago,62,250-499,37,12067.0,37
2003,cook_ex_chicago,62,50-99,174,11609.0,149
2003,cook_ex_chicago,62,500-999,8,4875.0,8
2003,cook_ex_chicago,62,unknown,8,0.0,0
2003,cook_ex_chicago,71,1-9,1011,3202.0,527
2003,cook_ex_chicago,71,10-49,346,7012.0,293
2003,cook_ex_chicago,71,100-249,33,4720.0,33
2003,cook_ex_chicago,71,1000+,1,1200.0,1
2003,cook_ex_chicago,71,250-499,5,1582.0,5
2003,cook_ex_chicago,71,50-99,61,3745.0,61
2003,cook_ex_chicago,71,500-999,3,1745.0,3
2003,cook_ex_chicago,71,unknown,1,0.0,0
2003,cook_ex_chicago,72,1-9,2632,10431.0,2431
2003,cook_ex_chicago,72,10-49,2556,45171.0,1713
2003,cook_ex_chicago,72,100-249,86,11427.0,84
2003,cook_ex_chicago,72,250-499,16,5015.0,15
2003,cook_ex_chicago,72,50-99,324,20382.0,315
2003,cook_ex_chicago,72,500-999,2,1380.0,2
2003,cook_ex_chicago,72,unknown,1,0.0,0
2003,cook_ex_chicago,81,1-9,10280,30809.0,7630
2003,cook_ex_chicago,81,10-49,1219,21434.0,1213
2003,cook_ex_chicago,81,100-249,54,7122.0,54
2003,cook_ex_chicago,81,1000+,2,2600.0,2
2003,cook_ex_chicago,81,250-499,10,3015.0,10
2003,cook_ex_chicago,81,50-99,105,6793.0,105
2003,cook_ex_chicago,81,500-999,6,3602.0,6
2003,cook_ex_chicago,81,unknown,16,0.0,0
2003,cook_ex_chicago,92,1-9,414,1614.0,409
2003,cook_ex_chicago,92,10-49,348,8574.0,348
2003,cook_ex_chicago,92,100-249,50,7216.0,50
2003,cook_ex_chicago,92,1000+,1,1000.0,1
2003,cook_ex_chicago,92,250-499,14,4877.0,14
2003,cook_ex_chicago,92,50-99,96,5870.0,96
2003,cook_ex_chicago,92,500-999,4,2350.0,4
2003,cook_ex_chicago,92,unknown,394,0.0,0
2003,cook_ex_chicago,99,1-9,338,1015.0,314
2003,cook_ex_chicago,99,10-49,53,842.0,52
2003,cook_ex_chicago,99,100-249,5,790.0,5
2003,cook_ex_chicago,99,250-499,1,300.0,1
2003,cook_ex_chicago,99,50-99,7,494.0,7
2003,cook_ex_chicago,99,unknown,2173,0.0,0
2003,cook_ex_chicago,,1-9,123,438.0,75
2003,cook_ex_chicago,,10-49,23,359.0,21
2003,cook_ex_chicago,,unknown,10,0.0,0
2003,il_ex_msa,11,1-9,1375,3826.0,922
2003,il_ex_msa,11,10-49,97,1710.0,92
2003,il_ex_msa,11,100-249,7,881.0,7
2003,il_ex_msa,11,250-499,2,550.0,2
2003,il_ex_msa,11,50-99,12,717.0,12
2003,il_ex_msa,11,500-999,2,1000.0,2
2003,il_ex_msa,21,1-9,268,959.0,208
2003,il_ex_msa,21,10-49,95,1896.0,82
2003,il_ex_msa,21,100-249,6,1095.0,6
2003,il_ex_msa,21,250-499,3,815.0,3
2003,il_ex_msa,21,50-99,9,646.0,9
2003,il_ex_msa,21,500-999,1,780.0,1
2003,il_ex_msa,22,1-9,202,798.0,150
2003,il_ex_msa,22,10-49,77,1640.0,54
2003,il_ex_msa,22,100-249,2,252.0,2
2003,il_ex_msa,22,250-499,4,1278.0,4
2003,il_ex_msa,22,50-99,16,1119.0,16
2003,il_ex_msa,23,1-9,12741,38483.0,8258
2003,il_ex_msa,23,10-49,1613,29862.0,1606
2003,il_ex_msa,23,100-249,63,8538.0,63
2003,il_ex_msa,23,250-499,12,3624.0,12
2003,il_ex_msa,23,50-99,139,8168.0,139
2003,il_ex_msa,23,500-999,2,1105.0,2
2003,il_ex_msa,23,unknown,1,0.0,0
2003,il_ex_msa,31,1-9,450,1841.0,348
2003,il_ex_msa,31,10-49,169,3312.0,154
2003,il_ex_msa,31,100-249,42,6164.0,42
2003,il_ex_msa,31,1000+,3,7092.0,3
2003,il_ex_msa,31,250-499,11,3475.0,11
2003,il_ex_msa,31,50-99,52,3473.0,52
2003,il_ex_msa,31,500-999,9,5775.0,9
2003,il_ex_msa,31,unknown,4,0.0,0
2003,il_ex_msa,32,1-9,1133,4179.0,1012
2003,il_ex_msa,32,10-49,491,9761.0,447
2003,il_ex_msa,32,100-249,85,12483.0,85
2003,il_ex_msa,32,1000+,3,3740.0,3
2003,il_ex_msa,32,250-499,30,9907.0,30
2003,il_ex_msa,32,50-99,111,7156.0,111
2003,il_ex_msa,32,500-999,9,6775.0,9
2003,il_ex_msa,32,unknown,3,0.0,0
2003,il_ex_msa,33,1-9,2173,7531.0,1920
2003,il_ex_msa,33,10-49,991,19932.0,866
2003,il_ex_msa,33,100-249,194,27629.0,194
2003,il_ex_msa,33,1000+,16,35040.0,16
2003,il_ex_msa,33,250-499,65,21447.0,65
2003,il_ex_msa,33,50-99,202,13320.0,202
2003,il_ex_msa,33,500-999,33,20543.0,33
2003,il_ex_msa,33,unknown,18,0.0,0
2003,il_ex_msa,42,1-9,5891,22406.0,4507
2003,il_ex_msa,42,10-49,1461,26838.0,1441
2003,il_ex_msa,42,100-249,72,9656.0,69
2003,il_ex_msa,42,1000+,7,11700.0,7
2003,il_ex_msa,42,250-499,25,7910.0,25
2003,il_ex_msa,42,50-99,159,9992.0,158
2003,il_ex_msa,42,500-999,11,7635.0,11
2003,il_ex_msa,42,unknown,3,0.0,0
2003,il_ex_msa,44,1-9,14671,54842.0,12279
2003,il_ex_msa,44,10-49,3288,58438.0,3234
2003,il_ex_msa,44,100-249,171,23587.0,169
2003,il_ex_msa,44,1000+,3,5982.0,3
2003,il_ex_msa,44,250-499,22,6540.0,22
2003,il_ex_msa,44,50-99,344,22399.0,330
2003,il_ex_msa,44,500-999,8,5392.0,8
2003,il_ex_msa,44,unknown,4,0.0,0
2003,il_ex_msa,45,1-9,7059,19955.0,5741
2003,il_ex_msa,45,10-49,784,14800.0,721
2003,il_ex_msa,45,100-249,144,20590.0,137
2003,il_ex_msa,45,250-499,38,12597.0,38
2003,il_ex_msa,45,50-99,110,7784.0,102
2003,il_ex_msa,45,500-999,6,3281.0,6
2003,il_ex_msa,45,unknown,2,0.0,0
2003,il_ex_msa,48,1-9,2640,10196.0,1876
2003,il_ex_msa,48,10-49,764,14401.0,727
2003,il_ex_msa,48,100-249,46,6304.0,46
2003,il_ex_msa,48,1000+,1,1000.0,1
2003,il_ex_msa,48,250-499,12,3971.0,12
2003,il_ex_msa,48,50-99,99,6288.0,99
2003,il_ex_msa,48,500-999,3,2100.0,3
2003,il_ex_msa,48,unknown,5,0.0,0
2003,il_ex_msa,49,1-9,1473,5343.0,1315
2003,il_ex_msa,49,10-49,287,5273.0,275
2003,il_ex_msa,49,100-249,18,2396.0,18
2003,il_ex_msa,49,1000+,1,2000.0,1
2003,il_ex_msa,49,250-499,3,975.0,3
2003,il_ex_msa,49,50-99,28,1887.0,28
2003,il_ex_msa,49,500-999,3,2150.0,3
2003,il_ex_msa,49,unknown,1,0.0,0
2003,il_ex_msa,51,1-9,2604,10464.0,1773
2003,il_ex_msa,51,10-49,681,12478.0,573
2003,il_ex_msa,51,100-249,35,4586.0,35
2003,il_ex_msa,51,1000+,1,5000.0,1
2003,il_ex_msa,51,250-499,14,4650.0,14
2003,il_ex_msa,51,50-99,93,5830.0,93
2003,il_ex_msa,51,500-999,2,1050.0,2
2003,il_ex_msa,51,unknown,4,0.0,0
2003,il_ex_msa,52,1-9,9007,28044.0,6496
2003,il_ex_msa,52,10-49,1311,24161.0,1267
2003,il_ex_msa,52,100-249,46,6412.0,46
2003,il_ex_msa,52,1000+,10,25089.0,10
2003,il_ex_msa,52,250-499,16,5110.0,16
2003,il_ex_msa,52,50-99,112,6964.0,112
2003,il_ex_msa,52,500-999,6,3527.0,6
2003,il_ex_msa,52,unknown,21,0.0,0
2003,il_ex_msa,53,1-9,5868,17374.0,4080
2003,il_ex_msa,53,10-49,631,10954.0,611
2003,il_ex_msa,53,100-249,13,1566.0,13
2003,il_ex_msa,53,250-499,1,250.0,1
2003,il_ex_msa,53,50-99,37,2460.0,37
2003,il_ex_msa,53,unknown,1,0.0,0
2003,il_ex_msa,54,1-9,13485,37920.0,6426
2003,il_ex_msa,54,10-49,1241,22226.0,1234
2003,il_ex_msa,54,100-249,44,6046.0,43
2003,il_ex_msa,54,1000+,4,7060.0,4
2003,il_ex_msa,54,250-499,13,4125.0,13
2003,il_ex_msa,54,50-99,97,6313.0,97
2003,il_ex_msa,54,500-999,3,1650.0,3
2003,il_ex_msa,54,unknown,6,0.0,0
2003,il_ex_msa,55,1-9,61,210.0,52
2003,il_ex_msa,55,10-49,32,832.0,32
2003,il_ex_msa,55,100-249,4,482.0,4
2003,il_ex_msa,55,250-499,1,350.0,1
2003,il_ex_msa,55,50-99,12,723.0,12
2003,il_ex_msa,55,unknown,17,0.0,0
2003,il_ex_msa,56,1-9,4959,14565.0,3299
2003,il_ex_msa,56,10-49,617,11241.0,582
2003,il_ex_msa,56,100-249,46,7141.0,46
2003,il_ex_msa,56,1000+,1,1100.0,1
2003,il_ex_msa,56,250-499,17,5263.0,17
2003,il_ex_msa,56,50-99,79,4775.0,79
2003,il_ex_msa,56,500-999,6,3220.0,6
2003,il_ex_msa,56,unknown,2,0.0,0
2003,il_ex_msa,61,1-9,1617,5573.0,1255
2003,il_ex_msa,61,10-49,2168,59858.0,1827
2003,il_ex_msa,61,100-249,183,25249.0,183
2003,il_ex_msa,61,1000+,10,49891.0,10
2003,il_ex_msa,61,250-499,26,8096.0,26
2003,il_ex_msa,61,50-99,637,40439.0,637
2003,il_ex_msa,61,500-999,5,3040.0,5
2003,il_ex_msa,62,1-9,17109,64063.0,5088
2003,il_ex_msa,62,10-49,2487,46939.0,2368
2003,il_ex_msa,62,100-249,374,51671.0,330
2003,il_ex_msa,62,1000+,26,50780.0,26
2003,il_ex_msa,62,250-499,59,18929.0,59
2003,il_ex_msa,62,50-99,514,34750.0,483
2003,il_ex_msa,62,500-999,30,21422.0,30
2003,il_ex_msa,62,unknown,36,0.0,0
2003,il_ex_msa,71,1-9,2470,8126.0,1524
2003,il_ex_msa,71,10-49,578,11430.0,541
2003,il_ex_msa,71,100-249,18,2594.0,18
2003,il_ex_msa,71,1000+,1,1000.0,1
2003,il_ex_msa,71,250-499,9,3097.0,9
2003,il_ex_msa,71,50-99,65,4107.0,65
2003,il_ex_msa,71,500-999,1,861.0,1
2003,il_ex_msa,71,unknown,4,0.0,0
2003,il_ex_msa,72,1-9,5817,22085.0,5322
2003,il_ex_msa,72,10-49,4776,88360.0,3715
2003,il_ex_msa,72,100-249,122,15739.0,121
2003,il_ex_msa,72,1000+,1,1100.0,1
2003,il_ex_msa,72,250-499,8,2377.0,8
2003,il_ex_msa,72,50-99,499,31011.0,482
2003,il_ex_msa,72,500-999,1,600.0,1
2003,il_ex_msa,81,1-9,27518,70922.0,20879
2003,il_ex_msa,81,10-49,1667,28180.0,1659
2003,il_ex_msa,81,100-249,66,9257.0,66
2003,il_ex_msa,81,1000+,2,3215.0,2
2003,il_ex_msa,81,250-499,16,5012.0,16
2003,il_ex_msa,81,50-99,138,8944.0,138
2003,il_ex_msa,81,500-999,3,2031.0,3
2003,il_ex_msa,81,unknown,9,0.0,0
2003,il_ex_msa,92,1-9,4430,16188.0,4335
2003,il_ex_msa,92,10-49,1629,33900.0,1624
2003,il_ex_msa,92,100-249,76,11601.0,76
2003,il_ex_msa,92,1000+,10,15840.0,10
2003,il_ex_msa,92,250-499,42,13319.0,42
2003,il_ex_msa,92,50-99,181,11893.0,181
2003,il_ex_msa,92,500-999,10,5705.0,10
2003,il_ex_msa,92,unknown,3075,0.0,0
2003,il_ex_msa,99,1-9,469,1424.0,415
2003,il_ex_msa,99,10-49,98,1804.0,93
2003,il_ex_msa,99,100-249,7,1015.0,7
2003,il_ex_msa,99,250-499,3,800.0,3
2003,il_ex_msa,99,50-99,17,1031.0,14
2003,il_ex_msa,99,unknown,2195,0.0,0
2003,il_ex_msa,,1-9,221,733.0,162
2003,il_ex_msa,,10-49,40,759.0,39
2003,il_ex_msa,,100-249,2,275.0,2
2003,il_ex_msa,,1000+,1,2100.0,1
2003,il_ex_msa,,50-99,6,365.0,6
2003,il_ex_msa,,500-999,1,800.0,1
2003,il_ex_msa,,unknown,3,0.0,0
2003,msa_ex_cook,11,1-9,254,724.0,150
2003,msa_ex_cook,11,10-49,39,738.0,38
2003,msa_ex_cook,11,100-249,1,150.0,1
2003,msa_ex_cook,11,250-499,1,300.0,1
2003,msa_ex_cook,11,50-99,6,345.0,6
2003,msa_ex_cook,21,1-9,40,147.0,20
2003,msa_ex_cook,21,10-49,21,438.0,15
2003,msa_ex_cook,21,50-99,2,125.0,2
2003,msa_ex_cook,21,500-999,1,600.0,1
2003,msa_ex_cook,22,1-9,69,348.0,40
2003,msa_ex_cook,22,10-49,30,565.0,19
2003,msa_ex_cook,22,100-249,3,540.0,3
2003,msa_ex_cook,22,50-99,1,70.0,1
2003,msa_ex_cook,22,500-999,1,700.0,1
2003,msa_ex_cook,23,1-9,11280,34596.0,6003
2003,msa_ex_cook,23,10-49,1578,29139.0,1575
2003,msa_ex_cook,23,100-249,77,10824.0,77
2003,msa_ex_cook,23,250-499,9,2780.0,9
2003,msa_ex_cook,23,50-99,157,9657.0,157
2003,msa_ex_cook,23,500-999,2,1100.0,2
2003,msa_ex_cook,23,unknown,2,0.0,0
2003,msa_ex_cook,31,1-9,326,1307.0,260
2003,msa_ex_cook,31,10-49,137,2732.0,122
2003,msa_ex_cook,31,100-249,27,4177.0,27
2003,msa_ex_cook,31,250-499,6,2058.0,6
2003,msa_ex_cook,31,50-99,19,1206.0,17
2003,msa_ex_cook,31,500-999,3,1980.0,3
2003,msa_ex_cook,31,unknown,7,0.0,0
2003,msa_ex_cook,32,1-9,1272,4826.0,1029
2003,msa_ex_cook,32,10-49,626,13501.0,534
2003,msa_ex_cook,32,100-249,141,19113.0,141
2003,msa_ex_cook,32,1000+,2,8000.0,2
2003,msa_ex_cook,32,250-499,34,10710.0,34
2003,msa_ex_cook,32,50-99,143,9240.0,143
2003,msa_ex_cook,32,500-999,12,7806.0,12
2003,msa_ex_cook,32,unknown,7,0.0,0
2003,msa_ex_cook,33,1-9,2481,9141.0,2138
2003,msa_ex_cook,33,10-49,1425,27743.0,1198
2003,msa_ex_cook,33,100-249,205,28902.0,205
2003,msa_ex_cook,33,1000+,9,16400.0,9
2003,msa_ex_cook,33,250-499,67,21035.0,67
2003,msa_ex_cook,33,50-99,260,17027.0,260
2003,msa_ex_cook,33,500-999,29,18818.0,29
2003,msa_ex_cook,33,unknown,24,0.0,0
2003,msa_ex_cook,42,1-9,6082,23534.0,4084
2003,msa_ex_cook,42,10-49,1527,29462.0,1491
2003,msa_ex_cook,42,100-249,110,15226.0,109
2003,msa_ex_cook,42,1000+,5,23063.0,5
2003,msa_ex_cook,42,250-499,45,14304.0,45
2003,msa_ex_cook,42,50-99,196,12464.0,196
2003,msa_ex_cook,42,500-999,19,11000.0,19
2003,msa_ex_cook,42,unknown,4,0.0,0
2003,msa_ex_cook,44,1-9,9433,34793.0,6694
2003,msa_ex_cook,44,10-49,2318,44248.0,2234
2003,msa_ex_cook,44,100-249,205,30551.0,196
2003,msa_ex_cook,44,1000+,3,4000.0,3
2003,msa_ex_cook,44,250-499,40,11875.0,40
2003,msa_ex_cook,44,50-99,340,21807.0,326
2003,msa_ex_cook,44,500-999,6,3485.0,6
2003,msa_ex_cook,44,unknown,2,0.0,0
2003,msa_ex_cook,45,1-9,4315,12594.0,3201
2003,msa_ex_cook,45,10-49,725,13961.0,646
2003,msa_ex_cook,45,100-249,104,16375.0,98
2003,msa_ex_cook,45,1000+,3,3200.0,3
2003,msa_ex_cook,45,250-499,31,9421.0,31
2003,msa_ex_cook,45,50-99,76,4895.0,64
2003,msa_ex_cook,45,500-999,6,3600.0,6
2003,msa_ex_cook,45,unknown,4,0.0,0
2003,msa_ex_cook,48,1-9,1882,7393.0,1213
2003,msa_ex_cook,48,10-49,444,8659.0,414
2003,msa_ex_cook,48,100-249,53,7071.0,53
2003,msa_ex_cook,48,1000+,1,2000.0,1
2003,msa_ex_cook,48,250-499,9,2655.0,9
2003,msa_ex_cook,48,50-99,69,4419.0,69
2003,msa_ex_cook,48,500-999,5,3081.0,5
2003,msa_ex_cook,48,unknown,3,0.0,0
2003,msa_ex_cook,49,1-9,174,614.0,118
2003,msa_ex_cook,49,10-49,91,2150.0,82
2003,msa_ex_cook,49,100-249,14,1998.0,14
2003,msa_ex_cook,49,250-499,3,868.0,3
2003,msa_ex_cook,49,50-99,20,1421.0,20
2003,msa_ex_cook,51,1-9,1832,6931.0,1076
2003,msa_ex_cook,51,10-49,347,7034.0,313
2003,msa_ex_cook,51,100-249,39,5288.0,39
2003,msa_ex_cook,51,1000+,4,10650.0,4
2003,msa_ex_cook,51,250-499,19,5955.0,19
2003,msa_ex_cook,51,50-99,45,3146.0,45
2003,msa_ex_cook,51,500-999,8,4400.0,8
2003,msa_ex_cook,51,unknown,9,0.0,0
2003,msa_ex_cook,52,1-9,5717,19128.0,3611
2003,msa_ex_cook,52,10-49,1070,19522.0,1009
2003,msa_ex_cook,52,100-249,64,9233.0,64
2003,msa_ex_cook,52,1000+,6,11700.0,6
2003,msa_ex_cook,52,250-499,13,3742.0,13
2003,msa_ex_cook,52,50-99,121,7629.0,121
2003,msa_ex_cook,52,500-999,7,3900.0,7
2003,msa_ex_cook,52,unknown,6,0.0,0
2003,msa_ex_cook,53,1-9,4318,14079.0,2657
2003,msa_ex_cook,53,10-49,683,13374.0,659
2003,msa_ex_cook,53,100-249,12,1490.0,12
2003,msa_ex_cook,53,250-499,4,1350.0,4
2003,msa_ex_cook,53,50-99,73,4725.0,73
2003,msa_ex_cook,53,500-999,1,500.0,1
2003,msa_ex_cook,53,unknown,1,0.0,0
2003,msa_ex_cook,54,1-9,13670,39095.0,7307
2003,msa_ex_cook,54,10-49,1336,24227.0,1327
2003,msa_ex_cook,54,100-249,94,13115.0,94
2003,msa_ex_cook,54,1000+,2,4000.0,2
2003,msa_ex_cook,54,250-499,29,9695.0,29
2003,msa_ex_cook,54,50-99,118,7403.0,117
2003,msa_ex_cook,54,500-999,4,2600.0,4
2003,msa_ex_cook,54,unknown,6,0.0,0
2003,msa_ex_cook,55,1-9,35,139.0,23
2003,msa_ex_cook,55,10-49,10,267.0,10
2003,msa_ex_cook,55,100-249,3,470.0,3
2003,msa_ex_cook,55,1000+,1,1200.0,1
2003,msa_ex_cook,55,250-499,1,268.0,1
2003,msa_ex_cook,55,50-99,4,289.0,4
2003,msa_ex_cook,55,500-999,1,500.0,1
2003,msa_ex_cook,55,unknown,7,0.0,0
2003,msa_ex_cook,56,1-9,5197,15817.0,2970
2003,msa_ex_cook,56,10-49,718,13199.0,713
2003,msa_ex_cook,56,100-249,53,7831.0,53
2003,msa_ex_cook,56,1000+,3,5601.0,3
2003,msa_ex_cook,56,250-499,14,4200.0,14
2003,msa_ex_cook,56,50-99,97,6192.0,96
2003,msa_ex_cook,56,500-999,6,4075.0,6
2003,msa_ex_cook,56,unknown,2,0.0,0
2003,msa_ex_cook,61,1-9,1127,3358.0,732
2003,msa_ex_cook,61,10-49,986,27296.0,725
2003,msa_ex_cook,61,100-249,108,15490.0,108
2003,msa_ex_cook,61,1000+,6,9049.0,6
2003,msa_ex_cook,61,250-499,38,12364.0,38
2003,msa_ex_cook,61,50-99,470,31253.0,470
2003,msa_ex_cook,61,500-999,6,3615.0,6
2003,msa_ex_cook,61,unknown,2,0.0,0
2003,msa_ex_cook,62,1-9,13373,50100.0,3425
2003,msa_ex_cook,62,10-49,1570,28216.0,1483
2003,msa_ex_cook,62,100-249,178,26399.0,131
2003,msa_ex_cook,62,1000+,21,30751.0,21
2003,msa_ex_cook,62,250-499,17,5272.0,17
2003,msa_ex_cook,62,50-99,202,13373.0,185
2003,msa_ex_cook,62,500-999,8,5380.0,8
2003,msa_ex_cook,62,unknown,37,0.0,0
2003,msa_ex_cook,71,1-9,1648,5394.0,957
2003,msa_ex_cook,71,10-49,427,8424.0,386
2003,msa_ex_cook,71,100-249,51,7330.0,51
2003,msa_ex_cook,71,1000+,6,11256.0,6
2003,msa_ex_cook,71,250-499,9,2615.0,9
2003,msa_ex_cook,71,50-99,73,4510.0,73
2003,msa_ex_cook,71,500-999,4,2000.0,4
2003,msa_ex_cook,72,1-9,2793,11100.0,2560
2003,msa_ex_cook,72,10-49,2990,54484.0,2069
2003,msa_ex_cook,72,100-249,105,13587.0,99
2003,msa_ex_cook,72,1000+,1,2300.0,1
2003,msa_ex_cook,72,250-499,9,2785.0,9
2003,msa_ex_cook,72,50-99,348,22030.0,338
2003,msa_ex_cook,72,500-999,3,1600.0,3
2003,msa_ex_cook,81,1-9,11832,34955.0,8718
2003,msa_ex_cook,81,10-49,1291,21803.0,1279
2003,msa_ex_cook,81,100-249,51,7061.0,51
2003,msa_ex_cook,81,1000+,1,3000.0,1
2003,msa_ex_cook,81,250-499,10,2990.0,10
2003,msa_ex_cook,81,50-99,89,5402.0,89
2003,msa_ex_cook,81,500-999,4,2201.0,4
2003,msa_ex_cook,81,unknown,14,0.0,0
2003,msa_ex_cook,92,1-9,720,2935.0,706
2003,msa_ex_cook,92,10-49,425,9604.0,425
2003,msa_ex_cook,92,100-249,49,6629.0,49
2003,msa_ex_cook,92,1000+,1,3000.0,1
2003,msa_ex_cook,92,250-499,12,3761.0,12
2003,msa_ex_cook,92,50-99,123,7947.0,123
2003,msa_ex_cook,92,500-999,7,4221.0,7
2003,msa_ex_cook,92,unknown,601,0.0,0
2003,msa_ex_cook,99,1-9,490,1341.0,460
2003,msa_ex_cook,99,10-49,95,1899.0,91
2003,msa_ex_cook,99,100-249,5,520.0,5
2003,msa_ex_cook,99,250-499,7,2165.0,7
2003,msa_ex_cook,99,50-99,17,1102.0,17
2003,msa_ex_cook,99,500-999,1,500.0,1
2003,msa_ex_cook,99,unknown,2289,0.0,0
2003,msa_ex_cook,,1-9,170,613.0,110
2003,msa_ex_cook,,10-49,42,835.0,37
2003,msa_ex_cook,,100-249,5,684.0,5
2003,msa_ex_cook,,50-99,5,290.0,5
2003,msa_ex_cook,,unknown,7,0.0,0
2004,chicago,11,1-9,25,85.0,16
2004,chicago,11,10-49,7,138.0,1
2004,chicago,11,100-249,1,100.0,1
2004,chicago,11,50-99,1,65.0,1
2004,chicago,11,500-999,1,500.0,1
2004,chicago,21,1-9,18,69.0,9
2004,chicago,21,10-49,5,68.0,4
2004,chicago,21,unknown,2,0.0,0
2004,chicago,22,1-9,11,44.0,10
2004,chicago,22,10-49,13,324.0,2
2004,chicago,22,100-249,2,202.0,2
2004,chicago,22,1000+,2,3400.0,2
2004,chicago,22,50-99,1,50.0,1
2004,chicago,22,unknown,1,0.0,0
2004,chicago,23,1-9,3967,14497.0,1936
2004,chicago,23,10-49,610,10991.0,603
2004,chicago,23,100-249,34,4926.0,34
2004,chicago,23,250-499,12,3415.0,12
2004,chicago,23,50-99,64,3736.0,64
2004,chicago,23,500-999,2,1100.0,2
2004,chicago,23,unknown,5,0.0,0
2004,chicago,31,1-9,451,1834.0,368
2004,chicago,31,10-49,189,3861.0,176
2004,chicago,31,100-249,40,5947.0,40
2004,chicago,31,1000+,1,1000.0,1
2004,chicago,31,250-499,18,6037.0,18
2004,chicago,31,50-99,40,2592.0,39
2004,chicago,31,500-999,11,6500.0,11
2004,chicago,31,unknown,14,0.0,0
2004,chicago,32,1-9,717,2606.0,563
2004,chicago,32,10-49,319,6291.0,289
2004,chicago,32,100-249,50,7383.0,50
2004,chicago,32,1000+,1,1300.0,1
2004,chicago,32,250-499,12,3614.0,12
2004,chicago,32,50-99,77,4783.0,77
2004,chicago,32,500-999,4,2650.0,4
2004,chicago,32,unknown,8,0.0,0
2004,chicago,33,1-9,1165,4540.0,951
2004,chicago,33,10-49,605,11876.0,531
2004,chicago,33,100-249,92,13295.0,92
2004,chicago,33,1000+,4,5400.0,4
2004,chicago,33,250-499,17,5474.0,17
2004,chicago,33,50-99,129,8372.0,129
2004,chicago,33,500-999,6,3738.0,6
2004,chicago,33,unknown,14,0.0,0
2004,chicago,42,1-9,3247,13321.0,2024
2004,chicago,42,10-49,678,13043.0,668
2004,chicago,42,100-249,62,8572.0,61
2004,chicago,42,1000+,3,7700.0,3
2004,chicago,42,250-499,18,5620.0,18
2004,chicago,42,50-99,97,6237.0,97
2004,chicago,42,500-999,7,4429.0,7
2004,chicago,42,unknown,1,0.0,0
2004,chicago,44,1-9,8912,30027.0,6486
2004,chicago,44,10-49,1226,23387.0,1156
2004,chicago,44,100-249,104,15335.0,101
2004,chicago,44,1000+,1,1200.0,1
2004,chicago,44,250-499,30,9053.0,30
2004,chicago,44,50-99,138,8528.0,133
2004,chicago,44,500-999,6,3996.0,6
2004,chicago,44,unknown,4,0.0,0
2004,chicago,45,1-9,3298,9387.0,2372
2004,chicago,45,10-49,398,9315.0,315
2004,chicago,45,100-249,29,4046.0,27
2004,chicago,45,1000+,2,2500.0,2
2004,chicago,45,250-499,8,2670.0,8
2004,chicago,45,50-99,38,2338.0,34
2004,chicago,45,500-999,4,2545.0,4
2004,chicago,45,unknown,3,0.0,0
2004,chicago,48,1-9,1230,5335.0,738
2004,chicago,48,10-49,458,7081.0,253
2004,chicago,48,100-249,40,6078.0,40
2004,chicago,48,1000+,3,4120.0,3
2004,chicago,48,250-499,11,3338.0,11
2004,chicago,48,50-99,49,3087.0,49
2004,chicago,48,500-999,3,2040.0,3
2004,chicago,48,unknown,3,0.0,0
2004,chicago,49,1-9,63,230.0,41
2004,chicago,49,10-49,68,1540.0,30
2004,chicago,49,100-249,16,1961.0,16
2004,chicago,49,1000+,2,11000.0,2
2004,chicago,49,250-499,3,1150.0,3
2004,chicago,49,50-99,16,1123.0,16
2004,chicago,49,500-999,1,600.0,1
2004,chicago,51,1-9,2056,8765.0,1163
2004,chicago,51,10-49,481,8799.0,402
2004,chicago,51,100-249,33,4612.0,33
2004,chicago,51,1000+,5,8700.0,5
2004,chicago,51,250-499,18,4925.0,18
2004,chicago,51,50-99,78,4909.0,78
2004,chicago,51,500-999,12,7184.0,12
2004,chicago,51,unknown,14,0.0,0
2004,chicago,52,1-9,4245,16256.0,2604
2004,chicago,52,10-49,1097,18939.0,880
2004,chicago,52,100-249,109,15867.0,109
2004,chicago,52,1000+,10,23401.0,10
2004,chicago,52,250-499,31,10740.0,31
2004,chicago,52,50-99,170,10937.0,169
2004,chicago,52,500-999,20,13050.0,20
2004,chicago,52,unknown,24,0.0,0
2004,chicago,53,1-9,4214,16015.0,2476
2004,chicago,53,10-49,808,13587.0,794
2004,chicago,53,100-249,40,5256.0,40
2004,chicago,53,1000+,1,1500.0,1
2004,chicago,53,250-499,5,1555.0,5
2004,chicago,53,50-99,64,4075.0,64
2004,chicago,53,500-999,6,3250.0,6
2004,chicago,53,unknown,2,0.0,0
2004,chicago,54,1-9,16878,47655.0,5872
2004,chicago,54,10-49,1618,30743.0,1608
2004,chicago,54,100-249,142,20040.0,142
2004,chicago,54,1000+,15,28122.0,15
2004,chicago,54,250-499,52,17012.0,52
2004,chicago,54,50-99,231,14651.0,230
2004,chicago,54,500-999,27,16673.0,27
2004,chicago,54,unknown,7,0.0,0
2004,chicago,55,1-9,29,126.0,17
2004,chicago,55,10-49,7,162.0,7
2004,chicago,55,100-249,3,404.0,3
2004,chicago,55,1000+,4,12001.0,4
2004,chicago,55,50-99,7,450.0,7
2004,chicago,55,500-999,1,700.0,1
2004,chicago,55,unknown,5,0.0,0
2004,chicago,56,1-9,3266,11272.0,1885
2004,chicago,56,10-49,483,8884.0,481
2004,chicago,56,100-249,57,8441.0,57
2004,chicago,56,1000+,1,1100.0,1
2004,chicago,56,250-499,11,3475.0,11
2004,chicago,56,50-99,59,3629.0,59
2004,chicago,56,500-999,5,3161.0,5
2004,chicago,56,unknown,1,0.0,0
2004,chicago,61,1-9,922,2972.0,620
2004,chicago,61,10-49,831,21930.0,615
2004,chicago,61,100-249,165,22694.0,165
2004,chicago,61,1000+,7,19034.0,7
2004,chicago,61,250-499,18,5352.0,18
2004,chicago,61,50-99,396,27253.0,396
2004,chicago,61,500-999,13,9076.0,13
2004,chicago,61,unknown,2,0.0,0
2004,chicago,62,1-9,9338,37428.0,2916
2004,chicago,62,10-49,1263,22755.0,1149
2004,chicago,62,100-249,168,25134.0,127
2004,chicago,62,1000+,19,47109.0,19
2004,chicago,62,250-499,29,8538.0,29
2004,chicago,62,50-99,176,11854.0,160
2004,chicago,62,500-999,19,12154.0,19
2004,chicago,62,unknown,13,0.0,0
2004,chicago,71,1-9,1004,3034.0,601
2004,chicago,71,10-49,239,3948.0,159
2004,chicago,71,100-249,19,2587.0,19
2004,chicago,71,1000+,3,3000.0,3
2004,chicago,71,250-499,7,2235.0,7
2004,chicago,71,50-99,35,2204.0,35
2004,chicago,71,500-999,4,2435.0,4
2004,chicago,71,unknown,1,0.0,0
2004,chicago,72,1-9,3901,15033.0,3491
2004,chicago,72,10-49,2915,45316.0,1556
2004,chicago,72,100-249,115,15742.0,114
2004,chicago,72,1000+,5,6723.0,5
2004,chicago,72,250-499,34,9934.0,31
2004,chicago,72,50-99,244,15200.0,240
2004,chicago,72,500-999,11,7360.0,11
2004,chicago,72,unknown,1,0.0,0
2004,chicago,81,1-9,12580,39366.0,8871
2004,chicago,81,10-49,1188,20510.0,1181
2004,chicago,81,100-249,64,8966.0,64
2004,chicago,81,1000+,2,2200.0,2
2004,chicago,81,250-499,13,4055.0,13
2004,chicago,81,50-99,122,7725.0,122
2004,chicago,81,500-999,6,3970.0,6
2004,chicago,81,unknown,12,0.0,0
2004,chicago,92,1-9,395,1870.0,372
2004,chicago,92,10-49,390,8240.0,387
2004,chicago,92,100-249,101,15047.0,101
2004,chicago,92,1000+,10,23777.0,10
2004,chicago,92,250-499,47,15647.0,47
2004,chicago,92,50-99,90,5856.0,90
2004,chicago,92,500-999,14,8847.0,14
2004,chicago,92,unknown,325,0.0,0
2004,chicago,99,1-9,340,1074.0,263
2004,chicago,99,10-49,46,1001.0,43
2004,chicago,99,100-249,4,550.0,4
2004,chicago,99,250-499,1,400.0,1
2004,chicago,99,50-99,7,379.0,7
2004,chicago,99,unknown,1748,0.0,0
2004,chicago,,1-9,107,425.0,60
2004,chicago,,10-49,15,298.0,15
2004,chicago,,250-499,1,250.0,1
2004,chicago,,50-99,2,105.0,2
2004,chicago,,unknown,3,0.0,0
2004,cook_ex_chicago,11,1-9,50,146.0,28
2004,cook_ex_chicago,11,10-49,11,192.0,9
2004,cook_ex_chicago,11,50-99,2,100.0,2
2004,cook_ex_chicago,21,1-9,26,111.0,13
2004,cook_ex_chicago,21,10-49,12,286.0,8
2004,cook_ex_chicago,21,100-249,2,250.0,2
2004,cook_ex_chicago,21,50-99,1,60.0,1
2004,cook_ex_chicago,21,unknown,1,0.0,0
2004,cook_ex_chicago,22,1-9,24,113.0,16
2004,cook_ex_chicago,22,10-49,27,531.0,16
2004,cook_ex_chicago,22,50-99,2,140.0,2
2004,cook_ex_chicago,22,unknown,1,0.0,0
2004,cook_ex_chicago,23,1-9,6308,20689.0,3242
2004,cook_ex_chicago,23,10-49,1169,21743.0,1166
2004,cook_ex_chicago,23,100-249,57,7214.0,57
2004,cook_ex_chicago,23,250-499,4,1100.0,4
2004,cook_ex_chicago,23,50-99,135,8155.0,135
2004,cook_ex_chicago,23,500-999,1,745.0,1
2004,cook_ex_chicago,23,unknown,1,0.0,0
2004,cook_ex_chicago,31,1-9,297,1318.0,242
2004,cook_ex_chicago,31,10-49,150,2965.0,138
2004,cook_ex_chicago,31,100-249,19,2657.0,19
2004,cook_ex_chicago,31,1000+,2,2300.0,2
2004,cook_ex_chicago,31,250-499,13,4150.0,13
2004,cook_ex_chicago,31,50-99,24,1528.0,23
2004,cook_ex_chicago,31,500-999,4,2650.0,4
2004,cook_ex_chicago,31,unknown,6,0.0,0
2004,cook_ex_chicago,32,1-9,993,3825.0,839
2004,cook_ex_chicago,32,10-49,462,9465.0,414
2004,cook_ex_chicago,32,100-249,120,16770.0,120
2004,cook_ex_chicago,32,1000+,4,4600.0,4
2004,cook_ex_chicago,32,250-499,19,6226.0,19
2004,cook_ex_chicago,32,50-99,127,8227.0,127
2004,cook_ex_chicago,32,500-999,3,1800.0,3
2004,cook_ex_chicago,32,unknown,9,0.0,0
2004,cook_ex_chicago,33,1-9,1859,7399.0,1591
2004,cook_ex_chicago,33,10-49,1123,23187.0,979
2004,cook_ex_chicago,33,100-249,183,25216.0,183
2004,cook_ex_chicago,33,1000+,12,17515.0,12
2004,cook_ex_chicago,33,250-499,55,16980.0,55
2004,cook_ex_chicago,33,50-99,234,15437.0,234
2004,cook_ex_chicago,33,500-999,22,14495.0,22
2004,cook_ex_chicago,33,unknown,24,0.0,0
2004,cook_ex_chicago,42,1-9,4419,18237.0,2967
2004,cook_ex_chicago,42,10-49,1256,24183.0,1222
2004,cook_ex_chicago,42,100-249,104,13942.0,103
2004,cook_ex_chicago,42,1000+,1,1000.0,1
2004,cook_ex_chicago,42,250-499,26,8439.0,26
2004,cook_ex_chicago,42,50-99,209,13261.0,209
2004,cook_ex_chicago,42,500-999,13,7659.0,13
2004,cook_ex_chicago,42,unknown,10,0.0,0
2004,cook_ex_chicago,44,1-9,7409,27713.0,5453
2004,cook_ex_chicago,44,10-49,1778,34953.0,1705
2004,cook_ex_chicago,44,100-249,186,28848.0,177
2004,cook_ex_chicago,44,1000+,3,3401.0,3
2004,cook_ex_chicago,44,250-499,29,8438.0,29
2004,cook_ex_chicago,44,50-99,255,16131.0,241
2004,cook_ex_chicago,44,500-999,4,2500.0,4
2004,cook_ex_chicago,44,unknown,6,0.0,0
2004,cook_ex_chicago,45,1-9,3012,9277.0,2223
2004,cook_ex_chicago,45,10-49,621,12859.0,532
2004,cook_ex_chicago,45,100-249,80,12376.0,68
2004,cook_ex_chicago,45,1000+,2,6300.0,2
2004,cook_ex_chicago,45,250-499,24,7442.0,24
2004,cook_ex_chicago,45,50-99,67,4195.0,58
2004,cook_ex_chicago,45,500-999,5,2750.0,5
2004,cook_ex_chicago,45,unknown,1,0.0,0
2004,cook_ex_chicago,48,1-9,1649,6622.0,1082
2004,cook_ex_chicago,48,10-49,430,8021.0,389
2004,cook_ex_chicago,48,100-249,51,7179.0,50
2004,cook_ex_chicago,48,1000+,4,11100.0,4
2004,cook_ex_chicago,48,250-499,12,4200.0,12
2004,cook_ex_chicago,48,50-99,72,4520.0,72
2004,cook_ex_chicago,48,500-999,2,1200.0,2
2004,cook_ex_chicago,48,unknown,5,0.0,0
2004,cook_ex_chicago,49,1-9,118,386.0,68
2004,cook_ex_chicago,49,10-49,46,1035.0,38
2004,cook_ex_chicago,49,100-249,20,3072.0,20
2004,cook_ex_chicago,49,250-499,4,1140.0,4
2004,cook_ex_chicago,49,50-99,22,1540.0,22
2004,cook_ex_chicago,51,1-9,1491,5956.0,832
2004,cook_ex_chicago,51,10-49,284,5388.0,250
2004,cook_ex_chicago,51,100-249,27,3982.0,27
2004,cook_ex_chicago,51,1000+,2,6000.0,2
2004,cook_ex_chicago,51,250-499,13,4130.0,13
2004,cook_ex_chicago,51,50-99,40,2643.0,40
2004,cook_ex_chicago,51,500-999,9,5630.0,9
2004,cook_ex_chicago,51,unknown,4,0.0,0
2004,cook_ex_chicago,52,1-9,4918,17206.0,3150
2004,cook_ex_chicago,52,10-49,992,17993.0,899
2004,cook_ex_chicago,52,100-249,51,6927.0,51
2004,cook_ex_chicago,52,1000+,4,30400.0,4
2004,cook_ex_chicago,52,250-499,8,2270.0,8
2004,cook_ex_chicago,52,50-99,96,6328.0,96
2004,cook_ex_chicago,52,500-999,5,3250.0,5
2004,cook_ex_chicago,52,unknown,14,0.0,0
2004,cook_ex_chicago,53,1-9,3184,11503.0,1935
2004,cook_ex_chicago,53,10-49,630,11460.0,618
2004,cook_ex_chicago,53,100-249,25,3175.0,25
2004,cook_ex_chicago,53,250-499,2,605.0,2
2004,cook_ex_chicago,53,50-99,67,4310.0,67
2004,cook_ex_chicago,53,500-999,1,500.0,1
2004,cook_ex_chicago,53,unknown,1,0.0,0
2004,cook_ex_chicago,54,1-9,9634,29253.0,5126
2004,cook_ex_chicago,54,10-49,1086,19323.0,1076
2004,cook_ex_chicago,54,100-249,69,9262.0,69
2004,cook_ex_chicago,54,1000+,6,12400.0,6
2004,cook_ex_chicago,54,250-499,16,4850.0,16
2004,cook_ex_chicago,54,50-99,130,8043.0,130
2004,cook_ex_chicago,54,500-999,11,7450.0,11
2004,cook_ex_chicago,54,unknown,14,0.0,0
2004,cook_ex_chicago,55,1-9,30,137.0,20
2004,cook_ex_chicago,55,10-49,8,206.0,8
2004,cook_ex_chicago,55,100-249,4,680.0,4
2004,cook_ex_chicago,55,250-499,1,300.0,1
2004,cook_ex_chicago,55,50-99,7,405.0,7
2004,cook_ex_chicago,55,500-999,1,500.0,1
2004,cook_ex_chicago,55,unknown,2,0.0,0
2004,cook_ex_chicago,56,1-9,3320,10660.0,1883
2004,cook_ex_chicago,56,10-49,609,11001.0,602
2004,cook_ex_chicago,56,100-249,50,6594.0,50
2004,cook_ex_chicago,56,1000+,3,5500.0,3
2004,cook_ex_chicago,56,250-499,15,4688.0,15
2004,cook_ex_chicago,56,50-99,92,5567.0,91
2004,cook_ex_chicago,56,500-999,6,3200.0,6
2004,cook_ex_chicago,56,unknown,1,0.0,0
2004,cook_ex_chicago,61,1-9,908,2834.0,624
2004,cook_ex_chicago,61,10-49,844,23706.0,614
2004,cook_ex_chicago,61,100-249,88,12261.0,88
2004,cook_ex_chicago,61,1000+,6,15600.0,6
2004,cook_ex_chicago,61,250-499,31,9918.0,31
2004,cook_ex_chicago,61,50-99,417,27651.0,417
2004,cook_ex_chicago,61,500-999,7,4275.0,7
2004,cook_ex_chicago,62,1-9,12387,46975.0,3093
2004,cook_ex_chicago,62,10-49,1497,26356.0,1382
2004,cook_ex_chicago,62,100-249,173,25730.0,132
2004,cook_ex_chicago,62,1000+,21,46290.0,21
2004,cook_ex_chicago,62,250-499,34,10659.0,34
2004,cook_ex_chicago,62,50-99,177,11783.0,150
2004,cook_ex_chicago,62,500-999,10,5925.0,10
2004,cook_ex_chicago,62,unknown,8,0.0,0
2004,cook_ex_chicago,71,1-9,1022,3273.0,537
2004,cook_ex_chicago,71,10-49,356,7112.0,303
2004,cook_ex_chicago,71,100-249,37,5260.0,37
2004,cook_ex_chicago,71,1000+,1,1200.0,1
2004,cook_ex_chicago,71,250-499,4,1132.0,4
2004,cook_ex_chicago,71,50-99,63,3868.0,63
2004,cook_ex_chicago,71,500-999,3,1745.0,3
2004,cook_ex_chicago,71,unknown,3,0.0,0
2004,cook_ex_chicago,72,1-9,2603,10527.0,2423
2004,cook_ex_chicago,72,10-49,2632,46273.0,1759
2004,cook_ex_chicago,72,100-249,82,10934.0,80
2004,cook_ex_chicago,72,250-499,15,4568.0,15
2004,cook_ex_chicago,72,50-99,327,20661.0,319
2004,cook_ex_chicago,72,500-999,2,1380.0,2
2004,cook_ex_chicago,72,unknown,1,0.0,0
2004,cook_ex_chicago,81,1-9,10002,30095.0,7582
2004,cook_ex_chicago,81,10-49,1224,21157.0,1219
2004,cook_ex_chicago,81,100-249,54,7056.0,54
2004,cook_ex_chicago,81,1000+,2,2600.0,2
2004,cook_ex_chicago,81,250-499,11,3598.0,11
2004,cook_ex_chicago,81,50-99,98,6252.0,98
2004,cook_ex_chicago,81,500-999,4,2650.0,4
2004,cook_ex_chicago,81,unknown,19,0.0,0
2004,cook_ex_chicago,92,1-9,532,2115.0,521
2004,cook_ex_chicago,92,10-49,430,10524.0,430
2004,cook_ex_chicago,92,100-249,69,9712.0,69
2004,cook_ex_chicago,92,1000+,1,1000.0,1
2004,cook_ex_chicago,92,250-499,15,5037.0,15
2004,cook_ex_chicago,92,50-99,117,7278.0,117
2004,cook_ex_chicago,92,500-999,6,3501.0,6
2004,cook_ex_chicago,92,unknown,400,0.0,0
2004,cook_ex_chicago,99,1-9,213,556.0,195
2004,cook_ex_chicago,99,10-49,33,513.0,33
2004,cook_ex_chicago,99,100-249,1,180.0,1
2004,cook_ex_chicago,99,50-99,2,179.0,2
2004,cook_ex_chicago,99,unknown,1411,0.0,0
2004,cook_ex_chicago,,1-9,118,403.0,67
2004,cook_ex_chicago,,10-49,25,382.0,24
2004,cook_ex_chicago,,unknown,7,0.0,0
2004,il_ex_msa,11,1-9,1375,3816.0,958
2004,il_ex_msa,11,10-49,100,1572.0,98
2004,il_ex_msa,11,100-249,9,1181.0,9
2004,il_ex_msa,11,250-499,1,250.0,1
2004,il_ex_msa,11,50-99,13,806.0,12
2004,il_ex_msa,11,500-999,2,1000.0,2
2004,il_ex_msa,21,1-9,251,884.0,200
2004,il_ex_msa,21,10-49,102,1972.0,91
2004,il_ex_msa,21,100-249,6,1105.0,6
2004,il_ex_msa,21,250-499,3,815.0,3
2004,il_ex_msa,21,50-99,9,621.0,9
2004,il_ex_msa,21,500-999,1,780.0,1
2004,il_ex_msa,22,1-9,282,1071.0,218
2004,il_ex_msa,22,10-49,91,1860.0,66
2004,il_ex_msa,22,100-249,2,262.0,2
2004,il_ex_msa,22,250-499,5,1678.0,5
2004,il_ex_msa,22,50-99,14,956.0,14
2004,il_ex_msa,23,1-9,12521,37795.0,8439
2004,il_ex_msa,23,10-49,1637,29771.0,1629
2004,il_ex_msa,23,100-249,65,8789.0,64
2004,il_ex_msa,23,250-499,13,3874.0,13
2004,il_ex_msa,23,50-99,156,9172.0,156
2004,il_ex_msa,23,500-999,1,500.0,1
2004,il_ex_msa,23,unknown,3,0.0,0
2004,il_ex_msa,31,1-9,430,1770.0,339
2004,il_ex_msa,31,10-49,177,3503.0,160
2004,il_ex_msa,31,100-249,34,4802.0,34
2004,il_ex_msa,31,1000+,3,5092.0,3
2004,il_ex_msa,31,250-499,15,4774.0,15
2004,il_ex_msa,31,50-99,55,3703.0,55
2004,il_ex_msa,31,500-999,10,6325.0,10
2004,il_ex_msa,31,unknown,4,0.0,0
2004,il_ex_msa,32,1-9,1092,4048.0,997
2004,il_ex_msa,32,10-49,447,8969.0,410
2004,il_ex_msa,32,100-249,82,11597.0,82
2004,il_ex_msa,32,1000+,3,3740.0,3
2004,il_ex_msa,32,250-499,27,8806.0,27
2004,il_ex_msa,32,50-99,101,6561.0,101
2004,il_ex_msa,32,500-999,8,5975.0,8
2004,il_ex_msa,32,unknown,5,0.0,0
2004,il_ex_msa,33,1-9,2105,7246.0,1901
2004,il_ex_msa,33,10-49,933,18536.0,831
2004,il_ex_msa,33,100-249,184,26069.0,184
2004,il_ex_msa,33,1000+,15,30840.0,15
2004,il_ex_msa,33,250-499,59,19472.0,59
2004,il_ex_msa,33,50-99,194,12666.0,194
2004,il_ex_msa,33,500-999,31,19576.0,31
2004,il_ex_msa,33,unknown,21,0.0,0
2004,il_ex_msa,42,1-9,5549,20924.0,4450
2004,il_ex_msa,42,10-49,1466,26988.0,1446
2004,il_ex_msa,42,100-249,67,9190.0,67
2004,il_ex_msa,42,1000+,5,8100.0,5
2004,il_ex_msa,42,250-499,26,8300.0,26
2004,il_ex_msa,42,50-99,155,9952.0,154
2004,il_ex_msa,42,500-999,15,9995.0,15
2004,il_ex_msa,42,unknown,3,0.0,0
2004,il_ex_msa,44,1-9,13986,52248.0,11919
2004,il_ex_msa,44,10-49,3271,57858.0,3221
2004,il_ex_msa,44,100-249,173,24274.0,168
2004,il_ex_msa,44,1000+,2,3100.0,2
2004,il_ex_msa,44,250-499,22,6730.0,22
2004,il_ex_msa,44,50-99,356,23319.0,342
2004,il_ex_msa,44,500-999,7,4830.0,7
2004,il_ex_msa,44,unknown,4,0.0,0
2004,il_ex_msa,45,1-9,6679,18916.0,5645
2004,il_ex_msa,45,10-49,764,14704.0,692
2004,il_ex_msa,45,100-249,140,19355.0,128
2004,il_ex_msa,45,250-499,44,14370.0,44
2004,il_ex_msa,45,50-99,105,7405.0,98
2004,il_ex_msa,45,500-999,6,3181.0,6
2004,il_ex_msa,45,unknown,4,0.0,0
2004,il_ex_msa,48,1-9,2536,9676.0,1847
2004,il_ex_msa,48,10-49,741,13864.0,702
2004,il_ex_msa,48,100-249,47,6270.0,47
2004,il_ex_msa,48,1000+,1,1000.0,1
2004,il_ex_msa,48,250-499,12,3926.0,12
2004,il_ex_msa,48,50-99,111,6940.0,111
2004,il_ex_msa,48,500-999,2,1300.0,2
2004,il_ex_msa,48,unknown,2,0.0,0
2004,il_ex_msa,49,1-9,1502,5439.0,1333
2004,il_ex_msa,49,10-49,292,5328.0,280
2004,il_ex_msa,49,100-249,17,2521.0,17
2004,il_ex_msa,49,250-499,2,650.0,2
2004,il_ex_msa,49,50-99,30,2058.0,30
2004,il_ex_msa,49,500-999,3,2150.0,3
2004,il_ex_msa,51,1-9,2468,9810.0,1745
2004,il_ex_msa,51,10-49,682,12525.0,564
2004,il_ex_msa,51,100-249,32,4240.0,32
2004,il_ex_msa,51,1000+,2,7000.0,2
2004,il_ex_msa,51,250-499,11,3640.0,11
2004,il_ex_msa,51,50-99,100,6342.0,100
2004,il_ex_msa,51,500-999,2,1450.0,2
2004,il_ex_msa,51,unknown,5,0.0,0
2004,il_ex_msa,52,1-9,8781,27250.0,6532
2004,il_ex_msa,52,10-49,1333,24460.0,1296
2004,il_ex_msa,52,100-249,46,6608.0,46
2004,il_ex_msa,52,1000+,5,17389.0,5
2004,il_ex_msa,52,250-499,19,6055.0,19
2004,il_ex_msa,52,50-99,119,7319.0,119
2004,il_ex_msa,52,500-999,5,2838.0,5
2004,il_ex_msa,52,unknown,13,0.0,0
2004,il_ex_msa,53,1-9,5864,17421.0,4184
2004,il_ex_msa,53,10-49,630,10797.0,615
2004,il_ex_msa,53,100-249,14,1590.0,14
2004,il_ex_msa,53,50-99,37,2471.0,37
2004,il_ex_msa,54,1-9,13174,37276.0,6571
2004,il_ex_msa,54,10-49,1220,22082.0,1214
2004,il_ex_msa,54,100-249,43,5759.0,43
2004,il_ex_msa,54,1000+,4,7060.0,4
2004,il_ex_msa,54,250-499,12,3637.0,12
2004,il_ex_msa,54,50-99,88,5621.0,87
2004,il_ex_msa,54,500-999,2,1150.0,2
2004,il_ex_msa,54,unknown,8,0.0,0
2004,il_ex_msa,55,1-9,56,195.0,47
2004,il_ex_msa,55,10-49,39,1010.0,39
2004,il_ex_msa,55,100-249,5,582.0,5
2004,il_ex_msa,55,250-499,1,350.0,1
2004,il_ex_msa,55,50-99,10,630.0,10
2004,il_ex_msa,55,unknown,12,0.0,0
2004,il_ex_msa,56,1-9,4813,13996.0,3330
2004,il_ex_msa,56,10-49,616,11103.0,579
2004,il_ex_msa,56,100-249,42,5894.0,42
2004,il_ex_msa,56,1000+,1,1100.0,1
2004,il_ex_msa,56,250-499,13,4063.0,13
2004,il_ex_msa,56,50-99,83,4983.0,83
2004,il_ex_msa,56,500-999,6,3550.0,6
2004,il_ex_msa,61,1-9,1569,5327.0,1238
2004,il_ex_msa,61,10-49,2120,58525.0,1829
2004,il_ex_msa,61,100-249,188,26050.0,188
2004,il_ex_msa,61,1000+,10,33911.0,10
2004,il_ex_msa,61,250-499,26,8155.0,26
2004,il_ex_msa,61,50-99,645,41258.0,645
2004,il_ex_msa,61,500-999,7,4415.0,7
2004,il_ex_msa,62,1-9,16590,62030.0,5189
2004,il_ex_msa,62,10-49,2513,47371.0,2404
2004,il_ex_msa,62,100-249,365,50088.0,330
2004,il_ex_msa,62,1000+,28,56679.0,28
2004,il_ex_msa,62,250-499,56,17500.0,56
2004,il_ex_msa,62,50-99,518,35208.0,483
2004,il_ex_msa,62,500-999,30,21199.0,30
2004,il_ex_msa,62,unknown,35,0.0,0
2004,il_ex_msa,71,1-9,2621,8594.0,1630
2004,il_ex_msa,71,10-49,599,11792.0,566
2004,il_ex_msa,71,100-249,22,3094.0,22
2004,il_ex_msa,71,1000+,2,2000.0,2
2004,il_ex_msa,71,250-499,9,3097.0,9
2004,il_ex_msa,71,50-99,58,3723.0,58
2004,il_ex_msa,71,500-999,1,861.0,1
2004,il_ex_msa,71,unknown,6,0.0,0
2004,il_ex_msa,72,1-9,5762,21934.0,5300
2004,il_ex_msa,72,10-49,4771,88563.0,3743
2004,il_ex_msa,72,100-249,120,15392.0,119
2004,il_ex_msa,72,1000+,1,1100.0,1
2004,il_ex_msa,72,250-499,8,2360.0,8
2004,il_ex_msa,72,50-99,507,31608.0,494
2004,il_ex_msa,72,500-999,1,600.0,1
2004,il_ex_msa,81,1-9,26561,68796.0,20827
2004,il_ex_msa,81,10-49,1676,28162.0,1669
2004,il_ex_msa,81,100-249,66,9243.0,66
2004,il_ex_msa,81,1000+,1,1815.0,1
2004,il_ex_msa,81,250-499,18,5562.0,18
2004,il_ex_msa,81,50-99,137,8806.0,137
2004,il_ex_msa,81,500-999,6,3696.0,6
2004,il_ex_msa,81,unknown,10,0.0,0
2004,il_ex_msa,92,1-9,5525,20021.0,5421
2004,il_ex_msa,92,10-49,1978,41367.0,1974
2004,il_ex_msa,92,100-249,91,13978.0,90
2004,il_ex_msa,92,1000+,9,13340.0,9
2004,il_ex_msa,92,250-499,47,14892.0,47
2004,il_ex_msa,92,50-99,242,16037.0,242
2004,il_ex_msa,92,500-999,16,9481.0,16
2004,il_ex_msa,92,unknown,3286,0.0,0
2004,il_ex_msa,99,1-9,311,839.0,271
2004,il_ex_msa,99,10-49,43,825.0,42
2004,il_ex_msa,99,100-249,3,560.0,3
2004,il_ex_msa,99,250-499,1,250.0,1
2004,il_ex_msa,99,50-99,6,358.0,4
2004,il_ex_msa,99,unknown,1371,0.0,0
2004,il_ex_msa,,1-9,210,735.0,152
2004,il_ex_msa,,10-49,43,892.0,42
2004,il_ex_msa,,100-249,2,275.0,2
2004,il_ex_msa,,1000+,1,2100.0,1
2004,il_ex_msa,,250-499,1,250.0,1
2004,il_ex_msa,,50-99,4,215.0,4
2004,il_ex_msa,,500-999,1,800.0,1
2004,il_ex_msa,,unknown,1,0.0,0
2004,msa_ex_cook,11,1-9,249,700.0,152
2004,msa_ex_cook,11,10-49,34,652.0,34
2004,msa_ex_cook,11,100-249,1,150.0,1
2004,msa_ex_cook,11,250-499,1,300.0,1
2004,msa_ex_cook,11,50-99,4,210.0,4
2004,msa_ex_cook,21,1-9,47,178.0,31
2004,msa_ex_cook,21,10-49,15,288.0,9
2004,msa_ex_cook,21,100-249,1,200.0,1
2004,msa_ex_cook,21,50-99,2,125.0,2
2004,msa_ex_cook,21,500-999,1,600.0,1
2004,msa_ex_cook,22,1-9,82,413.0,47
2004,msa_ex_cook,22,10-49,30,552.0,17
2004,msa_ex_cook,22,100-249,3,590.0,3
2004,msa_ex_cook,22,1000+,1,1200.0,1
2004,msa_ex_cook,22,50-99,2,145.0,2
2004,msa_ex_cook,22,500-999,1,700.0,1
2004,msa_ex_cook,22,unknown,1,0.0,0
2004,msa_ex_cook,23,1-9,11030,34302.0,6108
2004,msa_ex_cook,23,10-49,1598,29411.0,1594
2004,msa_ex_cook,23,100-249,72,10378.0,71
2004,msa_ex_cook,23,250-499,9,2630.0,9
2004,msa_ex_cook,23,50-99,164,10176.0,164
2004,msa_ex_cook,23,500-999,3,1800.0,3
2004,msa_ex_cook,23,unknown,2,0.0,0
2004,msa_ex_cook,31,1-9,318,1227.0,248
2004,msa_ex_cook,31,10-49,126,2543.0,111
2004,msa_ex_cook,31,100-249,22,3327.0,22
2004,msa_ex_cook,31,250-499,8,2680.0,8
2004,msa_ex_cook,31,50-99,21,1388.0,20
2004,msa_ex_cook,31,500-999,1,700.0,1
2004,msa_ex_cook,31,unknown,8,0.0,0
2004,msa_ex_cook,32,1-9,1204,4588.0,985
2004,msa_ex_cook,32,10-49,568,11779.0,476
2004,msa_ex_cook,32,100-249,127,17253.0,127
2004,msa_ex_cook,32,1000+,3,6100.0,3
2004,msa_ex_cook,32,250-499,29,8942.0,29
2004,msa_ex_cook,32,50-99,138,8879.0,138
2004,msa_ex_cook,32,500-999,10,6457.0,10
2004,msa_ex_cook,32,unknown,11,0.0,0
2004,msa_ex_cook,33,1-9,2372,8710.0,2050
2004,msa_ex_cook,33,10-49,1382,26784.0,1190
2004,msa_ex_cook,33,100-249,200,28139.0,200
2004,msa_ex_cook,33,1000+,6,9700.0,6
2004,msa_ex_cook,33,250-499,62,19465.0,62
2004,msa_ex_cook,33,50-99,240,15621.0,240
2004,msa_ex_cook,33,500-999,23,14876.0,23
2004,msa_ex_cook,33,unknown,23,0.0,0
2004,msa_ex_cook,42,1-9,5849,22573.0,4029
2004,msa_ex_cook,42,10-49,1466,27909.0,1431
2004,msa_ex_cook,42,100-249,116,16078.0,116
2004,msa_ex_cook,42,1000+,8,28363.0,8
2004,msa_ex_cook,42,250-499,33,10540.0,33
2004,msa_ex_cook,42,50-99,184,11325.0,183
2004,msa_ex_cook,42,500-999,19,10730.0,19
2004,msa_ex_cook,42,unknown,8,0.0,0
2004,msa_ex_cook,44,1-9,9173,33832.0,6652
2004,msa_ex_cook,44,10-49,2274,43728.0,2203
2004,msa_ex_cook,44,100-249,210,31016.0,202
2004,msa_ex_cook,44,1000+,5,9000.0,5
2004,msa_ex_cook,44,250-499,44,13038.0,44
2004,msa_ex_cook,44,50-99,337,21701.0,320
2004,msa_ex_cook,44,500-999,4,2200.0,4
2004,msa_ex_cook,44,unknown,1,0.0,0
2004,msa_ex_cook,45,1-9,4128,12011.0,3108
2004,msa_ex_cook,45,10-49,726,13892.0,638
2004,msa_ex_cook,45,100-249,96,15395.0,90
2004,msa_ex_cook,45,1000+,3,3200.0,3
2004,msa_ex_cook,45,250-499,31,9274.0,31
2004,msa_ex_cook,45,50-99,68,4251.0,61
2004,msa_ex_cook,45,500-999,7,4230.0,7
2004,msa_ex_cook,45,unknown,2,0.0,0
2004,msa_ex_cook,48,1-9,1847,7304.0,1232
2004,msa_ex_cook,48,10-49,447,8631.0,420
2004,msa_ex_cook,48,100-249,53,7326.0,53
2004,msa_ex_cook,48,1000+,1,2000.0,1
2004,msa_ex_cook,48,250-499,9,2595.0,9
2004,msa_ex_cook,48,50-99,68,4320.0,68
2004,msa_ex_cook,48,500-999,5,3081.0,5
2004,msa_ex_cook,48,unknown,6,0.0,0
2004,msa_ex_cook,49,1-9,167,615.0,116
2004,msa_ex_cook,49,10-49,89,2075.0,81
2004,msa_ex_cook,49,100-249,15,2185.0,15
2004,msa_ex_cook,49,250-499,4,1168.0,4
2004,msa_ex_cook,49,50-99,20,1406.0,20
2004,msa_ex_cook,51,1-9,1809,6849.0,1038
2004,msa_ex_cook,51,10-49,328,6404.0,293
2004,msa_ex_cook,51,100-249,36,4863.0,36
2004,msa_ex_cook,51,1000+,2,2650.0,2
2004,msa_ex_cook,51,250-499,22,6455.0,22
2004,msa_ex_cook,51,50-99,50,3304.0,49
2004,msa_ex_cook,51,500-999,6,3400.0,6
2004,msa_ex_cook,51,unknown,9,0.0,0
2004,msa_ex_cook,52,1-9,5917,20245.0,3774
2004,msa_ex_cook,52,10-49,1122,20518.0,1057
2004,msa_ex_cook,52,100-249,51,7405.0,51
2004,msa_ex_cook,52,1000+,4,6700.0,4
2004,msa_ex_cook,52,250-499,15,4586.0,15
2004,msa_ex_cook,52,50-99,119,7506.0,119
2004,msa_ex_cook,52,500-999,4,2100.0,4
2004,msa_ex_cook,52,unknown,10,0.0,0
2004,msa_ex_cook,53,1-9,4361,14302.0,2769
2004,msa_ex_cook,53,10-49,694,13770.0,669
2004,msa_ex_cook,53,100-249,18,2104.0,18
2004,msa_ex_cook,53,250-499,1,305.0,1
2004,msa_ex_cook,53,50-99,73,4760.0,73
2004,msa_ex_cook,53,500-999,2,1300.0,2
2004,msa_ex_cook,54,1-9,13333,38471.0,7374
2004,msa_ex_cook,54,10-49,1326,23759.0,1316
2004,msa_ex_cook,54,100-249,97,14276.0,97
2004,msa_ex_cook,54,1000+,2,4000.0,2
2004,msa_ex_cook,54,250-499,23,7615.0,23
2004,msa_ex_cook,54,50-99,122,7637.0,122
2004,msa_ex_cook,54,500-999,6,3700.0,6
2004,msa_ex_cook,54,unknown,14,0.0,0
2004,msa_ex_cook,55,1-9,29,119.0,21
2004,msa_ex_cook,55,10-49,9,242.0,9
2004,msa_ex_cook,55,100-249,2,270.0,2
2004,msa_ex_cook,55,250-499,1,268.0,1
2004,msa_ex_cook,55,50-99,3,199.0,3
2004,msa_ex_cook,55,500-999,1,537.0,1
2004,msa_ex_cook,55,unknown,4,0.0,0
2004,msa_ex_cook,56,1-9,4989,15166.0,2971
2004,msa_ex_cook,56,10-49,745,13388.0,742
2004,msa_ex_cook,56,100-249,50,7433.0,50
2004,msa_ex_cook,56,1000+,1,3500.0,1
2004,msa_ex_cook,56,250-499,11,3350.0,11
2004,msa_ex_cook,56,50-99,98,6119.0,97
2004,msa_ex_cook,56,500-999,6,3775.0,6
2004,msa_ex_cook,56,unknown,3,0.0,0
2004,msa_ex_cook,61,1-9,1112,3316.0,748
2004,msa_ex_cook,61,10-49,940,25423.0,737
2004,msa_ex_cook,61,100-249,122,17568.0,122
2004,msa_ex_cook,61,1000+,5,7749.0,5
2004,msa_ex_cook,61,250-499,42,13789.0,42
2004,msa_ex_cook,61,50-99,496,32703.0,496
2004,msa_ex_cook,61,500-999,7,4385.0,7
2004,msa_ex_cook,61,unknown,2,0.0,0
2004,msa_ex_cook,62,1-9,13387,50174.0,3613
2004,msa_ex_cook,62,10-49,1663,29729.0,1578
2004,msa_ex_cook,62,100-249,177,26164.0,136
2004,msa_ex_cook,62,1000+,24,38851.0,24
2004,msa_ex_cook,62,250-499,16,4942.0,16
2004,msa_ex_cook,62,50-99,208,13735.0,187
2004,msa_ex_cook,62,500-999,7,4792.0,7
2004,msa_ex_cook,62,unknown,32,0.0,0
2004,msa_ex_cook,71,1-9,1650,5339.0,973
2004,msa_ex_cook,71,10-49,428,8464.0,381
2004,msa_ex_cook,71,100-249,52,7505.0,52
2004,msa_ex_cook,71,1000+,6,11456.0,6
2004,msa_ex_cook,71,250-499,7,2065.0,7
2004,msa_ex_cook,71,50-99,73,4455.0,73
2004,msa_ex_cook,71,500-999,3,1500.0,3
2004,msa_ex_cook,72,1-9,2806,11359.0,2598
2004,msa_ex_cook,72,10-49,3149,57108.0,2178
2004,msa_ex_cook,72,100-249,103,13183.0,99
2004,msa_ex_cook,72,1000+,2,3300.0,2
2004,msa_ex_cook,72,250-499,8,2535.0,8
2004,msa_ex_cook,72,50-99,353,22267.0,341
2004,msa_ex_cook,72,500-999,2,1100.0,2
2004,msa_ex_cook,81,1-9,11715,34833.0,8824
2004,msa_ex_cook,81,10-49,1338,22830.0,1330
2004,msa_ex_cook,81,100-249,44,5957.0,44
2004,msa_ex_cook,81,250-499,12,3750.0,12
2004,msa_ex_cook,81,50-99,95,5730.0,95
2004,msa_ex_cook,81,500-999,4,2201.0,4
2004,msa_ex_cook,81,unknown,12,0.0,0
2004,msa_ex_cook,92,1-9,936,3850.0,915
2004,msa_ex_cook,92,10-49,583,12917.0,583
2004,msa_ex_cook,92,100-249,55,7485.0,55
2004,msa_ex_cook,92,1000+,2,5000.0,2
2004,msa_ex_cook,92,250-499,18,6052.0,18
2004,msa_ex_cook,92,50-99,153,9935.0,153
2004,msa_ex_cook,92,500-999,9,5726.0,9
2004,msa_ex_cook,92,unknown,620,0.0,0
2004,msa_ex_cook,99,1-9,333,783.0,311
2004,msa_ex_cook,99,10-49,46,852.0,42
2004,msa_ex_cook,99,100-249,2,200.0,2
2004,msa_ex_cook,99,250-499,3,1000.0,3
2004,msa_ex_cook,99,50-99,7,385.0,7
2004,msa_ex_cook,99,unknown,1575,0.0,0
2004,msa_ex_cook,,1-9,182,683.0,118
2004,msa_ex_cook,,10-49,47,968.0,45
2004,msa_ex_cook,,100-249,4,592.0,4
2004,msa_ex_cook,,250-499,4,1275.0,4
2004,msa_ex_cook,,50-99,6,420.0,6
2004,msa_ex_cook,,unknown,5,0.0,0
2005,chicago,11,1-9,27,95.0,16
2005,chicago,11,10-49,7,138.0,1
2005,chicago,11,100-249,1,100.0,1
2005,chicago,11,50-99,1,65.0,1
2005,chicago,11,500-999,1,500.0,1
2005,chicago,21,1-9,26,97.0,8
2005,chicago,21,10-49,5,68.0,4
2005,chicago,21,unknown,2,0.0,0
2005,chicago,22,1-9,13,52.0,12
2005,chicago,22,10-49,13,303.0,3
2005,chicago,22,100-249,2,202.0,2
2005,chicago,22,1000+,2,3400.0,2
2005,chicago,22,250-499,1,250.0,1
2005,chicago,22,unknown,1,0.0,0
2005,chicago,23,1-9,4382,16277.0,1958
2005,chicago,23,10-49,609,10837.0,589
2005,chicago,23,100-249,35,5076.0,35
2005,chicago,23,250-499,13,3665.0,13
2005,chicago,23,50-99,67,3871.0,67
2005,chicago,23,500-999,2,1100.0,2
2005,chicago,23,unknown,5,0.0,0
2005,chicago,31,1-9,463,1928.0,357
2005,chicago,31,10-49,189,3804.0,171
2005,chicago,31,100-249,40,6068.0,40
2005,chicago,31,1000+,1,1000.0,1
2005,chicago,31,250-499,17,5657.0,17
2005,chicago,31,50-99,41,2627.0,40
2005,chicago,31,500-999,13,7690.0,13
2005,chicago,31,unknown,17,0.0,0
2005,chicago,32,1-9,733,2675.0,557
2005,chicago,32,10-49,314,6180.0,282
2005,chicago,32,100-249,45,6777.0,45
2005,chicago,32,250-499,11,3314.0,11
2005,chicago,32,50-99,78,4876.0,78
2005,chicago,32,500-999,4,2650.0,4
2005,chicago,32,unknown,11,0.0,0
2005,chicago,33,1-9,1185,4662.0,934
2005,chicago,33,10-49,603,11726.0,526
2005,chicago,33,100-249,91,13215.0,91
2005,chicago,33,1000+,4,5400.0,4
2005,chicago,33,250-499,16,5074.0,16
2005,chicago,33,50-99,121,7868.0,121
2005,chicago,33,500-999,7,4588.0,7
2005,chicago,33,unknown,16,0.0,0
2005,chicago,42,1-9,3254,13406.0,2005
2005,chicago,42,10-49,686,13242.0,676
2005,chicago,42,100-249,63,8646.0,63
2005,chicago,42,1000+,3,5000.0,3
2005,chicago,42,250-499,20,6320.0,20
2005,chicago,42,50-99,95,6192.0,95
2005,chicago,42,500-999,6,3729.0,6
2005,chicago,42,unknown,2,0.0,0
2005,chicago,44,1-9,9363,31993.0,6480
2005,chicago,44,10-49,1229,23289.0,1157
2005,chicago,44,100-249,104,15618.0,98
2005,chicago,44,1000+,1,1200.0,1
2005,chicago,44,250-499,29,8755.0,29
2005,chicago,44,50-99,138,8590.0,133
2005,chicago,44,500-999,6,3996.0,6
2005,chicago,44,unknown,4,0.0,0
2005,chicago,45,1-9,3499,10092.0,2361
2005,chicago,45,10-49,418,9943.0,320
2005,chicago,45,100-249,31,4257.0,27
2005,chicago,45,1000+,2,2500.0,2
2005,chicago,45,250-499,8,2670.0,8
2005,chicago,45,50-99,43,2633.0,36
2005,chicago,45,500-999,3,1900.0,3
2005,chicago,45,unknown,3,0.0,0
2005,chicago,48,1-9,1337,5956.0,745
2005,chicago,48,10-49,469,7222.0,258
2005,chicago,48,100-249,39,5748.0,39
2005,chicago,48,1000+,3,4120.0,3
2005,chicago,48,250-499,11,3338.0,11
2005,chicago,48,50-99,49,3094.0,49
2005,chicago,48,500-999,2,1410.0,2
2005,chicago,48,unknown,2,0.0,0
2005,chicago,49,1-9,70,259.0,44
2005,chicago,49,10-49,68,1608.0,29
2005,chicago,49,100-249,19,2311.0,19
2005,chicago,49,1000+,2,11000.0,2
2005,chicago,49,250-499,2,750.0,2
2005,chicago,49,50-99,14,1007.0,14
2005,chicago,49,500-999,1,600.0,1
2005,chicago,51,1-9,2290,9906.0,1199
2005,chicago,51,10-49,519,9415.0,411
2005,chicago,51,100-249,34,4762.0,34
2005,chicago,51,1000+,5,8692.0,5
2005,chicago,51,250-499,17,4725.0,17
2005,chicago,51,50-99,77,4878.0,77
2005,chicago,51,500-999,12,7184.0,12
2005,chicago,51,unknown,14,0.0,0
2005,chicago,52,1-9,4666,18252.0,2661
2005,chicago,52,10-49,1191,19907.0,892
2005,chicago,52,100-249,108,15710.0,108
2005,chicago,52,1000+,10,23201.0,10
2005,chicago,52,250-499,31,10820.0,31
2005,chicago,52,50-99,168,10841.0,167
2005,chicago,52,500-999,19,12200.0,19
2005,chicago,52,unknown,35,0.0,0
2005,chicago,53,1-9,4575,17480.0,2494
2005,chicago,53,10-49,810,13707.0,796
2005,chicago,53,100-249,39,5156.0,39
2005,chicago,53,1000+,1,1500.0,1
2005,chicago,53,250-499,5,1555.0,5
2005,chicago,53,50-99,68,4295.0,68
2005,chicago,53,500-999,6,3250.0,6
2005,chicago,53,unknown,2,0.0,0
2005,chicago,54,1-9,17458,50125.0,5947
2005,chicago,54,10-49,1616,30482.0,1596
2005,chicago,54,100-249,142,20013.0,142
2005,chicago,54,1000+,13,26122.0,13
2005,chicago,54,250-499,56,18334.0,56
2005,chicago,54,50-99,227,14339.0,226
2005,chicago,54,500-999,25,15582.0,25
2005,chicago,54,unknown,9,0.0,0
2005,chicago,55,1-9,37,183.0,17
2005,chicago,55,10-49,5,81.0,5
2005,chicago,55,100-249,5,604.0,5
2005,chicago,55,1000+,4,12001.0,4
2005,chicago,55,50-99,2,110.0,2
2005,chicago,55,500-999,1,700.0,1
2005,chicago,55,unknown,4,0.0,0
2005,chicago,56,1-9,3486,12010.0,1888
2005,chicago,56,10-49,478,8861.0,477
2005,chicago,56,100-249,57,8251.0,57
2005,chicago,56,1000+,1,1100.0,1
2005,chicago,56,250-499,12,3875.0,12
2005,chicago,56,50-99,59,3614.0,59
2005,chicago,56,500-999,5,3161.0,5
2005,chicago,56,unknown,3,0.0,0
2005,chicago,61,1-9,983,3168.0,626
2005,chicago,61,10-49,805,21332.0,599
2005,chicago,61,100-249,164,22519.0,164
2005,chicago,61,1000+,7,19034.0,7
2005,chicago,61,250-499,18,5352.0,18
2005,chicago,61,50-99,397,27348.0,397
2005,chicago,61,500-999,12,8576.0,12
2005,chicago,61,unknown,1,0.0,0
2005,chicago,62,1-9,10061,40965.0,2968
2005,chicago,62,10-49,1282,22990.0,1137
2005,chicago,62,100-249,166,24909.0,127
2005,chicago,62,1000+,19,47109.0,19
2005,chicago,62,250-499,29,8578.0,29
2005,chicago,62,50-99,177,11927.0,161
2005,chicago,62,500-999,19,12154.0,19
2005,chicago,62,unknown,11,0.0,0
2005,chicago,71,1-9,1071,3248.0,618
2005,chicago,71,10-49,280,4437.0,166
2005,chicago,71,100-249,20,2688.0,20
2005,chicago,71,1000+,3,3000.0,3
2005,chicago,71,250-499,8,2485.0,8
2005,chicago,71,50-99,33,2084.0,33
2005,chicago,71,500-999,4,2435.0,4
2005,chicago,71,unknown,1,0.0,0
2005,chicago,72,1-9,3894,15258.0,3445
2005,chicago,72,10-49,3149,47643.0,1546
2005,chicago,72,100-249,119,16118.0,118
2005,chicago,72,1000+,5,6723.0,5
2005,chicago,72,250-499,33,9684.0,30
2005,chicago,72,50-99,244,15178.0,241
2005,chicago,72,500-999,11,7360.0,11
2005,chicago,72,unknown,3,0.0,0
2005,chicago,81,1-9,13200,41600.0,8915
2005,chicago,81,10-49,1184,20535.0,1174
2005,chicago,81,100-249,65,9036.0,65
2005,chicago,81,1000+,2,2200.0,2
2005,chicago,81,250-499,13,4080.0,13
2005,chicago,81,50-99,117,7339.0,117
2005,chicago,81,500-999,6,3970.0,6
2005,chicago,81,unknown,12,0.0,0
2005,chicago,92,1-9,394,1868.0,371
2005,chicago,92,10-49,387,8175.0,384
2005,chicago,92,100-249,100,14872.0,100
2005,chicago,92,1000+,10,23777.0,10
2005,chicago,92,250-499,47,15647.0,47
2005,chicago,92,50-99,90,5856.0,90
2005,chicago,92,500-999,14,8847.0,14
2005,chicago,92,unknown,335,0.0,0
2005,chicago,99,1-9,396,1243.0,294
2005,chicago,99,10-49,73,1629.0,71
2005,chicago,99,100-249,8,1210.0,8
2005,chicago,99,1000+,1,1000.0,1
2005,chicago,99,250-499,1,300.0,1
2005,chicago,99,50-99,16,1003.0,16
2005,chicago,99,500-999,2,1192.0,2
2005,chicago,99,unknown,3026,0.0,0
2005,chicago,,1-9,119,466.0,60
2005,chicago,,10-49,15,287.0,15
2005,chicago,,50-99,3,155.0,3
2005,chicago,,unknown,2,0.0,0
2005,cook_ex_chicago,11,1-9,63,193.0,31
2005,cook_ex_chicago,11,10-49,10,155.0,8
2005,cook_ex_chicago,11,100-249,1,100.0,1
2005,cook_ex_chicago,11,50-99,2,110.0,2
2005,cook_ex_chicago,21,1-9,32,123.0,14
2005,cook_ex_chicago,21,10-49,11,289.0,8
2005,cook_ex_chicago,21,100-249,2,250.0,2
2005,cook_ex_chicago,21,250-499,1,479.0,1
2005,cook_ex_chicago,21,50-99,2,135.0,2
2005,cook_ex_chicago,22,1-9,72,315.0,42
2005,cook_ex_chicago,22,10-49,35,681.0,20
2005,cook_ex_chicago,22,50-99,3,199.0,3
2005,cook_ex_chicago,22,unknown,1,0.0,0
2005,cook_ex_chicago,23,1-9,7053,23404.0,3254
2005,cook_ex_chicago,23,10-49,1154,21906.0,1149
2005,cook_ex_chicago,23,100-249,59,7494.0,59
2005,cook_ex_chicago,23,250-499,4,1250.0,4
2005,cook_ex_chicago,23,50-99,133,7942.0,133
2005,cook_ex_chicago,23,unknown,1,0.0,0
2005,cook_ex_chicago,31,1-9,331,1461.0,253
2005,cook_ex_chicago,31,10-49,145,2837.0,125
2005,cook_ex_chicago,31,100-249,20,2757.0,20
2005,cook_ex_chicago,31,1000+,3,5300.0,3
2005,cook_ex_chicago,31,250-499,13,4150.0,13
2005,cook_ex_chicago,31,50-99,26,1647.0,26
2005,cook_ex_chicago,31,500-999,4,2650.0,4
2005,cook_ex_chicago,31,unknown,6,0.0,0
2005,cook_ex_chicago,32,1-9,1031,4035.0,818
2005,cook_ex_chicago,32,10-49,483,9664.0,416
2005,cook_ex_chicago,32,100-249,112,15876.0,112
2005,cook_ex_chicago,32,1000+,4,4600.0,4
2005,cook_ex_chicago,32,250-499,15,4891.0,15
2005,cook_ex_chicago,32,50-99,126,8164.0,126
2005,cook_ex_chicago,32,500-999,2,1200.0,2
2005,cook_ex_chicago,32,unknown,8,0.0,0
2005,cook_ex_chicago,33,1-9,1895,7751.0,1527
2005,cook_ex_chicago,33,10-49,1156,23698.0,977
2005,cook_ex_chicago,33,100-249,185,25128.0,185
2005,cook_ex_chicago,33,1000+,12,17515.0,12
2005,cook_ex_chicago,33,250-499,50,15395.0,50
2005,cook_ex_chicago,33,50-99,237,15572.0,237
2005,cook_ex_chicago,33,500-999,20,13446.0,20
2005,cook_ex_chicago,33,unknown,32,0.0,0
2005,cook_ex_chicago,42,1-9,4575,19193.0,2789
2005,cook_ex_chicago,42,10-49,1215,23267.0,1174
2005,cook_ex_chicago,42,100-249,96,12752.0,95
2005,cook_ex_chicago,42,1000+,1,1000.0,1
2005,cook_ex_chicago,42,250-499,31,10140.0,31
2005,cook_ex_chicago,42,50-99,187,11683.0,186
2005,cook_ex_chicago,42,500-999,15,9059.0,15
2005,cook_ex_chicago,42,unknown,11,0.0,0
2005,cook_ex_chicago,44,1-9,8153,30671.0,5410
2005,cook_ex_chicago,44,10-49,1792,34982.0,1703
2005,cook_ex_chicago,44,100-249,180,27669.0,172
2005,cook_ex_chicago,44,1000+,4,8201.0,4
2005,cook_ex_chicago,44,250-499,31,8948.0,31
2005,cook_ex_chicago,44,50-99,248,15565.0,231
2005,cook_ex_chicago,44,500-999,4,2500.0,4
2005,cook_ex_chicago,44,unknown,1,0.0,0
2005,cook_ex_chicago,45,1-9,3282,9984.0,2163
2005,cook_ex_chicago,45,10-49,662,14030.0,553
2005,cook_ex_chicago,45,100-249,87,13442.0,75
2005,cook_ex_chicago,45,1000+,3,11100.0,3
2005,cook_ex_chicago,45,250-499,29,8942.0,29
2005,cook_ex_chicago,45,50-99,63,3896.0,53
2005,cook_ex_chicago,45,500-999,4,2250.0,4
2005,cook_ex_chicago,48,1-9,1909,7965.0,1075
2005,cook_ex_chicago,48,10-49,433,7981.0,383
2005,cook_ex_chicago,48,100-249,51,7447.0,51
2005,cook_ex_chicago,48,1000+,4,11100.0,4
2005,cook_ex_chicago,48,250-499,11,3800.0,11
2005,cook_ex_chicago,48,50-99,72,4591.0,72
2005,cook_ex_chicago,48,500-999,2,1200.0,2
2005,cook_ex_chicago,48,unknown,5,0.0,0
2005,cook_ex_chicago,49,1-9,121,393.0,68
2005,cook_ex_chicago,49,10-49,55,1210.0,43
2005,cook_ex_chicago,49,100-249,20,3057.0,20
2005,cook_ex_chicago,49,250-499,4,1140.0,4
2005,cook_ex_chicago,49,50-99,23,1592.0,23
2005,cook_ex_chicago,51,1-9,1662,6821.0,853
2005,cook_ex_chicago,51,10-49,294,5482.0,258
2005,cook_ex_chicago,51,100-249,27,3916.0,27
2005,cook_ex_chicago,51,1000+,2,6000.0,2
2005,cook_ex_chicago,51,250-499,9,2820.0,9
2005,cook_ex_chicago,51,50-99,36,2331.0,36
2005,cook_ex_chicago,51,500-999,10,6130.0,10
2005,cook_ex_chicago,51,unknown,5,0.0,0
2005,cook_ex_chicago,52,1-9,5560,19861.0,3159
2005,cook_ex_chicago,52,10-49,1059,18833.0,921
2005,cook_ex_chicago,52,100-249,50,6436.0,50
2005,cook_ex_chicago,52,1000+,5,31800.0,5
2005,cook_ex_chicago,52,250-499,10,3000.0,10
2005,cook_ex_chicago,52,50-99,92,6155.0,92
2005,cook_ex_chicago,52,500-999,4,2700.0,4
2005,cook_ex_chicago,52,unknown,8,0.0,0
2005,cook_ex_chicago,53,1-9,3617,13310.0,1962
2005,cook_ex_chicago,53,10-49,619,11402.0,608
2005,cook_ex_chicago,53,100-249,26,3305.0,26
2005,cook_ex_chicago,53,250-499,3,905.0,3
2005,cook_ex_chicago,53,50-99,66,4322.0,66
2005,cook_ex_chicago,53,500-999,1,500.0,1
2005,cook_ex_chicago,54,1-9,10280,31809.0,5019
2005,cook_ex_chicago,54,10-49,1026,18203.0,1009
2005,cook_ex_chicago,54,100-249,56,7647.0,56
2005,cook_ex_chicago,54,1000+,6,12400.0,6
2005,cook_ex_chicago,54,250-499,13,4150.0,13
2005,cook_ex_chicago,54,50-99,119,7427.0,119
2005,cook_ex_chicago,54,500-999,10,6830.0,10
2005,cook_ex_chicago,54,unknown,13,0.0,0
2005,cook_ex_chicago,55,1-9,32,135.0,22
2005,cook_ex_chicago,55,10-49,9,251.0,9
2005,cook_ex_chicago,55,100-249,6,1030.0,6
2005,cook_ex_chicago,55,250-499,1,300.0,1
2005,cook_ex_chicago,55,50-99,8,480.0,8
2005,cook_ex_chicago,55,unknown,3,0.0,0
2005,cook_ex_chicago,56,1-9,3624,11548.0,1830
2005,cook_ex_chicago,56,10-49,605,10928.0,589
2005,cook_ex_chicago,56,100-249,53,6974.0,53
2005,cook_ex_chicago,56,1000+,3,5500.0,3
2005,cook_ex_chicago,56,250-499,16,4988.0,16
2005,cook_ex_chicago,56,50-99,87,5277.0,86
2005,cook_ex_chicago,56,500-999,3,1700.0,3
2005,cook_ex_chicago,56,unknown,3,0.0,0
2005,cook_ex_chicago,61,1-9,985,3086.0,646
2005,cook_ex_chicago,61,10-49,875,24596.0,610
2005,cook_ex_chicago,61,100-249,87,12172.0,87
2005,cook_ex_chicago,61,1000+,6,15600.0,6
2005,cook_ex_chicago,61,250-499,28,9138.0,28
2005,cook_ex_chicago,61,50-99,422,27999.0,422
2005,cook_ex_chicago,61,500-999,7,4275.0,7
2005,cook_ex_chicago,62,1-9,13097,50608.0,3117
2005,cook_ex_chicago,62,10-49,1543,27217.0,1388
2005,cook_ex_chicago,62,100-249,176,25926.0,132
2005,cook_ex_chicago,62,1000+,20,45040.0,20
2005,cook_ex_chicago,62,250-499,35,11049.0,35
2005,cook_ex_chicago,62,50-99,173,11396.0,153
2005,cook_ex_chicago,62,500-999,8,4635.0,8
2005,cook_ex_chicago,62,unknown,11,0.0,0
2005,cook_ex_chicago,71,1-9,1132,3710.0,548
2005,cook_ex_chicago,71,10-49,359,7088.0,294
2005,cook_ex_chicago,71,100-249,32,4570.0,32
2005,cook_ex_chicago,71,1000+,1,1200.0,1
2005,cook_ex_chicago,71,250-499,8,2422.0,8
2005,cook_ex_chicago,71,50-99,65,4043.0,65
2005,cook_ex_chicago,71,500-999,3,1745.0,3
2005,cook_ex_chicago,72,1-9,2698,11037.0,2432
2005,cook_ex_chicago,72,10-49,2923,49396.0,1765
2005,cook_ex_chicago,72,100-249,89,12002.0,86
2005,cook_ex_chicago,72,250-499,15,4593.0,15
2005,cook_ex_chicago,72,50-99,339,21316.0,328
2005,cook_ex_chicago,72,500-999,3,1880.0,3
2005,cook_ex_chicago,72,unknown,3,0.0,0
2005,cook_ex_chicago,81,1-9,10714,31894.0,7495
2005,cook_ex_chicago,81,10-49,1203,20800.0,1200
2005,cook_ex_chicago,81,100-249,58,7765.0,58
2005,cook_ex_chicago,81,1000+,3,6600.0,3
2005,cook_ex_chicago,81,250-499,7,2368.0,7
2005,cook_ex_chicago,81,50-99,102,6625.0,101
2005,cook_ex_chicago,81,500-999,5,3150.0,5
2005,cook_ex_chicago,81,unknown,11,0.0,0
2005,cook_ex_chicago,92,1-9,511,2065.0,497
2005,cook_ex_chicago,92,10-49,403,9932.0,403
2005,cook_ex_chicago,92,100-249,74,10338.0,74
2005,cook_ex_chicago,92,1000+,1,1000.0,1
2005,cook_ex_chicago,92,250-499,15,5001.0,15
2005,cook_ex_chicago,92,50-99,119,7441.0,119
2005,cook_ex_chicago,92,500-999,7,4001.0,7
2005,cook_ex_chicago,92,unknown,432,0.0,0
2005,cook_ex_chicago,99,1-9,277,806.0,227
2005,cook_ex_chicago,99,10-49,60,1131.0,58
2005,cook_ex_chicago,99,100-249,6,840.0,6
2005,cook_ex_chicago,99,50-99,8,509.0,8
2005,cook_ex_chicago,99,500-999,1,500.0,1
2005,cook_ex_chicago,99,unknown,2309,0.0,0
2005,cook_ex_chicago,,1-9,134,499.0,60
2005,cook_ex_chicago,,10-49,27,406.0,23
2005,cook_ex_chicago,,100-249,1,200.0,1
2005,cook_ex_chicago,,unknown,2,0.0,0
2005,il_ex_msa,11,1-9,1443,4084.0,979
2005,il_ex_msa,11,10-49,96,1515.0,92
2005,il_ex_msa,11,100-249,9,1261.0,9
2005,il_ex_msa,11,50-99,14,883.0,13
2005,il_ex_msa,11,500-999,4,2200.0,4
2005,il_ex_msa,21,1-9,273,996.0,199
2005,il_ex_msa,21,10-49,110,2020.0,89
2005,il_ex_msa,21,100-249,7,1181.0,7
2005,il_ex_msa,21,250-499,2,565.0,2
2005,il_ex_msa,21,50-99,6,387.0,6
2005,il_ex_msa,22,1-9,440,1745.0,335
2005,il_ex_msa,22,10-49,110,2252.0,84
2005,il_ex_msa,22,100-249,2,263.0,2
2005,il_ex_msa,22,250-499,5,1640.0,5
2005,il_ex_msa,22,50-99,14,957.0,14
2005,il_ex_msa,23,1-9,13423,40869.0,8477
2005,il_ex_msa,23,10-49,1680,30489.0,1672
2005,il_ex_msa,23,100-249,67,9140.0,67
2005,il_ex_msa,23,250-499,13,3874.0,13
2005,il_ex_msa,23,50-99,156,9416.0,156
2005,il_ex_msa,23,500-999,1,500.0,1
2005,il_ex_msa,23,unknown,2,0.0,0
2005,il_ex_msa,31,1-9,466,1917.0,357
2005,il_ex_msa,31,10-49,181,3626.0,158
2005,il_ex_msa,31,100-249,36,5209.0,36
2005,il_ex_msa,31,1000+,4,7592.0,4
2005,il_ex_msa,31,250-499,14,4344.0,14
2005,il_ex_msa,31,50-99,51,3391.0,51
2005,il_ex_msa,31,500-999,9,5475.0,9
2005,il_ex_msa,31,unknown,4,0.0,0
2005,il_ex_msa,32,1-9,1115,4104.0,999
2005,il_ex_msa,32,10-49,468,9369.0,416
2005,il_ex_msa,32,100-249,82,11663.0,82
2005,il_ex_msa,32,1000+,4,5740.0,4
2005,il_ex_msa,32,250-499,28,9136.0,28
2005,il_ex_msa,32,50-99,104,6707.0,104
2005,il_ex_msa,32,500-999,10,7105.0,10
2005,il_ex_msa,32,unknown,5,0.0,0
2005,il_ex_msa,33,1-9,2173,7626.0,1875
2005,il_ex_msa,33,10-49,975,19054.0,822
2005,il_ex_msa,33,100-249,176,25027.0,176
2005,il_ex_msa,33,1000+,10,21100.0,10
2005,il_ex_msa,33,250-499,58,18997.0,58
2005,il_ex_msa,33,50-99,182,11903.0,182
2005,il_ex_msa,33,500-999,27,17100.0,27
2005,il_ex_msa,33,unknown,19,0.0,0
2005,il_ex_msa,42,1-9,5790,21948.0,4424
2005,il_ex_msa,42,10-49,1439,26723.0,1413
2005,il_ex_msa,42,100-249,80,10919.0,80
2005,il_ex_msa,42,1000+,5,9900.0,5
2005,il_ex_msa,42,250-499,29,9045.0,29
2005,il_ex_msa,42,50-99,165,10606.0,164
2005,il_ex_msa,42,500-999,16,10493.0,16
2005,il_ex_msa,42,unknown,4,0.0,0
2005,il_ex_msa,44,1-9,14691,55208.0,11814
2005,il_ex_msa,44,10-49,3306,58183.0,3254
2005,il_ex_msa,44,100-249,169,23626.0,162
2005,il_ex_msa,44,250-499,23,6990.0,23
2005,il_ex_msa,44,50-99,359,23516.0,346
2005,il_ex_msa,44,500-999,8,5680.0,8
2005,il_ex_msa,44,unknown,2,0.0,0
2005,il_ex_msa,45,1-9,7191,20665.0,5667
2005,il_ex_msa,45,10-49,827,15969.0,723
2005,il_ex_msa,45,100-249,138,19284.0,125
2005,il_ex_msa,45,250-499,44,14160.0,44
2005,il_ex_msa,45,50-99,109,7612.0,100
2005,il_ex_msa,45,500-999,7,3780.0,7
2005,il_ex_msa,45,unknown,4,0.0,0
2005,il_ex_msa,48,1-9,2685,10613.0,1797
2005,il_ex_msa,48,10-49,748,13978.0,707
2005,il_ex_msa,48,100-249,52,7108.0,52
2005,il_ex_msa,48,1000+,1,1000.0,1
2005,il_ex_msa,48,250-499,11,3659.0,11
2005,il_ex_msa,48,50-99,115,7164.0,115
2005,il_ex_msa,48,500-999,2,1450.0,2
2005,il_ex_msa,48,unknown,5,0.0,0
2005,il_ex_msa,49,1-9,1493,5458.0,1334
2005,il_ex_msa,49,10-49,287,5263.0,276
2005,il_ex_msa,49,100-249,15,2326.0,15
2005,il_ex_msa,49,250-499,2,650.0,2
2005,il_ex_msa,49,50-99,30,2044.0,30
2005,il_ex_msa,49,500-999,3,2150.0,3
2005,il_ex_msa,51,1-9,2632,10561.0,1757
2005,il_ex_msa,51,10-49,702,12765.0,567
2005,il_ex_msa,51,100-249,33,4370.0,33
2005,il_ex_msa,51,1000+,1,5000.0,1
2005,il_ex_msa,51,250-499,11,3742.0,11
2005,il_ex_msa,51,50-99,86,5413.0,86
2005,il_ex_msa,51,500-999,3,2070.0,3
2005,il_ex_msa,51,unknown,6,0.0,0
2005,il_ex_msa,52,1-9,9293,29413.0,6624
2005,il_ex_msa,52,10-49,1336,23807.0,1280
2005,il_ex_msa,52,100-249,41,5741.0,41
2005,il_ex_msa,52,1000+,6,18519.0,6
2005,il_ex_msa,52,250-499,15,4950.0,15
2005,il_ex_msa,52,50-99,120,7341.0,120
2005,il_ex_msa,52,500-999,6,3338.0,6
2005,il_ex_msa,52,unknown,21,0.0,0
2005,il_ex_msa,53,1-9,6369,18995.0,4289
2005,il_ex_msa,53,10-49,647,11120.0,614
2005,il_ex_msa,53,100-249,16,1700.0,16
2005,il_ex_msa,53,50-99,45,3026.0,45
2005,il_ex_msa,54,1-9,14092,40229.0,6626
2005,il_ex_msa,54,10-49,1213,21929.0,1202
2005,il_ex_msa,54,100-249,43,5735.0,43
2005,il_ex_msa,54,1000+,2,5912.0,2
2005,il_ex_msa,54,250-499,18,5766.0,18
2005,il_ex_msa,54,50-99,86,5538.0,85
2005,il_ex_msa,54,500-999,4,2150.0,4
2005,il_ex_msa,54,unknown,4,0.0,0
2005,il_ex_msa,55,1-9,50,192.0,40
2005,il_ex_msa,55,10-49,52,1317.0,52
2005,il_ex_msa,55,100-249,5,582.0,5
2005,il_ex_msa,55,250-499,2,751.0,2
2005,il_ex_msa,55,50-99,15,957.0,15
2005,il_ex_msa,55,unknown,10,0.0,0
2005,il_ex_msa,56,1-9,5212,15205.0,3387
2005,il_ex_msa,56,10-49,626,11153.0,576
2005,il_ex_msa,56,100-249,40,5358.0,40
2005,il_ex_msa,56,250-499,15,4863.0,15
2005,il_ex_msa,56,50-99,78,4736.0,78
2005,il_ex_msa,56,500-999,4,2450.0,4
2005,il_ex_msa,56,unknown,2,0.0,0
2005,il_ex_msa,61,1-9,1631,5485.0,1237
2005,il_ex_msa,61,10-49,2144,59968.0,1797
2005,il_ex_msa,61,100-249,191,26828.0,191
2005,il_ex_msa,61,1000+,9,38899.0,9
2005,il_ex_msa,61,250-499,24,7719.0,24
2005,il_ex_msa,61,50-99,664,42638.0,664
2005,il_ex_msa,61,500-999,6,4075.0,6
2005,il_ex_msa,62,1-9,17288,65824.0,5321
2005,il_ex_msa,62,10-49,2595,48943.0,2459
2005,il_ex_msa,62,100-249,384,52590.0,339
2005,il_ex_msa,62,1000+,30,60079.0,30
2005,il_ex_msa,62,250-499,58,18185.0,58
2005,il_ex_msa,62,50-99,504,34223.0,471
2005,il_ex_msa,62,500-999,30,20998.0,30
2005,il_ex_msa,62,unknown,35,0.0,0
2005,il_ex_msa,71,1-9,2941,9723.0,1750
2005,il_ex_msa,71,10-49,634,12476.0,600
2005,il_ex_msa,71,100-249,24,3317.0,24
2005,il_ex_msa,71,1000+,2,2000.0,2
2005,il_ex_msa,71,250-499,9,3097.0,9
2005,il_ex_msa,71,50-99,62,3873.0,62
2005,il_ex_msa,71,500-999,2,1361.0,2
2005,il_ex_msa,71,unknown,4,0.0,0
2005,il_ex_msa,72,1-9,6022,23197.0,5349
2005,il_ex_msa,72,10-49,5120,92190.0,3799
2005,il_ex_msa,72,100-249,126,15827.0,125
2005,il_ex_msa,72,1000+,1,1100.0,1
2005,il_ex_msa,72,250-499,7,2060.0,7
2005,il_ex_msa,72,50-99,503,31384.0,494
2005,il_ex_msa,72,500-999,1,600.0,1
2005,il_ex_msa,72,unknown,2,0.0,0
2005,il_ex_msa,81,1-9,27521,71580.0,20842
2005,il_ex_msa,81,10-49,1696,28523.0,1691
2005,il_ex_msa,81,100-249,70,9769.0,70
2005,il_ex_msa,81,250-499,18,5510.0,18
2005,il_ex_msa,81,50-99,143,9195.0,143
2005,il_ex_msa,81,500-999,5,2935.0,5
2005,il_ex_msa,81,unknown,8,0.0,0
2005,il_ex_msa,92,1-9,5512,19817.0,5413
2005,il_ex_msa,92,10-49,1955,40956.0,1952
2005,il_ex_msa,92,100-249,95,14731.0,95
2005,il_ex_msa,92,1000+,9,13140.0,9
2005,il_ex_msa,92,250-499,52,16730.0,52
2005,il_ex_msa,92,50-99,266,17374.0,266
2005,il_ex_msa,92,500-999,18,10651.0,18
2005,il_ex_msa,92,unknown,3074,0.0,0
2005,il_ex_msa,99,1-9,388,1131.0,333
2005,il_ex_msa,99,10-49,71,1349.0,66
2005,il_ex_msa,99,100-249,7,1064.0,6
2005,il_ex_msa,99,1000+,3,4860.0,3
2005,il_ex_msa,99,250-499,1,250.0,1
2005,il_ex_msa,99,50-99,11,729.0,10
2005,il_ex_msa,99,unknown,3419,0.0,0
2005,il_ex_msa,,1-9,192,672.0,133
2005,il_ex_msa,,10-49,41,812.0,40
2005,il_ex_msa,,100-249,2,200.0,2
2005,il_ex_msa,,1000+,1,2100.0,1
2005,il_ex_msa,,250-499,2,526.0,2
2005,il_ex_msa,,50-99,5,300.0,4
2005,il_ex_msa,,500-999,1,800.0,1
2005,il_ex_msa,,unknown,1,0.0,0
2005,msa_ex_cook,11,1-9,273,785.0,156
2005,msa_ex_cook,11,10-49,33,616.0,31
2005,msa_ex_cook,11,100-249,1,150.0,1
2005,msa_ex_cook,11,50-99,7,444.0,7
2005,msa_ex_cook,21,1-9,60,232.0,29
2005,msa_ex_cook,21,10-49,20,357.0,11
2005,msa_ex_cook,21,50-99,2,125.0,2
2005,msa_ex_cook,22,1-9,100,469.0,64
2005,msa_ex_cook,22,10-49,40,735.0,21
2005,msa_ex_cook,22,100-249,2,390.0,2
2005,msa_ex_cook,22,1000+,1,1200.0,1
2005,msa_ex_cook,22,50-99,2,145.0,2
2005,msa_ex_cook,22,500-999,1,700.0,1
2005,msa_ex_cook,22,unknown,2,0.0,0
2005,msa_ex_cook,23,1-9,12193,37930.0,6166
2005,msa_ex_cook,23,10-49,1641,29965.0,1633
2005,msa_ex_cook,23,100-249,70,10018.0,70
2005,msa_ex_cook,23,250-499,11,3270.0,11
2005,msa_ex_cook,23,50-99,172,10626.0,170
2005,msa_ex_cook,23,500-999,3,1800.0,3
2005,msa_ex_cook,23,unknown,5,0.0,0
2005,msa_ex_cook,31,1-9,336,1407.0,243
2005,msa_ex_cook,31,10-49,137,2725.0,114
2005,msa_ex_cook,31,100-249,24,3788.0,24
2005,msa_ex_cook,31,250-499,9,3040.0,9
2005,msa_ex_cook,31,50-99,17,1089.0,16
2005,msa_ex_cook,31,500-999,1,700.0,1
2005,msa_ex_cook,31,unknown,12,0.0,0
2005,msa_ex_cook,32,1-9,1236,4683.0,970
2005,msa_ex_cook,32,10-49,597,12220.0,493
2005,msa_ex_cook,32,100-249,123,16784.0,123
2005,msa_ex_cook,32,1000+,2,2100.0,2
2005,msa_ex_cook,32,250-499,28,8652.0,28
2005,msa_ex_cook,32,50-99,138,8765.0,138
2005,msa_ex_cook,32,500-999,12,7757.0,12
2005,msa_ex_cook,32,unknown,15,0.0,0
2005,msa_ex_cook,33,1-9,2460,9114.0,2043
2005,msa_ex_cook,33,10-49,1420,27330.0,1180
2005,msa_ex_cook,33,100-249,196,27548.0,196
2005,msa_ex_cook,33,1000+,5,5600.0,5
2005,msa_ex_cook,33,250-499,65,20525.0,65
2005,msa_ex_cook,33,50-99,232,14969.0,232
2005,msa_ex_cook,33,500-999,21,13743.0,21
2005,msa_ex_cook,33,unknown,40,0.0,0
2005,msa_ex_cook,42,1-9,6184,24384.0,3967
2005,msa_ex_cook,42,10-49,1457,27738.0,1413
2005,msa_ex_cook,42,100-249,128,17304.0,128
2005,msa_ex_cook,42,1000+,10,38900.0,10
2005,msa_ex_cook,42,250-499,29,9230.0,29
2005,msa_ex_cook,42,50-99,176,11014.0,175
2005,msa_ex_cook,42,500-999,16,9075.0,16
2005,msa_ex_cook,42,unknown,9,0.0,0
2005,msa_ex_cook,44,1-9,10103,37483.0,6735
2005,msa_ex_cook,44,10-49,2286,44146.0,2207
2005,msa_ex_cook,44,100-249,207,30384.0,199
2005,msa_ex_cook,44,1000+,4,10000.0,4
2005,msa_ex_cook,44,250-499,45,13406.0,45
2005,msa_ex_cook,44,50-99,332,21408.0,318
2005,msa_ex_cook,44,500-999,4,2300.0,4
2005,msa_ex_cook,44,unknown,3,0.0,0
2005,msa_ex_cook,45,1-9,4507,13058.0,3094
2005,msa_ex_cook,45,10-49,801,15957.0,681
2005,msa_ex_cook,45,100-249,96,15208.0,87
2005,msa_ex_cook,45,1000+,3,3200.0,3
2005,msa_ex_cook,45,250-499,33,9909.0,33
2005,msa_ex_cook,45,50-99,76,4911.0,67
2005,msa_ex_cook,45,500-999,8,5080.0,8
2005,msa_ex_cook,45,unknown,6,0.0,0
2005,msa_ex_cook,48,1-9,2146,8755.0,1258
2005,msa_ex_cook,48,10-49,456,8831.0,421
2005,msa_ex_cook,48,100-249,52,7256.0,52
2005,msa_ex_cook,48,1000+,1,2000.0,1
2005,msa_ex_cook,48,250-499,6,1795.0,6
2005,msa_ex_cook,48,50-99,79,5042.0,79
2005,msa_ex_cook,48,500-999,4,2781.0,4
2005,msa_ex_cook,48,unknown,8,0.0,0
2005,msa_ex_cook,49,1-9,174,639.0,116
2005,msa_ex_cook,49,10-49,91,2232.0,80
2005,msa_ex_cook,49,100-249,15,2164.0,15
2005,msa_ex_cook,49,250-499,4,1168.0,4
2005,msa_ex_cook,49,50-99,17,1218.0,17
2005,msa_ex_cook,51,1-9,2035,7928.0,1064
2005,msa_ex_cook,51,10-49,318,6086.0,278
2005,msa_ex_cook,51,100-249,36,5044.0,36
2005,msa_ex_cook,51,1000+,2,2650.0,2
2005,msa_ex_cook,51,250-499,18,5305.0,18
2005,msa_ex_cook,51,50-99,53,3559.0,53
2005,msa_ex_cook,51,500-999,6,3520.0,6
2005,msa_ex_cook,51,unknown,6,0.0,0
2005,msa_ex_cook,52,1-9,6693,23381.0,3960
2005,msa_ex_cook,52,10-49,1193,21449.0,1101
2005,msa_ex_cook,52,100-249,53,7441.0,53
2005,msa_ex_cook,52,1000+,3,6700.0,3
2005,msa_ex_cook,52,250-499,17,5529.0,17
2005,msa_ex_cook,52,50-99,125,7903.0,125
2005,msa_ex_cook,52,500-999,5,3250.0,5
2005,msa_ex_cook,52,unknown,14,0.0,0
2005,msa_ex_cook,53,1-9,4810,15787.0,2846
2005,msa_ex_cook,53,10-49,724,14267.0,692
2005,msa_ex_cook,53,100-249,21,2533.0,21
2005,msa_ex_cook,53,250-499,3,985.0,3
2005,msa_ex_cook,53,50-99,74,4796.0,74
2005,msa_ex_cook,53,500-999,2,1300.0,2
2005,msa_ex_cook,53,unknown,1,0.0,0
2005,msa_ex_cook,54,1-9,14198,41744.0,7345
2005,msa_ex_cook,54,10-49,1339,23602.0,1329
2005,msa_ex_cook,54,100-249,92,13594.0,92
2005,msa_ex_cook,54,1000+,3,3563.0,3
2005,msa_ex_cook,54,250-499,18,5790.0,18
2005,msa_ex_cook,54,50-99,120,7593.0,120
2005,msa_ex_cook,54,500-999,7,4200.0,7
2005,msa_ex_cook,54,unknown,9,0.0,0
2005,msa_ex_cook,55,1-9,29,120.0,19
2005,msa_ex_cook,55,10-49,9,176.0,9
2005,msa_ex_cook,55,100-249,2,270.0,2
2005,msa_ex_cook,55,250-499,1,250.0,1
2005,msa_ex_cook,55,50-99,3,199.0,3
2005,msa_ex_cook,55,unknown,3,0.0,0
2005,msa_ex_cook,56,1-9,5458,16510.0,2955
2005,msa_ex_cook,56,10-49,768,13815.0,754
2005,msa_ex_cook,56,100-249,51,7592.0,51
2005,msa_ex_cook,56,1000+,1,3500.0,1
2005,msa_ex_cook,56,250-499,9,2759.0,9
2005,msa_ex_cook,56,50-99,100,6356.0,99
2005,msa_ex_cook,56,500-999,5,2925.0,5
2005,msa_ex_cook,56,unknown,1,0.0,0
2005,msa_ex_cook,61,1-9,1224,3567.0,763
2005,msa_ex_cook,61,10-49,999,27450.0,721
2005,msa_ex_cook,61,100-249,127,18045.0,127
2005,msa_ex_cook,61,1000+,4,6699.0,4
2005,msa_ex_cook,61,250-499,40,13329.0,40
2005,msa_ex_cook,61,50-99,506,33378.0,506
2005,msa_ex_cook,61,500-999,9,5385.0,9
2005,msa_ex_cook,61,unknown,2,0.0,0
2005,msa_ex_cook,62,1-9,14137,53881.0,3702
2005,msa_ex_cook,62,10-49,1733,30882.0,1630
2005,msa_ex_cook,62,100-249,177,26172.0,138
2005,msa_ex_cook,62,1000+,22,35651.0,22
2005,msa_ex_cook,62,250-499,16,4850.0,16
2005,msa_ex_cook,62,50-99,198,12972.0,182
2005,msa_ex_cook,62,500-999,7,4812.0,7
2005,msa_ex_cook,62,unknown,43,0.0,0
2005,msa_ex_cook,71,1-9,1862,6207.0,1040
2005,msa_ex_cook,71,10-49,440,8667.0,379
2005,msa_ex_cook,71,100-249,52,7641.0,52
2005,msa_ex_cook,71,1000+,7,12457.0,7
2005,msa_ex_cook,71,250-499,8,2270.0,8
2005,msa_ex_cook,71,50-99,77,4635.0,77
2005,msa_ex_cook,71,500-999,4,2150.0,4
2005,msa_ex_cook,72,1-9,2867,11680.0,2615
2005,msa_ex_cook,72,10-49,3503,61441.0,2258
2005,msa_ex_cook,72,100-249,110,14503.0,107
2005,msa_ex_cook,72,1000+,3,4300.0,3
2005,msa_ex_cook,72,250-499,10,2937.0,10
2005,msa_ex_cook,72,50-99,368,23118.0,358
2005,msa_ex_cook,72,500-999,1,500.0,1
2005,msa_ex_cook,72,unknown,3,0.0,0
2005,msa_ex_cook,81,1-9,12685,37688.0,9046
2005,msa_ex_cook,81,10-49,1350,22972.0,1341
2005,msa_ex_cook,81,100-249,45,5984.0,45
2005,msa_ex_cook,81,250-499,11,3300.0,11
2005,msa_ex_cook,81,50-99,99,6097.0,99
2005,msa_ex_cook,81,500-999,3,1701.0,3
2005,msa_ex_cook,81,unknown,9,0.0,0
2005,msa_ex_cook,92,1-9,922,3783.0,902
2005,msa_ex_cook,92,10-49,597,13094.0,596
2005,msa_ex_cook,92,100-249,60,8282.0,60
2005,msa_ex_cook,92,1000+,3,6200.0,3
2005,msa_ex_cook,92,250-499,18,5950.0,18
2005,msa_ex_cook,92,50-99,161,10495.0,161
2005,msa_ex_cook,92,500-999,9,6089.0,9
2005,msa_ex_cook,92,unknown,627,0.0,0
2005,msa_ex_cook,99,1-9,383,952.0,339
2005,msa_ex_cook,99,10-49,59,1048.0,57
2005,msa_ex_cook,99,100-249,4,500.0,4
2005,msa_ex_cook,99,250-499,8,2825.0,8
2005,msa_ex_cook,99,50-99,9,505.0,9
2005,msa_ex_cook,99,unknown,2686,0.0,0
2005,msa_ex_cook,,1-9,196,786.0,116
2005,msa_ex_cook,,10-49,44,876.0,43
2005,msa_ex_cook,,100-249,3,482.0,3
2005,msa_ex_cook,,1000+,1,3000.0,1
2005,msa_ex_cook,,250-499,3,1000.0,3
2005,msa_ex_cook,,50-99,6,350.0,6
2005,msa_ex_cook,,unknown,2,0.0,0
2006,chicago,11,1-9,25,81.0,15
2006,chicago,11,10-49,9,170.0,2
2006,chicago,11,100-249,2,300.0,2
2006,chicago,11,50-99,2,115.0,2
2006,chicago,11,500-999,1,500.0,1
2006,chicago,21,1-9,24,94.0,11
2006,chicago,21,10-49,2,26.0,2
2006,chicago,21,100-249,1,210.0,1
2006,chicago,21,unknown,1,0.0,0
2006,chicago,22,1-9,18,88.0,12
2006,chicago,22,10-49,16,384.0,3
2006,chicago,22,100-249,2,202.0,2
2006,chicago,22,1000+,2,3836.0,2
2006,chicago,22,50-99,1,50.0,1
2006,chicago,23,1-9,4142,15368.0,1857
2006,chicago,23,10-49,605,10861.0,593
2006,chicago,23,100-249,33,4854.0,32
2006,chicago,23,1000+,1,1200.0,1
2006,chicago,23,250-499,11,3115.0,11
2006,chicago,23,50-99,65,3834.0,65
2006,chicago,23,unknown,6,0.0,0
2006,chicago,31,1-9,441,1830.0,349
2006,chicago,31,10-49,200,4041.0,177
2006,chicago,31,100-249,40,5930.0,40
2006,chicago,31,250-499,18,6107.0,18
2006,chicago,31,50-99,33,2180.0,33
2006,chicago,31,500-999,12,7090.0,12
2006,chicago,31,unknown,17,0.0,0
2006,chicago,32,1-9,643,2357.0,491
2006,chicago,32,10-49,279,5401.0,254
2006,chicago,32,100-249,39,5695.0,39
2006,chicago,32,250-499,15,4684.0,15
2006,chicago,32,50-99,75,4650.0,75
2006,chicago,32,500-999,4,2650.0,4
2006,chicago,32,unknown,13,0.0,0
2006,chicago,33,1-9,983,3900.0,787
2006,chicago,33,10-49,559,11021.0,495
2006,chicago,33,100-249,76,10769.0,76
2006,chicago,33,1000+,6,11312.0,6
2006,chicago,33,250-499,17,5374.0,17
2006,chicago,33,50-99,125,8024.0,125
2006,chicago,33,500-999,7,4088.0,7
2006,chicago,33,unknown,20,0.0,0
2006,chicago,42,1-9,3180,13245.0,1916
2006,chicago,42,10-49,685,13368.0,665
2006,chicago,42,100-249,59,7951.0,58
2006,chicago,42,1000+,4,6100.0,4
2006,chicago,42,250-499,14,4470.0,14
2006,chicago,42,50-99,107,6814.0,107
2006,chicago,42,500-999,5,2815.0,5
2006,chicago,42,unknown,3,0.0,0
2006,chicago,44,1-9,8779,30317.0,6194
2006,chicago,44,10-49,1171,22332.0,1132
2006,chicago,44,100-249,111,16910.0,108
2006,chicago,44,1000+,2,2700.0,2
2006,chicago,44,250-499,31,9255.0,31
2006,chicago,44,50-99,153,9453.0,147
2006,chicago,44,500-999,5,3047.0,5
2006,chicago,44,unknown,3,0.0,0
2006,chicago,45,1-9,3258,9526.0,2276
2006,chicago,45,10-49,405,9455.0,325
2006,chicago,45,100-249,29,4117.0,26
2006,chicago,45,1000+,2,2000.0,2
2006,chicago,45,250-499,8,2520.0,8
2006,chicago,45,50-99,40,2538.0,38
2006,chicago,45,500-999,4,2300.0,4
2006,chicago,45,unknown,6,0.0,0
2006,chicago,48,1-9,1275,5797.0,699
2006,chicago,48,10-49,449,6961.0,246
2006,chicago,48,100-249,42,6121.0,41
2006,chicago,48,1000+,3,4120.0,3
2006,chicago,48,250-499,9,2748.0,9
2006,chicago,48,50-99,50,3139.0,50
2006,chicago,48,500-999,4,2540.0,4
2006,chicago,48,unknown,4,0.0,0
2006,chicago,49,1-9,66,242.0,50
2006,chicago,49,10-49,67,1572.0,32
2006,chicago,49,100-249,18,2301.0,18
2006,chicago,49,1000+,2,11000.0,2
2006,chicago,49,250-499,2,750.0,2
2006,chicago,49,50-99,18,1265.0,18
2006,chicago,49,500-999,1,600.0,1
2006,chicago,51,1-9,1978,8481.0,1115
2006,chicago,51,10-49,491,8868.0,395
2006,chicago,51,100-249,43,5999.0,43
2006,chicago,51,1000+,5,8692.0,5
2006,chicago,51,250-499,16,4725.0,16
2006,chicago,51,50-99,77,4628.0,77
2006,chicago,51,500-999,11,6884.0,11
2006,chicago,51,unknown,12,0.0,0
2006,chicago,52,1-9,4681,18207.0,2841
2006,chicago,52,10-49,1257,21019.0,968
2006,chicago,52,100-249,113,16316.0,113
2006,chicago,52,1000+,13,26302.0,13
2006,chicago,52,250-499,31,10120.0,31
2006,chicago,52,50-99,184,11822.0,184
2006,chicago,52,500-999,15,9300.0,15
2006,chicago,52,unknown,29,0.0,0
2006,chicago,53,1-9,4706,18213.0,2545
2006,chicago,53,10-49,820,14118.0,802
2006,chicago,53,100-249,45,5845.0,45
2006,chicago,53,250-499,6,1861.0,6
2006,chicago,53,50-99,76,4851.0,76
2006,chicago,53,500-999,5,2600.0,5
2006,chicago,53,unknown,2,0.0,0
2006,chicago,54,1-9,16361,47889.0,5956
2006,chicago,54,10-49,1745,32680.0,1711
2006,chicago,54,100-249,147,21253.0,147
2006,chicago,54,1000+,17,34854.0,17
2006,chicago,54,250-499,60,19673.0,60
2006,chicago,54,50-99,237,15158.0,235
2006,chicago,54,500-999,24,14650.0,24
2006,chicago,54,unknown,14,0.0,0
2006,chicago,55,1-9,35,173.0,14
2006,chicago,55,10-49,10,189.0,10
2006,chicago,55,100-249,6,704.0,6
2006,chicago,55,1000+,4,12101.0,4
2006,chicago,55,50-99,3,185.0,3
2006,chicago,55,unknown,8,0.0,0
2006,chicago,56,1-9,3127,10818.0,1702
2006,chicago,56,10-49,450,8623.0,447
2006,chicago,56,100-249,65,9474.0,65
2006,chicago,56,1000+,1,1000.0,1
2006,chicago,56,250-499,10,3325.0,10
2006,chicago,56,50-99,54,3345.0,54
2006,chicago,56,500-999,4,2736.0,4
2006,chicago,56,unknown,6,0.0,0
2006,chicago,61,1-9,945,3043.0,593
2006,chicago,61,10-49,958,26259.0,669
2006,chicago,61,100-249,171,23307.0,171
2006,chicago,61,1000+,7,19034.0,7
2006,chicago,61,250-499,20,5748.0,20
2006,chicago,61,50-99,401,27521.0,401
2006,chicago,61,500-999,14,9617.0,14
2006,chicago,61,unknown,1,0.0,0
2006,chicago,62,1-9,11037,43871.0,3106
2006,chicago,62,10-49,1348,24003.0,1215
2006,chicago,62,100-249,168,24877.0,124
2006,chicago,62,1000+,25,64660.0,25
2006,chicago,62,250-499,27,8198.0,27
2006,chicago,62,50-99,188,12616.0,174
2006,chicago,62,500-999,22,14309.0,22
2006,chicago,62,unknown,20,0.0,0
2006,chicago,71,1-9,1117,3511.0,672
2006,chicago,71,10-49,277,4499.0,197
2006,chicago,71,100-249,24,3195.0,24
2006,chicago,71,1000+,4,4000.0,4
2006,chicago,71,250-499,5,1560.0,5
2006,chicago,71,50-99,31,1890.0,31
2006,chicago,71,500-999,4,2330.0,4
2006,chicago,71,unknown,5,0.0,0
2006,chicago,72,1-9,3850,15232.0,3448
2006,chicago,72,10-49,3070,47723.0,1644
2006,chicago,72,100-249,126,17023.0,125
2006,chicago,72,1000+,4,5723.0,4
2006,chicago,72,250-499,29,8862.0,28
2006,chicago,72,50-99,250,15752.0,247
2006,chicago,72,500-999,13,8510.0,13
2006,chicago,72,unknown,4,0.0,0
2006,chicago,81,1-9,12595,39975.0,8626
2006,chicago,81,10-49,1193,21279.0,1185
2006,chicago,81,100-249,66,9016.0,66
2006,chicago,81,1000+,3,6200.0,3
2006,chicago,81,250-499,15,4720.0,15
2006,chicago,81,50-99,137,8484.0,136
2006,chicago,81,500-999,5,3175.0,5
2006,chicago,81,unknown,14,0.0,0
2006,chicago,92,1-9,340,1566.0,319
2006,chicago,92,10-49,353,7644.0,352
2006,chicago,92,100-249,99,14776.0,98
2006,chicago,92,1000+,10,22777.0,10
2006,chicago,92,250-499,47,15831.0,47
2006,chicago,92,50-99,89,5657.0,89
2006,chicago,92,500-999,15,9747.0,15
2006,chicago,92,unknown,359,0.0,0
2006,chicago,99,1-9,199,637.0,135
2006,chicago,99,10-49,22,474.0,22
2006,chicago,99,100-249,4,450.0,4
2006,chicago,99,50-99,5,329.0,5
2006,chicago,99,500-999,1,900.0,1
2006,chicago,99,unknown,1467,0.0,0
2006,chicago,,1-9,128,487.0,68
2006,chicago,,10-49,29,592.0,28
2006,chicago,,50-99,1,50.0,1
2006,cook_ex_chicago,11,1-9,56,172.0,28
2006,cook_ex_chicago,11,10-49,6,106.0,6
2006,cook_ex_chicago,11,100-249,2,250.0,2
2006,cook_ex_chicago,11,50-99,2,110.0,2
2006,cook_ex_chicago,21,1-9,29,104.0,13
2006,cook_ex_chicago,21,10-49,10,236.0,7
2006,cook_ex_chicago,21,100-249,2,250.0,2
2006,cook_ex_chicago,21,50-99,3,192.0,3
2006,cook_ex_chicago,22,1-9,69,288.0,37
2006,cook_ex_chicago,22,10-49,37,716.0,24
2006,cook_ex_chicago,22,50-99,2,129.0,2
2006,cook_ex_chicago,22,unknown,1,0.0,0
2006,cook_ex_chicago,23,1-9,7085,23549.0,3139
2006,cook_ex_chicago,23,10-49,1165,21784.0,1159
2006,cook_ex_chicago,23,100-249,55,6926.0,55
2006,cook_ex_chicago,23,250-499,7,2250.0,7
2006,cook_ex_chicago,23,50-99,131,7984.0,131
2006,cook_ex_chicago,23,500-999,3,1500.0,3
2006,cook_ex_chicago,23,unknown,5,0.0,0
2006,cook_ex_chicago,31,1-9,348,1516.0,245
2006,cook_ex_chicago,31,10-49,147,2839.0,120
2006,cook_ex_chicago,31,100-249,19,2655.0,19
2006,cook_ex_chicago,31,1000+,2,2300.0,2
2006,cook_ex_chicago,31,250-499,12,3850.0,12
2006,cook_ex_chicago,31,50-99,28,1736.0,28
2006,cook_ex_chicago,31,500-999,2,1200.0,2
2006,cook_ex_chicago,31,unknown,7,0.0,0
2006,cook_ex_chicago,32,1-9,978,3842.0,762
2006,cook_ex_chicago,32,10-49,449,8905.0,379
2006,cook_ex_chicago,32,100-249,111,15684.0,111
2006,cook_ex_chicago,32,1000+,3,3600.0,3
2006,cook_ex_chicago,32,250-499,13,4545.0,13
2006,cook_ex_chicago,32,50-99,122,8041.0,122
2006,cook_ex_chicago,32,500-999,2,1200.0,2
2006,cook_ex_chicago,32,unknown,9,0.0,0
2006,cook_ex_chicago,33,1-9,1769,7257.0,1458
2006,cook_ex_chicago,33,10-49,1098,22243.0,915
2006,cook_ex_chicago,33,100-249,163,22456.0,163
2006,cook_ex_chicago,33,1000+,14,19300.0,14
2006,cook_ex_chicago,33,250-499,50,15707.0,50
2006,cook_ex_chicago,33,50-99,223,14994.0,223
2006,cook_ex_chicago,33,500-999,20,13446.0,20
2006,cook_ex_chicago,33,unknown,29,0.0,0
2006,cook_ex_chicago,42,1-9,4519,19092.0,2725
2006,cook_ex_chicago,42,10-49,1210,23458.0,1172
2006,cook_ex_chicago,42,100-249,109,14656.0,109
2006,cook_ex_chicago,42,1000+,1,2000.0,1
2006,cook_ex_chicago,42,250-499,34,10166.0,34
2006,cook_ex_chicago,42,50-99,210,13074.0,210
2006,cook_ex_chicago,42,500-999,14,8359.0,14
2006,cook_ex_chicago,42,unknown,14,0.0,0
2006,cook_ex_chicago,44,1-9,7931,30121.0,5046
2006,cook_ex_chicago,44,10-49,1711,33332.0,1624
2006,cook_ex_chicago,44,100-249,193,29566.0,185
2006,cook_ex_chicago,44,1000+,6,10816.0,6
2006,cook_ex_chicago,44,250-499,29,8598.0,29
2006,cook_ex_chicago,44,50-99,236,15186.0,219
2006,cook_ex_chicago,44,500-999,5,3300.0,5
2006,cook_ex_chicago,44,unknown,3,0.0,0
2006,cook_ex_chicago,45,1-9,3056,9342.0,1976
2006,cook_ex_chicago,45,10-49,671,14420.0,533
2006,cook_ex_chicago,45,100-249,91,13837.0,76
2006,cook_ex_chicago,45,1000+,3,11100.0,3
2006,cook_ex_chicago,45,250-499,35,10756.0,35
2006,cook_ex_chicago,45,50-99,65,4030.0,57
2006,cook_ex_chicago,45,500-999,5,2670.0,5
2006,cook_ex_chicago,45,unknown,2,0.0,0
2006,cook_ex_chicago,48,1-9,1922,7997.0,1073
2006,cook_ex_chicago,48,10-49,442,8173.0,383
2006,cook_ex_chicago,48,100-249,55,8309.0,55
2006,cook_ex_chicago,48,1000+,4,11100.0,4
2006,cook_ex_chicago,48,250-499,11,3600.0,11
2006,cook_ex_chicago,48,50-99,66,4138.0,66
2006,cook_ex_chicago,48,500-999,2,1200.0,2
2006,cook_ex_chicago,48,unknown,11,0.0,0
2006,cook_ex_chicago,49,1-9,120,411.0,66
2006,cook_ex_chicago,49,10-49,52,1122.0,44
2006,cook_ex_chicago,49,100-249,16,2364.0,16
2006,cook_ex_chicago,49,250-499,4,1140.0,4
2006,cook_ex_chicago,49,50-99,20,1388.0,20
2006,cook_ex_chicago,51,1-9,1636,6971.0,803
2006,cook_ex_chicago,51,10-49,295,5731.0,264
2006,cook_ex_chicago,51,100-249,27,3824.0,27
2006,cook_ex_chicago,51,1000+,3,5200.0,3
2006,cook_ex_chicago,51,250-499,11,3520.0,11
2006,cook_ex_chicago,51,50-99,37,2373.0,37
2006,cook_ex_chicago,51,500-999,11,7030.0,11
2006,cook_ex_chicago,51,unknown,8,0.0,0
2006,cook_ex_chicago,52,1-9,5664,20382.0,3190
2006,cook_ex_chicago,52,10-49,1034,18093.0,901
2006,cook_ex_chicago,52,100-249,46,5882.0,46
2006,cook_ex_chicago,52,1000+,6,32800.0,6
2006,cook_ex_chicago,52,250-499,9,2750.0,9
2006,cook_ex_chicago,52,50-99,94,6215.0,94
2006,cook_ex_chicago,52,500-999,5,3350.0,5
2006,cook_ex_chicago,52,unknown,12,0.0,0
2006,cook_ex_chicago,53,1-9,3648,13365.0,1910
2006,cook_ex_chicago,53,10-49,622,11705.0,612
2006,cook_ex_chicago,53,100-249,27,3162.0,27
2006,cook_ex_chicago,53,250-499,3,905.0,3
2006,cook_ex_chicago,53,50-99,73,4682.0,73
2006,cook_ex_chicago,54,1-9,10310,32324.0,4961
2006,cook_ex_chicago,54,10-49,1047,18458.0,1023
2006,cook_ex_chicago,54,100-249,54,7483.0,54
2006,cook_ex_chicago,54,1000+,8,14800.0,8
2006,cook_ex_chicago,54,250-499,12,3730.0,12
2006,cook_ex_chicago,54,50-99,129,7888.0,129
2006,cook_ex_chicago,54,500-999,8,5380.0,8
2006,cook_ex_chicago,54,unknown,12,0.0,0
2006,cook_ex_chicago,55,1-9,36,160.0,22
2006,cook_ex_chicago,55,10-49,10,313.0,10
2006,cook_ex_chicago,55,100-249,4,730.0,4
2006,cook_ex_chicago,55,250-499,1,300.0,1
2006,cook_ex_chicago,55,50-99,9,553.0,9
2006,cook_ex_chicago,55,unknown,9,0.0,0
2006,cook_ex_chicago,56,1-9,3698,11775.0,1779
2006,cook_ex_chicago,56,10-49,576,10432.0,566
2006,cook_ex_chicago,56,100-249,44,5714.0,44
2006,cook_ex_chicago,56,1000+,2,3800.0,2
2006,cook_ex_chicago,56,250-499,11,3813.0,11
2006,cook_ex_chicago,56,50-99,92,5487.0,91
2006,cook_ex_chicago,56,500-999,3,1700.0,3
2006,cook_ex_chicago,56,unknown,5,0.0,0
2006,cook_ex_chicago,61,1-9,997,3094.0,623
2006,cook_ex_chicago,61,10-49,916,25353.0,606
2006,cook_ex_chicago,61,100-249,92,13073.0,92
2006,cook_ex_chicago,61,1000+,6,15600.0,6
2006,cook_ex_chicago,61,250-499,31,10172.0,31
2006,cook_ex_chicago,61,50-99,423,28117.0,423
2006,cook_ex_chicago,61,500-999,8,4925.0,8
2006,cook_ex_chicago,61,unknown,1,0.0,0
2006,cook_ex_chicago,62,1-9,14097,53731.0,3098
2006,cook_ex_chicago,62,10-49,1578,27900.0,1413
2006,cook_ex_chicago,62,100-249,185,27466.0,134
2006,cook_ex_chicago,62,1000+,22,53848.0,22
2006,cook_ex_chicago,62,250-499,35,10814.0,35
2006,cook_ex_chicago,62,50-99,180,11919.0,153
2006,cook_ex_chicago,62,500-999,8,4585.0,8
2006,cook_ex_chicago,62,unknown,12,0.0,0
2006,cook_ex_chicago,71,1-9,1115,3680.0,554
2006,cook_ex_chicago,71,10-49,365,7164.0,290
2006,cook_ex_chicago,71,100-249,29,4030.0,29
2006,cook_ex_chicago,71,250-499,7,2172.0,7
2006,cook_ex_chicago,71,50-99,62,3843.0,62
2006,cook_ex_chicago,71,500-999,3,1845.0,3
2006,cook_ex_chicago,71,unknown,1,0.0,0
2006,cook_ex_chicago,72,1-9,2580,10659.0,2322
2006,cook_ex_chicago,72,10-49,3001,49915.0,1755
2006,cook_ex_chicago,72,100-249,91,12093.0,89
2006,cook_ex_chicago,72,250-499,16,4869.0,16
2006,cook_ex_chicago,72,50-99,332,20993.0,324
2006,cook_ex_chicago,72,500-999,2,1250.0,2
2006,cook_ex_chicago,72,unknown,4,0.0,0
2006,cook_ex_chicago,81,1-9,10591,31664.0,7256
2006,cook_ex_chicago,81,10-49,1186,20729.0,1178
2006,cook_ex_chicago,81,100-249,53,7279.0,53
2006,cook_ex_chicago,81,1000+,2,2650.0,2
2006,cook_ex_chicago,81,250-499,8,2675.0,8
2006,cook_ex_chicago,81,50-99,108,6800.0,108
2006,cook_ex_chicago,81,500-999,8,4850.0,8
2006,cook_ex_chicago,81,unknown,9,0.0,0
2006,cook_ex_chicago,92,1-9,510,1997.0,492
2006,cook_ex_chicago,92,10-49,400,9914.0,400
2006,cook_ex_chicago,92,100-249,77,10565.0,77
2006,cook_ex_chicago,92,1000+,1,1000.0,1
2006,cook_ex_chicago,92,250-499,15,4921.0,15
2006,cook_ex_chicago,92,50-99,123,7635.0,123
2006,cook_ex_chicago,92,500-999,4,2250.0,4
2006,cook_ex_chicago,92,unknown,404,0.0,0
2006,cook_ex_chicago,99,1-9,156,405.0,134
2006,cook_ex_chicago,99,10-49,39,666.0,38
2006,cook_ex_chicago,99,100-249,6,680.0,6
2006,cook_ex_chicago,99,50-99,5,309.0,5
2006,cook_ex_chicago,99,unknown,1403,0.0,0
2006,cook_ex_chicago,,1-9,124,488.0,54
2006,cook_ex_chicago,,10-49,29,452.0,23
2006,cook_ex_chicago,,1000+,1,3500.0,1
2006,cook_ex_chicago,,50-99,2,120.0,2
2006,cook_ex_chicago,,unknown,4,0.0,0
2006,il_ex_msa,11,1-9,1418,3949.0,977
2006,il_ex_msa,11,10-49,101,1623.0,98
2006,il_ex_msa,11,100-249,8,1061.0,8
2006,il_ex_msa,11,50-99,13,822.0,13
2006,il_ex_msa,11,500-999,4,2200.0,4
2006,il_ex_msa,21,1-9,255,963.0,186
2006,il_ex_msa,21,10-49,108,1979.0,80
2006,il_ex_msa,21,100-249,6,940.0,6
2006,il_ex_msa,21,250-499,3,825.0,3
2006,il_ex_msa,21,50-99,3,207.0,3
2006,il_ex_msa,22,1-9,448,1742.0,346
2006,il_ex_msa,22,10-49,111,2210.0,82
2006,il_ex_msa,22,100-249,2,263.0,2
2006,il_ex_msa,22,250-499,5,1640.0,5
2006,il_ex_msa,22,50-99,16,1034.0,16
2006,il_ex_msa,22,unknown,2,0.0,0
2006,il_ex_msa,23,1-9,12977,39622.0,8183
2006,il_ex_msa,23,10-49,1644,29464.0,1635
2006,il_ex_msa,23,100-249,69,9466.0,69
2006,il_ex_msa,23,250-499,10,3072.0,10
2006,il_ex_msa,23,50-99,156,9416.0,156
2006,il_ex_msa,23,500-999,1,500.0,1
2006,il_ex_msa,23,unknown,5,0.0,0
2006,il_ex_msa,31,1-9,423,1675.0,333
2006,il_ex_msa,31,10-49,182,3635.0,158
2006,il_ex_msa,31,100-249,35,4923.0,35
2006,il_ex_msa,31,1000+,4,7592.0,4
2006,il_ex_msa,31,250-499,16,5094.0,16
2006,il_ex_msa,31,50-99,44,2935.0,44
2006,il_ex_msa,31,500-999,8,4625.0,8
2006,il_ex_msa,31,unknown,6,0.0,0
2006,il_ex_msa,32,1-9,1110,4028.0,984
2006,il_ex_msa,32,10-49,446,8800.0,392
2006,il_ex_msa,32,100-249,90,12899.0,90
2006,il_ex_msa,32,1000+,4,5140.0,4
2006,il_ex_msa,32,250-499,25,8296.0,25
2006,il_ex_msa,32,50-99,99,6285.0,99
2006,il_ex_msa,32,500-999,8,5930.0,8
2006,il_ex_msa,32,unknown,3,0.0,0
2006,il_ex_msa,33,1-9,2092,7467.0,1803
2006,il_ex_msa,33,10-49,992,19379.0,826
2006,il_ex_msa,33,100-249,170,23746.0,170
2006,il_ex_msa,33,1000+,13,27100.0,13
2006,il_ex_msa,33,250-499,59,19132.0,59
2006,il_ex_msa,33,50-99,191,12419.0,191
2006,il_ex_msa,33,500-999,28,18050.0,28
2006,il_ex_msa,33,unknown,25,0.0,0
2006,il_ex_msa,42,1-9,5657,21596.0,4301
2006,il_ex_msa,42,10-49,1449,27140.0,1432
2006,il_ex_msa,42,100-249,79,10783.0,79
2006,il_ex_msa,42,1000+,4,6700.0,4
2006,il_ex_msa,42,250-499,33,10356.0,33
2006,il_ex_msa,42,50-99,189,12089.0,188
2006,il_ex_msa,42,500-999,16,10693.0,16
2006,il_ex_msa,42,unknown,7,0.0,0
2006,il_ex_msa,44,1-9,14103,53136.0,11321
2006,il_ex_msa,44,10-49,3225,56602.0,3174
2006,il_ex_msa,44,100-249,193,27576.0,188
2006,il_ex_msa,44,1000+,2,4000.0,2
2006,il_ex_msa,44,250-499,24,7264.0,24
2006,il_ex_msa,44,50-99,360,23612.0,346
2006,il_ex_msa,44,500-999,7,4980.0,7
2006,il_ex_msa,44,unknown,3,0.0,0
2006,il_ex_msa,45,1-9,6750,19579.0,5332
2006,il_ex_msa,45,10-49,799,15477.0,712
2006,il_ex_msa,45,100-249,137,19543.0,121
2006,il_ex_msa,45,250-499,48,15750.0,48
2006,il_ex_msa,45,50-99,109,7664.0,102
2006,il_ex_msa,45,500-999,9,4830.0,9
2006,il_ex_msa,45,unknown,5,0.0,0
2006,il_ex_msa,48,1-9,2546,10084.0,1735
2006,il_ex_msa,48,10-49,768,14475.0,717
2006,il_ex_msa,48,100-249,53,7233.0,53
2006,il_ex_msa,48,1000+,2,2000.0,2
2006,il_ex_msa,48,250-499,10,3300.0,10
2006,il_ex_msa,48,50-99,116,7364.0,116
2006,il_ex_msa,48,500-999,2,1450.0,2
2006,il_ex_msa,48,unknown,5,0.0,0
2006,il_ex_msa,49,1-9,1461,5366.0,1295
2006,il_ex_msa,49,10-49,273,4987.0,263
2006,il_ex_msa,49,100-249,16,2426.0,16
2006,il_ex_msa,49,250-499,1,300.0,1
2006,il_ex_msa,49,50-99,35,2396.0,35
2006,il_ex_msa,49,500-999,3,2150.0,3
2006,il_ex_msa,51,1-9,2538,10373.0,1704
2006,il_ex_msa,51,10-49,690,12470.0,567
2006,il_ex_msa,51,100-249,35,4505.0,35
2006,il_ex_msa,51,250-499,10,3447.0,10
2006,il_ex_msa,51,50-99,90,5622.0,90
2006,il_ex_msa,51,500-999,3,2070.0,3
2006,il_ex_msa,51,unknown,16,0.0,0
2006,il_ex_msa,52,1-9,9058,28956.0,6452
2006,il_ex_msa,52,10-49,1367,24139.0,1305
2006,il_ex_msa,52,100-249,42,5688.0,42
2006,il_ex_msa,52,1000+,8,22699.0,8
2006,il_ex_msa,52,250-499,16,5405.0,16
2006,il_ex_msa,52,50-99,119,7274.0,119
2006,il_ex_msa,52,500-999,8,4438.0,8
2006,il_ex_msa,52,unknown,31,0.0,0
2006,il_ex_msa,53,1-9,6288,18546.0,4272
2006,il_ex_msa,53,10-49,638,10690.0,611
2006,il_ex_msa,53,100-249,17,1790.0,17
2006,il_ex_msa,53,50-99,49,3200.0,49
2006,il_ex_msa,53,500-999,1,500.0,1
2006,il_ex_msa,53,unknown,1,0.0,0
2006,il_ex_msa,54,1-9,13656,39286.0,6465
2006,il_ex_msa,54,10-49,1270,22702.0,1255
2006,il_ex_msa,54,100-249,46,6573.0,46
2006,il_ex_msa,54,1000+,2,5912.0,2
2006,il_ex_msa,54,250-499,15,4571.0,15
2006,il_ex_msa,54,50-99,101,6576.0,101
2006,il_ex_msa,54,500-999,4,2150.0,4
2006,il_ex_msa,54,unknown,4,0.0,0
2006,il_ex_msa,55,1-9,60,240.0,50
2006,il_ex_msa,55,10-49,51,1330.0,51
2006,il_ex_msa,55,100-249,5,615.0,5
2006,il_ex_msa,55,250-499,2,751.0,2
2006,il_ex_msa,55,50-99,12,767.0,12
2006,il_ex_msa,55,unknown,23,0.0,0
2006,il_ex_msa,56,1-9,5114,14930.0,3277
2006,il_ex_msa,56,10-49,666,11721.0,632
2006,il_ex_msa,56,100-249,40,5472.0,40
2006,il_ex_msa,56,250-499,18,5793.0,18
2006,il_ex_msa,56,50-99,78,4665.0,78
2006,il_ex_msa,56,500-999,5,3200.0,5
2006,il_ex_msa,56,unknown,1,0.0,0
2006,il_ex_msa,61,1-9,1631,5606.0,1258
2006,il_ex_msa,61,10-49,2371,66983.0,1838
2006,il_ex_msa,61,100-249,210,28891.0,210
2006,il_ex_msa,61,1000+,9,43135.0,9
2006,il_ex_msa,61,250-499,22,6857.0,22
2006,il_ex_msa,61,50-99,681,43648.0,681
2006,il_ex_msa,61,500-999,8,5425.0,8
2006,il_ex_msa,61,unknown,1,0.0,0
2006,il_ex_msa,62,1-9,17993,67752.0,5335
2006,il_ex_msa,62,10-49,2719,51199.0,2572
2006,il_ex_msa,62,100-249,418,58316.0,360
2006,il_ex_msa,62,1000+,34,68834.0,34
2006,il_ex_msa,62,250-499,58,18655.0,58
2006,il_ex_msa,62,50-99,490,33331.0,460
2006,il_ex_msa,62,500-999,31,22500.0,31
2006,il_ex_msa,62,unknown,51,0.0,0
2006,il_ex_msa,71,1-9,2797,9223.0,1762
2006,il_ex_msa,71,10-49,650,12589.0,614
2006,il_ex_msa,71,100-249,22,3012.0,22
2006,il_ex_msa,71,1000+,3,3784.0,2
2006,il_ex_msa,71,250-499,8,2740.0,8
2006,il_ex_msa,71,50-99,57,3631.0,57
2006,il_ex_msa,71,500-999,3,1861.0,3
2006,il_ex_msa,71,unknown,5,0.0,0
2006,il_ex_msa,72,1-9,5867,22596.0,5215
2006,il_ex_msa,72,10-49,5067,90352.0,3706
2006,il_ex_msa,72,100-249,123,15350.0,122
2006,il_ex_msa,72,1000+,1,1100.0,1
2006,il_ex_msa,72,250-499,8,2517.0,8
2006,il_ex_msa,72,50-99,509,31844.0,500
2006,il_ex_msa,72,500-999,1,600.0,1
2006,il_ex_msa,81,1-9,26463,69311.0,20221
2006,il_ex_msa,81,10-49,1701,28865.0,1692
2006,il_ex_msa,81,100-249,72,9637.0,72
2006,il_ex_msa,81,250-499,16,4931.0,16
2006,il_ex_msa,81,50-99,143,9170.0,143
2006,il_ex_msa,81,500-999,6,3350.0,6
2006,il_ex_msa,81,unknown,7,0.0,0
2006,il_ex_msa,92,1-9,5416,19308.0,5320
2006,il_ex_msa,92,10-49,1918,39693.0,1915
2006,il_ex_msa,92,100-249,105,16050.0,105
2006,il_ex_msa,92,1000+,9,12980.0,9
2006,il_ex_msa,92,250-499,56,18284.0,56
2006,il_ex_msa,92,50-99,274,17891.0,273
2006,il_ex_msa,92,500-999,19,11151.0,19
2006,il_ex_msa,92,unknown,2905,0.0,0
2006,il_ex_msa,99,1-9,291,830.0,264
2006,il_ex_msa,99,10-49,49,914.0,48
2006,il_ex_msa,99,100-249,3,450.0,3
2006,il_ex_msa,99,1000+,1,1860.0,1
2006,il_ex_msa,99,50-99,8,544.0,8
2006,il_ex_msa,99,unknown,2131,0.0,0
2006,il_ex_msa,,1-9,166,609.0,114
2006,il_ex_msa,,10-49,33,653.0,33
2006,il_ex_msa,,100-249,2,275.0,2
2006,il_ex_msa,,1000+,1,2100.0,1
2006,il_ex_msa,,250-499,1,276.0,1
2006,il_ex_msa,,50-99,3,170.0,3
2006,il_ex_msa,,500-999,1,850.0,1
2006,il_ex_msa,,unknown,1,0.0,0
2006,msa_ex_cook,11,1-9,263,723.0,156
2006,msa_ex_cook,11,10-49,36,704.0,35
2006,msa_ex_cook,11,100-249,1,150.0,1
2006,msa_ex_cook,11,50-99,9,569.0,9
2006,msa_ex_cook,21,1-9,53,209.0,27
2006,msa_ex_cook,21,10-49,22,368.0,11
2006,msa_ex_cook,21,50-99,3,175.0,3
2006,msa_ex_cook,21,500-999,1,600.0,1
2006,msa_ex_cook,22,1-9,102,479.0,60
2006,msa_ex_cook,22,10-49,39,735.0,24
2006,msa_ex_cook,22,100-249,2,340.0,2
2006,msa_ex_cook,22,1000+,1,1200.0,1
2006,msa_ex_cook,22,50-99,3,205.0,3
2006,msa_ex_cook,22,500-999,1,700.0,1
2006,msa_ex_cook,22,unknown,2,0.0,0
2006,msa_ex_cook,23,1-9,12362,38457.0,6067
2006,msa_ex_cook,23,10-49,1682,30644.0,1672
2006,msa_ex_cook,23,100-249,70,9986.0,70
2006,msa_ex_cook,23,250-499,9,2530.0,9
2006,msa_ex_cook,23,50-99,160,9698.0,160
2006,msa_ex_cook,23,500-999,4,2500.0,4
2006,msa_ex_cook,23,unknown,3,0.0,0
2006,msa_ex_cook,31,1-9,349,1462.0,245
2006,msa_ex_cook,31,10-49,142,2870.0,120
2006,msa_ex_cook,31,100-249,26,4101.0,26
2006,msa_ex_cook,31,250-499,9,3140.0,9
2006,msa_ex_cook,31,50-99,17,1082.0,16
2006,msa_ex_cook,31,500-999,1,500.0,1
2006,msa_ex_cook,31,unknown,14,0.0,0
2006,msa_ex_cook,32,1-9,1232,4679.0,950
2006,msa_ex_cook,32,10-49,584,11894.0,453
2006,msa_ex_cook,32,100-249,121,16364.0,121
2006,msa_ex_cook,32,1000+,2,2100.0,2
2006,msa_ex_cook,32,250-499,28,8808.0,28
2006,msa_ex_cook,32,50-99,143,8958.0,143
2006,msa_ex_cook,32,500-999,13,8107.0,13
2006,msa_ex_cook,32,unknown,17,0.0,0
2006,msa_ex_cook,33,1-9,2341,8870.0,1920
2006,msa_ex_cook,33,10-49,1396,27510.0,1179
2006,msa_ex_cook,33,100-249,200,28139.0,200
2006,msa_ex_cook,33,1000+,8,28200.0,8
2006,msa_ex_cook,33,250-499,63,20096.0,63
2006,msa_ex_cook,33,50-99,249,16160.0,249
2006,msa_ex_cook,33,500-999,23,15106.0,23
2006,msa_ex_cook,33,unknown,46,0.0,0
2006,msa_ex_cook,42,1-9,6096,24202.0,3825
2006,msa_ex_cook,42,10-49,1503,28401.0,1463
2006,msa_ex_cook,42,100-249,125,16245.0,125
2006,msa_ex_cook,42,1000+,7,15200.0,7
2006,msa_ex_cook,42,250-499,30,9297.0,30
2006,msa_ex_cook,42,50-99,199,12340.0,199
2006,msa_ex_cook,42,500-999,14,7875.0,14
2006,msa_ex_cook,42,unknown,17,0.0,0
2006,msa_ex_cook,44,1-9,9971,37308.0,6508
2006,msa_ex_cook,44,10-49,2230,42898.0,2153
2006,msa_ex_cook,44,100-249,240,33895.0,228
2006,msa_ex_cook,44,1000+,4,10000.0,4
2006,msa_ex_cook,44,250-499,54,16358.0,54
2006,msa_ex_cook,44,50-99,341,22134.0,321
2006,msa_ex_cook,44,500-999,8,5050.0,8
2006,msa_ex_cook,44,unknown,5,0.0,0
2006,msa_ex_cook,45,1-9,4354,12676.0,2954
2006,msa_ex_cook,45,10-49,794,16054.0,671
2006,msa_ex_cook,45,100-249,98,15621.0,82
2006,msa_ex_cook,45,1000+,1,1000.0,1
2006,msa_ex_cook,45,250-499,37,11195.0,37
2006,msa_ex_cook,45,50-99,86,5517.0,78
2006,msa_ex_cook,45,500-999,9,5930.0,9
2006,msa_ex_cook,45,unknown,5,0.0,0
2006,msa_ex_cook,48,1-9,2120,8640.0,1215
2006,msa_ex_cook,48,10-49,497,9272.0,444
2006,msa_ex_cook,48,100-249,54,7313.0,54
2006,msa_ex_cook,48,250-499,6,1875.0,6
2006,msa_ex_cook,48,50-99,91,5832.0,91
2006,msa_ex_cook,48,500-999,4,2781.0,4
2006,msa_ex_cook,48,unknown,14,0.0,0
2006,msa_ex_cook,49,1-9,159,573.0,105
2006,msa_ex_cook,49,10-49,93,2175.0,84
2006,msa_ex_cook,49,100-249,15,2154.0,15
2006,msa_ex_cook,49,250-499,3,868.0,3
2006,msa_ex_cook,49,50-99,18,1263.0,18
2006,msa_ex_cook,51,1-9,1925,7652.0,1015
2006,msa_ex_cook,51,10-49,337,6494.0,297
2006,msa_ex_cook,51,100-249,40,5425.0,40
2006,msa_ex_cook,51,1000+,2,2650.0,2
2006,msa_ex_cook,51,250-499,13,3880.0,13
2006,msa_ex_cook,51,50-99,56,3779.0,56
2006,msa_ex_cook,51,500-999,4,2420.0,4
2006,msa_ex_cook,51,unknown,11,0.0,0
2006,msa_ex_cook,52,1-9,6818,24031.0,4033
2006,msa_ex_cook,52,10-49,1263,22827.0,1172
2006,msa_ex_cook,52,100-249,60,8294.0,60
2006,msa_ex_cook,52,1000+,3,6000.0,3
2006,msa_ex_cook,52,250-499,20,6479.0,20
2006,msa_ex_cook,52,50-99,131,8187.0,131
2006,msa_ex_cook,52,500-999,5,2800.0,5
2006,msa_ex_cook,52,unknown,14,0.0,0
2006,msa_ex_cook,53,1-9,4957,16256.0,2826
2006,msa_ex_cook,53,10-49,724,14115.0,692
2006,msa_ex_cook,53,100-249,26,3383.0,26
2006,msa_ex_cook,53,250-499,1,305.0,1
2006,msa_ex_cook,53,50-99,86,5528.0,86
2006,msa_ex_cook,53,500-999,3,1900.0,3
2006,msa_ex_cook,53,unknown,2,0.0,0
2006,msa_ex_cook,54,1-9,14120,41841.0,7213
2006,msa_ex_cook,54,10-49,1420,25326.0,1406
2006,msa_ex_cook,54,100-249,93,13426.0,93
2006,msa_ex_cook,54,1000+,1,1563.0,1
2006,msa_ex_cook,54,250-499,23,7261.0,23
2006,msa_ex_cook,54,50-99,137,8787.0,137
2006,msa_ex_cook,54,500-999,5,3150.0,5
2006,msa_ex_cook,54,unknown,12,0.0,0
2006,msa_ex_cook,55,1-9,32,143.0,19
2006,msa_ex_cook,55,10-49,11,236.0,11
2006,msa_ex_cook,55,100-249,2,270.0,2
2006,msa_ex_cook,55,250-499,1,250.0,1
2006,msa_ex_cook,55,50-99,6,379.0,6
2006,msa_ex_cook,55,unknown,7,0.0,0
2006,msa_ex_cook,56,1-9,5510,16828.0,2913
2006,msa_ex_cook,56,10-49,753,13961.0,739
2006,msa_ex_cook,56,100-249,59,9090.0,59
2006,msa_ex_cook,56,1000+,1,3500.0,1
2006,msa_ex_cook,56,250-499,12,3650.0,12
2006,msa_ex_cook,56,50-99,110,6869.0,110
2006,msa_ex_cook,56,500-999,5,3175.0,5
2006,msa_ex_cook,56,unknown,1,0.0,0
2006,msa_ex_cook,61,1-9,1219,3619.0,746
2006,msa_ex_cook,61,10-49,1037,28332.0,745
2006,msa_ex_cook,61,100-249,144,19782.0,144
2006,msa_ex_cook,61,1000+,4,8899.0,4
2006,msa_ex_cook,61,250-499,44,14102.0,44
2006,msa_ex_cook,61,50-99,536,35250.0,536
2006,msa_ex_cook,61,500-999,11,6585.0,11
2006,msa_ex_cook,61,unknown,2,0.0,0
2006,msa_ex_cook,62,1-9,15601,58723.0,3787
2006,msa_ex_cook,62,10-49,1855,33170.0,1714
2006,msa_ex_cook,62,100-249,227,33286.0,168
2006,msa_ex_cook,62,1000+,25,44151.0,25
2006,msa_ex_cook,62,250-499,13,3830.0,13
2006,msa_ex_cook,62,50-99,205,13507.0,186
2006,msa_ex_cook,62,500-999,10,6650.0,10
2006,msa_ex_cook,62,unknown,82,0.0,0
2006,msa_ex_cook,71,1-9,1910,6507.0,1055
2006,msa_ex_cook,71,10-49,431,8475.0,375
2006,msa_ex_cook,71,100-249,50,7232.0,50
2006,msa_ex_cook,71,1000+,8,14525.0,6
2006,msa_ex_cook,71,250-499,4,1050.0,4
2006,msa_ex_cook,71,50-99,73,4407.0,73
2006,msa_ex_cook,71,500-999,3,1700.0,3
2006,msa_ex_cook,72,1-9,2823,11807.0,2578
2006,msa_ex_cook,72,10-49,3637,63319.0,2311
2006,msa_ex_cook,72,100-249,118,15309.0,115
2006,msa_ex_cook,72,1000+,4,5900.0,4
2006,msa_ex_cook,72,250-499,10,3010.0,10
2006,msa_ex_cook,72,50-99,369,23306.0,359
2006,msa_ex_cook,72,500-999,2,1150.0,2
2006,msa_ex_cook,81,1-9,12641,37470.0,8853
2006,msa_ex_cook,81,10-49,1397,23722.0,1379
2006,msa_ex_cook,81,100-249,43,5969.0,43
2006,msa_ex_cook,81,250-499,12,3910.0,12
2006,msa_ex_cook,81,50-99,108,6642.0,108
2006,msa_ex_cook,81,500-999,3,1800.0,3
2006,msa_ex_cook,81,unknown,15,0.0,0
2006,msa_ex_cook,92,1-9,917,3706.0,894
2006,msa_ex_cook,92,10-49,607,13437.0,606
2006,msa_ex_cook,92,100-249,70,9560.0,70
2006,msa_ex_cook,92,1000+,3,6200.0,3
2006,msa_ex_cook,92,250-499,19,6252.0,19
2006,msa_ex_cook,92,50-99,181,11596.0,181
2006,msa_ex_cook,92,500-999,10,6574.0,10
2006,msa_ex_cook,92,unknown,688,0.0,0
2006,msa_ex_cook,99,1-9,250,608.0,233
2006,msa_ex_cook,99,10-49,45,776.0,43
2006,msa_ex_cook,99,100-249,3,325.0,3
2006,msa_ex_cook,99,250-499,2,675.0,2
2006,msa_ex_cook,99,50-99,7,390.0,7
2006,msa_ex_cook,99,unknown,1812,0.0,0
2006,msa_ex_cook,,1-9,197,790.0,119
2006,msa_ex_cook,,10-49,41,841.0,38
2006,msa_ex_cook,,100-249,4,577.0,4
2006,msa_ex_cook,,250-499,3,1000.0,3
2006,msa_ex_cook,,50-99,8,450.0,8
2006,msa_ex_cook,,unknown,1,0.0,0
2007,chicago,11,1-9,28,98.0,15
2007,chicago,11,10-49,9,110.0,2
2007,chicago,11,100-249,1,100.0,1
2007,chicago,11,50-99,2,115.0,2
2007,chicago,11,500-999,1,500.0,1
2007,chicago,21,1-9,26,110.0,10
2007,chicago,21,10-49,7,147.0,2
2007,chicago,21,unknown,1,0.0,0
2007,chicago,22,1-9,31,170.0,12
2007,chicago,22,10-49,6,100.0,3
2007,chicago,22,100-249,2,202.0,2
2007,chicago,22,50-99,1,50.0,1
2007,chicago,22,unknown,3,0.0,0
2007,chicago,23,1-9,4109,13963.0,1759
2007,chicago,23,10-49,641,11382.0,588
2007,chicago,23,100-249,28,4235.0,28
2007,chicago,23,250-499,11,3115.0,11
2007,chicago,23,50-99,61,3619.0,61
2007,chicago,23,unknown,4,0.0,0
2007,chicago,31,1-9,486,1919.0,334
2007,chicago,31,10-49,174,3668.0,170
2007,chicago,31,100-249,38,5830.0,38
2007,chicago,31,250-499,21,6907.0,19
2007,chicago,31,50-99,34,2270.0,34
2007,chicago,31,500-999,13,7841.0,13
2007,chicago,31,unknown,4,0.0,0
2007,chicago,32,1-9,652,2331.0,486
2007,chicago,32,10-49,293,5675.0,261
2007,chicago,32,100-249,34,4896.0,34
2007,chicago,32,250-499,14,4384.0,14
2007,chicago,32,50-99,73,4499.0,73
2007,chicago,32,500-999,4,2650.0,4
2007,chicago,32,unknown,2,0.0,0
2007,chicago,33,1-9,1007,3793.0,759
2007,chicago,33,10-49,568,11215.0,484
2007,chicago,33,100-249,77,11109.0,77
2007,chicago,33,1000+,4,5312.0,4
2007,chicago,33,250-499,15,4824.0,15
2007,chicago,33,50-99,120,7797.0,120
2007,chicago,33,500-999,7,4188.0,7
2007,chicago,33,unknown,5,0.0,0
2007,chicago,42,1-9,3052,11954.0,1841
2007,chicago,42,10-49,695,13551.0,663
2007,chicago,42,100-249,64,8180.0,64
2007,chicago,42,1000+,6,8500.0,6
2007,chicago,42,250-499,14,4370.0,14
2007,chicago,42,50-99,108,6907.0,108
2007,chicago,42,500-999,4,2215.0,4
2007,chicago,42,unknown,3,0.0,0
2007,chicago,44,1-9,8496,27964.0,5881
2007,chicago,44,10-49,1412,26450.0,1133
2007,chicago,44,100-249,138,20389.0,113
2007,chicago,44,1000+,1,1200.0,1
2007,chicago,44,250-499,39,11856.0,38
2007,chicago,44,50-99,150,9316.0,146
2007,chicago,44,500-999,7,4047.0,7
2007,chicago,44,unknown,3,0.0,0
2007,chicago,45,1-9,3439,9627.0,2225
2007,chicago,45,10-49,394,7808.0,335
2007,chicago,45,100-249,36,5273.0,30
2007,chicago,45,1000+,2,2500.0,2
2007,chicago,45,250-499,9,2920.0,7
2007,chicago,45,50-99,66,4226.0,40
2007,chicago,45,500-999,4,2300.0,4
2007,chicago,45,unknown,5,0.0,0
2007,chicago,48,1-9,1453,4877.0,681
2007,chicago,48,10-49,292,5461.0,249
2007,chicago,48,100-249,40,5791.0,40
2007,chicago,48,1000+,4,5120.0,4
2007,chicago,48,250-499,11,3398.0,11
2007,chicago,48,50-99,50,3139.0,50
2007,chicago,48,500-999,3,2040.0,3
2007,chicago,48,unknown,2,0.0,0
2007,chicago,49,1-9,103,428.0,48
2007,chicago,49,10-49,35,742.0,33
2007,chicago,49,100-249,18,2301.0,18
2007,chicago,49,1000+,2,11000.0,2
2007,chicago,49,250-499,2,750.0,2
2007,chicago,49,50-99,18,1265.0,18
2007,chicago,49,500-999,1,600.0,1
2007,chicago,51,1-9,2229,8605.0,1103
2007,chicago,51,10-49,479,8463.0,404
2007,chicago,51,100-249,42,5861.0,42
2007,chicago,51,1000+,4,7192.0,4
2007,chicago,51,250-499,16,4725.0,16
2007,chicago,51,50-99,74,4469.0,74
2007,chicago,51,500-999,10,6299.0,10
2007,chicago,51,unknown,10,0.0,0
2007,chicago,52,1-9,5206,19470.0,2823
2007,chicago,52,10-49,1099,19654.0,984
2007,chicago,52,100-249,110,15757.0,110
2007,chicago,52,1000+,15,33202.0,15
2007,chicago,52,250-499,29,9470.0,29
2007,chicago,52,50-99,187,11854.0,187
2007,chicago,52,500-999,14,9405.0,14
2007,chicago,52,unknown,35,0.0,0
2007,chicago,53,1-9,4976,20261.0,2499
2007,chicago,53,10-49,839,14300.0,812
2007,chicago,53,100-249,46,5815.0,46
2007,chicago,53,250-499,6,1861.0,6
2007,chicago,53,50-99,80,5053.0,80
2007,chicago,53,500-999,5,2900.0,5
2007,chicago,53,unknown,2,0.0,0
2007,chicago,54,1-9,20875,54737.0,5932
2007,chicago,54,10-49,1878,34685.0,1755
2007,chicago,54,100-249,160,22803.0,160
2007,chicago,54,1000+,16,30854.0,16
2007,chicago,54,250-499,63,20511.0,63
2007,chicago,54,50-99,248,15841.0,248
2007,chicago,54,500-999,28,16700.0,28
2007,chicago,54,unknown,16,0.0,0
2007,chicago,55,1-9,44,221.0,14
2007,chicago,55,10-49,16,299.0,9
2007,chicago,55,100-249,6,679.0,6
2007,chicago,55,1000+,4,12300.0,4
2007,chicago,55,50-99,2,110.0,2
2007,chicago,55,unknown,13,0.0,0
2007,chicago,56,1-9,3209,10068.0,1677
2007,chicago,56,10-49,497,9082.0,453
2007,chicago,56,100-249,60,8713.0,60
2007,chicago,56,1000+,4,4700.0,4
2007,chicago,56,250-499,10,3325.0,10
2007,chicago,56,50-99,56,3485.0,56
2007,chicago,56,500-999,3,2036.0,3
2007,chicago,56,unknown,5,0.0,0
2007,chicago,61,1-9,992,3517.0,584
2007,chicago,61,10-49,858,23001.0,644
2007,chicago,61,100-249,175,23637.0,171
2007,chicago,61,1000+,7,19034.0,7
2007,chicago,61,250-499,19,5448.0,19
2007,chicago,61,50-99,463,31504.0,406
2007,chicago,61,500-999,14,9417.0,14
2007,chicago,61,unknown,1,0.0,0
2007,chicago,62,1-9,12511,47189.0,3145
2007,chicago,62,10-49,1460,25944.0,1239
2007,chicago,62,100-249,126,18078.0,126
2007,chicago,62,1000+,25,64660.0,25
2007,chicago,62,250-499,35,10508.0,25
2007,chicago,62,50-99,234,16709.0,173
2007,chicago,62,500-999,21,13729.0,21
2007,chicago,62,unknown,21,0.0,0
2007,chicago,71,1-9,1171,3510.0,643
2007,chicago,71,10-49,254,4432.0,201
2007,chicago,71,100-249,24,3275.0,24
2007,chicago,71,1000+,5,5000.0,5
2007,chicago,71,250-499,6,1890.0,6
2007,chicago,71,50-99,31,1851.0,31
2007,chicago,71,500-999,3,1830.0,3
2007,chicago,72,1-9,3815,15321.0,3296
2007,chicago,72,10-49,3233,52812.0,1630
2007,chicago,72,100-249,143,20139.0,131
2007,chicago,72,1000+,4,5723.0,4
2007,chicago,72,250-499,32,9719.0,30
2007,chicago,72,50-99,260,16323.0,253
2007,chicago,72,500-999,13,8410.0,13
2007,chicago,72,unknown,7,0.0,0
2007,chicago,81,1-9,12708,37434.0,8431
2007,chicago,81,10-49,1214,21549.0,1207
2007,chicago,81,100-249,70,9586.0,70
2007,chicago,81,1000+,2,5200.0,2
2007,chicago,81,250-499,14,4295.0,14
2007,chicago,81,50-99,138,8605.0,138
2007,chicago,81,500-999,4,2230.0,4
2007,chicago,81,unknown,22,0.0,0
2007,chicago,92,1-9,648,3066.0,325
2007,chicago,92,10-49,449,9167.0,350
2007,chicago,92,100-249,96,14378.0,96
2007,chicago,92,1000+,10,22777.0,10
2007,chicago,92,250-499,47,15831.0,47
2007,chicago,92,50-99,90,5711.0,90
2007,chicago,92,500-999,15,9747.0,15
2007,chicago,92,unknown,1,0.0,0
2007,chicago,99,1-9,4086,12235.0,164
2007,chicago,99,10-49,53,1052.0,53
2007,chicago,99,100-249,6,750.0,6
2007,chicago,99,1000+,1,2000.0,1
2007,chicago,99,250-499,3,800.0,3
2007,chicago,99,50-99,12,779.0,12
2007,chicago,99,500-999,3,1800.0,3
2007,chicago,,1-9,124,449.0,68
2007,chicago,,10-49,39,767.0,30
2007,chicago,,100-249,1,150.0,1
2007,chicago,,50-99,1,50.0,1
2007,cook_ex_chicago,11,1-9,56,213.0,29
2007,cook_ex_chicago,11,10-49,12,172.0,7
2007,cook_ex_chicago,11,50-99,2,110.0,2
2007,cook_ex_chicago,21,1-9,38,160.0,18
2007,cook_ex_chicago,21,10-49,11,232.0,9
2007,cook_ex_chicago,21,100-249,2,250.0,2
2007,cook_ex_chicago,21,50-99,4,247.0,4
2007,cook_ex_chicago,22,1-9,71,336.0,39
2007,cook_ex_chicago,22,10-49,31,638.0,27
2007,cook_ex_chicago,22,250-499,1,350.0,1
2007,cook_ex_chicago,22,50-99,4,244.0,4
2007,cook_ex_chicago,23,1-9,6784,23095.0,3028
2007,cook_ex_chicago,23,10-49,1300,23400.0,1174
2007,cook_ex_chicago,23,100-249,61,7943.0,61
2007,cook_ex_chicago,23,250-499,8,2470.0,8
2007,cook_ex_chicago,23,50-99,133,8104.0,132
2007,cook_ex_chicago,23,500-999,3,1500.0,3
2007,cook_ex_chicago,23,unknown,9,0.0,0
2007,cook_ex_chicago,31,1-9,363,1507.0,236
2007,cook_ex_chicago,31,10-49,122,2383.0,118
2007,cook_ex_chicago,31,100-249,20,2764.0,20
2007,cook_ex_chicago,31,1000+,1,1200.0,1
2007,cook_ex_chicago,31,250-499,12,3850.0,12
2007,cook_ex_chicago,31,50-99,35,2128.0,32
2007,cook_ex_chicago,31,500-999,4,2450.0,4
2007,cook_ex_chicago,31,unknown,2,0.0,0
2007,cook_ex_chicago,32,1-9,934,3618.0,731
2007,cook_ex_chicago,32,10-49,449,8883.0,382
2007,cook_ex_chicago,32,100-249,108,15017.0,108
2007,cook_ex_chicago,32,1000+,3,3600.0,3
2007,cook_ex_chicago,32,250-499,15,5095.0,15
2007,cook_ex_chicago,32,50-99,124,8092.0,122
2007,cook_ex_chicago,32,500-999,3,1700.0,3
2007,cook_ex_chicago,32,unknown,6,0.0,0
2007,cook_ex_chicago,33,1-9,1852,7556.0,1423
2007,cook_ex_chicago,33,10-49,1078,21928.0,941
2007,cook_ex_chicago,33,100-249,163,22126.0,163
2007,cook_ex_chicago,33,1000+,15,23900.0,15
2007,cook_ex_chicago,33,250-499,50,15767.0,50
2007,cook_ex_chicago,33,50-99,224,15019.0,224
2007,cook_ex_chicago,33,500-999,18,12326.0,18
2007,cook_ex_chicago,33,unknown,19,0.0,0
2007,cook_ex_chicago,42,1-9,4378,18204.0,2588
2007,cook_ex_chicago,42,10-49,1207,23722.0,1162
2007,cook_ex_chicago,42,100-249,106,14721.0,106
2007,cook_ex_chicago,42,1000+,2,3000.0,2
2007,cook_ex_chicago,42,250-499,32,9560.0,32
2007,cook_ex_chicago,42,50-99,202,12532.0,202
2007,cook_ex_chicago,42,500-999,12,7479.0,12
2007,cook_ex_chicago,42,unknown,12,0.0,0
2007,cook_ex_chicago,44,1-9,7601,28329.0,5098
2007,cook_ex_chicago,44,10-49,1939,37977.0,1650
2007,cook_ex_chicago,44,100-249,239,35331.0,196
2007,cook_ex_chicago,44,1000+,4,5015.0,4
2007,cook_ex_chicago,44,250-499,32,9628.0,32
2007,cook_ex_chicago,44,50-99,251,15771.0,242
2007,cook_ex_chicago,44,500-999,6,4000.0,6
2007,cook_ex_chicago,44,unknown,11,0.0,0
2007,cook_ex_chicago,45,1-9,2980,8946.0,1927
2007,cook_ex_chicago,45,10-49,643,12818.0,554
2007,cook_ex_chicago,45,100-249,107,17151.0,81
2007,cook_ex_chicago,45,1000+,4,14100.0,4
2007,cook_ex_chicago,45,250-499,38,11764.0,36
2007,cook_ex_chicago,45,50-99,89,5576.0,62
2007,cook_ex_chicago,45,500-999,4,2070.0,4
2007,cook_ex_chicago,45,unknown,3,0.0,0
2007,cook_ex_chicago,48,1-9,1970,6792.0,1053
2007,cook_ex_chicago,48,10-49,412,7883.0,387
2007,cook_ex_chicago,48,100-249,62,9284.0,62
2007,cook_ex_chicago,48,1000+,4,11100.0,4
2007,cook_ex_chicago,48,250-499,8,2500.0,8
2007,cook_ex_chicago,48,50-99,69,4188.0,69
2007,cook_ex_chicago,48,500-999,2,1001.0,2
2007,cook_ex_chicago,48,unknown,3,0.0,0
2007,cook_ex_chicago,49,1-9,138,569.0,63
2007,cook_ex_chicago,49,10-49,45,939.0,44
2007,cook_ex_chicago,49,100-249,19,2854.0,19
2007,cook_ex_chicago,49,250-499,4,1140.0,4
2007,cook_ex_chicago,49,50-99,21,1467.0,21
2007,cook_ex_chicago,51,1-9,1563,5826.0,796
2007,cook_ex_chicago,51,10-49,334,6327.0,278
2007,cook_ex_chicago,51,100-249,29,4254.0,29
2007,cook_ex_chicago,51,1000+,2,4000.0,2
2007,cook_ex_chicago,51,250-499,9,2915.0,9
2007,cook_ex_chicago,51,50-99,45,2805.0,42
2007,cook_ex_chicago,51,500-999,12,7615.0,12
2007,cook_ex_chicago,51,unknown,5,0.0,0
2007,cook_ex_chicago,52,1-9,5781,20475.0,3310
2007,cook_ex_chicago,52,10-49,1038,18722.0,968
2007,cook_ex_chicago,52,100-249,52,6547.0,52
2007,cook_ex_chicago,52,1000+,5,31600.0,5
2007,cook_ex_chicago,52,250-499,9,2551.0,9
2007,cook_ex_chicago,52,50-99,98,6542.0,98
2007,cook_ex_chicago,52,500-999,5,3160.0,5
2007,cook_ex_chicago,52,unknown,11,0.0,0
2007,cook_ex_chicago,53,1-9,3725,14328.0,1963
2007,cook_ex_chicago,53,10-49,634,11971.0,602
2007,cook_ex_chicago,53,100-249,29,3397.0,29
2007,cook_ex_chicago,53,250-499,5,1505.0,5
2007,cook_ex_chicago,53,50-99,84,5361.0,84
2007,cook_ex_chicago,54,1-9,10306,31714.0,4976
2007,cook_ex_chicago,54,10-49,1196,20517.0,1077
2007,cook_ex_chicago,54,100-249,59,8459.0,59
2007,cook_ex_chicago,54,1000+,6,9800.0,6
2007,cook_ex_chicago,54,250-499,11,3480.0,11
2007,cook_ex_chicago,54,50-99,155,9512.0,155
2007,cook_ex_chicago,54,500-999,7,4770.0,7
2007,cook_ex_chicago,54,unknown,10,0.0,0
2007,cook_ex_chicago,55,1-9,40,165.0,26
2007,cook_ex_chicago,55,10-49,12,348.0,9
2007,cook_ex_chicago,55,100-249,3,530.0,3
2007,cook_ex_chicago,55,250-499,2,600.0,2
2007,cook_ex_chicago,55,50-99,9,553.0,9
2007,cook_ex_chicago,55,500-999,1,800.0,1
2007,cook_ex_chicago,55,unknown,9,0.0,0
2007,cook_ex_chicago,56,1-9,3512,11111.0,1750
2007,cook_ex_chicago,56,10-49,627,11166.0,569
2007,cook_ex_chicago,56,100-249,42,5404.0,42
2007,cook_ex_chicago,56,1000+,3,4800.0,3
2007,cook_ex_chicago,56,250-499,17,5433.0,17
2007,cook_ex_chicago,56,50-99,100,5982.0,98
2007,cook_ex_chicago,56,500-999,3,1700.0,3
2007,cook_ex_chicago,56,unknown,7,0.0,0
2007,cook_ex_chicago,61,1-9,1019,3463.0,634
2007,cook_ex_chicago,61,10-49,886,23882.0,635
2007,cook_ex_chicago,61,100-249,99,13517.0,94
2007,cook_ex_chicago,61,1000+,5,14200.0,5
2007,cook_ex_chicago,61,250-499,33,10552.0,33
2007,cook_ex_chicago,61,50-99,506,33316.0,443
2007,cook_ex_chicago,61,500-999,13,8145.0,13
2007,cook_ex_chicago,61,unknown,1,0.0,0
2007,cook_ex_chicago,62,1-9,14597,54097.0,3305
2007,cook_ex_chicago,62,10-49,1901,33597.0,1574
2007,cook_ex_chicago,62,100-249,143,20718.0,143
2007,cook_ex_chicago,62,1000+,24,60040.0,24
2007,cook_ex_chicago,62,250-499,51,15818.0,35
2007,cook_ex_chicago,62,50-99,222,15743.0,162
2007,cook_ex_chicago,62,500-999,10,6035.0,10
2007,cook_ex_chicago,62,unknown,11,0.0,0
2007,cook_ex_chicago,71,1-9,1058,3196.0,552
2007,cook_ex_chicago,71,10-49,406,7680.0,291
2007,cook_ex_chicago,71,100-249,35,4780.0,35
2007,cook_ex_chicago,71,250-499,7,2109.0,7
2007,cook_ex_chicago,71,50-99,66,4121.0,66
2007,cook_ex_chicago,71,500-999,3,1845.0,3
2007,cook_ex_chicago,71,unknown,1,0.0,0
2007,cook_ex_chicago,72,1-9,2747,11613.0,2378
2007,cook_ex_chicago,72,10-49,2892,52048.0,1831
2007,cook_ex_chicago,72,100-249,101,13510.0,92
2007,cook_ex_chicago,72,250-499,20,6167.0,19
2007,cook_ex_chicago,72,50-99,330,21189.0,316
2007,cook_ex_chicago,72,500-999,2,1450.0,2
2007,cook_ex_chicago,72,unknown,3,0.0,0
2007,cook_ex_chicago,81,1-9,10470,31000.0,7209
2007,cook_ex_chicago,81,10-49,1257,22170.0,1240
2007,cook_ex_chicago,81,100-249,59,7897.0,59
2007,cook_ex_chicago,81,1000+,2,2650.0,2
2007,cook_ex_chicago,81,250-499,8,2715.0,8
2007,cook_ex_chicago,81,50-99,102,6438.0,102
2007,cook_ex_chicago,81,500-999,6,3750.0,6
2007,cook_ex_chicago,81,unknown,18,0.0,0
2007,cook_ex_chicago,92,1-9,833,3471.0,509
2007,cook_ex_chicago,92,10-49,477,11163.0,406
2007,cook_ex_chicago,92,100-249,80,11051.0,80
2007,cook_ex_chicago,92,1000+,1,1000.0,1
2007,cook_ex_chicago,92,250-499,17,5621.0,17
2007,cook_ex_chicago,92,50-99,132,8245.0,132
2007,cook_ex_chicago,92,500-999,7,3815.0,7
2007,cook_ex_chicago,99,1-9,2973,8861.0,130
2007,cook_ex_chicago,99,10-49,36,626.0,36
2007,cook_ex_chicago,99,100-249,8,1100.0,8
2007,cook_ex_chicago,99,1000+,1,2500.0,1
2007,cook_ex_chicago,99,250-499,3,900.0,3
2007,cook_ex_chicago,99,50-99,14,907.0,14
2007,cook_ex_chicago,99,500-999,1,570.0,1
2007,cook_ex_chicago,,1-9,128,513.0,63
2007,cook_ex_chicago,,10-49,49,1257.0,22
2007,cook_ex_chicago,,50-99,4,220.0,4
2007,il_ex_msa,11,1-9,1425,4061.0,961
2007,il_ex_msa,11,10-49,105,1579.0,93
2007,il_ex_msa,11,100-249,8,1161.0,8
2007,il_ex_msa,11,50-99,14,857.0,14
2007,il_ex_msa,11,500-999,2,1000.0,2
2007,il_ex_msa,21,1-9,261,912.0,182
2007,il_ex_msa,21,10-49,102,2110.0,75
2007,il_ex_msa,21,100-249,5,790.0,5
2007,il_ex_msa,21,250-499,4,1080.0,4
2007,il_ex_msa,21,50-99,4,267.0,4
2007,il_ex_msa,22,1-9,469,1910.0,360
2007,il_ex_msa,22,10-49,99,1949.0,92
2007,il_ex_msa,22,100-249,2,263.0,2
2007,il_ex_msa,22,250-499,5,1640.0,5
2007,il_ex_msa,22,50-99,19,1255.0,19
2007,il_ex_msa,22,500-999,1,530.0,1
2007,il_ex_msa,23,1-9,12757,39916.0,8123
2007,il_ex_msa,23,10-49,1759,30620.0,1608
2007,il_ex_msa,23,100-249,63,8575.0,63
2007,il_ex_msa,23,1000+,1,3200.0,1
2007,il_ex_msa,23,250-499,12,3397.0,12
2007,il_ex_msa,23,50-99,168,10114.0,168
2007,il_ex_msa,23,500-999,3,1500.0,3
2007,il_ex_msa,23,unknown,6,0.0,0
2007,il_ex_msa,31,1-9,492,1868.0,360
2007,il_ex_msa,31,10-49,168,3583.0,162
2007,il_ex_msa,31,100-249,36,4898.0,36
2007,il_ex_msa,31,1000+,4,7592.0,4
2007,il_ex_msa,31,250-499,17,5289.0,17
2007,il_ex_msa,31,50-99,47,3214.0,44
2007,il_ex_msa,31,500-999,5,2925.0,5
2007,il_ex_msa,32,1-9,1148,4205.0,997
2007,il_ex_msa,32,10-49,432,8715.0,414
2007,il_ex_msa,32,100-249,90,13073.0,90
2007,il_ex_msa,32,1000+,2,2500.0,2
2007,il_ex_msa,32,250-499,22,7476.0,22
2007,il_ex_msa,32,50-99,101,6507.0,101
2007,il_ex_msa,32,500-999,10,7605.0,10
2007,il_ex_msa,32,unknown,4,0.0,0
2007,il_ex_msa,33,1-9,2117,7592.0,1786
2007,il_ex_msa,33,10-49,921,18907.0,842
2007,il_ex_msa,33,100-249,177,24822.0,177
2007,il_ex_msa,33,1000+,13,28401.0,13
2007,il_ex_msa,33,250-499,65,21022.0,65
2007,il_ex_msa,33,50-99,201,13070.0,201
2007,il_ex_msa,33,500-999,27,17550.0,27
2007,il_ex_msa,33,unknown,13,0.0,0
2007,il_ex_msa,42,1-9,5629,21392.0,4263
2007,il_ex_msa,42,10-49,1446,26836.0,1411
2007,il_ex_msa,42,100-249,85,11379.0,85
2007,il_ex_msa,42,1000+,4,6000.0,4
2007,il_ex_msa,42,250-499,29,9300.0,29
2007,il_ex_msa,42,50-99,184,11641.0,184
2007,il_ex_msa,42,500-999,17,11243.0,17
2007,il_ex_msa,42,unknown,8,0.0,0
2007,il_ex_msa,44,1-9,13427,49410.0,10982
2007,il_ex_msa,44,10-49,3476,61938.0,3212
2007,il_ex_msa,44,100-249,223,31058.0,197
2007,il_ex_msa,44,1000+,3,6200.0,3
2007,il_ex_msa,44,250-499,25,8107.0,22
2007,il_ex_msa,44,50-99,382,25011.0,367
2007,il_ex_msa,44,500-999,7,4780.0,7
2007,il_ex_msa,44,unknown,4,0.0,0
2007,il_ex_msa,45,1-9,6551,18848.0,5180
2007,il_ex_msa,45,10-49,768,14015.0,723
2007,il_ex_msa,45,100-249,156,23802.0,125
2007,il_ex_msa,45,250-499,46,14893.0,46
2007,il_ex_msa,45,50-99,139,9675.0,104
2007,il_ex_msa,45,500-999,16,8750.0,16
2007,il_ex_msa,48,1-9,2561,8943.0,1738
2007,il_ex_msa,48,10-49,761,14528.0,704
2007,il_ex_msa,48,100-249,62,8363.0,62
2007,il_ex_msa,48,1000+,2,2000.0,2
2007,il_ex_msa,48,250-499,13,4226.0,13
2007,il_ex_msa,48,50-99,123,7859.0,123
2007,il_ex_msa,48,unknown,4,0.0,0
2007,il_ex_msa,49,1-9,1487,5662.0,1311
2007,il_ex_msa,49,10-49,269,4831.0,267
2007,il_ex_msa,49,100-249,15,2331.0,15
2007,il_ex_msa,49,250-499,2,650.0,2
2007,il_ex_msa,49,50-99,34,2326.0,34
2007,il_ex_msa,49,500-999,3,2150.0,3
2007,il_ex_msa,51,1-9,2543,9926.0,1707
2007,il_ex_msa,51,10-49,641,12013.0,558
2007,il_ex_msa,51,100-249,36,4533.0,36
2007,il_ex_msa,51,1000+,1,5000.0,1
2007,il_ex_msa,51,250-499,9,3095.0,9
2007,il_ex_msa,51,50-99,101,6500.0,101
2007,il_ex_msa,51,500-999,3,1950.0,3
2007,il_ex_msa,51,unknown,10,0.0,0
2007,il_ex_msa,52,1-9,9216,29021.0,6497
2007,il_ex_msa,52,10-49,1339,23737.0,1324
2007,il_ex_msa,52,100-249,38,5293.0,38
2007,il_ex_msa,52,1000+,8,22699.0,8
2007,il_ex_msa,52,250-499,17,5683.0,17
2007,il_ex_msa,52,50-99,134,8230.0,134
2007,il_ex_msa,52,500-999,9,4938.0,9
2007,il_ex_msa,52,unknown,20,0.0,0
2007,il_ex_msa,53,1-9,6261,17894.0,4358
2007,il_ex_msa,53,10-49,684,11498.0,648
2007,il_ex_msa,53,100-249,19,2162.0,19
2007,il_ex_msa,53,50-99,51,3347.0,51
2007,il_ex_msa,53,500-999,1,500.0,1
2007,il_ex_msa,53,unknown,5,0.0,0
2007,il_ex_msa,54,1-9,13638,38455.0,6583
2007,il_ex_msa,54,10-49,1345,23398.0,1250
2007,il_ex_msa,54,100-249,48,6887.0,48
2007,il_ex_msa,54,1000+,2,3700.0,2
2007,il_ex_msa,54,250-499,15,4697.0,15
2007,il_ex_msa,54,50-99,106,6785.0,106
2007,il_ex_msa,54,500-999,4,2300.0,4
2007,il_ex_msa,54,unknown,4,0.0,0
2007,il_ex_msa,55,1-9,55,202.0,47
2007,il_ex_msa,55,10-49,58,1524.0,56
2007,il_ex_msa,55,100-249,4,570.0,4
2007,il_ex_msa,55,250-499,2,772.0,2
2007,il_ex_msa,55,50-99,10,613.0,10
2007,il_ex_msa,55,unknown,21,0.0,0
2007,il_ex_msa,56,1-9,5098,14588.0,3318
2007,il_ex_msa,56,10-49,755,13868.0,639
2007,il_ex_msa,56,100-249,46,6241.0,46
2007,il_ex_msa,56,250-499,19,6268.0,19
2007,il_ex_msa,56,50-99,83,4887.0,80
2007,il_ex_msa,56,500-999,6,4100.0,6
2007,il_ex_msa,56,unknown,1,0.0,0
2007,il_ex_msa,61,1-9,1667,5901.0,1268
2007,il_ex_msa,61,10-49,2146,59091.0,1823
2007,il_ex_msa,61,100-249,209,28315.0,202
2007,il_ex_msa,61,1000+,12,51547.0,12
2007,il_ex_msa,61,250-499,25,7715.0,25
2007,il_ex_msa,61,50-99,799,50826.0,722
2007,il_ex_msa,61,500-999,8,5664.0,8
2007,il_ex_msa,62,1-9,17942,66203.0,5367
2007,il_ex_msa,62,10-49,3152,58553.0,2699
2007,il_ex_msa,62,100-249,375,50996.0,374
2007,il_ex_msa,62,1000+,38,80834.0,38
2007,il_ex_msa,62,250-499,79,25059.0,68
2007,il_ex_msa,62,50-99,549,38584.0,475
2007,il_ex_msa,62,500-999,33,24078.0,33
2007,il_ex_msa,62,unknown,44,0.0,0
2007,il_ex_msa,71,1-9,2727,8474.0,1774
2007,il_ex_msa,71,10-49,733,13558.0,602
2007,il_ex_msa,71,100-249,24,3180.0,24
2007,il_ex_msa,71,1000+,1,1100.0,1
2007,il_ex_msa,71,250-499,8,2722.0,8
2007,il_ex_msa,71,50-99,64,4094.0,64
2007,il_ex_msa,71,500-999,4,2361.0,4
2007,il_ex_msa,72,1-9,6105,24336.0,5203
2007,il_ex_msa,72,10-49,4829,91273.0,3786
2007,il_ex_msa,72,100-249,138,17237.0,134
2007,il_ex_msa,72,1000+,2,2000.0,2
2007,il_ex_msa,72,250-499,5,1510.0,5
2007,il_ex_msa,72,50-99,529,33220.0,512
2007,il_ex_msa,72,500-999,1,600.0,1
2007,il_ex_msa,81,1-9,26316,70056.0,20177
2007,il_ex_msa,81,10-49,1693,28760.0,1679
2007,il_ex_msa,81,100-249,81,11412.0,81
2007,il_ex_msa,81,1000+,1,1800.0,1
2007,il_ex_msa,81,250-499,17,5255.0,17
2007,il_ex_msa,81,50-99,144,9328.0,144
2007,il_ex_msa,81,500-999,4,2335.0,4
2007,il_ex_msa,81,unknown,16,0.0,0
2007,il_ex_msa,92,1-9,7200,27198.0,5384
2007,il_ex_msa,92,10-49,3085,61359.0,1980
2007,il_ex_msa,92,100-249,124,18538.0,124
2007,il_ex_msa,92,1000+,10,17980.0,10
2007,il_ex_msa,92,250-499,62,20041.0,62
2007,il_ex_msa,92,50-99,276,17765.0,276
2007,il_ex_msa,92,500-999,15,8750.0,15
2007,il_ex_msa,92,unknown,2,0.0,0
2007,il_ex_msa,99,1-9,1989,5915.0,156
2007,il_ex_msa,99,10-49,34,618.0,34
2007,il_ex_msa,99,100-249,3,500.0,3
2007,il_ex_msa,99,1000+,2,3860.0,2
2007,il_ex_msa,99,250-499,1,250.0,1
2007,il_ex_msa,99,50-99,7,415.0,7
2007,il_ex_msa,99,unknown,1,0.0,0
2007,il_ex_msa,,1-9,174,658.0,125
2007,il_ex_msa,,10-49,92,2558.0,44
2007,il_ex_msa,,100-249,2,250.0,2
2007,il_ex_msa,,1000+,1,2100.0,1
2007,il_ex_msa,,50-99,5,265.0,5
2007,il_ex_msa,,500-999,1,850.0,1
2007,il_ex_msa,,unknown,1,0.0,0
2007,msa_ex_cook,11,1-9,238,679.0,148
2007,msa_ex_cook,11,10-49,44,854.0,37
2007,msa_ex_cook,11,100-249,2,300.0,2
2007,msa_ex_cook,11,50-99,7,459.0,7
2007,msa_ex_cook,21,1-9,55,214.0,28
2007,msa_ex_cook,21,10-49,19,357.0,13
2007,msa_ex_cook,21,50-99,2,110.0,2
2007,msa_ex_cook,21,500-999,1,600.0,1
2007,msa_ex_cook,22,1-9,116,579.0,61
2007,msa_ex_cook,22,10-49,34,657.0,27
2007,msa_ex_cook,22,100-249,3,440.0,3
2007,msa_ex_cook,22,1000+,1,1200.0,1
2007,msa_ex_cook,22,50-99,6,395.0,6
2007,msa_ex_cook,22,500-999,1,700.0,1
2007,msa_ex_cook,22,unknown,2,0.0,0
2007,msa_ex_cook,23,1-9,11276,37008.0,5718
2007,msa_ex_cook,23,10-49,1862,32816.0,1673
2007,msa_ex_cook,23,100-249,82,11351.0,82
2007,msa_ex_cook,23,1000+,1,1000.0,1
2007,msa_ex_cook,23,250-499,16,4730.0,16
2007,msa_ex_cook,23,50-99,174,10650.0,169
2007,msa_ex_cook,23,500-999,5,3475.0,5
2007,msa_ex_cook,31,1-9,374,1410.0,258
2007,msa_ex_cook,31,10-49,127,2480.0,125
2007,msa_ex_cook,31,100-249,26,3976.0,26
2007,msa_ex_cook,31,250-499,9,3207.0,9
2007,msa_ex_cook,31,50-99,19,1245.0,18
2007,msa_ex_cook,31,500-999,1,500.0,1
2007,msa_ex_cook,31,unknown,1,0.0,0
2007,msa_ex_cook,32,1-9,1210,4680.0,931
2007,msa_ex_cook,32,10-49,524,10647.0,446
2007,msa_ex_cook,32,100-249,118,15941.0,118
2007,msa_ex_cook,32,1000+,4,4600.0,4
2007,msa_ex_cook,32,250-499,28,8868.0,28
2007,msa_ex_cook,32,50-99,144,8932.0,144
2007,msa_ex_cook,32,500-999,10,6130.0,10
2007,msa_ex_cook,32,unknown,10,0.0,0
2007,msa_ex_cook,33,1-9,2347,8984.0,1828
2007,msa_ex_cook,33,10-49,1359,27031.0,1163
2007,msa_ex_cook,33,100-249,207,29529.0,207
2007,msa_ex_cook,33,1000+,7,13100.0,7
2007,msa_ex_cook,33,250-499,54,17009.0,54
2007,msa_ex_cook,33,50-99,258,16529.0,258
2007,msa_ex_cook,33,500-999,22,13706.0,22
2007,msa_ex_cook,33,unknown,20,0.0,0
2007,msa_ex_cook,42,1-9,5763,22982.0,3611
2007,msa_ex_cook,42,10-49,1461,27864.0,1426
2007,msa_ex_cook,42,100-249,132,18060.0,132
2007,msa_ex_cook,42,1000+,6,14517.0,6
2007,msa_ex_cook,42,250-499,37,11920.0,37
2007,msa_ex_cook,42,50-99,199,12555.0,199
2007,msa_ex_cook,42,500-999,10,5425.0,10
2007,msa_ex_cook,42,unknown,18,0.0,0
2007,msa_ex_cook,44,1-9,9287,34096.0,6353
2007,msa_ex_cook,44,10-49,2561,49807.0,2258
2007,msa_ex_cook,44,100-249,294,41780.0,242
2007,msa_ex_cook,44,1000+,4,10000.0,4
2007,msa_ex_cook,44,250-499,58,17866.0,56
2007,msa_ex_cook,44,50-99,321,20855.0,313
2007,msa_ex_cook,44,500-999,12,7500.0,12
2007,msa_ex_cook,44,unknown,9,0.0,0
2007,msa_ex_cook,45,1-9,4139,12305.0,2809
2007,msa_ex_cook,45,10-49,734,14521.0,651
2007,msa_ex_cook,45,100-249,121,20055.0,84
2007,msa_ex_cook,45,1000+,1,1000.0,1
2007,msa_ex_cook,45,250-499,36,11050.0,35
2007,msa_ex_cook,45,50-99,125,7943.0,89
2007,msa_ex_cook,45,500-999,9,5930.0,9
2007,msa_ex_cook,45,unknown,8,0.0,0
2007,msa_ex_cook,48,1-9,2044,7138.0,1208
2007,msa_ex_cook,48,10-49,496,9564.0,458
2007,msa_ex_cook,48,100-249,57,7854.0,57
2007,msa_ex_cook,48,1000+,1,1100.0,1
2007,msa_ex_cook,48,250-499,9,2800.0,9
2007,msa_ex_cook,48,50-99,89,5873.0,89
2007,msa_ex_cook,48,500-999,4,2781.0,4
2007,msa_ex_cook,48,unknown,8,0.0,0
2007,msa_ex_cook,49,1-9,163,687.0,104
2007,msa_ex_cook,49,10-49,85,1901.0,85
2007,msa_ex_cook,49,100-249,14,2054.0,14
2007,msa_ex_cook,49,250-499,3,868.0,3
2007,msa_ex_cook,49,50-99,19,1330.0,19
2007,msa_ex_cook,51,1-9,1853,6869.0,985
2007,msa_ex_cook,51,10-49,342,6511.0,289
2007,msa_ex_cook,51,100-249,44,5707.0,44
2007,msa_ex_cook,51,1000+,2,2650.0,2
2007,msa_ex_cook,51,250-499,15,4699.0,15
2007,msa_ex_cook,51,50-99,62,4059.0,57
2007,msa_ex_cook,51,500-999,5,3220.0,5
2007,msa_ex_cook,51,unknown,7,0.0,0
2007,msa_ex_cook,52,1-9,6746,23846.0,4065
2007,msa_ex_cook,52,10-49,1254,22721.0,1180
2007,msa_ex_cook,52,100-249,68,9342.0,68
2007,msa_ex_cook,52,1000+,4,8200.0,4
2007,msa_ex_cook,52,250-499,21,6559.0,21
2007,msa_ex_cook,52,50-99,146,9157.0,146
2007,msa_ex_cook,52,500-999,8,4701.0,8
2007,msa_ex_cook,52,unknown,13,0.0,0
2007,msa_ex_cook,53,1-9,4885,16583.0,2792
2007,msa_ex_cook,53,10-49,751,14602.0,700
2007,msa_ex_cook,53,100-249,27,3183.0,27
2007,msa_ex_cook,53,250-499,1,300.0,1
2007,msa_ex_cook,53,50-99,93,5863.0,93
2007,msa_ex_cook,53,500-999,2,1150.0,2
2007,msa_ex_cook,54,1-9,13472,39888.0,7097
2007,msa_ex_cook,54,10-49,1575,27752.0,1454
2007,msa_ex_cook,54,100-249,98,13786.0,98
2007,msa_ex_cook,54,1000+,5,31300.0,5
2007,msa_ex_cook,54,250-499,22,6694.0,22
2007,msa_ex_cook,54,50-99,145,9236.0,145
2007,msa_ex_cook,54,500-999,5,3550.0,5
2007,msa_ex_cook,54,unknown,16,0.0,0
2007,msa_ex_cook,55,1-9,27,116.0,16
2007,msa_ex_cook,55,10-49,11,261.0,10
2007,msa_ex_cook,55,100-249,3,395.0,3
2007,msa_ex_cook,55,250-499,1,250.0,1
2007,msa_ex_cook,55,50-99,5,300.0,5
2007,msa_ex_cook,55,unknown,9,0.0,0
2007,msa_ex_cook,56,1-9,5141,15935.0,2814
2007,msa_ex_cook,56,10-49,809,14610.0,745
2007,msa_ex_cook,56,100-249,57,8156.0,57
2007,msa_ex_cook,56,250-499,12,3750.0,12
2007,msa_ex_cook,56,50-99,117,7338.0,114
2007,msa_ex_cook,56,500-999,4,2300.0,4
2007,msa_ex_cook,56,unknown,1,0.0,0
2007,msa_ex_cook,61,1-9,1202,4070.0,752
2007,msa_ex_cook,61,10-49,915,24815.0,720
2007,msa_ex_cook,61,100-249,164,22171.0,160
2007,msa_ex_cook,61,1000+,4,8899.0,4
2007,msa_ex_cook,61,250-499,42,13449.0,42
2007,msa_ex_cook,61,50-99,589,38531.0,532
2007,msa_ex_cook,61,500-999,12,6960.0,12
2007,msa_ex_cook,61,unknown,3,0.0,0
2007,msa_ex_cook,62,1-9,15193,56138.0,3924
2007,msa_ex_cook,62,10-49,2132,37688.0,1849
2007,msa_ex_cook,62,100-249,173,24974.0,172
2007,msa_ex_cook,62,1000+,27,55551.0,27
2007,msa_ex_cook,62,250-499,25,7490.0,16
2007,msa_ex_cook,62,50-99,243,17011.0,195
2007,msa_ex_cook,62,500-999,6,3751.0,6
2007,msa_ex_cook,62,unknown,62,0.0,0
2007,msa_ex_cook,71,1-9,1658,4982.0,1001
2007,msa_ex_cook,71,10-49,536,9906.0,391
2007,msa_ex_cook,71,100-249,52,7669.0,52
2007,msa_ex_cook,71,1000+,5,9956.0,5
2007,msa_ex_cook,71,250-499,4,1100.0,4
2007,msa_ex_cook,71,50-99,69,4180.0,69
2007,msa_ex_cook,71,500-999,3,1700.0,3
2007,msa_ex_cook,71,unknown,1,0.0,0
2007,msa_ex_cook,72,1-9,2851,12180.0,2553
2007,msa_ex_cook,72,10-49,3628,67044.0,2394
2007,msa_ex_cook,72,100-249,123,16165.0,119
2007,msa_ex_cook,72,1000+,4,6099.0,4
2007,msa_ex_cook,72,250-499,9,2712.0,9
2007,msa_ex_cook,72,50-99,396,25057.0,379
2007,msa_ex_cook,72,500-999,2,1150.0,2
2007,msa_ex_cook,72,unknown,3,0.0,0
2007,msa_ex_cook,81,1-9,12150,36338.0,8672
2007,msa_ex_cook,81,10-49,1391,23735.0,1373
2007,msa_ex_cook,81,100-249,52,7069.0,52
2007,msa_ex_cook,81,250-499,11,3610.0,11
2007,msa_ex_cook,81,50-99,113,7122.0,113
2007,msa_ex_cook,81,500-999,5,2904.0,5
2007,msa_ex_cook,81,unknown,16,0.0,0
2007,msa_ex_cook,92,1-9,1381,5849.0,901
2007,msa_ex_cook,92,10-49,785,16512.0,625
2007,msa_ex_cook,92,100-249,80,10770.0,80
2007,msa_ex_cook,92,1000+,2,4200.0,2
2007,msa_ex_cook,92,250-499,20,6498.0,20
2007,msa_ex_cook,92,50-99,187,11959.0,187
2007,msa_ex_cook,92,500-999,11,8020.0,11
2007,msa_ex_cook,92,unknown,1,0.0,0
2007,msa_ex_cook,99,1-9,2376,6981.0,205
2007,msa_ex_cook,99,10-49,38,644.0,38
2007,msa_ex_cook,99,100-249,11,1374.0,11
2007,msa_ex_cook,99,250-499,2,775.0,2
2007,msa_ex_cook,99,50-99,9,519.0,9
2007,msa_ex_cook,99,500-999,2,1399.0,2
2007,msa_ex_cook,,1-9,173,688.0,106
2007,msa_ex_cook,,10-49,82,2247.0,45
2007,msa_ex_cook,,100-249,3,390.0,3
2007,msa_ex_cook,,250-499,3,1000.0,3
2007,msa_ex_cook,,50-99,11,660.0,11
2008,chicago,11,1-9,21,104.0,11
2008,chicago,11,10-49,8,84.0,1
2008,chicago,11,250-499,1,270.0,1
2008,chicago,11,50-99,1,65.0,1
2008,chicago,21,1-9,26,111.0,9
2008,chicago,21,10-49,7,142.0,2
2008,chicago,21,500-999,1,500.0,1
2008,chicago,21,unknown,1,0.0,0
2008,chicago,22,1-9,36,215.0,16
2008,chicago,22,10-49,20,403.0,6
2008,chicago,22,100-249,2,202.0,2
2008,chicago,22,1000+,1,1000.0,1
2008,chicago,22,50-99,1,60.0,1
2008,chicago,22,unknown,3,0.0,0
2008,chicago,23,1-9,3890,13508.0,1728
2008,chicago,23,10-49,657,11532.0,599
2008,chicago,23,100-249,41,5870.0,41
2008,chicago,23,250-499,12,3540.0,12
2008,chicago,23,50-99,60,3573.0,60
2008,chicago,23,unknown,3,0.0,0
2008,chicago,31,1-9,464,1844.0,336
2008,chicago,31,10-49,169,3483.0,166
2008,chicago,31,100-249,34,5072.0,34
2008,chicago,31,250-499,16,5277.0,14
2008,chicago,31,50-99,33,2113.0,32
2008,chicago,31,500-999,12,6991.0,12
2008,chicago,31,unknown,5,0.0,0
2008,chicago,32,1-9,585,2143.0,430
2008,chicago,32,10-49,276,5415.0,242
2008,chicago,32,100-249,29,4273.0,29
2008,chicago,32,250-499,11,3549.0,11
2008,chicago,32,50-99,61,3785.0,60
2008,chicago,32,500-999,3,2125.0,3
2008,chicago,32,unknown,3,0.0,0
2008,chicago,33,1-9,932,3508.0,719
2008,chicago,33,10-49,512,9976.0,442
2008,chicago,33,100-249,75,11031.0,75
2008,chicago,33,1000+,5,8012.0,5
2008,chicago,33,250-499,12,3874.0,12
2008,chicago,33,50-99,118,7611.0,118
2008,chicago,33,500-999,8,4488.0,8
2008,chicago,33,unknown,5,0.0,0
2008,chicago,42,1-9,2860,11279.0,1714
2008,chicago,42,10-49,693,13316.0,663
2008,chicago,42,100-249,67,8593.0,67
2008,chicago,42,1000+,5,7400.0,5
2008,chicago,42,250-499,15,4825.0,15
2008,chicago,42,50-99,112,7000.0,112
2008,chicago,42,500-999,5,2581.0,5
2008,chicago,42,unknown,6,0.0,0
2008,chicago,44,1-9,8166,27203.0,5735
2008,chicago,44,10-49,1323,23994.0,1139
2008,chicago,44,100-249,132,19291.0,118
2008,chicago,44,250-499,40,12131.0,40
2008,chicago,44,50-99,153,9654.0,149
2008,chicago,44,500-999,6,3497.0,6
2008,chicago,44,unknown,9,0.0,0
2008,chicago,45,1-9,3172,9089.0,2184
2008,chicago,45,10-49,382,7554.0,341
2008,chicago,45,100-249,40,5963.0,35
2008,chicago,45,1000+,3,4500.0,3
2008,chicago,45,250-499,8,2640.0,7
2008,chicago,45,50-99,70,4581.0,46
2008,chicago,45,500-999,4,2520.0,4
2008,chicago,45,unknown,6,0.0,0
2008,chicago,48,1-9,1410,4851.0,665
2008,chicago,48,10-49,294,5343.0,244
2008,chicago,48,100-249,38,5742.0,38
2008,chicago,48,1000+,4,8120.0,4
2008,chicago,48,250-499,13,3889.0,13
2008,chicago,48,50-99,55,3466.0,55
2008,chicago,48,500-999,5,3230.0,5
2008,chicago,48,unknown,3,0.0,0
2008,chicago,49,1-9,99,421.0,48
2008,chicago,49,10-49,36,771.0,34
2008,chicago,49,100-249,20,2512.0,20
2008,chicago,49,1000+,3,12000.0,3
2008,chicago,49,250-499,2,750.0,2
2008,chicago,49,50-99,14,1020.0,14
2008,chicago,49,500-999,1,600.0,1
2008,chicago,51,1-9,2040,7895.0,1048
2008,chicago,51,10-49,487,8630.0,408
2008,chicago,51,100-249,49,6818.0,49
2008,chicago,51,1000+,5,10592.0,5
2008,chicago,51,250-499,19,5565.0,19
2008,chicago,51,50-99,69,4243.0,69
2008,chicago,51,500-999,9,5799.0,9
2008,chicago,51,unknown,12,0.0,0
2008,chicago,52,1-9,4963,18481.0,2794
2008,chicago,52,10-49,1073,19226.0,975
2008,chicago,52,100-249,121,17461.0,121
2008,chicago,52,1000+,15,32402.0,15
2008,chicago,52,250-499,33,10810.0,33
2008,chicago,52,50-99,187,11960.0,187
2008,chicago,52,500-999,14,8915.0,14
2008,chicago,52,unknown,43,0.0,0
2008,chicago,53,1-9,4805,19424.0,2464
2008,chicago,53,10-49,853,14301.0,831
2008,chicago,53,100-249,50,6855.0,50
2008,chicago,53,250-499,13,4201.0,13
2008,chicago,53,50-99,87,5391.0,87
2008,chicago,53,500-999,6,3400.0,6
2008,chicago,53,unknown,5,0.0,0
2008,chicago,54,1-9,26188,65685.0,5847
2008,chicago,54,10-49,1829,34852.0,1777
2008,chicago,54,100-249,171,23921.0,171
2008,chicago,54,1000+,20,40155.0,20
2008,chicago,54,250-499,60,19580.0,60
2008,chicago,54,50-99,263,16789.0,263
2008,chicago,54,500-999,35,21344.0,35
2008,chicago,54,unknown,28,0.0,0
2008,chicago,55,1-9,49,240.0,17
2008,chicago,55,10-49,25,439.0,10
2008,chicago,55,100-249,7,783.0,7
2008,chicago,55,1000+,1,3000.0,1
2008,chicago,55,50-99,4,255.0,4
2008,chicago,55,500-999,1,700.0,1
2008,chicago,55,unknown,11,0.0,0
2008,chicago,56,1-9,3142,9761.0,1589
2008,chicago,56,10-49,505,9182.0,459
2008,chicago,56,100-249,59,8355.0,59
2008,chicago,56,1000+,7,12700.0,7
2008,chicago,56,250-499,17,5305.0,17
2008,chicago,56,50-99,63,3913.0,63
2008,chicago,56,500-999,4,2821.0,4
2008,chicago,56,unknown,3,0.0,0
2008,chicago,61,1-9,952,3401.0,586
2008,chicago,61,10-49,914,24574.0,664
2008,chicago,61,100-249,174,23173.0,172
2008,chicago,61,1000+,7,19034.0,7
2008,chicago,61,250-499,19,5555.0,19
2008,chicago,61,50-99,449,30080.0,403
2008,chicago,61,500-999,13,8917.0,13
2008,chicago,61,unknown,2,0.0,0
2008,chicago,62,1-9,13923,51105.0,3203
2008,chicago,62,10-49,1555,28087.0,1358
2008,chicago,62,100-249,124,17801.0,124
2008,chicago,62,1000+,28,76360.0,28
2008,chicago,62,250-499,39,11788.0,28
2008,chicago,62,50-99,223,15846.0,167
2008,chicago,62,500-999,19,12265.0,19
2008,chicago,62,unknown,16,0.0,0
2008,chicago,71,1-9,1119,3464.0,660
2008,chicago,71,10-49,257,4486.0,210
2008,chicago,71,100-249,24,3290.0,24
2008,chicago,71,1000+,4,8000.0,4
2008,chicago,71,250-499,8,2340.0,8
2008,chicago,71,50-99,33,2120.0,33
2008,chicago,71,500-999,5,2830.0,5
2008,chicago,72,1-9,3908,15954.0,3360
2008,chicago,72,10-49,3148,52609.0,1758
2008,chicago,72,100-249,137,18318.0,131
2008,chicago,72,1000+,3,3699.0,3
2008,chicago,72,250-499,33,10304.0,29
2008,chicago,72,50-99,289,18111.0,282
2008,chicago,72,500-999,12,7750.0,12
2008,chicago,72,unknown,5,0.0,0
2008,chicago,81,1-9,12079,36226.0,8177
2008,chicago,81,10-49,1221,21516.0,1213
2008,chicago,81,100-249,64,8547.0,64
2008,chicago,81,250-499,17,5381.0,17
2008,chicago,81,50-99,135,8577.0,135
2008,chicago,81,500-999,7,4534.0,7
2008,chicago,81,unknown,28,0.0,0
2008,chicago,92,1-9,655,3072.0,311
2008,chicago,92,10-49,431,8944.0,336
2008,chicago,92,100-249,93,13758.0,93
2008,chicago,92,1000+,8,16277.0,8
2008,chicago,92,250-499,45,14899.0,45
2008,chicago,92,50-99,91,5792.0,91
2008,chicago,92,500-999,17,10648.0,17
2008,chicago,92,unknown,4,0.0,0
2008,chicago,99,1-9,3928,11906.0,231
2008,chicago,99,10-49,106,2121.0,106
2008,chicago,99,100-249,16,2260.0,16
2008,chicago,99,1000+,1,1000.0,1
2008,chicago,99,250-499,4,1100.0,4
2008,chicago,99,50-99,23,1444.0,23
2008,chicago,99,500-999,2,1300.0,2
2008,chicago,,1-9,127,442.0,68
2008,chicago,,10-49,30,524.0,24
2008,chicago,,100-249,1,150.0,1
2008,chicago,,1000+,1,1100.0,1
2008,chicago,,50-99,3,175.0,3
2008,cook_ex_chicago,11,1-9,58,237.0,27
2008,cook_ex_chicago,11,10-49,10,133.0,6
2008,cook_ex_chicago,11,50-99,3,180.0,3
2008,cook_ex_chicago,21,1-9,40,182.0,16
2008,cook_ex_chicago,21,10-49,10,178.0,7
2008,cook_ex_chicago,21,100-249,2,250.0,2
2008,cook_ex_chicago,21,50-99,4,247.0,4
2008,cook_ex_chicago,22,1-9,80,381.0,46
2008,cook_ex_chicago,22,10-49,34,690.0,29
2008,cook_ex_chicago,22,250-499,1,350.0,1
2008,cook_ex_chicago,22,50-99,5,294.0,5
2008,cook_ex_chicago,23,1-9,6996,23938.0,2937
2008,cook_ex_chicago,23,10-49,1286,22909.0,1146
2008,cook_ex_chicago,23,100-249,68,8769.0,68
2008,cook_ex_chicago,23,1000+,1,1300.0,1
2008,cook_ex_chicago,23,250-499,8,2420.0,8
2008,cook_ex_chicago,23,50-99,139,8317.0,138
2008,cook_ex_chicago,23,500-999,4,2400.0,4
2008,cook_ex_chicago,23,unknown,12,0.0,0
2008,cook_ex_chicago,31,1-9,365,1497.0,221
2008,cook_ex_chicago,31,10-49,107,2006.0,101
2008,cook_ex_chicago,31,100-249,21,2764.0,21
2008,cook_ex_chicago,31,1000+,1,1000.0,1
2008,cook_ex_chicago,31,250-499,9,2650.0,9
2008,cook_ex_chicago,31,50-99,34,2062.0,34
2008,cook_ex_chicago,31,500-999,5,3050.0,5
2008,cook_ex_chicago,31,unknown,2,0.0,0
2008,cook_ex_chicago,32,1-9,904,3515.0,682
2008,cook_ex_chicago,32,10-49,437,8651.0,359
2008,cook_ex_chicago,32,100-249,103,13747.0,103
2008,cook_ex_chicago,32,1000+,2,2200.0,2
2008,cook_ex_chicago,32,250-499,18,5880.0,18
2008,cook_ex_chicago,32,50-99,111,7284.0,110
2008,cook_ex_chicago,32,500-999,6,3270.0,6
2008,cook_ex_chicago,32,unknown,7,0.0,0
2008,cook_ex_chicago,33,1-9,1794,7190.0,1356
2008,cook_ex_chicago,33,10-49,1033,21233.0,897
2008,cook_ex_chicago,33,100-249,159,21708.0,159
2008,cook_ex_chicago,33,1000+,12,20900.0,12
2008,cook_ex_chicago,33,250-499,44,14126.0,44
2008,cook_ex_chicago,33,50-99,229,14945.0,229
2008,cook_ex_chicago,33,500-999,14,10136.0,14
2008,cook_ex_chicago,33,unknown,21,0.0,0
2008,cook_ex_chicago,42,1-9,4414,18345.0,2620
2008,cook_ex_chicago,42,10-49,1247,24184.0,1206
2008,cook_ex_chicago,42,100-249,118,16206.0,118
2008,cook_ex_chicago,42,1000+,5,6500.0,5
2008,cook_ex_chicago,42,250-499,38,11520.0,38
2008,cook_ex_chicago,42,50-99,211,13054.0,211
2008,cook_ex_chicago,42,500-999,14,8229.0,14
2008,cook_ex_chicago,42,unknown,17,0.0,0
2008,cook_ex_chicago,44,1-9,7948,29483.0,4840
2008,cook_ex_chicago,44,10-49,1915,37385.0,1618
2008,cook_ex_chicago,44,100-249,247,36799.0,213
2008,cook_ex_chicago,44,1000+,5,5400.0,5
2008,cook_ex_chicago,44,250-499,37,11268.0,37
2008,cook_ex_chicago,44,50-99,254,15831.0,246
2008,cook_ex_chicago,44,500-999,5,3720.0,5
2008,cook_ex_chicago,44,unknown,10,0.0,0
2008,cook_ex_chicago,45,1-9,2996,9085.0,1829
2008,cook_ex_chicago,45,10-49,649,12976.0,549
2008,cook_ex_chicago,45,100-249,103,16029.0,81
2008,cook_ex_chicago,45,1000+,3,11100.0,3
2008,cook_ex_chicago,45,250-499,32,10037.0,31
2008,cook_ex_chicago,45,50-99,98,6322.0,69
2008,cook_ex_chicago,45,500-999,5,2780.0,5
2008,cook_ex_chicago,45,unknown,3,0.0,0
2008,cook_ex_chicago,48,1-9,2144,7417.0,1097
2008,cook_ex_chicago,48,10-49,431,8280.0,393
2008,cook_ex_chicago,48,100-249,55,8360.0,55
2008,cook_ex_chicago,48,1000+,4,11100.0,4
2008,cook_ex_chicago,48,250-499,10,3100.0,10
2008,cook_ex_chicago,48,50-99,77,4667.0,77
2008,cook_ex_chicago,48,500-999,2,1200.0,2
2008,cook_ex_chicago,48,unknown,5,0.0,0
2008,cook_ex_chicago,49,1-9,145,589.0,71
2008,cook_ex_chicago,49,10-49,45,926.0,41
2008,cook_ex_chicago,49,100-249,20,2954.0,20
2008,cook_ex_chicago,49,250-499,4,1140.0,4
2008,cook_ex_chicago,49,50-99,22,1528.0,22
2008,cook_ex_chicago,51,1-9,1587,5970.0,750
2008,cook_ex_chicago,51,10-49,332,6297.0,275
2008,cook_ex_chicago,51,100-249,30,4432.0,30
2008,cook_ex_chicago,51,1000+,2,4000.0,2
2008,cook_ex_chicago,51,250-499,9,3015.0,9
2008,cook_ex_chicago,51,50-99,54,3344.0,51
2008,cook_ex_chicago,51,500-999,12,7350.0,12
2008,cook_ex_chicago,51,unknown,2,0.0,0
2008,cook_ex_chicago,52,1-9,5993,21090.0,3254
2008,cook_ex_chicago,52,10-49,1025,18328.0,942
2008,cook_ex_chicago,52,100-249,54,7350.0,54
2008,cook_ex_chicago,52,1000+,6,32200.0,6
2008,cook_ex_chicago,52,250-499,10,2951.0,10
2008,cook_ex_chicago,52,50-99,116,7706.0,116
2008,cook_ex_chicago,52,500-999,6,4075.0,6
2008,cook_ex_chicago,52,unknown,19,0.0,0
2008,cook_ex_chicago,53,1-9,3820,14700.0,1905
2008,cook_ex_chicago,53,10-49,620,11681.0,579
2008,cook_ex_chicago,53,100-249,36,4281.0,36
2008,cook_ex_chicago,53,1000+,1,1500.0,1
2008,cook_ex_chicago,53,250-499,4,1180.0,4
2008,cook_ex_chicago,53,50-99,83,5221.0,83
2008,cook_ex_chicago,54,1-9,10653,32918.0,4918
2008,cook_ex_chicago,54,10-49,1157,20095.0,1100
2008,cook_ex_chicago,54,100-249,73,10075.0,73
2008,cook_ex_chicago,54,1000+,8,14600.0,8
2008,cook_ex_chicago,54,250-499,17,5190.0,17
2008,cook_ex_chicago,54,50-99,178,10971.0,178
2008,cook_ex_chicago,54,500-999,6,4320.0,6
2008,cook_ex_chicago,54,unknown,13,0.0,0
2008,cook_ex_chicago,55,1-9,42,189.0,23
2008,cook_ex_chicago,55,10-49,19,528.0,14
2008,cook_ex_chicago,55,100-249,3,530.0,3
2008,cook_ex_chicago,55,250-499,2,675.0,2
2008,cook_ex_chicago,55,50-99,8,513.0,8
2008,cook_ex_chicago,55,500-999,1,500.0,1
2008,cook_ex_chicago,55,unknown,10,0.0,0
2008,cook_ex_chicago,56,1-9,3643,11609.0,1733
2008,cook_ex_chicago,56,10-49,627,11101.0,567
2008,cook_ex_chicago,56,100-249,50,6778.0,50
2008,cook_ex_chicago,56,1000+,3,7000.0,3
2008,cook_ex_chicago,56,250-499,14,4458.0,14
2008,cook_ex_chicago,56,50-99,106,6287.0,103
2008,cook_ex_chicago,56,500-999,3,1675.0,3
2008,cook_ex_chicago,56,unknown,8,0.0,0
2008,cook_ex_chicago,61,1-9,1055,3622.0,616
2008,cook_ex_chicago,61,10-49,917,24828.0,635
2008,cook_ex_chicago,61,100-249,105,14319.0,98
2008,cook_ex_chicago,61,1000+,6,15000.0,6
2008,cook_ex_chicago,61,250-499,36,11407.0,36
2008,cook_ex_chicago,61,50-99,530,34922.0,458
2008,cook_ex_chicago,61,500-999,13,8145.0,13
2008,cook_ex_chicago,61,unknown,1,0.0,0
2008,cook_ex_chicago,62,1-9,15734,58486.0,3308
2008,cook_ex_chicago,62,10-49,1987,34776.0,1599
2008,cook_ex_chicago,62,100-249,147,21532.0,147
2008,cook_ex_chicago,62,1000+,24,59890.0,24
2008,cook_ex_chicago,62,250-499,48,14993.0,35
2008,cook_ex_chicago,62,50-99,227,16182.0,169
2008,cook_ex_chicago,62,500-999,11,6815.0,11
2008,cook_ex_chicago,62,unknown,18,0.0,0
2008,cook_ex_chicago,71,1-9,1127,3435.0,562
2008,cook_ex_chicago,71,10-49,401,7650.0,289
2008,cook_ex_chicago,71,100-249,38,5100.0,38
2008,cook_ex_chicago,71,1000+,1,1200.0,1
2008,cook_ex_chicago,71,250-499,6,1759.0,6
2008,cook_ex_chicago,71,50-99,69,4301.0,69
2008,cook_ex_chicago,71,500-999,4,2345.0,4
2008,cook_ex_chicago,72,1-9,2748,11714.0,2281
2008,cook_ex_chicago,72,10-49,3043,54000.0,1814
2008,cook_ex_chicago,72,100-249,89,11792.0,85
2008,cook_ex_chicago,72,250-499,24,7372.0,21
2008,cook_ex_chicago,72,50-99,329,20955.0,316
2008,cook_ex_chicago,72,500-999,2,1400.0,2
2008,cook_ex_chicago,72,unknown,3,0.0,0
2008,cook_ex_chicago,81,1-9,10850,32141.0,7076
2008,cook_ex_chicago,81,10-49,1240,21862.0,1222
2008,cook_ex_chicago,81,100-249,64,8406.0,64
2008,cook_ex_chicago,81,1000+,2,3450.0,2
2008,cook_ex_chicago,81,250-499,9,2985.0,9
2008,cook_ex_chicago,81,50-99,102,6404.0,102
2008,cook_ex_chicago,81,500-999,5,3200.0,5
2008,cook_ex_chicago,81,unknown,18,0.0,0
2008,cook_ex_chicago,92,1-9,843,3548.0,501
2008,cook_ex_chicago,92,10-49,479,11187.0,406
2008,cook_ex_chicago,92,100-249,79,10786.0,79
2008,cook_ex_chicago,92,1000+,1,1000.0,1
2008,cook_ex_chicago,92,250-499,18,5886.0,18
2008,cook_ex_chicago,92,50-99,132,8234.0,132
2008,cook_ex_chicago,92,500-999,8,4315.0,8
2008,cook_ex_chicago,92,unknown,2,0.0,0
2008,cook_ex_chicago,99,1-9,2917,8723.0,167
2008,cook_ex_chicago,99,10-49,55,1020.0,55
2008,cook_ex_chicago,99,100-249,6,830.0,6
2008,cook_ex_chicago,99,1000+,1,1500.0,1
2008,cook_ex_chicago,99,250-499,2,550.0,2
2008,cook_ex_chicago,99,50-99,20,1302.0,20
2008,cook_ex_chicago,99,500-999,2,1400.0,2
2008,cook_ex_chicago,,1-9,143,588.0,82
2008,cook_ex_chicago,,10-49,44,963.0,28
2008,cook_ex_chicago,,100-249,2,230.0,2
2008,cook_ex_chicago,,50-99,6,330.0,6
2008,il_ex_msa,11,1-9,1357,3899.0,943
2008,il_ex_msa,11,10-49,103,1629.0,94
2008,il_ex_msa,11,100-249,11,1524.0,11
2008,il_ex_msa,11,50-99,15,921.0,15
2008,il_ex_msa,11,500-999,2,1000.0,2
2008,il_ex_msa,21,1-9,254,889.0,186
2008,il_ex_msa,21,10-49,95,1860.0,74
2008,il_ex_msa,21,100-249,7,1205.0,7
2008,il_ex_msa,21,250-499,2,570.0,2
2008,il_ex_msa,21,50-99,3,192.0,3
2008,il_ex_msa,21,unknown,1,0.0,0
2008,il_ex_msa,22,1-9,465,1870.0,360
2008,il_ex_msa,22,10-49,99,1970.0,90
2008,il_ex_msa,22,100-249,3,454.0,3
2008,il_ex_msa,22,250-499,4,1360.0,4
2008,il_ex_msa,22,50-99,19,1199.0,19
2008,il_ex_msa,22,500-999,1,530.0,1
2008,il_ex_msa,23,1-9,12176,38101.0,7956
2008,il_ex_msa,23,10-49,1679,29413.0,1542
2008,il_ex_msa,23,100-249,70,9413.0,70
2008,il_ex_msa,23,250-499,11,3597.0,11
2008,il_ex_msa,23,50-99,172,10449.0,172
2008,il_ex_msa,23,500-999,4,2100.0,4
2008,il_ex_msa,23,unknown,6,0.0,0
2008,il_ex_msa,31,1-9,447,1650.0,329
2008,il_ex_msa,31,10-49,147,3016.0,144
2008,il_ex_msa,31,100-249,33,4670.0,33
2008,il_ex_msa,31,1000+,4,7692.0,4
2008,il_ex_msa,31,250-499,14,4520.0,14
2008,il_ex_msa,31,50-99,36,2393.0,33
2008,il_ex_msa,31,500-999,6,3375.0,6
2008,il_ex_msa,32,1-9,1081,3994.0,958
2008,il_ex_msa,32,10-49,412,8221.0,396
2008,il_ex_msa,32,100-249,82,11928.0,82
2008,il_ex_msa,32,1000+,2,2500.0,2
2008,il_ex_msa,32,250-499,26,8526.0,26
2008,il_ex_msa,32,50-99,104,6844.0,104
2008,il_ex_msa,32,500-999,9,6755.0,9
2008,il_ex_msa,32,unknown,4,0.0,0
2008,il_ex_msa,33,1-9,2051,7255.0,1735
2008,il_ex_msa,33,10-49,908,18411.0,834
2008,il_ex_msa,33,100-249,176,25201.0,176
2008,il_ex_msa,33,1000+,7,11500.0,7
2008,il_ex_msa,33,250-499,63,20747.0,63
2008,il_ex_msa,33,50-99,204,13327.0,204
2008,il_ex_msa,33,500-999,22,14900.0,22
2008,il_ex_msa,33,unknown,12,0.0,0
2008,il_ex_msa,42,1-9,5471,20756.0,4151
2008,il_ex_msa,42,10-49,1483,27635.0,1452
2008,il_ex_msa,42,100-249,90,12537.0,90
2008,il_ex_msa,42,1000+,9,18702.0,9
2008,il_ex_msa,42,250-499,29,9295.0,29
2008,il_ex_msa,42,50-99,202,12866.0,202
2008,il_ex_msa,42,500-999,18,11833.0,18
2008,il_ex_msa,42,unknown,8,0.0,0
2008,il_ex_msa,44,1-9,12860,47450.0,10551
2008,il_ex_msa,44,10-49,3314,58417.0,3109
2008,il_ex_msa,44,100-249,235,32697.0,209
2008,il_ex_msa,44,1000+,6,14200.0,6
2008,il_ex_msa,44,250-499,25,8081.0,22
2008,il_ex_msa,44,50-99,377,24886.0,360
2008,il_ex_msa,44,500-999,7,4950.0,7
2008,il_ex_msa,44,unknown,4,0.0,0
2008,il_ex_msa,45,1-9,6201,17926.0,4970
2008,il_ex_msa,45,10-49,780,14565.0,720
2008,il_ex_msa,45,100-249,134,19513.0,120
2008,il_ex_msa,45,250-499,51,17197.0,51
2008,il_ex_msa,45,50-99,127,8613.0,107
2008,il_ex_msa,45,500-999,12,6760.0,12
2008,il_ex_msa,45,unknown,1,0.0,0
2008,il_ex_msa,48,1-9,2453,8618.0,1660
2008,il_ex_msa,48,10-49,720,13902.0,673
2008,il_ex_msa,48,100-249,63,8156.0,63
2008,il_ex_msa,48,1000+,2,2100.0,2
2008,il_ex_msa,48,250-499,15,4885.0,15
2008,il_ex_msa,48,50-99,119,7542.0,119
2008,il_ex_msa,48,500-999,2,1250.0,2
2008,il_ex_msa,48,unknown,6,0.0,0
2008,il_ex_msa,49,1-9,1457,5540.0,1300
2008,il_ex_msa,49,10-49,282,5018.0,280
2008,il_ex_msa,49,100-249,15,2461.0,15
2008,il_ex_msa,49,250-499,1,350.0,1
2008,il_ex_msa,49,50-99,31,2104.0,31
2008,il_ex_msa,49,500-999,3,2150.0,3
2008,il_ex_msa,51,1-9,2428,9553.0,1650
2008,il_ex_msa,51,10-49,592,10793.0,523
2008,il_ex_msa,51,100-249,37,4684.0,37
2008,il_ex_msa,51,1000+,1,5000.0,1
2008,il_ex_msa,51,250-499,12,3890.0,12
2008,il_ex_msa,51,50-99,102,6441.0,102
2008,il_ex_msa,51,500-999,4,2703.0,4
2008,il_ex_msa,51,unknown,10,0.0,0
2008,il_ex_msa,52,1-9,8880,28315.0,6432
2008,il_ex_msa,52,10-49,1293,22878.0,1285
2008,il_ex_msa,52,100-249,43,6089.0,43
2008,il_ex_msa,52,1000+,11,40668.0,11
2008,il_ex_msa,52,250-499,16,5428.0,16
2008,il_ex_msa,52,50-99,132,8081.0,132
2008,il_ex_msa,52,500-999,8,4318.0,8
2008,il_ex_msa,52,unknown,25,0.0,0
2008,il_ex_msa,53,1-9,6141,17524.0,4329
2008,il_ex_msa,53,10-49,696,11704.0,667
2008,il_ex_msa,53,100-249,22,2590.0,22
2008,il_ex_msa,53,50-99,56,3740.0,56
2008,il_ex_msa,53,500-999,2,1000.0,2
2008,il_ex_msa,53,unknown,4,0.0,0
2008,il_ex_msa,54,1-9,13342,37733.0,6496
2008,il_ex_msa,54,10-49,1321,23459.0,1289
2008,il_ex_msa,54,100-249,47,6943.0,47
2008,il_ex_msa,54,1000+,2,3700.0,2
2008,il_ex_msa,54,250-499,12,3741.0,12
2008,il_ex_msa,54,50-99,110,7007.0,110
2008,il_ex_msa,54,500-999,4,2400.0,4
2008,il_ex_msa,54,unknown,7,0.0,0
2008,il_ex_msa,55,1-9,54,216.0,46
2008,il_ex_msa,55,10-49,65,1656.0,59
2008,il_ex_msa,55,100-249,4,570.0,4
2008,il_ex_msa,55,250-499,2,750.0,2
2008,il_ex_msa,55,50-99,12,708.0,12
2008,il_ex_msa,55,unknown,27,0.0,0
2008,il_ex_msa,56,1-9,4887,13834.0,3225
2008,il_ex_msa,56,10-49,741,13709.0,627
2008,il_ex_msa,56,100-249,45,6552.0,45
2008,il_ex_msa,56,250-499,17,5502.0,17
2008,il_ex_msa,56,50-99,90,5446.0,88
2008,il_ex_msa,56,500-999,8,5400.0,8
2008,il_ex_msa,56,unknown,1,0.0,0
2008,il_ex_msa,61,1-9,1631,5822.0,1266
2008,il_ex_msa,61,10-49,2093,57571.0,1800
2008,il_ex_msa,61,100-249,210,29139.0,205
2008,il_ex_msa,61,1000+,12,51547.0,12
2008,il_ex_msa,61,250-499,23,7194.0,23
2008,il_ex_msa,61,50-99,808,51658.0,735
2008,il_ex_msa,61,500-999,10,6864.0,10
2008,il_ex_msa,62,1-9,18510,67419.0,5461
2008,il_ex_msa,62,10-49,3222,59956.0,2771
2008,il_ex_msa,62,100-249,369,50443.0,369
2008,il_ex_msa,62,1000+,42,84184.0,42
2008,il_ex_msa,62,250-499,78,24654.0,66
2008,il_ex_msa,62,50-99,548,38147.0,478
2008,il_ex_msa,62,500-999,31,22083.0,31
2008,il_ex_msa,62,unknown,52,0.0,0
2008,il_ex_msa,71,1-9,2664,8472.0,1781
2008,il_ex_msa,71,10-49,691,12789.0,580
2008,il_ex_msa,71,100-249,34,4672.0,34
2008,il_ex_msa,71,1000+,1,1100.0,1
2008,il_ex_msa,71,250-499,12,3970.0,12
2008,il_ex_msa,71,50-99,77,4798.0,77
2008,il_ex_msa,71,500-999,1,500.0,1
2008,il_ex_msa,71,unknown,1,0.0,0
2008,il_ex_msa,72,1-9,6055,24185.0,5133
2008,il_ex_msa,72,10-49,4776,90077.0,3802
2008,il_ex_msa,72,100-249,142,17634.0,139
2008,il_ex_msa,72,1000+,2,2000.0,2
2008,il_ex_msa,72,250-499,6,1810.0,6
2008,il_ex_msa,72,50-99,513,32401.0,502
2008,il_ex_msa,72,500-999,1,600.0,1
2008,il_ex_msa,81,1-9,25465,68546.0,19853
2008,il_ex_msa,81,10-49,1664,28525.0,1647
2008,il_ex_msa,81,100-249,81,11583.0,81
2008,il_ex_msa,81,1000+,2,4800.0,2
2008,il_ex_msa,81,250-499,17,5245.0,17
2008,il_ex_msa,81,50-99,158,10153.0,158
2008,il_ex_msa,81,500-999,7,4189.0,7
2008,il_ex_msa,81,unknown,17,0.0,0
2008,il_ex_msa,92,1-9,7162,27024.0,5408
2008,il_ex_msa,92,10-49,3082,61237.0,2038
2008,il_ex_msa,92,100-249,126,18988.0,126
2008,il_ex_msa,92,1000+,10,25980.0,10
2008,il_ex_msa,92,250-499,58,18953.0,58
2008,il_ex_msa,92,50-99,270,17385.0,270
2008,il_ex_msa,92,500-999,14,8500.0,14
2008,il_ex_msa,92,unknown,2,0.0,0
2008,il_ex_msa,99,1-9,1819,5397.0,135
2008,il_ex_msa,99,10-49,34,683.0,34
2008,il_ex_msa,99,100-249,6,965.0,6
2008,il_ex_msa,99,1000+,2,5000.0,2
2008,il_ex_msa,99,250-499,1,400.0,1
2008,il_ex_msa,99,50-99,10,595.0,10
2008,il_ex_msa,,1-9,201,775.0,152
2008,il_ex_msa,,10-49,83,1913.0,65
2008,il_ex_msa,,100-249,2,310.0,2
2008,il_ex_msa,,250-499,1,250.0,1
2008,il_ex_msa,,50-99,6,315.0,6
2008,il_ex_msa,,500-999,1,500.0,1
2008,msa_ex_cook,11,1-9,245,709.0,148
2008,msa_ex_cook,11,10-49,42,906.0,36
2008,msa_ex_cook,11,100-249,3,450.0,3
2008,msa_ex_cook,11,50-99,5,320.0,5
2008,msa_ex_cook,21,1-9,59,229.0,26
2008,msa_ex_cook,21,10-49,17,343.0,13
2008,msa_ex_cook,21,250-499,1,300.0,1
2008,msa_ex_cook,21,unknown,1,0.0,0
2008,msa_ex_cook,22,1-9,122,587.0,66
2008,msa_ex_cook,22,10-49,45,810.0,33
2008,msa_ex_cook,22,100-249,4,590.0,4
2008,msa_ex_cook,22,1000+,1,1200.0,1
2008,msa_ex_cook,22,50-99,5,320.0,5
2008,msa_ex_cook,22,500-999,1,700.0,1
2008,msa_ex_cook,22,unknown,1,0.0,0
2008,msa_ex_cook,23,1-9,11560,38086.0,5753
2008,msa_ex_cook,23,10-49,1839,32133.0,1648
2008,msa_ex_cook,23,100-249,88,11991.0,88
2008,msa_ex_cook,23,1000+,2,2200.0,2
2008,msa_ex_cook,23,250-499,19,5781.0,19
2008,msa_ex_cook,23,50-99,186,11502.0,181
2008,msa_ex_cook,23,500-999,3,1975.0,3
2008,msa_ex_cook,23,unknown,4,0.0,0
2008,msa_ex_cook,31,1-9,383,1439.0,253
2008,msa_ex_cook,31,10-49,116,2308.0,115
2008,msa_ex_cook,31,100-249,25,3540.0,25
2008,msa_ex_cook,31,250-499,10,3755.0,10
2008,msa_ex_cook,31,50-99,20,1313.0,18
2008,msa_ex_cook,31,500-999,2,1000.0,2
2008,msa_ex_cook,31,unknown,2,0.0,0
2008,msa_ex_cook,32,1-9,1227,4730.0,944
2008,msa_ex_cook,32,10-49,522,10350.0,430
2008,msa_ex_cook,32,100-249,123,16668.0,123
2008,msa_ex_cook,32,1000+,4,22200.0,4
2008,msa_ex_cook,32,250-499,30,9694.0,30
2008,msa_ex_cook,32,50-99,135,8407.0,135
2008,msa_ex_cook,32,500-999,10,6155.0,10
2008,msa_ex_cook,32,unknown,10,0.0,0
2008,msa_ex_cook,33,1-9,2363,9031.0,1800
2008,msa_ex_cook,33,10-49,1304,25929.0,1106
2008,msa_ex_cook,33,100-249,196,27851.0,196
2008,msa_ex_cook,33,1000+,5,13400.0,5
2008,msa_ex_cook,33,250-499,62,20131.0,62
2008,msa_ex_cook,33,50-99,244,15617.0,244
2008,msa_ex_cook,33,500-999,21,12951.0,21
2008,msa_ex_cook,33,unknown,24,0.0,0
2008,msa_ex_cook,42,1-9,5849,23597.0,3669
2008,msa_ex_cook,42,10-49,1565,29664.0,1515
2008,msa_ex_cook,42,100-249,153,20369.0,153
2008,msa_ex_cook,42,1000+,8,15301.0,8
2008,msa_ex_cook,42,250-499,41,13158.0,41
2008,msa_ex_cook,42,50-99,228,14240.0,228
2008,msa_ex_cook,42,500-999,20,12274.0,20
2008,msa_ex_cook,42,unknown,17,0.0,0
2008,msa_ex_cook,44,1-9,9704,35930.0,6431
2008,msa_ex_cook,44,10-49,2688,51625.0,2371
2008,msa_ex_cook,44,100-249,306,43380.0,247
2008,msa_ex_cook,44,1000+,4,10000.0,4
2008,msa_ex_cook,44,250-499,58,17681.0,57
2008,msa_ex_cook,44,50-99,334,21437.0,323
2008,msa_ex_cook,44,500-999,11,6750.0,11
2008,msa_ex_cook,44,unknown,7,0.0,0
2008,msa_ex_cook,45,1-9,4306,12758.0,2818
2008,msa_ex_cook,45,10-49,790,15460.0,692
2008,msa_ex_cook,45,100-249,127,20157.0,99
2008,msa_ex_cook,45,1000+,1,1000.0,1
2008,msa_ex_cook,45,250-499,34,10480.0,33
2008,msa_ex_cook,45,50-99,123,7971.0,97
2008,msa_ex_cook,45,500-999,10,6130.0,10
2008,msa_ex_cook,45,unknown,6,0.0,0
2008,msa_ex_cook,48,1-9,2155,7517.0,1207
2008,msa_ex_cook,48,10-49,521,10147.0,479
2008,msa_ex_cook,48,100-249,65,9079.0,65
2008,msa_ex_cook,48,1000+,3,3200.0,3
2008,msa_ex_cook,48,250-499,12,3545.0,12
2008,msa_ex_cook,48,50-99,92,5871.0,92
2008,msa_ex_cook,48,500-999,3,2081.0,3
2008,msa_ex_cook,48,unknown,6,0.0,0
2008,msa_ex_cook,49,1-9,170,716.0,103
2008,msa_ex_cook,49,10-49,89,1927.0,85
2008,msa_ex_cook,49,100-249,15,2174.0,15
2008,msa_ex_cook,49,250-499,3,868.0,3
2008,msa_ex_cook,49,50-99,20,1438.0,20
2008,msa_ex_cook,51,1-9,1912,7098.0,996
2008,msa_ex_cook,51,10-49,364,6882.0,303
2008,msa_ex_cook,51,100-249,44,5774.0,44
2008,msa_ex_cook,51,1000+,2,2650.0,2
2008,msa_ex_cook,51,250-499,13,3979.0,13
2008,msa_ex_cook,51,50-99,69,4312.0,64
2008,msa_ex_cook,51,500-999,6,3797.0,6
2008,msa_ex_cook,51,unknown,9,0.0,0
2008,msa_ex_cook,52,1-9,7121,25252.0,4109
2008,msa_ex_cook,52,10-49,1280,22865.0,1209
2008,msa_ex_cook,52,100-249,69,9782.0,69
2008,msa_ex_cook,52,1000+,7,19901.0,7
2008,msa_ex_cook,52,250-499,21,6705.0,21
2008,msa_ex_cook,52,50-99,141,8954.0,141
2008,msa_ex_cook,52,500-999,7,4000.0,7
2008,msa_ex_cook,52,unknown,22,0.0,0
2008,msa_ex_cook,53,1-9,5074,17315.0,2845
2008,msa_ex_cook,53,10-49,768,15231.0,715
2008,msa_ex_cook,53,100-249,28,3443.0,28
2008,msa_ex_cook,53,250-499,1,250.0,1
2008,msa_ex_cook,53,50-99,100,6211.0,100
2008,msa_ex_cook,53,500-999,4,2450.0,4
2008,msa_ex_cook,53,unknown,3,0.0,0
2008,msa_ex_cook,54,1-9,14343,42358.0,7316
2008,msa_ex_cook,54,10-49,1609,29202.0,1540
2008,msa_ex_cook,54,100-249,113,15585.0,113
2008,msa_ex_cook,54,1000+,1,1000.0,1
2008,msa_ex_cook,54,250-499,28,8768.0,28
2008,msa_ex_cook,54,50-99,162,10402.0,162
2008,msa_ex_cook,54,500-999,6,3900.0,6
2008,msa_ex_cook,54,unknown,25,0.0,0
2008,msa_ex_cook,55,1-9,40,192.0,19
2008,msa_ex_cook,55,10-49,22,533.0,15
2008,msa_ex_cook,55,100-249,4,495.0,4
2008,msa_ex_cook,55,250-499,1,250.0,1
2008,msa_ex_cook,55,50-99,6,382.0,6
2008,msa_ex_cook,55,500-999,1,800.0,1
2008,msa_ex_cook,55,unknown,7,0.0,0
2008,msa_ex_cook,56,1-9,5426,16885.0,2855
2008,msa_ex_cook,56,10-49,817,14924.0,759
2008,msa_ex_cook,56,100-249,59,8710.0,59
2008,msa_ex_cook,56,1000+,1,1100.0,1
2008,msa_ex_cook,56,250-499,16,4874.0,16
2008,msa_ex_cook,56,50-99,124,7706.0,122
2008,msa_ex_cook,56,500-999,4,2300.0,4
2008,msa_ex_cook,56,unknown,3,0.0,0
2008,msa_ex_cook,61,1-9,1271,4367.0,773
2008,msa_ex_cook,61,10-49,1045,29017.0,759
2008,msa_ex_cook,61,100-249,168,22962.0,165
2008,msa_ex_cook,61,1000+,5,9999.0,5
2008,msa_ex_cook,61,250-499,46,14550.0,46
2008,msa_ex_cook,61,50-99,618,40734.0,562
2008,msa_ex_cook,61,500-999,14,8110.0,14
2008,msa_ex_cook,61,unknown,6,0.0,0
2008,msa_ex_cook,62,1-9,16988,62339.0,4143
2008,msa_ex_cook,62,10-49,2287,40582.0,1946
2008,msa_ex_cook,62,100-249,173,24639.0,173
2008,msa_ex_cook,62,1000+,29,62493.0,29
2008,msa_ex_cook,62,250-499,28,8260.0,21
2008,msa_ex_cook,62,50-99,250,17192.0,205
2008,msa_ex_cook,62,500-999,8,5096.0,8
2008,msa_ex_cook,62,unknown,48,0.0,0
2008,msa_ex_cook,71,1-9,1741,5315.0,1006
2008,msa_ex_cook,71,10-49,541,9728.0,397
2008,msa_ex_cook,71,100-249,61,8757.0,61
2008,msa_ex_cook,71,1000+,4,8156.0,4
2008,msa_ex_cook,71,250-499,6,1650.0,6
2008,msa_ex_cook,71,50-99,74,4555.0,74
2008,msa_ex_cook,71,500-999,4,2000.0,4
2008,msa_ex_cook,71,unknown,1,0.0,0
2008,msa_ex_cook,72,1-9,2953,12679.0,2581
2008,msa_ex_cook,72,10-49,3835,70519.0,2502
2008,msa_ex_cook,72,100-249,137,17844.0,134
2008,msa_ex_cook,72,1000+,3,5099.0,3
2008,msa_ex_cook,72,250-499,8,2437.0,8
2008,msa_ex_cook,72,50-99,416,26245.0,402
2008,msa_ex_cook,72,500-999,4,2350.0,4
2008,msa_ex_cook,72,unknown,1,0.0,0
2008,msa_ex_cook,81,1-9,12662,37914.0,8837
2008,msa_ex_cook,81,10-49,1452,24922.0,1433
2008,msa_ex_cook,81,100-249,49,6799.0,49
2008,msa_ex_cook,81,250-499,12,3920.0,12
2008,msa_ex_cook,81,50-99,124,7765.0,124
2008,msa_ex_cook,81,500-999,4,2304.0,4
2008,msa_ex_cook,81,unknown,20,0.0,0
2008,msa_ex_cook,92,1-9,1412,6025.0,910
2008,msa_ex_cook,92,10-49,786,16330.0,629
2008,msa_ex_cook,92,100-249,84,11177.0,84
2008,msa_ex_cook,92,1000+,3,5240.0,3
2008,msa_ex_cook,92,250-499,23,7615.0,23
2008,msa_ex_cook,92,50-99,193,12428.0,193
2008,msa_ex_cook,92,500-999,9,6422.0,9
2008,msa_ex_cook,92,unknown,6,0.0,0
2008,msa_ex_cook,99,1-9,3829,11371.0,277
2008,msa_ex_cook,99,10-49,84,1597.0,84
2008,msa_ex_cook,99,100-249,12,1464.0,12
2008,msa_ex_cook,99,1000+,1,1600.0,1
2008,msa_ex_cook,99,250-499,4,1225.0,4
2008,msa_ex_cook,99,50-99,23,1411.0,23
2008,msa_ex_cook,99,500-999,1,500.0,1
2008,msa_ex_cook,99,unknown,1,0.0,0
2008,msa_ex_cook,,1-9,194,786.0,119
2008,msa_ex_cook,,10-49,83,1993.0,54
2008,msa_ex_cook,,100-249,10,1215.0,10
2008,msa_ex_cook,,250-499,1,300.0,1
2008,msa_ex_cook,,50-99,15,939.0,15
2008,msa_ex_cook,,500-999,1,500.0,1
2009,chicago,11,1-9,19,96.0,11
2009,chicago,11,10-49,9,96.0,2
2009,chicago,11,100-249,1,100.0,1
2009,chicago,11,50-99,1,65.0,1
2009,chicago,21,1-9,20,84.0,7
2009,chicago,21,10-49,8,172.0,3
2009,chicago,21,50-99,1,55.0,1
2009,chicago,21,unknown,1,0.0,0
2009,chicago,22,1-9,32,201.0,13
2009,chicago,22,10-49,24,427.0,5
2009,chicago,22,100-249,2,202.0,2
2009,chicago,22,1000+,2,6000.0,2
2009,chicago,22,50-99,1,60.0,1
2009,chicago,22,unknown,3,0.0,0
2009,chicago,23,1-9,3575,12345.0,1619
2009,chicago,23,10-49,625,10761.0,574
2009,chicago,23,100-249,31,4275.0,31
2009,chicago,23,250-499,12,3790.0,12
2009,chicago,23,50-99,65,3895.0,65
2009,chicago,23,500-999,1,500.0,1
2009,chicago,23,unknown,3,0.0,0
2009,chicago,31,1-9,460,1822.0,329
2009,chicago,31,10-49,168,3435.0,163
2009,chicago,31,100-249,28,4250.0,28
2009,chicago,31,250-499,18,5967.0,16
2009,chicago,31,50-99,30,1938.0,30
2009,chicago,31,500-999,11,6291.0,11
2009,chicago,31,unknown,3,0.0,0
2009,chicago,32,1-9,522,1890.0,386
2009,chicago,32,10-49,231,4476.0,202
2009,chicago,32,100-249,33,4762.0,33
2009,chicago,32,250-499,11,3519.0,11
2009,chicago,32,50-99,62,3822.0,62
2009,chicago,32,500-999,3,2125.0,3
2009,chicago,32,unknown,2,0.0,0
2009,chicago,33,1-9,930,3391.0,711
2009,chicago,33,10-49,496,9711.0,433
2009,chicago,33,100-249,70,10226.0,70
2009,chicago,33,1000+,5,7712.0,5
2009,chicago,33,250-499,11,3807.0,11
2009,chicago,33,50-99,106,6823.0,106
2009,chicago,33,500-999,8,4888.0,8
2009,chicago,33,unknown,1,0.0,0
2009,chicago,42,1-9,2738,10874.0,1635
2009,chicago,42,10-49,655,12544.0,627
2009,chicago,42,100-249,56,7206.0,56
2009,chicago,42,1000+,6,8211.0,6
2009,chicago,42,250-499,15,5006.0,15
2009,chicago,42,50-99,105,6538.0,105
2009,chicago,42,500-999,5,2536.0,5
2009,chicago,42,unknown,9,0.0,0
2009,chicago,44,1-9,7838,26271.0,5463
2009,chicago,44,10-49,1316,24492.0,1095
2009,chicago,44,100-249,125,18142.0,108
2009,chicago,44,250-499,35,10711.0,35
2009,chicago,44,50-99,149,9355.0,145
2009,chicago,44,500-999,7,4151.0,7
2009,chicago,44,unknown,6,0.0,0
2009,chicago,45,1-9,2952,8565.0,2011
2009,chicago,45,10-49,369,7304.0,323
2009,chicago,45,100-249,37,5433.0,31
2009,chicago,45,1000+,3,4500.0,3
2009,chicago,45,250-499,9,2940.0,7
2009,chicago,45,50-99,74,4802.0,47
2009,chicago,45,500-999,5,2920.0,5
2009,chicago,45,unknown,6,0.0,0
2009,chicago,48,1-9,1405,4578.0,622
2009,chicago,48,10-49,266,4993.0,220
2009,chicago,48,100-249,36,5445.0,36
2009,chicago,48,1000+,5,12120.0,5
2009,chicago,48,250-499,12,3539.0,12
2009,chicago,48,50-99,57,3511.0,57
2009,chicago,48,500-999,6,3730.0,6
2009,chicago,48,unknown,7,0.0,0
2009,chicago,49,1-9,100,432.0,46
2009,chicago,49,10-49,32,638.0,28
2009,chicago,49,100-249,19,2312.0,19
2009,chicago,49,1000+,3,12000.0,3
2009,chicago,49,250-499,2,750.0,2
2009,chicago,49,50-99,15,1070.0,15
2009,chicago,49,500-999,1,600.0,1
2009,chicago,51,1-9,1933,7348.0,986
2009,chicago,51,10-49,454,8208.0,381
2009,chicago,51,100-249,43,6044.0,43
2009,chicago,51,1000+,7,15692.0,7
2009,chicago,51,250-499,13,3805.0,13
2009,chicago,51,50-99,70,4294.0,70
2009,chicago,51,500-999,9,6149.0,9
2009,chicago,51,unknown,10,0.0,0
2009,chicago,52,1-9,4835,17886.0,2595
2009,chicago,52,10-49,1007,18295.0,935
2009,chicago,52,100-249,114,15818.0,114
2009,chicago,52,1000+,13,45102.0,13
2009,chicago,52,250-499,31,10060.0,31
2009,chicago,52,50-99,170,10925.0,170
2009,chicago,52,500-999,13,8115.0,13
2009,chicago,52,unknown,48,0.0,0
2009,chicago,53,1-9,4522,18117.0,2350
2009,chicago,53,10-49,822,13966.0,802
2009,chicago,53,100-249,44,6290.0,44
2009,chicago,53,250-499,10,3261.0,10
2009,chicago,53,50-99,70,4362.0,70
2009,chicago,53,500-999,5,2800.0,5
2009,chicago,53,unknown,7,0.0,0
2009,chicago,54,1-9,24745,62686.0,5614
2009,chicago,54,10-49,1804,33971.0,1750
2009,chicago,54,100-249,161,22811.0,161
2009,chicago,54,1000+,22,39054.0,22
2009,chicago,54,250-499,48,15730.0,48
2009,chicago,54,50-99,260,16626.0,260
2009,chicago,54,500-999,36,22918.0,36
2009,chicago,54,unknown,27,0.0,0
2009,chicago,55,1-9,47,233.0,18
2009,chicago,55,10-49,18,324.0,8
2009,chicago,55,100-249,4,429.0,4
2009,chicago,55,1000+,1,3000.0,1
2009,chicago,55,250-499,1,300.0,1
2009,chicago,55,50-99,4,280.0,4
2009,chicago,55,500-999,2,1201.0,2
2009,chicago,55,unknown,12,0.0,0
2009,chicago,56,1-9,3053,9538.0,1495
2009,chicago,56,10-49,500,9074.0,447
2009,chicago,56,100-249,63,8837.0,63
2009,chicago,56,1000+,3,3600.0,3
2009,chicago,56,250-499,13,3976.0,13
2009,chicago,56,50-99,67,4248.0,67
2009,chicago,56,500-999,3,2300.0,3
2009,chicago,56,unknown,7,0.0,0
2009,chicago,61,1-9,954,3454.0,568
2009,chicago,61,10-49,862,23081.0,646
2009,chicago,61,100-249,171,22824.0,169
2009,chicago,61,1000+,7,28749.0,7
2009,chicago,61,250-499,16,4694.0,16
2009,chicago,61,50-99,444,29629.0,399
2009,chicago,61,500-999,17,11117.0,17
2009,chicago,61,unknown,2,0.0,0
2009,chicago,62,1-9,15981,57072.0,3043
2009,chicago,62,10-49,1496,26615.0,1284
2009,chicago,62,100-249,126,17848.0,123
2009,chicago,62,1000+,23,68360.0,23
2009,chicago,62,250-499,34,10128.0,27
2009,chicago,62,50-99,197,13440.0,167
2009,chicago,62,500-999,21,13865.0,21
2009,chicago,62,unknown,56,0.0,0
2009,chicago,71,1-9,1093,3424.0,619
2009,chicago,71,10-49,242,4134.0,195
2009,chicago,71,100-249,23,3155.0,23
2009,chicago,71,1000+,4,6000.0,4
2009,chicago,71,250-499,12,3515.0,12
2009,chicago,71,50-99,33,2098.0,33
2009,chicago,71,500-999,3,1876.0,3
2009,chicago,71,unknown,1,0.0,0
2009,chicago,72,1-9,3815,15805.0,3259
2009,chicago,72,10-49,3247,53925.0,1760
2009,chicago,72,100-249,127,17335.0,118
2009,chicago,72,1000+,4,4699.0,4
2009,chicago,72,250-499,25,8104.0,23
2009,chicago,72,50-99,302,19084.0,286
2009,chicago,72,500-999,11,6550.0,11
2009,chicago,72,unknown,10,0.0,0
2009,chicago,81,1-9,11740,35371.0,7874
2009,chicago,81,10-49,1171,20459.0,1166
2009,chicago,81,100-249,63,8525.0,63
2009,chicago,81,250-499,16,4756.0,16
2009,chicago,81,50-99,125,7911.0,125
2009,chicago,81,500-999,6,3750.0,6
2009,chicago,81,unknown,22,0.0,0
2009,chicago,92,1-9,571,2650.0,286
2009,chicago,92,10-49,413,8557.0,324
2009,chicago,92,100-249,92,13733.0,92
2009,chicago,92,1000+,8,15877.0,8
2009,chicago,92,250-499,46,14899.0,46
2009,chicago,92,50-99,87,5492.0,87
2009,chicago,92,500-999,15,9417.0,15
2009,chicago,92,unknown,2,0.0,0
2009,chicago,99,1-9,2952,8907.0,141
2009,chicago,99,10-49,64,1381.0,64
2009,chicago,99,100-249,12,1670.0,12
2009,chicago,99,250-499,2,600.0,2
2009,chicago,99,50-99,14,915.0,14
2009,chicago,99,500-999,1,500.0,1
2009,chicago,,1-9,141,492.0,73
2009,chicago,,10-49,28,510.0,24
2009,chicago,,1000+,1,1100.0,1
2009,chicago,,50-99,5,320.0,5
2009,cook_ex_chicago,11,1-9,50,190.0,23
2009,cook_ex_chicago,11,10-49,11,138.0,7
2009,cook_ex_chicago,11,50-99,4,232.0,4
2009,cook_ex_chicago,21,1-9,32,144.0,12
2009,cook_ex_chicago,21,10-49,8,137.0,6
2009,cook_ex_chicago,21,100-249,2,250.0,2
2009,cook_ex_chicago,21,50-99,3,192.0,3
2009,cook_ex_chicago,21,unknown,1,0.0,0
2009,cook_ex_chicago,22,1-9,76,367.0,45
2009,cook_ex_chicago,22,10-49,28,595.0,22
2009,cook_ex_chicago,22,100-249,1,225.0,1
2009,cook_ex_chicago,22,250-499,1,350.0,1
2009,cook_ex_chicago,22,50-99,5,294.0,5
2009,cook_ex_chicago,23,1-9,6115,20966.0,2794
2009,cook_ex_chicago,23,10-49,1183,21165.0,1084
2009,cook_ex_chicago,23,100-249,58,7350.0,58
2009,cook_ex_chicago,23,250-499,6,1985.0,6
2009,cook_ex_chicago,23,50-99,132,7872.0,131
2009,cook_ex_chicago,23,500-999,3,1900.0,3
2009,cook_ex_chicago,23,unknown,11,0.0,0
2009,cook_ex_chicago,31,1-9,306,1244.0,204
2009,cook_ex_chicago,31,10-49,101,1794.0,97
2009,cook_ex_chicago,31,100-249,20,2635.0,20
2009,cook_ex_chicago,31,1000+,2,3700.0,2
2009,cook_ex_chicago,31,250-499,8,2450.0,8
2009,cook_ex_chicago,31,50-99,35,2173.0,34
2009,cook_ex_chicago,31,500-999,4,2300.0,4
2009,cook_ex_chicago,31,unknown,3,0.0,0
2009,cook_ex_chicago,32,1-9,808,3110.0,614
2009,cook_ex_chicago,32,10-49,376,7430.0,312
2009,cook_ex_chicago,32,100-249,94,12734.0,94
2009,cook_ex_chicago,32,1000+,2,2200.0,2
2009,cook_ex_chicago,32,250-499,14,4872.0,14
2009,cook_ex_chicago,32,50-99,102,6637.0,101
2009,cook_ex_chicago,32,500-999,4,2370.0,4
2009,cook_ex_chicago,32,unknown,6,0.0,0
2009,cook_ex_chicago,33,1-9,1693,6789.0,1299
2009,cook_ex_chicago,33,10-49,952,19666.0,833
2009,cook_ex_chicago,33,100-249,145,19369.0,145
2009,cook_ex_chicago,33,1000+,13,22140.0,13
2009,cook_ex_chicago,33,250-499,35,11495.0,35
2009,cook_ex_chicago,33,50-99,219,14269.0,219
2009,cook_ex_chicago,33,500-999,12,8236.0,12
2009,cook_ex_chicago,33,unknown,14,0.0,0
2009,cook_ex_chicago,42,1-9,4044,16844.0,2431
2009,cook_ex_chicago,42,10-49,1203,22704.0,1150
2009,cook_ex_chicago,42,100-249,105,14001.0,105
2009,cook_ex_chicago,42,1000+,5,5500.0,5
2009,cook_ex_chicago,42,250-499,34,10180.0,34
2009,cook_ex_chicago,42,50-99,197,12161.0,197
2009,cook_ex_chicago,42,500-999,14,8529.0,14
2009,cook_ex_chicago,42,unknown,16,0.0,0
2009,cook_ex_chicago,44,1-9,7146,26573.0,4744
2009,cook_ex_chicago,44,10-49,1833,35944.0,1545
2009,cook_ex_chicago,44,100-249,233,34580.0,202
2009,cook_ex_chicago,44,1000+,4,4500.0,4
2009,cook_ex_chicago,44,250-499,41,12070.0,41
2009,cook_ex_chicago,44,50-99,228,14216.0,227
2009,cook_ex_chicago,44,500-999,10,6170.0,10
2009,cook_ex_chicago,44,unknown,11,0.0,0
2009,cook_ex_chicago,45,1-9,2631,8098.0,1741
2009,cook_ex_chicago,45,10-49,618,12330.0,534
2009,cook_ex_chicago,45,100-249,98,15678.0,78
2009,cook_ex_chicago,45,1000+,3,13800.0,3
2009,cook_ex_chicago,45,250-499,33,10291.0,32
2009,cook_ex_chicago,45,50-99,85,5298.0,64
2009,cook_ex_chicago,45,500-999,5,2780.0,5
2009,cook_ex_chicago,45,unknown,1,0.0,0
2009,cook_ex_chicago,48,1-9,1927,6581.0,1016
2009,cook_ex_chicago,48,10-49,393,7647.0,370
2009,cook_ex_chicago,48,100-249,60,8865.0,60
2009,cook_ex_chicago,48,1000+,2,3100.0,2
2009,cook_ex_chicago,48,250-499,10,3250.0,10
2009,cook_ex_chicago,48,50-99,74,4447.0,74
2009,cook_ex_chicago,48,500-999,3,1700.0,3
2009,cook_ex_chicago,48,unknown,2,0.0,0
2009,cook_ex_chicago,49,1-9,124,512.0,67
2009,cook_ex_chicago,49,10-49,44,884.0,40
2009,cook_ex_chicago,49,100-249,18,2694.0,18
2009,cook_ex_chicago,49,250-499,3,870.0,3
2009,cook_ex_chicago,49,50-99,19,1348.0,19
2009,cook_ex_chicago,51,1-9,1370,5239.0,695
2009,cook_ex_chicago,51,10-49,308,5861.0,261
2009,cook_ex_chicago,51,100-249,35,5139.0,35
2009,cook_ex_chicago,51,1000+,2,4000.0,2
2009,cook_ex_chicago,51,250-499,13,4065.0,13
2009,cook_ex_chicago,51,50-99,48,3031.0,45
2009,cook_ex_chicago,51,500-999,13,7672.0,13
2009,cook_ex_chicago,51,unknown,2,0.0,0
2009,cook_ex_chicago,52,1-9,5270,18833.0,3023
2009,cook_ex_chicago,52,10-49,922,16440.0,857
2009,cook_ex_chicago,52,100-249,55,7612.0,55
2009,cook_ex_chicago,52,1000+,7,30200.0,7
2009,cook_ex_chicago,52,250-499,10,3090.0,10
2009,cook_ex_chicago,52,50-99,114,7391.0,114
2009,cook_ex_chicago,52,500-999,3,2050.0,3
2009,cook_ex_chicago,52,unknown,17,0.0,0
2009,cook_ex_chicago,53,1-9,3421,13240.0,1802
2009,cook_ex_chicago,53,10-49,544,10076.0,520
2009,cook_ex_chicago,53,100-249,36,4416.0,36
2009,cook_ex_chicago,53,250-499,4,1280.0,4
2009,cook_ex_chicago,53,50-99,73,4479.0,73
2009,cook_ex_chicago,54,1-9,9489,29309.0,4677
2009,cook_ex_chicago,54,10-49,1112,19362.0,1059
2009,cook_ex_chicago,54,100-249,68,9702.0,68
2009,cook_ex_chicago,54,1000+,4,6800.0,4
2009,cook_ex_chicago,54,250-499,19,5821.0,19
2009,cook_ex_chicago,54,50-99,151,9463.0,151
2009,cook_ex_chicago,54,500-999,8,5970.0,8
2009,cook_ex_chicago,54,unknown,21,0.0,0
2009,cook_ex_chicago,55,1-9,44,199.0,25
2009,cook_ex_chicago,55,10-49,14,373.0,10
2009,cook_ex_chicago,55,100-249,3,430.0,3
2009,cook_ex_chicago,55,250-499,3,975.0,3
2009,cook_ex_chicago,55,50-99,9,554.0,9
2009,cook_ex_chicago,55,unknown,9,0.0,0
2009,cook_ex_chicago,56,1-9,3524,10889.0,1650
2009,cook_ex_chicago,56,10-49,629,10980.0,575
2009,cook_ex_chicago,56,100-249,53,7161.0,53
2009,cook_ex_chicago,56,1000+,3,5500.0,3
2009,cook_ex_chicago,56,250-499,14,4508.0,14
2009,cook_ex_chicago,56,50-99,92,5421.0,91
2009,cook_ex_chicago,56,500-999,2,1175.0,2
2009,cook_ex_chicago,56,unknown,7,0.0,0
2009,cook_ex_chicago,61,1-9,975,3401.0,607
2009,cook_ex_chicago,61,10-49,874,22976.0,634
2009,cook_ex_chicago,61,100-249,107,14822.0,103
2009,cook_ex_chicago,61,1000+,6,10200.0,6
2009,cook_ex_chicago,61,250-499,39,12544.0,39
2009,cook_ex_chicago,61,50-99,531,34891.0,472
2009,cook_ex_chicago,61,500-999,11,6838.0,11
2009,cook_ex_chicago,61,unknown,1,0.0,0
2009,cook_ex_chicago,62,1-9,16370,59244.0,3292
2009,cook_ex_chicago,62,10-49,1945,34215.0,1616
2009,cook_ex_chicago,62,100-249,154,22431.0,153
2009,cook_ex_chicago,62,1000+,18,44468.0,18
2009,cook_ex_chicago,62,250-499,35,10451.0,29
2009,cook_ex_chicago,62,50-99,198,13687.0,160
2009,cook_ex_chicago,62,500-999,12,9062.0,12
2009,cook_ex_chicago,62,unknown,64,0.0,0
2009,cook_ex_chicago,71,1-9,990,3053.0,534
2009,cook_ex_chicago,71,10-49,379,7209.0,293
2009,cook_ex_chicago,71,100-249,36,4710.0,36
2009,cook_ex_chicago,71,1000+,1,1200.0,1
2009,cook_ex_chicago,71,250-499,4,1200.0,4
2009,cook_ex_chicago,71,50-99,71,4412.0,71
2009,cook_ex_chicago,71,500-999,7,4245.0,7
2009,cook_ex_chicago,71,unknown,1,0.0,0
2009,cook_ex_chicago,72,1-9,2663,11364.0,2297
2009,cook_ex_chicago,72,10-49,2910,51960.0,1850
2009,cook_ex_chicago,72,100-249,102,13601.0,94
2009,cook_ex_chicago,72,250-499,18,5667.0,17
2009,cook_ex_chicago,72,50-99,341,21709.0,317
2009,cook_ex_chicago,72,500-999,3,2000.0,3
2009,cook_ex_chicago,72,unknown,4,0.0,0
2009,cook_ex_chicago,81,1-9,10045,30372.0,6978
2009,cook_ex_chicago,81,10-49,1233,21097.0,1218
2009,cook_ex_chicago,81,100-249,59,8208.0,59
2009,cook_ex_chicago,81,1000+,1,1450.0,1
2009,cook_ex_chicago,81,250-499,10,3050.0,10
2009,cook_ex_chicago,81,50-99,107,6617.0,107
2009,cook_ex_chicago,81,500-999,8,4950.0,8
2009,cook_ex_chicago,81,unknown,14,0.0,0
2009,cook_ex_chicago,92,1-9,789,3288.0,487
2009,cook_ex_chicago,92,10-49,448,10397.0,389
2009,cook_ex_chicago,92,100-249,77,10422.0,77
2009,cook_ex_chicago,92,1000+,1,1000.0,1
2009,cook_ex_chicago,92,250-499,15,5036.0,15
2009,cook_ex_chicago,92,50-99,133,8288.0,133
2009,cook_ex_chicago,92,500-999,6,3315.0,6
2009,cook_ex_chicago,99,1-9,2206,6573.0,118
2009,cook_ex_chicago,99,10-49,39,760.0,39
2009,cook_ex_chicago,99,100-249,5,600.0,5
2009,cook_ex_chicago,99,250-499,2,550.0,2
2009,cook_ex_chicago,99,50-99,16,1049.0,16
2009,cook_ex_chicago,99,500-999,1,600.0,1
2009,cook_ex_chicago,,1-9,142,564.0,87
2009,cook_ex_chicago,,10-49,34,688.0,23
2009,cook_ex_chicago,,100-249,2,210.0,2
2009,cook_ex_chicago,,50-99,6,325.0,6
2009,il_ex_msa,11,1-9,1355,3924.0,930
2009,il_ex_msa,11,10-49,107,1768.0,97
2009,il_ex_msa,11,100-249,9,1236.0,9
2009,il_ex_msa,11,250-499,1,250.0,1
2009,il_ex_msa,11,50-99,19,1167.0,19
2009,il_ex_msa,11,500-999,2,1000.0,2
2009,il_ex_msa,11,unknown,1,0.0,0
2009,il_ex_msa,21,1-9,247,840.0,170
2009,il_ex_msa,21,10-49,94,1849.0,71
2009,il_ex_msa,21,100-249,5,900.0,5
2009,il_ex_msa,21,250-499,2,655.0,2
2009,il_ex_msa,21,50-99,4,289.0,4
2009,il_ex_msa,22,1-9,510,2163.0,353
2009,il_ex_msa,22,10-49,96,1899.0,88
2009,il_ex_msa,22,100-249,3,454.0,3
2009,il_ex_msa,22,250-499,4,1360.0,4
2009,il_ex_msa,22,50-99,18,1139.0,18
2009,il_ex_msa,22,500-999,1,530.0,1
2009,il_ex_msa,23,1-9,11709,36820.0,7672
2009,il_ex_msa,23,10-49,1683,29353.0,1533
2009,il_ex_msa,23,100-249,64,8775.0,64
2009,il_ex_msa,23,250-499,12,3872.0,12
2009,il_ex_msa,23,50-99,163,9897.0,163
2009,il_ex_msa,23,unknown,4,0.0,0
2009,il_ex_msa,31,1-9,455,1658.0,330
2009,il_ex_msa,31,10-49,141,2776.0,137
2009,il_ex_msa,31,100-249,33,4650.0,33
2009,il_ex_msa,31,1000+,4,8000.0,4
2009,il_ex_msa,31,250-499,14,4420.0,14
2009,il_ex_msa,31,50-99,36,2402.0,34
2009,il_ex_msa,31,500-999,7,3925.0,7
2009,il_ex_msa,31,unknown,1,0.0,0
2009,il_ex_msa,32,1-9,1051,3939.0,927
2009,il_ex_msa,32,10-49,388,7908.0,373
2009,il_ex_msa,32,100-249,77,11107.0,77
2009,il_ex_msa,32,1000+,2,2500.0,2
2009,il_ex_msa,32,250-499,24,7881.0,24
2009,il_ex_msa,32,50-99,98,6263.0,98
2009,il_ex_msa,32,500-999,10,7130.0,10
2009,il_ex_msa,32,unknown,5,0.0,0
2009,il_ex_msa,33,1-9,1996,7032.0,1710
2009,il_ex_msa,33,10-49,854,17215.0,774
2009,il_ex_msa,33,100-249,168,24048.0,168
2009,il_ex_msa,33,1000+,8,18202.0,8
2009,il_ex_msa,33,250-499,58,19282.0,58
2009,il_ex_msa,33,50-99,215,13956.0,215
2009,il_ex_msa,33,500-999,26,17211.0,26
2009,il_ex_msa,33,unknown,10,0.0,0
2009,il_ex_msa,42,1-9,5268,20153.0,3988
2009,il_ex_msa,42,10-49,1465,27103.0,1430
2009,il_ex_msa,42,100-249,93,12501.0,93
2009,il_ex_msa,42,1000+,4,6900.0,4
2009,il_ex_msa,42,250-499,32,10570.0,32
2009,il_ex_msa,42,50-99,180,11683.0,180
2009,il_ex_msa,42,500-999,18,11777.0,18
2009,il_ex_msa,42,unknown,11,0.0,0
2009,il_ex_msa,44,1-9,12483,46389.0,10257
2009,il_ex_msa,44,10-49,3316,58410.0,3048
2009,il_ex_msa,44,100-249,223,31102.0,204
2009,il_ex_msa,44,1000+,5,12400.0,5
2009,il_ex_msa,44,250-499,34,10816.0,31
2009,il_ex_msa,44,50-99,355,23344.0,343
2009,il_ex_msa,44,500-999,8,5290.0,8
2009,il_ex_msa,44,unknown,5,0.0,0
2009,il_ex_msa,45,1-9,5865,17040.0,4723
2009,il_ex_msa,45,10-49,776,14409.0,688
2009,il_ex_msa,45,100-249,133,19281.0,116
2009,il_ex_msa,45,250-499,47,15695.0,47
2009,il_ex_msa,45,50-99,125,8455.0,106
2009,il_ex_msa,45,500-999,6,3330.0,6
2009,il_ex_msa,48,1-9,2406,8432.0,1608
2009,il_ex_msa,48,10-49,705,13440.0,649
2009,il_ex_msa,48,100-249,66,8741.0,66
2009,il_ex_msa,48,250-499,14,4461.0,14
2009,il_ex_msa,48,50-99,118,7499.0,118
2009,il_ex_msa,48,500-999,3,1750.0,3
2009,il_ex_msa,48,unknown,7,0.0,0
2009,il_ex_msa,49,1-9,1431,5413.0,1277
2009,il_ex_msa,49,10-49,278,4926.0,276
2009,il_ex_msa,49,100-249,16,2586.0,16
2009,il_ex_msa,49,250-499,1,350.0,1
2009,il_ex_msa,49,50-99,31,2096.0,31
2009,il_ex_msa,49,500-999,2,1350.0,2
2009,il_ex_msa,51,1-9,2398,9498.0,1625
2009,il_ex_msa,51,10-49,571,10388.0,495
2009,il_ex_msa,51,100-249,40,5202.0,40
2009,il_ex_msa,51,1000+,1,5000.0,1
2009,il_ex_msa,51,250-499,8,2510.0,8
2009,il_ex_msa,51,50-99,89,5738.0,89
2009,il_ex_msa,51,500-999,5,3203.0,5
2009,il_ex_msa,51,unknown,7,0.0,0
2009,il_ex_msa,52,1-9,8722,27840.0,6325
2009,il_ex_msa,52,10-49,1249,21900.0,1226
2009,il_ex_msa,52,100-249,44,6144.0,44
2009,il_ex_msa,52,1000+,11,42879.0,11
2009,il_ex_msa,52,250-499,16,5198.0,16
2009,il_ex_msa,52,50-99,128,7810.0,128
2009,il_ex_msa,52,500-999,8,4633.0,8
2009,il_ex_msa,52,unknown,32,0.0,0
2009,il_ex_msa,53,1-9,6011,17425.0,4254
2009,il_ex_msa,53,10-49,665,10975.0,642
2009,il_ex_msa,53,100-249,19,2225.0,19
2009,il_ex_msa,53,250-499,3,1050.0,3
2009,il_ex_msa,53,50-99,53,3500.0,53
2009,il_ex_msa,53,500-999,1,500.0,1
2009,il_ex_msa,53,unknown,3,0.0,0
2009,il_ex_msa,54,1-9,12877,36569.0,6301
2009,il_ex_msa,54,10-49,1329,23612.0,1292
2009,il_ex_msa,54,100-249,44,6534.0,44
2009,il_ex_msa,54,1000+,3,5800.0,3
2009,il_ex_msa,54,250-499,11,3641.0,11
2009,il_ex_msa,54,50-99,108,6777.0,108
2009,il_ex_msa,54,500-999,3,1900.0,3
2009,il_ex_msa,54,unknown,18,0.0,0
2009,il_ex_msa,55,1-9,55,210.0,47
2009,il_ex_msa,55,10-49,62,1542.0,59
2009,il_ex_msa,55,100-249,4,570.0,4
2009,il_ex_msa,55,250-499,3,1151.0,3
2009,il_ex_msa,55,50-99,13,778.0,13
2009,il_ex_msa,55,unknown,44,0.0,0
2009,il_ex_msa,56,1-9,4702,13361.0,3147
2009,il_ex_msa,56,10-49,730,13419.0,607
2009,il_ex_msa,56,100-249,40,5930.0,40
2009,il_ex_msa,56,1000+,1,2000.0,1
2009,il_ex_msa,56,250-499,16,5152.0,16
2009,il_ex_msa,56,50-99,84,5065.0,80
2009,il_ex_msa,56,500-999,10,6600.0,10
2009,il_ex_msa,56,unknown,5,0.0,0
2009,il_ex_msa,61,1-9,1569,5571.0,1247
2009,il_ex_msa,61,10-49,2019,55571.0,1742
2009,il_ex_msa,61,100-249,218,29980.0,209
2009,il_ex_msa,61,1000+,9,30995.0,9
2009,il_ex_msa,61,250-499,25,7855.0,25
2009,il_ex_msa,61,50-99,840,53467.0,742
2009,il_ex_msa,61,500-999,13,8385.0,13
2009,il_ex_msa,61,unknown,2,0.0,0
2009,il_ex_msa,62,1-9,19371,69762.0,5318
2009,il_ex_msa,62,10-49,3108,57580.0,2667
2009,il_ex_msa,62,100-249,363,49642.0,363
2009,il_ex_msa,62,1000+,39,78109.0,39
2009,il_ex_msa,62,250-499,66,20905.0,61
2009,il_ex_msa,62,50-99,523,36238.0,475
2009,il_ex_msa,62,500-999,28,20192.0,28
2009,il_ex_msa,62,unknown,72,0.0,0
2009,il_ex_msa,71,1-9,2643,8311.0,1771
2009,il_ex_msa,71,10-49,688,13001.0,579
2009,il_ex_msa,71,100-249,38,5492.0,38
2009,il_ex_msa,71,1000+,2,2300.0,2
2009,il_ex_msa,71,250-499,13,4320.0,13
2009,il_ex_msa,71,50-99,70,4313.0,70
2009,il_ex_msa,72,1-9,6074,24362.0,5052
2009,il_ex_msa,72,10-49,4664,87641.0,3714
2009,il_ex_msa,72,100-249,138,17338.0,134
2009,il_ex_msa,72,1000+,2,2000.0,2
2009,il_ex_msa,72,250-499,5,1510.0,5
2009,il_ex_msa,72,50-99,514,32536.0,501
2009,il_ex_msa,72,500-999,1,600.0,1
2009,il_ex_msa,72,unknown,7,0.0,0
2009,il_ex_msa,81,1-9,24837,67366.0,19360
2009,il_ex_msa,81,10-49,1618,27619.0,1600
2009,il_ex_msa,81,100-249,80,11180.0,80
2009,il_ex_msa,81,1000+,3,7000.0,3
2009,il_ex_msa,81,250-499,14,4374.0,14
2009,il_ex_msa,81,50-99,143,9036.0,143
2009,il_ex_msa,81,500-999,5,2999.0,5
2009,il_ex_msa,81,unknown,18,0.0,0
2009,il_ex_msa,92,1-9,6992,26188.0,5345
2009,il_ex_msa,92,10-49,3023,59994.0,2014
2009,il_ex_msa,92,100-249,114,16822.0,114
2009,il_ex_msa,92,1000+,11,27900.0,11
2009,il_ex_msa,92,250-499,53,17759.0,53
2009,il_ex_msa,92,50-99,266,17039.0,266
2009,il_ex_msa,92,500-999,11,6890.0,11
2009,il_ex_msa,92,unknown,2,0.0,0
2009,il_ex_msa,99,1-9,1485,4424.0,123
2009,il_ex_msa,99,10-49,18,383.0,18
2009,il_ex_msa,99,100-249,5,765.0,5
2009,il_ex_msa,99,250-499,2,700.0,2
2009,il_ex_msa,99,50-99,8,455.0,8
2009,il_ex_msa,99,500-999,1,501.0,1
2009,il_ex_msa,,1-9,194,737.0,147
2009,il_ex_msa,,10-49,68,1446.0,56
2009,il_ex_msa,,100-249,2,310.0,2
2009,il_ex_msa,,50-99,8,425.0,8
2009,il_ex_msa,,500-999,1,500.0,1
2009,msa_ex_cook,11,1-9,235,687.0,140
2009,msa_ex_cook,11,10-49,39,848.0,36
2009,msa_ex_cook,11,100-249,3,450.0,3
2009,msa_ex_cook,11,50-99,5,330.0,5
2009,msa_ex_cook,21,1-9,58,226.0,31
2009,msa_ex_cook,21,10-49,22,413.0,16
2009,msa_ex_cook,21,50-99,1,80.0,1
2009,msa_ex_cook,21,unknown,1,0.0,0
2009,msa_ex_cook,22,1-9,102,513.0,57
2009,msa_ex_cook,22,10-49,44,773.0,31
2009,msa_ex_cook,22,100-249,3,440.0,3
2009,msa_ex_cook,22,1000+,1,1200.0,1
2009,msa_ex_cook,22,250-499,1,250.0,1
2009,msa_ex_cook,22,50-99,5,340.0,5
2009,msa_ex_cook,22,500-999,1,700.0,1
2009,msa_ex_cook,23,1-9,10642,35076.0,5509
2009,msa_ex_cook,23,10-49,1789,31414.0,1605
2009,msa_ex_cook,23,100-249,82,11762.0,82
2009,msa_ex_cook,23,1000+,1,1000.0,1
2009,msa_ex_cook,23,250-499,17,5211.0,17
2009,msa_ex_cook,23,50-99,186,11497.0,182
2009,msa_ex_cook,23,500-999,3,1975.0,3
2009,msa_ex_cook,23,unknown,3,0.0,0
2009,msa_ex_cook,31,1-9,377,1415.0,247
2009,msa_ex_cook,31,10-49,101,2084.0,100
2009,msa_ex_cook,31,100-249,23,3279.0,23
2009,msa_ex_cook,31,250-499,9,3280.0,9
2009,msa_ex_cook,31,50-99,19,1198.0,17
2009,msa_ex_cook,31,500-999,1,500.0,1
2009,msa_ex_cook,31,unknown,1,0.0,0
2009,msa_ex_cook,32,1-9,1135,4445.0,865
2009,msa_ex_cook,32,10-49,473,9540.0,397
2009,msa_ex_cook,32,100-249,119,16068.0,119
2009,msa_ex_cook,32,1000+,5,19200.0,5
2009,msa_ex_cook,32,250-499,35,11244.0,35
2009,msa_ex_cook,32,50-99,133,8221.0,133
2009,msa_ex_cook,32,500-999,8,4850.0,8
2009,msa_ex_cook,32,unknown,10,0.0,0
2009,msa_ex_cook,33,1-9,2269,8635.0,1723
2009,msa_ex_cook,33,10-49,1248,24935.0,1064
2009,msa_ex_cook,33,100-249,196,27584.0,196
2009,msa_ex_cook,33,1000+,8,21001.0,8
2009,msa_ex_cook,33,250-499,49,16226.0,49
2009,msa_ex_cook,33,50-99,253,16255.0,253
2009,msa_ex_cook,33,500-999,19,12601.0,19
2009,msa_ex_cook,33,unknown,23,0.0,0
2009,msa_ex_cook,42,1-9,5582,22618.0,3511
2009,msa_ex_cook,42,10-49,1562,29640.0,1508
2009,msa_ex_cook,42,100-249,142,19262.0,142
2009,msa_ex_cook,42,1000+,6,10101.0,6
2009,msa_ex_cook,42,250-499,41,13515.0,41
2009,msa_ex_cook,42,50-99,231,14558.0,231
2009,msa_ex_cook,42,500-999,21,13124.0,21
2009,msa_ex_cook,42,unknown,21,0.0,0
2009,msa_ex_cook,44,1-9,9180,34041.0,6325
2009,msa_ex_cook,44,10-49,2672,50561.0,2320
2009,msa_ex_cook,44,100-249,304,43446.0,248
2009,msa_ex_cook,44,1000+,4,12100.0,4
2009,msa_ex_cook,44,250-499,58,17555.0,56
2009,msa_ex_cook,44,50-99,314,20167.0,311
2009,msa_ex_cook,44,500-999,12,7250.0,12
2009,msa_ex_cook,44,unknown,9,0.0,0
2009,msa_ex_cook,45,1-9,3921,11548.0,2640
2009,msa_ex_cook,45,10-49,793,15345.0,679
2009,msa_ex_cook,45,100-249,135,21635.0,102
2009,msa_ex_cook,45,1000+,1,1000.0,1
2009,msa_ex_cook,45,250-499,32,9830.0,31
2009,msa_ex_cook,45,50-99,119,7434.0,91
2009,msa_ex_cook,45,500-999,9,5630.0,9
2009,msa_ex_cook,45,unknown,9,0.0,0
2009,msa_ex_cook,48,1-9,2123,7423.0,1223
2009,msa_ex_cook,48,10-49,504,9422.0,469
2009,msa_ex_cook,48,100-249,59,8249.0,59
2009,msa_ex_cook,48,1000+,3,3100.0,3
2009,msa_ex_cook,48,250-499,13,3870.0,13
2009,msa_ex_cook,48,50-99,92,5971.0,92
2009,msa_ex_cook,48,500-999,5,3381.0,5
2009,msa_ex_cook,48,unknown,8,0.0,0
2009,msa_ex_cook,49,1-9,159,658.0,105
2009,msa_ex_cook,49,10-49,87,1912.0,85
2009,msa_ex_cook,49,100-249,18,2502.0,18
2009,msa_ex_cook,49,250-499,3,868.0,3
2009,msa_ex_cook,49,50-99,19,1368.0,19
2009,msa_ex_cook,51,1-9,1765,6650.0,934
2009,msa_ex_cook,51,10-49,356,6870.0,295
2009,msa_ex_cook,51,100-249,41,5366.0,41
2009,msa_ex_cook,51,1000+,2,2650.0,2
2009,msa_ex_cook,51,250-499,9,2829.0,9
2009,msa_ex_cook,51,50-99,69,4256.0,66
2009,msa_ex_cook,51,500-999,6,3990.0,6
2009,msa_ex_cook,51,unknown,8,0.0,0
2009,msa_ex_cook,52,1-9,6632,23797.0,3927
2009,msa_ex_cook,52,10-49,1231,22052.0,1157
2009,msa_ex_cook,52,100-249,77,10993.0,77
2009,msa_ex_cook,52,1000+,6,17201.0,6
2009,msa_ex_cook,52,250-499,18,5870.0,18
2009,msa_ex_cook,52,50-99,140,8821.0,140
2009,msa_ex_cook,52,500-999,10,5665.0,10
2009,msa_ex_cook,52,unknown,25,0.0,0
2009,msa_ex_cook,53,1-9,4785,16498.0,2783
2009,msa_ex_cook,53,10-49,707,13782.0,661
2009,msa_ex_cook,53,100-249,28,3542.0,28
2009,msa_ex_cook,53,1000+,2,2250.0,2
2009,msa_ex_cook,53,250-499,2,550.0,2
2009,msa_ex_cook,53,50-99,103,6429.0,103
2009,msa_ex_cook,53,500-999,3,1800.0,3
2009,msa_ex_cook,53,unknown,3,0.0,0
2009,msa_ex_cook,54,1-9,13277,39709.0,6942
2009,msa_ex_cook,54,10-49,1586,28120.0,1513
2009,msa_ex_cook,54,100-249,107,14664.0,107
2009,msa_ex_cook,54,1000+,2,2800.0,2
2009,msa_ex_cook,54,250-499,25,7764.0,25
2009,msa_ex_cook,54,50-99,153,9807.0,153
2009,msa_ex_cook,54,500-999,8,5301.0,8
2009,msa_ex_cook,54,unknown,29,0.0,0
2009,msa_ex_cook,55,1-9,43,218.0,19
2009,msa_ex_cook,55,10-49,17,423.0,14
2009,msa_ex_cook,55,100-249,5,595.0,5
2009,msa_ex_cook,55,250-499,2,675.0,2
2009,msa_ex_cook,55,50-99,5,327.0,5
2009,msa_ex_cook,55,unknown,7,0.0,0
2009,msa_ex_cook,56,1-9,5194,16034.0,2762
2009,msa_ex_cook,56,10-49,812,14791.0,753
2009,msa_ex_cook,56,100-249,61,8945.0,61
2009,msa_ex_cook,56,1000+,2,5600.0,2
2009,msa_ex_cook,56,250-499,16,5169.0,16
2009,msa_ex_cook,56,50-99,130,8161.0,128
2009,msa_ex_cook,56,500-999,4,2600.0,4
2009,msa_ex_cook,56,unknown,6,0.0,0
2009,msa_ex_cook,61,1-9,1220,4141.0,769
2009,msa_ex_cook,61,10-49,1010,27480.0,750
2009,msa_ex_cook,61,100-249,171,22926.0,168
2009,msa_ex_cook,61,1000+,4,8199.0,4
2009,msa_ex_cook,61,250-499,44,13771.0,44
2009,msa_ex_cook,61,50-99,634,42112.0,580
2009,msa_ex_cook,61,500-999,16,8923.0,16
2009,msa_ex_cook,61,unknown,5,0.0,0
2009,msa_ex_cook,62,1-9,18009,65088.0,4187
2009,msa_ex_cook,62,10-49,2309,40484.0,1955
2009,msa_ex_cook,62,100-249,176,24885.0,176
2009,msa_ex_cook,62,1000+,27,57833.0,27
2009,msa_ex_cook,62,250-499,29,8951.0,22
2009,msa_ex_cook,62,50-99,233,15619.0,210
2009,msa_ex_cook,62,500-999,6,4101.0,6
2009,msa_ex_cook,62,unknown,62,0.0,0
2009,msa_ex_cook,71,1-9,1669,5113.0,1006
2009,msa_ex_cook,71,10-49,551,10081.0,417
2009,msa_ex_cook,71,100-249,56,8052.0,56
2009,msa_ex_cook,71,1000+,5,9256.0,5
2009,msa_ex_cook,71,250-499,6,1900.0,6
2009,msa_ex_cook,71,50-99,73,4398.0,73
2009,msa_ex_cook,71,500-999,4,2000.0,4
2009,msa_ex_cook,71,unknown,1,0.0,0
2009,msa_ex_cook,72,1-9,2908,12630.0,2562
2009,msa_ex_cook,72,10-49,3868,70661.0,2557
2009,msa_ex_cook,72,100-249,132,17594.0,125
2009,msa_ex_cook,72,1000+,1,3000.0,1
2009,msa_ex_cook,72,250-499,10,2835.0,10
2009,msa_ex_cook,72,50-99,453,28290.0,418
2009,msa_ex_cook,72,500-999,6,3200.0,6
2009,msa_ex_cook,72,unknown,7,0.0,0
2009,msa_ex_cook,81,1-9,12375,37621.0,8779
2009,msa_ex_cook,81,10-49,1461,24902.0,1443
2009,msa_ex_cook,81,100-249,54,7524.0,54
2009,msa_ex_cook,81,250-499,11,3510.0,11
2009,msa_ex_cook,81,50-99,116,7135.0,116
2009,msa_ex_cook,81,500-999,6,3354.0,6
2009,msa_ex_cook,81,unknown,14,0.0,0
2009,msa_ex_cook,92,1-9,1392,5991.0,914
2009,msa_ex_cook,92,10-49,746,15732.0,607
2009,msa_ex_cook,92,100-249,87,11548.0,87
2009,msa_ex_cook,92,1000+,7,12740.0,7
2009,msa_ex_cook,92,250-499,21,6984.0,21
2009,msa_ex_cook,92,50-99,188,12236.0,188
2009,msa_ex_cook,92,500-999,7,5332.0,7
2009,msa_ex_cook,92,unknown,1,0.0,0
2009,msa_ex_cook,99,1-9,3024,8963.0,233
2009,msa_ex_cook,99,10-49,66,1297.0,66
2009,msa_ex_cook,99,100-249,11,1539.0,11
2009,msa_ex_cook,99,1000+,1,1600.0,1
2009,msa_ex_cook,99,50-99,21,1389.0,21
2009,msa_ex_cook,99,500-999,2,1300.0,2
2009,msa_ex_cook,,1-9,188,756.0,122
2009,msa_ex_cook,,10-49,76,1649.0,62
2009,msa_ex_cook,,100-249,8,940.0,8
2009,msa_ex_cook,,250-499,2,600.0,2
2009,msa_ex_cook,,50-99,16,1014.0,16
2009,msa_ex_cook,,500-999,1,500.0,1
2010,chicago,11,1-9,20,99.0,10
2010,chicago,11,10-49,8,86.0,2
2010,chicago,11,100-249,1,100.0,1
2010,chicago,11,50-99,1,65.0,1
2010,chicago,21,1-9,22,86.0,9
2010,chicago,21,10-49,7,161.0,2
2010,chicago,21,unknown,1,0.0,0
2010,chicago,22,1-9,27,165.0,13
2010,chicago,22,10-49,17,304.0,6
2010,chicago,22,100-249,1,100.0,1
2010,chicago,22,1000+,1,1000.0,1
2010,chicago,22,50-99,1,60.0,1
2010,chicago,22,unknown,3,0.0,0
2010,chicago,23,1-9,3356,11380.0,1583
2010,chicago,23,10-49,573,9799.0,522
2010,chicago,23,100-249,35,4905.0,35
2010,chicago,23,250-499,10,3140.0,10
2010,chicago,23,50-99,64,3894.0,64
2010,chicago,23,500-999,2,1200.0,2
2010,chicago,23,unknown,2,0.0,0
2010,chicago,31,1-9,454,1766.0,314
2010,chicago,31,10-49,163,3269.0,156
2010,chicago,31,100-249,28,4159.0,28
2010,chicago,31,250-499,15,5110.0,14
2010,chicago,31,50-99,30,1930.0,29
2010,chicago,31,500-999,11,6201.0,11
2010,chicago,31,unknown,3,0.0,0
2010,chicago,32,1-9,506,1849.0,381
2010,chicago,32,10-49,226,4386.0,198
2010,chicago,32,100-249,34,4872.0,34
2010,chicago,32,250-499,11,3664.0,11
2010,chicago,32,50-99,60,3672.0,60
2010,chicago,32,500-999,3,2125.0,3
2010,chicago,32,unknown,5,0.0,0
2010,chicago,33,1-9,888,3226.0,679
2010,chicago,33,10-49,479,9411.0,413
2010,chicago,33,100-249,72,10416.0,72
2010,chicago,33,1000+,4,6412.0,4
2010,chicago,33,250-499,11,3657.0,11
2010,chicago,33,50-99,101,6475.0,101
2010,chicago,33,500-999,7,4388.0,7
2010,chicago,33,unknown,2,0.0,0
2010,chicago,42,1-9,2550,10033.0,1579
2010,chicago,42,10-49,611,11741.0,586
2010,chicago,42,100-249,56,7066.0,56
2010,chicago,42,1000+,6,8211.0,6
2010,chicago,42,250-499,14,4461.0,14
2010,chicago,42,50-99,99,6192.0,99
2010,chicago,42,500-999,6,3036.0,6
2010,chicago,42,unknown,9,0.0,0
2010,chicago,44,1-9,7629,25977.0,5247
2010,chicago,44,10-49,1271,23311.0,1047
2010,chicago,44,100-249,121,17622.0,102
2010,chicago,44,250-499,34,10461.0,34
2010,chicago,44,50-99,145,9204.0,139
2010,chicago,44,500-999,6,3451.0,6
2010,chicago,44,unknown,11,0.0,0
2010,chicago,45,1-9,2837,8237.0,1905
2010,chicago,45,10-49,348,6642.0,309
2010,chicago,45,100-249,33,4834.0,27
2010,chicago,45,1000+,3,4500.0,3
2010,chicago,45,250-499,9,3040.0,7
2010,chicago,45,50-99,70,4596.0,45
2010,chicago,45,500-999,5,2920.0,5
2010,chicago,45,unknown,6,0.0,0
2010,chicago,48,1-9,1350,4411.0,628
2010,chicago,48,10-49,265,5077.0,216
2010,chicago,48,100-249,36,5485.0,36
2010,chicago,48,1000+,5,12120.0,5
2010,chicago,48,250-499,11,3139.0,11
2010,chicago,48,50-99,55,3395.0,55
2010,chicago,48,500-999,7,4230.0,7
2010,chicago,48,unknown,7,0.0,0
2010,chicago,49,1-9,102,425.0,43
2010,chicago,49,10-49,27,525.0,26
2010,chicago,49,100-249,18,2212.0,18
2010,chicago,49,1000+,2,11000.0,2
2010,chicago,49,250-499,1,450.0,1
2010,chicago,49,50-99,15,1046.0,15
2010,chicago,49,500-999,1,600.0,1
2010,chicago,51,1-9,1923,7256.0,985
2010,chicago,51,10-49,443,7999.0,376
2010,chicago,51,100-249,48,6704.0,48
2010,chicago,51,1000+,8,16692.0,8
2010,chicago,51,250-499,11,3215.0,11
2010,chicago,51,50-99,72,4422.0,69
2010,chicago,51,500-999,5,3350.0,5
2010,chicago,51,unknown,9,0.0,0
2010,chicago,52,1-9,4678,17235.0,2514
2010,chicago,52,10-49,979,17877.0,909
2010,chicago,52,100-249,115,15740.0,115
2010,chicago,52,1000+,13,45102.0,13
2010,chicago,52,250-499,31,9960.0,31
2010,chicago,52,50-99,167,10635.0,167
2010,chicago,52,500-999,13,7765.0,13
2010,chicago,52,unknown,119,0.0,0
2010,chicago,53,1-9,4313,17118.0,2282
2010,chicago,53,10-49,792,13483.0,767
2010,chicago,53,100-249,43,6190.0,43
2010,chicago,53,250-499,11,3561.0,11
2010,chicago,53,50-99,64,4014.0,64
2010,chicago,53,500-999,4,2300.0,4
2010,chicago,53,unknown,5,0.0,0
2010,chicago,54,1-9,23228,59032.0,5622
2010,chicago,54,10-49,1859,34024.0,1722
2010,chicago,54,100-249,158,22388.0,158
2010,chicago,54,1000+,19,33454.0,19
2010,chicago,54,250-499,47,15435.0,47
2010,chicago,54,50-99,257,16430.0,257
2010,chicago,54,500-999,29,18477.0,29
2010,chicago,54,unknown,72,0.0,0
2010,chicago,55,1-9,56,288.0,18
2010,chicago,55,10-49,12,234.0,7
2010,chicago,55,100-249,3,329.0,3
2010,chicago,55,1000+,2,8000.0,2
2010,chicago,55,250-499,1,300.0,1
2010,chicago,55,50-99,4,280.0,4
2010,chicago,55,500-999,2,1201.0,2
2010,chicago,55,unknown,12,0.0,0
2010,chicago,56,1-9,2849,9141.0,1643
2010,chicago,56,10-49,488,8739.0,440
2010,chicago,56,100-249,61,8802.0,61
2010,chicago,56,1000+,2,2600.0,2
2010,chicago,56,250-499,13,3976.0,13
2010,chicago,56,50-99,65,4076.0,65
2010,chicago,56,500-999,5,3300.0,5
2010,chicago,56,unknown,15,0.0,0
2010,chicago,61,1-9,971,3621.0,568
2010,chicago,61,10-49,872,23649.0,642
2010,chicago,61,100-249,175,23294.0,173
2010,chicago,61,1000+,7,28749.0,7
2010,chicago,61,250-499,17,4994.0,17
2010,chicago,61,50-99,442,29455.0,405
2010,chicago,61,500-999,17,11117.0,17
2010,chicago,61,unknown,3,0.0,0
2010,chicago,62,1-9,17495,61730.0,3007
2010,chicago,62,10-49,1501,26260.0,1246
2010,chicago,62,100-249,122,17239.0,122
2010,chicago,62,1000+,21,62860.0,21
2010,chicago,62,250-499,28,8388.0,27
2010,chicago,62,50-99,183,12374.0,158
2010,chicago,62,500-999,20,13225.0,20
2010,chicago,62,unknown,1473,0.0,0
2010,chicago,71,1-9,1112,3415.0,621
2010,chicago,71,10-49,227,3903.0,182
2010,chicago,71,100-249,21,2805.0,21
2010,chicago,71,1000+,4,6000.0,4
2010,chicago,71,250-499,13,3775.0,13
2010,chicago,71,50-99,31,1960.0,31
2010,chicago,71,500-999,3,1876.0,3
2010,chicago,71,unknown,1,0.0,0
2010,chicago,72,1-9,3654,15246.0,3106
2010,chicago,72,10-49,3308,54309.0,1700
2010,chicago,72,100-249,129,17403.0,121
2010,chicago,72,1000+,4,4699.0,4
2010,chicago,72,250-499,28,9164.0,25
2010,chicago,72,50-99,296,18633.0,282
2010,chicago,72,500-999,9,5550.0,9
2010,chicago,72,unknown,7,0.0,0
2010,chicago,81,1-9,11511,34551.0,7675
2010,chicago,81,10-49,1140,19872.0,1134
2010,chicago,81,100-249,65,8691.0,65
2010,chicago,81,1000+,1,1000.0,1
2010,chicago,81,250-499,14,4246.0,14
2010,chicago,81,50-99,125,7882.0,125
2010,chicago,81,500-999,5,3250.0,5
2010,chicago,81,unknown,25,0.0,0
2010,chicago,92,1-9,572,2664.0,293
2010,chicago,92,10-49,409,8506.0,321
2010,chicago,92,100-249,93,13833.0,93
2010,chicago,92,1000+,7,14877.0,7
2010,chicago,92,250-499,49,16049.0,49
2010,chicago,92,50-99,86,5442.0,86
2010,chicago,92,500-999,16,10317.0,16
2010,chicago,92,unknown,3,0.0,0
2010,chicago,99,1-9,3114,9336.0,196
2010,chicago,99,10-49,69,1458.0,69
2010,chicago,99,100-249,10,1375.0,10
2010,chicago,99,250-499,2,600.0,2
2010,chicago,99,50-99,15,965.0,15
2010,chicago,99,500-999,2,1000.0,2
2010,chicago,,1-9,111,370.0,58
2010,chicago,,10-49,16,308.0,16
2010,chicago,,1000+,1,1100.0,1
2010,chicago,,50-99,5,320.0,5
2010,cook_ex_chicago,11,1-9,58,206.0,32
2010,cook_ex_chicago,11,10-49,9,148.0,6
2010,cook_ex_chicago,11,50-99,3,162.0,3
2010,cook_ex_chicago,21,1-9,36,153.0,12
2010,cook_ex_chicago,21,10-49,7,144.0,5
2010,cook_ex_chicago,21,100-249,3,370.0,3
2010,cook_ex_chicago,21,50-99,2,135.0,2
2010,cook_ex_chicago,22,1-9,70,343.0,45
2010,cook_ex_chicago,22,10-49,30,611.0,24
2010,cook_ex_chicago,22,100-249,1,225.0,1
2010,cook_ex_chicago,22,250-499,1,350.0,1
2010,cook_ex_chicago,22,50-99,5,294.0,5
2010,cook_ex_chicago,23,1-9,6239,21032.0,2884
2010,cook_ex_chicago,23,10-49,1174,20730.0,1059
2010,cook_ex_chicago,23,100-249,53,6763.0,53
2010,cook_ex_chicago,23,250-499,8,2710.0,8
2010,cook_ex_chicago,23,50-99,131,7821.0,130
2010,cook_ex_chicago,23,500-999,3,1900.0,3
2010,cook_ex_chicago,23,unknown,14,0.0,0
2010,cook_ex_chicago,31,1-9,325,1293.0,214
2010,cook_ex_chicago,31,10-49,104,1886.0,98
2010,cook_ex_chicago,31,100-249,23,3045.0,23
2010,cook_ex_chicago,31,1000+,2,2400.0,2
2010,cook_ex_chicago,31,250-499,8,2450.0,8
2010,cook_ex_chicago,31,50-99,35,2165.0,35
2010,cook_ex_chicago,31,500-999,4,2300.0,4
2010,cook_ex_chicago,31,unknown,11,0.0,0
2010,cook_ex_chicago,32,1-9,814,3100.0,606
2010,cook_ex_chicago,32,10-49,375,7322.0,310
2010,cook_ex_chicago,32,100-249,91,11929.0,91
2010,cook_ex_chicago,32,1000+,4,7340.0,4
2010,cook_ex_chicago,32,250-499,11,3874.0,11
2010,cook_ex_chicago,32,50-99,102,6614.0,101
2010,cook_ex_chicago,32,500-999,5,3240.0,5
2010,cook_ex_chicago,32,unknown,10,0.0,0
2010,cook_ex_chicago,33,1-9,1679,6652.0,1286
2010,cook_ex_chicago,33,10-49,935,19266.0,813
2010,cook_ex_chicago,33,100-249,146,19244.0,146
2010,cook_ex_chicago,33,1000+,14,25140.0,14
2010,cook_ex_chicago,33,250-499,37,12045.0,37
2010,cook_ex_chicago,33,50-99,218,14063.0,218
2010,cook_ex_chicago,33,500-999,14,9636.0,14
2010,cook_ex_chicago,33,unknown,13,0.0,0
2010,cook_ex_chicago,42,1-9,4126,17066.0,2401
2010,cook_ex_chicago,42,10-49,1160,21695.0,1104
2010,cook_ex_chicago,42,100-249,105,13997.0,105
2010,cook_ex_chicago,42,1000+,3,3300.0,3
2010,cook_ex_chicago,42,250-499,35,10523.0,35
2010,cook_ex_chicago,42,50-99,183,11255.0,183
2010,cook_ex_chicago,42,500-999,13,7729.0,13
2010,cook_ex_chicago,42,unknown,17,0.0,0
2010,cook_ex_chicago,44,1-9,7253,26864.0,4576
2010,cook_ex_chicago,44,10-49,1751,34138.0,1471
2010,cook_ex_chicago,44,100-249,220,32675.0,194
2010,cook_ex_chicago,44,1000+,4,4500.0,4
2010,cook_ex_chicago,44,250-499,44,13245.0,42
2010,cook_ex_chicago,44,50-99,226,14187.0,221
2010,cook_ex_chicago,44,500-999,10,6382.0,10
2010,cook_ex_chicago,44,unknown,11,0.0,0
2010,cook_ex_chicago,45,1-9,2731,8300.0,1750
2010,cook_ex_chicago,45,10-49,584,11482.0,517
2010,cook_ex_chicago,45,100-249,95,15420.0,73
2010,cook_ex_chicago,45,1000+,3,13800.0,3
2010,cook_ex_chicago,45,250-499,34,10541.0,33
2010,cook_ex_chicago,45,50-99,87,5496.0,64
2010,cook_ex_chicago,45,500-999,5,2780.0,5
2010,cook_ex_chicago,45,unknown,3,0.0,0
2010,cook_ex_chicago,48,1-9,2065,6914.0,1076
2010,cook_ex_chicago,48,10-49,392,7459.0,360
2010,cook_ex_chicago,48,100-249,62,9015.0,62
2010,cook_ex_chicago,48,1000+,3,9100.0,3
2010,cook_ex_chicago,48,250-499,10,3150.0,10
2010,cook_ex_chicago,48,50-99,70,4244.0,70
2010,cook_ex_chicago,48,500-999,2,1200.0,2
2010,cook_ex_chicago,48,unknown,7,0.0,0
2010,cook_ex_chicago,49,1-9,135,553.0,64
2010,cook_ex_chicago,49,10-49,41,831.0,36
2010,cook_ex_chicago,49,100-249,19,2934.0,19
2010,cook_ex_chicago,49,250-499,3,870.0,3
2010,cook_ex_chicago,49,50-99,19,1348.0,19
2010,cook_ex_chicago,49,unknown,2,0.0,0
2010,cook_ex_chicago,51,1-9,1485,5649.0,750
2010,cook_ex_chicago,51,10-49,285,5376.0,241
2010,cook_ex_chicago,51,100-249,37,5379.0,37
2010,cook_ex_chicago,51,1000+,1,1000.0,1
2010,cook_ex_chicago,51,250-499,12,3665.0,12
2010,cook_ex_chicago,51,50-99,60,3663.0,47
2010,cook_ex_chicago,51,500-999,10,5822.0,10
2010,cook_ex_chicago,51,unknown,4,0.0,0
2010,cook_ex_chicago,52,1-9,5352,18745.0,2977
2010,cook_ex_chicago,52,10-49,893,15918.0,816
2010,cook_ex_chicago,52,100-249,56,7932.0,56
2010,cook_ex_chicago,52,1000+,7,30200.0,7
2010,cook_ex_chicago,52,250-499,9,2840.0,9
2010,cook_ex_chicago,52,50-99,108,7046.0,108
2010,cook_ex_chicago,52,500-999,2,1450.0,2
2010,cook_ex_chicago,52,unknown,131,0.0,0
2010,cook_ex_chicago,53,1-9,3457,13097.0,1793
2010,cook_ex_chicago,53,10-49,531,9840.0,491
2010,cook_ex_chicago,53,100-249,29,3386.0,29
2010,cook_ex_chicago,53,250-499,3,975.0,3
2010,cook_ex_chicago,53,50-99,80,5056.0,80
2010,cook_ex_chicago,54,1-9,10002,30316.0,4937
2010,cook_ex_chicago,54,10-49,1151,19667.0,1039
2010,cook_ex_chicago,54,100-249,65,9392.0,65
2010,cook_ex_chicago,54,1000+,4,6800.0,4
2010,cook_ex_chicago,54,250-499,20,6304.0,20
2010,cook_ex_chicago,54,50-99,146,9126.0,146
2010,cook_ex_chicago,54,500-999,8,5370.0,8
2010,cook_ex_chicago,54,unknown,38,0.0,0
2010,cook_ex_chicago,55,1-9,38,179.0,21
2010,cook_ex_chicago,55,10-49,12,285.0,8
2010,cook_ex_chicago,55,100-249,3,430.0,3
2010,cook_ex_chicago,55,250-499,2,675.0,2
2010,cook_ex_chicago,55,50-99,10,604.0,10
2010,cook_ex_chicago,55,unknown,9,0.0,0
2010,cook_ex_chicago,56,1-9,3864,11735.0,2051
2010,cook_ex_chicago,56,10-49,648,11369.0,609
2010,cook_ex_chicago,56,100-249,49,6481.0,49
2010,cook_ex_chicago,56,1000+,2,4500.0,2
2010,cook_ex_chicago,56,250-499,15,4908.0,15
2010,cook_ex_chicago,56,50-99,95,5535.0,95
2010,cook_ex_chicago,56,500-999,2,1175.0,2
2010,cook_ex_chicago,56,unknown,8,0.0,0
2010,cook_ex_chicago,61,1-9,985,3460.0,584
2010,cook_ex_chicago,61,10-49,908,24135.0,618
2010,cook_ex_chicago,61,100-249,112,15337.0,107
2010,cook_ex_chicago,61,1000+,6,11600.0,6
2010,cook_ex_chicago,61,250-499,41,13374.0,41
2010,cook_ex_chicago,61,50-99,531,34800.0,467
2010,cook_ex_chicago,61,500-999,11,6800.0,11
2010,cook_ex_chicago,61,unknown,1,0.0,0
2010,cook_ex_chicago,62,1-9,18426,67032.0,3342
2010,cook_ex_chicago,62,10-49,2039,35149.0,1598
2010,cook_ex_chicago,62,100-249,149,21704.0,149
2010,cook_ex_chicago,62,1000+,18,46968.0,18
2010,cook_ex_chicago,62,250-499,29,8786.0,29
2010,cook_ex_chicago,62,50-99,199,13768.0,160
2010,cook_ex_chicago,62,500-999,13,9636.0,13
2010,cook_ex_chicago,62,unknown,1707,0.0,0
2010,cook_ex_chicago,71,1-9,1031,3120.0,546
2010,cook_ex_chicago,71,10-49,386,7402.0,288
2010,cook_ex_chicago,71,100-249,48,6065.0,48
2010,cook_ex_chicago,71,1000+,1,1200.0,1
2010,cook_ex_chicago,71,250-499,4,1303.0,4
2010,cook_ex_chicago,71,50-99,79,5003.0,79
2010,cook_ex_chicago,71,500-999,7,4245.0,7
2010,cook_ex_chicago,71,unknown,1,0.0,0
2010,cook_ex_chicago,72,1-9,2595,11116.0,2207
2010,cook_ex_chicago,72,10-49,3010,52499.0,1782
2010,cook_ex_chicago,72,100-249,104,13866.0,96
2010,cook_ex_chicago,72,1000+,1,1200.0,1
2010,cook_ex_chicago,72,250-499,17,5264.0,16
2010,cook_ex_chicago,72,50-99,331,20966.0,303
2010,cook_ex_chicago,72,500-999,3,2000.0,3
2010,cook_ex_chicago,72,unknown,3,0.0,0
2010,cook_ex_chicago,81,1-9,10165,30571.0,6864
2010,cook_ex_chicago,81,10-49,1224,20936.0,1205
2010,cook_ex_chicago,81,100-249,50,6949.0,50
2010,cook_ex_chicago,81,1000+,1,1450.0,1
2010,cook_ex_chicago,81,250-499,9,2790.0,9
2010,cook_ex_chicago,81,50-99,96,5932.0,96
2010,cook_ex_chicago,81,500-999,9,5450.0,9
2010,cook_ex_chicago,81,unknown,24,0.0,0
2010,cook_ex_chicago,92,1-9,807,3347.0,487
2010,cook_ex_chicago,92,10-49,464,10661.0,394
2010,cook_ex_chicago,92,100-249,77,10422.0,77
2010,cook_ex_chicago,92,1000+,1,1000.0,1
2010,cook_ex_chicago,92,250-499,14,4686.0,14
2010,cook_ex_chicago,92,50-99,135,8428.0,135
2010,cook_ex_chicago,92,500-999,6,3315.0,6
2010,cook_ex_chicago,99,1-9,2264,6690.0,186
2010,cook_ex_chicago,99,10-49,45,890.0,45
2010,cook_ex_chicago,99,100-249,6,600.0,6
2010,cook_ex_chicago,99,250-499,2,550.0,2
2010,cook_ex_chicago,99,50-99,14,929.0,14
2010,cook_ex_chicago,99,500-999,1,600.0,1
2010,cook_ex_chicago,99,unknown,1,0.0,0
2010,cook_ex_chicago,,1-9,121,485.0,62
2010,cook_ex_chicago,,10-49,16,261.0,16
2010,cook_ex_chicago,,50-99,1,50.0,1
2010,il_ex_msa,11,1-9,2895,7362.0,2436
2010,il_ex_msa,11,10-49,158,2449.0,145
2010,il_ex_msa,11,100-249,8,1036.0,8
2010,il_ex_msa,11,250-499,1,250.0,1
2010,il_ex_msa,11,50-99,19,1132.0,19
2010,il_ex_msa,11,500-999,2,1000.0,2
2010,il_ex_msa,21,1-9,253,823.0,181
2010,il_ex_msa,21,10-49,99,1952.0,72
2010,il_ex_msa,21,100-249,5,900.0,5
2010,il_ex_msa,21,250-499,1,400.0,1
2010,il_ex_msa,21,50-99,3,214.0,3
2010,il_ex_msa,22,1-9,533,2261.0,372
2010,il_ex_msa,22,10-49,113,2207.0,86
2010,il_ex_msa,22,100-249,4,554.0,4
2010,il_ex_msa,22,250-499,4,1360.0,4
2010,il_ex_msa,22,50-99,21,1292.0,21
2010,il_ex_msa,22,500-999,1,530.0,1
2010,il_ex_msa,22,unknown,1,0.0,0
2010,il_ex_msa,23,1-9,11552,35850.0,7793
2010,il_ex_msa,23,10-49,1624,28250.0,1492
2010,il_ex_msa,23,100-249,63,8710.0,63
2010,il_ex_msa,23,250-499,12,3822.0,12
2010,il_ex_msa,23,50-99,153,9178.0,153
2010,il_ex_msa,23,unknown,5,0.0,0
2010,il_ex_msa,31,1-9,504,1797.0,342
2010,il_ex_msa,31,10-49,144,2785.0,140
2010,il_ex_msa,31,100-249,32,4395.0,32
2010,il_ex_msa,31,1000+,4,8000.0,4
2010,il_ex_msa,31,250-499,18,5425.0,18
2010,il_ex_msa,31,50-99,36,2365.0,33
2010,il_ex_msa,31,500-999,7,4200.0,7
2010,il_ex_msa,31,unknown,3,0.0,0
2010,il_ex_msa,32,1-9,1036,3786.0,920
2010,il_ex_msa,32,10-49,374,7602.0,358
2010,il_ex_msa,32,100-249,74,10583.0,74
2010,il_ex_msa,32,1000+,1,1000.0,1
2010,il_ex_msa,32,250-499,23,7481.0,23
2010,il_ex_msa,32,50-99,98,6241.0,98
2010,il_ex_msa,32,500-999,7,5180.0,7
2010,il_ex_msa,32,unknown,6,0.0,0
2010,il_ex_msa,33,1-9,2021,7020.0,1717
2010,il_ex_msa,33,10-49,842,16960.0,767
2010,il_ex_msa,33,100-249,166,23473.0,166
2010,il_ex_msa,33,1000+,8,18202.0,8
2010,il_ex_msa,33,250-499,55,18520.0,55
2010,il_ex_msa,33,50-99,211,13688.0,211
2010,il_ex_msa,33,500-999,24,15961.0,24
2010,il_ex_msa,33,unknown,10,0.0,0
2010,il_ex_msa,42,1-9,5046,19030.0,3895
2010,il_ex_msa,42,10-49,1406,26085.0,1389
2010,il_ex_msa,42,100-249,91,12204.0,91
2010,il_ex_msa,42,1000+,6,11400.0,6
2010,il_ex_msa,42,250-499,34,11130.0,34
2010,il_ex_msa,42,50-99,158,10346.0,158
2010,il_ex_msa,42,500-999,23,15327.0,23
2010,il_ex_msa,42,unknown,10,0.0,0
2010,il_ex_msa,44,1-9,12276,45845.0,9984
2010,il_ex_msa,44,10-49,3200,55826.0,2945
2010,il_ex_msa,44,100-249,235,32924.0,208
2010,il_ex_msa,44,1000+,2,5300.0,2
2010,il_ex_msa,44,250-499,31,10045.0,27
2010,il_ex_msa,44,50-99,344,22749.0,330
2010,il_ex_msa,44,500-999,6,3690.0,6
2010,il_ex_msa,44,unknown,6,0.0,0
2010,il_ex_msa,45,1-9,5757,16735.0,4653
2010,il_ex_msa,45,10-49,719,13087.0,656
2010,il_ex_msa,45,100-249,132,18924.0,121
2010,il_ex_msa,45,250-499,50,16736.0,50
2010,il_ex_msa,45,50-99,138,9303.0,110
2010,il_ex_msa,45,500-999,6,3250.0,6
2010,il_ex_msa,45,unknown,4,0.0,0
2010,il_ex_msa,48,1-9,2819,9589.0,1731
2010,il_ex_msa,48,10-49,699,13337.0,643
2010,il_ex_msa,48,100-249,64,8444.0,64
2010,il_ex_msa,48,1000+,1,1100.0,1
2010,il_ex_msa,48,250-499,13,4061.0,13
2010,il_ex_msa,48,50-99,117,7412.0,117
2010,il_ex_msa,48,500-999,4,2400.0,4
2010,il_ex_msa,48,unknown,8,0.0,0
2010,il_ex_msa,49,1-9,1445,5484.0,1244
2010,il_ex_msa,49,10-49,278,4925.0,275
2010,il_ex_msa,49,100-249,13,2036.0,13
2010,il_ex_msa,49,250-499,1,350.0,1
2010,il_ex_msa,49,50-99,32,2156.0,32
2010,il_ex_msa,49,500-999,3,2150.0,3
2010,il_ex_msa,51,1-9,2340,9197.0,1591
2010,il_ex_msa,51,10-49,586,10763.0,499
2010,il_ex_msa,51,100-249,42,5442.0,42
2010,il_ex_msa,51,1000+,1,5000.0,1
2010,il_ex_msa,51,250-499,8,2450.0,8
2010,il_ex_msa,51,50-99,109,6794.0,86
2010,il_ex_msa,51,500-999,5,3203.0,5
2010,il_ex_msa,51,unknown,7,0.0,0
2010,il_ex_msa,52,1-9,8593,27340.0,6230
2010,il_ex_msa,52,10-49,1216,21431.0,1196
2010,il_ex_msa,52,100-249,42,5912.0,42
2010,il_ex_msa,52,1000+,8,39179.0,8
2010,il_ex_msa,52,250-499,17,5637.0,17
2010,il_ex_msa,52,50-99,118,7197.0,118
2010,il_ex_msa,52,500-999,8,4633.0,8
2010,il_ex_msa,52,unknown,274,0.0,0
2010,il_ex_msa,53,1-9,6409,17490.0,4283
2010,il_ex_msa,53,10-49,655,10954.0,627
2010,il_ex_msa,53,100-249,18,2124.0,18
2010,il_ex_msa,53,250-499,3,1050.0,3
2010,il_ex_msa,53,50-99,40,2633.0,40
2010,il_ex_msa,53,500-999,1,500.0,1
2010,il_ex_msa,53,unknown,2,0.0,0
2010,il_ex_msa,54,1-9,12663,35993.0,6347
2010,il_ex_msa,54,10-49,1343,23536.0,1260
2010,il_ex_msa,54,100-249,40,6007.0,40
2010,il_ex_msa,54,1000+,1,3000.0,1
2010,il_ex_msa,54,250-499,10,3366.0,10
2010,il_ex_msa,54,50-99,105,6659.0,105
2010,il_ex_msa,54,500-999,3,1850.0,3
2010,il_ex_msa,54,unknown,53,0.0,0
2010,il_ex_msa,55,1-9,63,255.0,50
2010,il_ex_msa,55,10-49,68,1684.0,66
2010,il_ex_msa,55,100-249,4,657.0,4
2010,il_ex_msa,55,250-499,2,751.0,2
2010,il_ex_msa,55,50-99,13,783.0,13
2010,il_ex_msa,55,unknown,38,0.0,0
2010,il_ex_msa,56,1-9,5024,14003.0,3472
2010,il_ex_msa,56,10-49,693,12607.0,635
2010,il_ex_msa,56,100-249,41,5959.0,41
2010,il_ex_msa,56,250-499,14,4552.0,14
2010,il_ex_msa,56,50-99,84,5078.0,79
2010,il_ex_msa,56,500-999,9,6050.0,9
2010,il_ex_msa,56,unknown,7,0.0,0
2010,il_ex_msa,61,1-9,1588,5711.0,1257
2010,il_ex_msa,61,10-49,2042,56476.0,1726
2010,il_ex_msa,61,100-249,226,31143.0,220
2010,il_ex_msa,61,1000+,9,39495.0,9
2010,il_ex_msa,61,250-499,25,7956.0,25
2010,il_ex_msa,61,50-99,833,53080.0,739
2010,il_ex_msa,61,500-999,13,8245.0,13
2010,il_ex_msa,61,unknown,1,0.0,0
2010,il_ex_msa,62,1-9,20771,75173.0,5359
2010,il_ex_msa,62,10-49,3178,58109.0,2649
2010,il_ex_msa,62,100-249,358,49202.0,358
2010,il_ex_msa,62,1000+,36,70409.0,36
2010,il_ex_msa,62,250-499,66,21095.0,65
2010,il_ex_msa,62,50-99,500,34670.0,453
2010,il_ex_msa,62,500-999,27,19542.0,27
2010,il_ex_msa,62,unknown,3003,0.0,0
2010,il_ex_msa,71,1-9,2659,8560.0,1844
2010,il_ex_msa,71,10-49,717,13753.0,607
2010,il_ex_msa,71,100-249,43,5828.0,43
2010,il_ex_msa,71,1000+,2,2100.0,2
2010,il_ex_msa,71,250-499,13,4290.0,13
2010,il_ex_msa,71,50-99,85,5135.0,85
2010,il_ex_msa,71,500-999,1,750.0,1
2010,il_ex_msa,71,unknown,1,0.0,0
2010,il_ex_msa,72,1-9,6025,24353.0,4955
2010,il_ex_msa,72,10-49,4778,88568.0,3674
2010,il_ex_msa,72,100-249,134,16581.0,131
2010,il_ex_msa,72,1000+,2,2100.0,2
2010,il_ex_msa,72,250-499,6,1860.0,6
2010,il_ex_msa,72,50-99,521,32856.0,499
2010,il_ex_msa,72,500-999,1,600.0,1
2010,il_ex_msa,72,unknown,1,0.0,0
2010,il_ex_msa,81,1-9,24401,66475.0,19173
2010,il_ex_msa,81,10-49,1614,27360.0,1594
2010,il_ex_msa,81,100-249,82,11182.0,82
2010,il_ex_msa,81,1000+,2,12500.0,2
2010,il_ex_msa,81,250-499,13,4104.0,13
2010,il_ex_msa,81,50-99,146,9266.0,146
2010,il_ex_msa,81,500-999,5,2749.0,5
2010,il_ex_msa,81,unknown,28,0.0,0
2010,il_ex_msa,92,1-9,6975,26011.0,5358
2010,il_ex_msa,92,10-49,3022,60210.0,2019
2010,il_ex_msa,92,100-249,116,17235.0,116
2010,il_ex_msa,92,1000+,10,26800.0,10
2010,il_ex_msa,92,250-499,52,17259.0,52
2010,il_ex_msa,92,50-99,267,17210.0,267
2010,il_ex_msa,92,500-999,14,8479.0,14
2010,il_ex_msa,92,unknown,2,0.0,0
2010,il_ex_msa,99,1-9,1883,5520.0,186
2010,il_ex_msa,99,10-49,26,476.0,26
2010,il_ex_msa,99,100-249,7,1165.0,7
2010,il_ex_msa,99,50-99,9,490.0,9
2010,il_ex_msa,99,500-999,1,623.0,1
2010,il_ex_msa,,1-9,140,452.0,105
2010,il_ex_msa,,10-49,27,495.0,26
2010,il_ex_msa,,500-999,1,500.0,1
2010,msa_ex_cook,11,1-9,327,924.0,227
2010,msa_ex_cook,11,10-49,37,689.0,34
2010,msa_ex_cook,11,100-249,3,460.0,3
2010,msa_ex_cook,11,50-99,6,395.0,6
2010,msa_ex_cook,11,500-999,1,800.0,1
2010,msa_ex_cook,21,1-9,59,226.0,29
2010,msa_ex_cook,21,10-49,25,487.0,18
2010,msa_ex_cook,21,50-99,1,80.0,1
2010,msa_ex_cook,21,unknown,1,0.0,0
2010,msa_ex_cook,22,1-9,121,619.0,63
2010,msa_ex_cook,22,10-49,47,777.0,30
2010,msa_ex_cook,22,100-249,3,440.0,3
2010,msa_ex_cook,22,250-499,3,800.0,3
2010,msa_ex_cook,22,50-99,4,270.0,4
2010,msa_ex_cook,22,500-999,2,1400.0,2
2010,msa_ex_cook,22,unknown,1,0.0,0
2010,msa_ex_cook,23,1-9,10576,34143.0,5707
2010,msa_ex_cook,23,10-49,1722,29623.0,1523
2010,msa_ex_cook,23,100-249,75,10443.0,75
2010,msa_ex_cook,23,1000+,1,1000.0,1
2010,msa_ex_cook,23,250-499,16,4860.0,16
2010,msa_ex_cook,23,50-99,171,10742.0,168
2010,msa_ex_cook,23,500-999,3,1975.0,3
2010,msa_ex_cook,23,unknown,7,0.0,0
2010,msa_ex_cook,31,1-9,379,1390.0,248
2010,msa_ex_cook,31,10-49,109,2188.0,104
2010,msa_ex_cook,31,100-249,26,3843.0,26
2010,msa_ex_cook,31,250-499,12,3960.0,12
2010,msa_ex_cook,31,50-99,20,1257.0,18
2010,msa_ex_cook,31,500-999,1,500.0,1
2010,msa_ex_cook,31,unknown,6,0.0,0
2010,msa_ex_cook,32,1-9,1149,4461.0,886
2010,msa_ex_cook,32,10-49,465,9282.0,397
2010,msa_ex_cook,32,100-249,109,14605.0,109
2010,msa_ex_cook,32,1000+,4,17700.0,4
2010,msa_ex_cook,32,250-499,34,10944.0,34
2010,msa_ex_cook,32,50-99,129,8147.0,129
2010,msa_ex_cook,32,500-999,9,5350.0,9
2010,msa_ex_cook,32,unknown,12,0.0,0
2010,msa_ex_cook,33,1-9,2304,8568.0,1781
2010,msa_ex_cook,33,10-49,1211,24109.0,1046
2010,msa_ex_cook,33,100-249,198,27792.0,198
2010,msa_ex_cook,33,1000+,9,20601.0,9
2010,msa_ex_cook,33,250-499,49,15861.0,49
2010,msa_ex_cook,33,50-99,263,16872.0,263
2010,msa_ex_cook,33,500-999,20,13251.0,20
2010,msa_ex_cook,33,unknown,20,0.0,0
2010,msa_ex_cook,42,1-9,5666,22705.0,3506
2010,msa_ex_cook,42,10-49,1494,28189.0,1429
2010,msa_ex_cook,42,100-249,138,18614.0,138
2010,msa_ex_cook,42,1000+,6,10201.0,6
2010,msa_ex_cook,42,250-499,37,12165.0,37
2010,msa_ex_cook,42,50-99,234,14762.0,234
2010,msa_ex_cook,42,500-999,24,15004.0,24
2010,msa_ex_cook,42,unknown,20,0.0,0
2010,msa_ex_cook,44,1-9,9142,33632.0,6153
2010,msa_ex_cook,44,10-49,2519,47250.0,2196
2010,msa_ex_cook,44,100-249,296,41736.0,245
2010,msa_ex_cook,44,1000+,5,14900.0,5
2010,msa_ex_cook,44,250-499,57,17237.0,55
2010,msa_ex_cook,44,50-99,304,19579.0,296
2010,msa_ex_cook,44,500-999,14,8450.0,14
2010,msa_ex_cook,44,unknown,9,0.0,0
2010,msa_ex_cook,45,1-9,3971,11585.0,2728
2010,msa_ex_cook,45,10-49,749,14344.0,651
2010,msa_ex_cook,45,100-249,126,19949.0,102
2010,msa_ex_cook,45,1000+,1,1000.0,1
2010,msa_ex_cook,45,250-499,36,11315.0,35
2010,msa_ex_cook,45,50-99,125,7935.0,90
2010,msa_ex_cook,45,500-999,8,5000.0,8
2010,msa_ex_cook,45,unknown,11,0.0,0
2010,msa_ex_cook,48,1-9,2317,8046.0,1333
2010,msa_ex_cook,48,10-49,496,9339.0,462
2010,msa_ex_cook,48,100-249,56,7783.0,56
2010,msa_ex_cook,48,1000+,3,3100.0,3
2010,msa_ex_cook,48,250-499,13,3900.0,13
2010,msa_ex_cook,48,50-99,83,5376.0,83
2010,msa_ex_cook,48,500-999,4,2600.0,4
2010,msa_ex_cook,48,unknown,8,0.0,0
2010,msa_ex_cook,49,1-9,188,804.0,99
2010,msa_ex_cook,49,10-49,84,1859.0,82
2010,msa_ex_cook,49,100-249,18,2502.0,18
2010,msa_ex_cook,49,250-499,3,868.0,3
2010,msa_ex_cook,49,50-99,19,1372.0,19
2010,msa_ex_cook,49,unknown,2,0.0,0
2010,msa_ex_cook,51,1-9,1840,6841.0,976
2010,msa_ex_cook,51,10-49,352,6809.0,291
2010,msa_ex_cook,51,100-249,39,5206.0,39
2010,msa_ex_cook,51,1000+,1,1500.0,1
2010,msa_ex_cook,51,250-499,6,1914.0,6
2010,msa_ex_cook,51,50-99,69,4331.0,64
2010,msa_ex_cook,51,500-999,4,2550.0,4
2010,msa_ex_cook,51,unknown,10,0.0,0
2010,msa_ex_cook,52,1-9,6647,23175.0,3916
2010,msa_ex_cook,52,10-49,1199,21177.0,1124
2010,msa_ex_cook,52,100-249,78,10815.0,78
2010,msa_ex_cook,52,1000+,7,15500.0,7
2010,msa_ex_cook,52,250-499,20,6695.0,20
2010,msa_ex_cook,52,50-99,131,8362.0,131
2010,msa_ex_cook,52,500-999,8,4565.0,8
2010,msa_ex_cook,52,unknown,238,0.0,0
2010,msa_ex_cook,53,1-9,4578,15679.0,2783
2010,msa_ex_cook,53,10-49,682,13314.0,634
2010,msa_ex_cook,53,100-249,30,3877.0,30
2010,msa_ex_cook,53,1000+,3,3050.0,3
2010,msa_ex_cook,53,250-499,4,1100.0,4
2010,msa_ex_cook,53,50-99,81,5100.0,81
2010,msa_ex_cook,53,500-999,2,1300.0,2
2010,msa_ex_cook,53,unknown,8,0.0,0
2010,msa_ex_cook,54,1-9,13700,40609.0,7404
2010,msa_ex_cook,54,10-49,1601,27828.0,1467
2010,msa_ex_cook,54,100-249,102,13999.0,102
2010,msa_ex_cook,54,1000+,1,1000.0,1
2010,msa_ex_cook,54,250-499,19,5948.0,19
2010,msa_ex_cook,54,50-99,147,9468.0,147
2010,msa_ex_cook,54,500-999,9,5391.0,9
2010,msa_ex_cook,54,unknown,82,0.0,0
2010,msa_ex_cook,55,1-9,47,229.0,23
2010,msa_ex_cook,55,10-49,16,423.0,13
2010,msa_ex_cook,55,100-249,6,744.0,6
2010,msa_ex_cook,55,250-499,1,250.0,1
2010,msa_ex_cook,55,50-99,6,387.0,6
2010,msa_ex_cook,55,500-999,1,800.0,1
2010,msa_ex_cook,55,unknown,11,0.0,0
2010,msa_ex_cook,56,1-9,5597,16755.0,3389
2010,msa_ex_cook,56,10-49,802,14406.0,764
2010,msa_ex_cook,56,100-249,63,9339.0,63
2010,msa_ex_cook,56,1000+,3,6700.0,3
2010,msa_ex_cook,56,250-499,15,4660.0,15
2010,msa_ex_cook,56,50-99,129,8099.0,128
2010,msa_ex_cook,56,500-999,4,2300.0,4
2010,msa_ex_cook,56,unknown,4,0.0,0
2010,msa_ex_cook,61,1-9,1262,4196.0,805
2010,msa_ex_cook,61,10-49,1033,28450.0,731
2010,msa_ex_cook,61,100-249,181,24276.0,176
2010,msa_ex_cook,61,1000+,5,9399.0,5
2010,msa_ex_cook,61,250-499,48,15086.0,48
2010,msa_ex_cook,61,50-99,646,42870.0,576
2010,msa_ex_cook,61,500-999,12,6823.0,12
2010,msa_ex_cook,61,unknown,8,0.0,0
2010,msa_ex_cook,62,1-9,19304,70379.0,4281
2010,msa_ex_cook,62,10-49,2381,41626.0,1963
2010,msa_ex_cook,62,100-249,175,24620.0,175
2010,msa_ex_cook,62,1000+,26,56333.0,26
2010,msa_ex_cook,62,250-499,23,7271.0,22
2010,msa_ex_cook,62,50-99,227,15413.0,202
2010,msa_ex_cook,62,500-999,6,4401.0,6
2010,msa_ex_cook,62,unknown,1904,0.0,0
2010,msa_ex_cook,71,1-9,1690,5198.0,1027
2010,msa_ex_cook,71,10-49,603,11077.0,447
2010,msa_ex_cook,71,100-249,68,9287.0,68
2010,msa_ex_cook,71,1000+,5,9256.0,5
2010,msa_ex_cook,71,250-499,6,1900.0,6
2010,msa_ex_cook,71,50-99,96,5887.0,96
2010,msa_ex_cook,71,500-999,7,3500.0,7
2010,msa_ex_cook,71,unknown,4,0.0,0
2010,msa_ex_cook,72,1-9,2909,12741.0,2566
2010,msa_ex_cook,72,10-49,3841,70149.0,2512
2010,msa_ex_cook,72,100-249,134,18043.0,124
2010,msa_ex_cook,72,1000+,3,13000.0,3
2010,msa_ex_cook,72,250-499,10,2810.0,10
2010,msa_ex_cook,72,50-99,428,26821.0,395
2010,msa_ex_cook,72,500-999,4,2100.0,4
2010,msa_ex_cook,72,unknown,2,0.0,0
2010,msa_ex_cook,81,1-9,12471,37608.0,8852
2010,msa_ex_cook,81,10-49,1425,24248.0,1408
2010,msa_ex_cook,81,100-249,55,7457.0,55
2010,msa_ex_cook,81,250-499,12,3915.0,12
2010,msa_ex_cook,81,50-99,101,6186.0,101
2010,msa_ex_cook,81,500-999,6,3254.0,6
2010,msa_ex_cook,81,unknown,22,0.0,0
2010,msa_ex_cook,92,1-9,1398,5948.0,916
2010,msa_ex_cook,92,10-49,762,16167.0,610
2010,msa_ex_cook,92,100-249,82,11235.0,82
2010,msa_ex_cook,92,1000+,7,12700.0,7
2010,msa_ex_cook,92,250-499,20,6679.0,20
2010,msa_ex_cook,92,50-99,197,12872.0,197
2010,msa_ex_cook,92,500-999,6,4432.0,6
2010,msa_ex_cook,92,unknown,2,0.0,0
2010,msa_ex_cook,99,1-9,2800,8151.0,308
2010,msa_ex_cook,99,10-49,57,1188.0,57
2010,msa_ex_cook,99,100-249,11,1444.0,11
2010,msa_ex_cook,99,1000+,1,1600.0,1
2010,msa_ex_cook,99,50-99,14,897.0,14
2010,msa_ex_cook,99,500-999,3,2200.0,3
2010,msa_ex_cook,99,unknown,1,0.0,0
2010,msa_ex_cook,,1-9,158,601.0,97
2010,msa_ex_cook,,10-49,25,467.0,25
2010,msa_ex_cook,,100-249,1,100.0,1
2010,msa_ex_cook,,250-499,2,600.0,2
2011,chicago,11,1-9,19,85.0,11
2011,chicago,11,10-49,7,74.0,1
2011,chicago,11,100-249,1,100.0,1
2011,chicago,11,50-99,1,65.0,1
2011,chicago,21,1-9,19,82.0,9
2011,chicago,21,10-49,7,161.0,2
2011,chicago,22,1-9,27,193.0,8
2011,chicago,22,10-49,12,242.0,7
2011,chicago,22,100-249,1,100.0,1
2011,chicago,22,1000+,1,1000.0,1
2011,chicago,22,50-99,1,60.0,1
2011,chicago,22,unknown,3,0.0,0
2011,chicago,23,1-9,3069,10250.0,1364
2011,chicago,23,10-49,538,9386.0,490
2011,chicago,23,100-249,32,4505.0,32
2011,chicago,23,250-499,9,2690.0,9
2011,chicago,23,50-99,58,3504.0,58
2011,chicago,23,500-999,2,1200.0,2
2011,chicago,23,unknown,7,0.0,0
2011,chicago,31,1-9,442,1727.0,320
2011,chicago,31,10-49,192,3943.0,183
2011,chicago,31,100-249,25,3709.0,25
2011,chicago,31,250-499,15,5040.0,15
2011,chicago,31,50-99,37,2389.0,36
2011,chicago,31,500-999,12,7001.0,12
2011,chicago,31,unknown,3,0.0,0
2011,chicago,32,1-9,456,1715.0,350
2011,chicago,32,10-49,231,4587.0,213
2011,chicago,32,100-249,36,5087.0,36
2011,chicago,32,1000+,1,1300.0,1
2011,chicago,32,250-499,9,3094.0,9
2011,chicago,32,50-99,56,3469.0,56
2011,chicago,32,500-999,3,2125.0,3
2011,chicago,32,unknown,4,0.0,0
2011,chicago,33,1-9,794,2960.0,639
2011,chicago,33,10-49,463,9346.0,416
2011,chicago,33,100-249,70,10118.0,70
2011,chicago,33,1000+,3,4412.0,3
2011,chicago,33,250-499,11,3657.0,11
2011,chicago,33,50-99,99,6259.0,99
2011,chicago,33,500-999,7,4350.0,7
2011,chicago,33,unknown,3,0.0,0
2011,chicago,42,1-9,1654,6392.0,1046
2011,chicago,42,10-49,396,7551.0,380
2011,chicago,42,100-249,37,4510.0,37
2011,chicago,42,1000+,6,7300.0,6
2011,chicago,42,250-499,10,3130.0,10
2011,chicago,42,50-99,82,5186.0,82
2011,chicago,42,500-999,2,1000.0,2
2011,chicago,42,unknown,9,0.0,0
2011,chicago,44,1-9,7436,25609.0,4835
2011,chicago,44,10-49,1199,22125.0,980
2011,chicago,44,100-249,112,16437.0,98
2011,chicago,44,250-499,29,8873.0,29
2011,chicago,44,50-99,138,8769.0,132
2011,chicago,44,500-999,3,1550.0,3
2011,chicago,44,unknown,21,0.0,0
2011,chicago,45,1-9,2739,7980.0,1749
2011,chicago,45,10-49,339,6498.0,304
2011,chicago,45,100-249,29,4197.0,21
2011,chicago,45,1000+,3,4500.0,3
2011,chicago,45,250-499,10,3390.0,8
2011,chicago,45,50-99,62,4024.0,39
2011,chicago,45,500-999,6,3590.0,6
2011,chicago,45,unknown,3,0.0,0
2011,chicago,48,1-9,1033,3552.0,507
2011,chicago,48,10-49,242,4743.0,201
2011,chicago,48,100-249,34,5204.0,34
2011,chicago,48,1000+,5,12120.0,5
2011,chicago,48,250-499,10,2889.0,10
2011,chicago,48,50-99,51,3175.0,51
2011,chicago,48,500-999,6,3710.0,6
2011,chicago,48,unknown,7,0.0,0
2011,chicago,49,1-9,86,357.0,34
2011,chicago,49,10-49,26,532.0,25
2011,chicago,49,100-249,18,2212.0,18
2011,chicago,49,1000+,2,11000.0,2
2011,chicago,49,50-99,15,1042.0,15
2011,chicago,49,500-999,2,1100.0,2
2011,chicago,51,1-9,1853,7075.0,897
2011,chicago,51,10-49,411,7348.0,352
2011,chicago,51,100-249,41,5734.0,41
2011,chicago,51,1000+,8,16692.0,8
2011,chicago,51,250-499,11,3390.0,11
2011,chicago,51,50-99,75,4678.0,72
2011,chicago,51,500-999,6,3850.0,6
2011,chicago,51,unknown,10,0.0,0
2011,chicago,52,1-9,4657,16790.0,2300
2011,chicago,52,10-49,922,16862.0,846
2011,chicago,52,100-249,107,14419.0,107
2011,chicago,52,1000+,12,43401.0,12
2011,chicago,52,250-499,25,8160.0,25
2011,chicago,52,50-99,156,9850.0,156
2011,chicago,52,500-999,13,7965.0,13
2011,chicago,52,unknown,144,0.0,0
2011,chicago,53,1-9,4406,17751.0,2097
2011,chicago,53,10-49,745,12750.0,726
2011,chicago,53,100-249,42,6185.0,42
2011,chicago,53,250-499,11,3521.0,11
2011,chicago,53,50-99,62,3862.0,62
2011,chicago,53,500-999,4,2300.0,4
2011,chicago,53,unknown,5,0.0,0
2011,chicago,54,1-9,21379,54231.0,5043
2011,chicago,54,10-49,1741,31890.0,1610
2011,chicago,54,100-249,138,19676.0,138
2011,chicago,54,1000+,21,36656.0,21
2011,chicago,54,250-499,42,13602.0,42
2011,chicago,54,50-99,242,15409.0,242
2011,chicago,54,500-999,29,18708.0,29
2011,chicago,54,unknown,65,0.0,0
2011,chicago,55,1-9,49,249.0,16
2011,chicago,55,10-49,9,183.0,6
2011,chicago,55,100-249,1,125.0,1
2011,chicago,55,1000+,3,10000.0,3
2011,chicago,55,250-499,1,300.0,1
2011,chicago,55,50-99,4,290.0,4
2011,chicago,55,500-999,2,1001.0,2
2011,chicago,55,unknown,9,0.0,0
2011,chicago,56,1-9,2648,8443.0,1499
2011,chicago,56,10-49,458,8233.0,410
2011,chicago,56,100-249,60,8691.0,60
2011,chicago,56,1000+,1,1100.0,1
2011,chicago,56,250-499,13,3926.0,13
2011,chicago,56,50-99,64,3982.0,64
2011,chicago,56,500-999,4,2500.0,4
2011,chicago,56,unknown,15,0.0,0
2011,chicago,61,1-9,966,3551.0,546
2011,chicago,61,10-49,870,23709.0,627
2011,chicago,61,100-249,169,22520.0,164
2011,chicago,61,1000+,8,30549.0,8
2011,chicago,61,250-499,17,4994.0,17
2011,chicago,61,50-99,448,29863.0,405
2011,chicago,61,500-999,17,11117.0,17
2011,chicago,61,unknown,2,0.0,0
2011,chicago,62,1-9,18074,63808.0,2938
2011,chicago,62,10-49,1511,26400.0,1220
2011,chicago,62,100-249,115,15935.0,115
2011,chicago,62,1000+,17,56001.0,17
2011,chicago,62,250-499,29,8938.0,28
2011,chicago,62,50-99,179,12276.0,152
2011,chicago,62,500-999,17,11675.0,17
2011,chicago,62,unknown,1508,0.0,0
2011,chicago,71,1-9,1075,3355.0,582
2011,chicago,71,10-49,226,3858.0,185
2011,chicago,71,100-249,22,2955.0,22
2011,chicago,71,1000+,5,7200.0,5
2011,chicago,71,250-499,12,3435.0,12
2011,chicago,71,50-99,32,2042.0,32
2011,chicago,71,500-999,3,1876.0,3
2011,chicago,71,unknown,3,0.0,0
2011,chicago,72,1-9,3566,15074.0,2971
2011,chicago,72,10-49,4083,63475.0,1671
2011,chicago,72,100-249,123,16811.0,113
2011,chicago,72,1000+,3,3699.0,3
2011,chicago,72,250-499,28,8999.0,26
2011,chicago,72,50-99,288,18234.0,273
2011,chicago,72,500-999,8,4850.0,8
2011,chicago,72,unknown,30,0.0,0
2011,chicago,81,1-9,11175,33561.0,7244
2011,chicago,81,10-49,1093,19262.0,1089
2011,chicago,81,100-249,65,8895.0,65
2011,chicago,81,1000+,1,1000.0,1
2011,chicago,81,250-499,13,4145.0,13
2011,chicago,81,50-99,115,7278.0,115
2011,chicago,81,500-999,6,3850.0,6
2011,chicago,81,unknown,40,0.0,0
2011,chicago,92,1-9,556,2550.0,279
2011,chicago,92,10-49,417,8689.0,323
2011,chicago,92,100-249,88,13112.0,88
2011,chicago,92,1000+,7,14877.0,7
2011,chicago,92,250-499,50,16269.0,50
2011,chicago,92,50-99,84,5319.0,84
2011,chicago,92,500-999,16,10317.0,16
2011,chicago,92,unknown,2,0.0,0
2011,chicago,99,1-9,2769,8297.0,230
2011,chicago,99,10-49,73,1555.0,73
2011,chicago,99,100-249,9,1125.0,9
2011,chicago,99,250-499,2,600.0,2
2011,chicago,99,50-99,17,1087.0,17
2011,chicago,,1-9,85,293.0,38
2011,chicago,,10-49,16,353.0,16
2011,chicago,,100-249,1,241.0,1
2011,chicago,,1000+,1,1100.0,1
2011,chicago,,50-99,5,320.0,5
2011,cook_ex_chicago,11,1-9,53,198.0,29
2011,cook_ex_chicago,11,10-49,14,252.0,9
2011,cook_ex_chicago,11,50-99,3,162.0,3
2011,cook_ex_chicago,21,1-9,32,136.0,13
2011,cook_ex_chicago,21,10-49,8,132.0,6
2011,cook_ex_chicago,21,100-249,1,120.0,1
2011,cook_ex_chicago,21,50-99,2,135.0,2
2011,cook_ex_chicago,22,1-9,67,323.0,42
2011,cook_ex_chicago,22,10-49,29,569.0,23
2011,cook_ex_chicago,22,100-249,1,225.0,1
2011,cook_ex_chicago,22,250-499,1,350.0,1
2011,cook_ex_chicago,22,50-99,5,290.0,5
2011,cook_ex_chicago,23,1-9,5746,19373.0,2655
2011,cook_ex_chicago,23,10-49,1097,19548.0,995
2011,cook_ex_chicago,23,100-249,46,6004.0,46
2011,cook_ex_chicago,23,1000+,1,6000.0,1
2011,cook_ex_chicago,23,250-499,9,2960.0,9
2011,cook_ex_chicago,23,50-99,119,7217.0,118
2011,cook_ex_chicago,23,500-999,3,1900.0,3
2011,cook_ex_chicago,23,unknown,16,0.0,0
2011,cook_ex_chicago,31,1-9,326,1308.0,194
2011,cook_ex_chicago,31,10-49,108,2041.0,103
2011,cook_ex_chicago,31,100-249,23,3061.0,23
2011,cook_ex_chicago,31,1000+,2,2400.0,2
2011,cook_ex_chicago,31,250-499,7,2175.0,7
2011,cook_ex_chicago,31,50-99,38,2405.0,38
2011,cook_ex_chicago,31,500-999,5,3050.0,5
2011,cook_ex_chicago,31,unknown,2,0.0,0
2011,cook_ex_chicago,32,1-9,716,2728.0,560
2011,cook_ex_chicago,32,10-49,346,6757.0,299
2011,cook_ex_chicago,32,100-249,75,9560.0,75
2011,cook_ex_chicago,32,1000+,5,8740.0,5
2011,cook_ex_chicago,32,250-499,12,3950.0,12
2011,cook_ex_chicago,32,50-99,97,6332.0,96
2011,cook_ex_chicago,32,500-999,5,3240.0,5
2011,cook_ex_chicago,32,unknown,10,0.0,0
2011,cook_ex_chicago,33,1-9,1530,6117.0,1195
2011,cook_ex_chicago,33,10-49,910,18816.0,808
2011,cook_ex_chicago,33,100-249,127,16652.0,127
2011,cook_ex_chicago,33,1000+,13,23340.0,13
2011,cook_ex_chicago,33,250-499,34,11150.0,34
2011,cook_ex_chicago,33,50-99,208,13372.0,208
2011,cook_ex_chicago,33,500-999,12,8136.0,12
2011,cook_ex_chicago,33,unknown,15,0.0,0
2011,cook_ex_chicago,42,1-9,3756,15607.0,2189
2011,cook_ex_chicago,42,10-49,1090,20385.0,1043
2011,cook_ex_chicago,42,100-249,95,12830.0,95
2011,cook_ex_chicago,42,1000+,1,1000.0,1
2011,cook_ex_chicago,42,250-499,34,10187.0,34
2011,cook_ex_chicago,42,50-99,175,10724.0,175
2011,cook_ex_chicago,42,500-999,10,6229.0,10
2011,cook_ex_chicago,42,unknown,17,0.0,0
2011,cook_ex_chicago,44,1-9,6966,26113.0,4282
2011,cook_ex_chicago,44,10-49,1718,33515.0,1425
2011,cook_ex_chicago,44,100-249,171,25537.0,159
2011,cook_ex_chicago,44,1000+,3,3100.0,3
2011,cook_ex_chicago,44,250-499,32,9576.0,31
2011,cook_ex_chicago,44,50-99,215,13546.0,207
2011,cook_ex_chicago,44,500-999,6,3682.0,6
2011,cook_ex_chicago,44,unknown,16,0.0,0
2011,cook_ex_chicago,45,1-9,2558,7770.0,1620
2011,cook_ex_chicago,45,10-49,565,11044.0,506
2011,cook_ex_chicago,45,100-249,83,13422.0,61
2011,cook_ex_chicago,45,1000+,3,13800.0,3
2011,cook_ex_chicago,45,250-499,33,10166.0,32
2011,cook_ex_chicago,45,50-99,109,6851.0,68
2011,cook_ex_chicago,45,500-999,5,2780.0,5
2011,cook_ex_chicago,45,unknown,3,0.0,0
2011,cook_ex_chicago,48,1-9,1772,6114.0,951
2011,cook_ex_chicago,48,10-49,375,6981.0,335
2011,cook_ex_chicago,48,100-249,57,8227.0,57
2011,cook_ex_chicago,48,1000+,3,9100.0,3
2011,cook_ex_chicago,48,250-499,8,2550.0,8
2011,cook_ex_chicago,48,50-99,67,4044.0,67
2011,cook_ex_chicago,48,500-999,2,1200.0,2
2011,cook_ex_chicago,48,unknown,2,0.0,0
2011,cook_ex_chicago,49,1-9,136,555.0,60
2011,cook_ex_chicago,49,10-49,41,861.0,37
2011,cook_ex_chicago,49,100-249,17,2606.0,17
2011,cook_ex_chicago,49,250-499,3,870.0,3
2011,cook_ex_chicago,49,50-99,21,1484.0,21
2011,cook_ex_chicago,51,1-9,1382,5247.0,675
2011,cook_ex_chicago,51,10-49,272,5257.0,235
2011,cook_ex_chicago,51,100-249,29,4372.0,29
2011,cook_ex_chicago,51,1000+,1,1000.0,1
2011,cook_ex_chicago,51,250-499,10,3170.0,10
2011,cook_ex_chicago,51,50-99,52,3192.0,41
2011,cook_ex_chicago,51,500-999,10,5772.0,10
2011,cook_ex_chicago,51,unknown,5,0.0,0
2011,cook_ex_chicago,52,1-9,5290,17993.0,2768
2011,cook_ex_chicago,52,10-49,824,14615.0,759
2011,cook_ex_chicago,52,100-249,43,6513.0,43
2011,cook_ex_chicago,52,1000+,7,30200.0,7
2011,cook_ex_chicago,52,250-499,7,2226.0,7
2011,cook_ex_chicago,52,50-99,102,6671.0,102
2011,cook_ex_chicago,52,500-999,2,1500.0,2
2011,cook_ex_chicago,52,unknown,125,0.0,0
2011,cook_ex_chicago,53,1-9,3716,15156.0,1637
2011,cook_ex_chicago,53,10-49,455,8511.0,423
2011,cook_ex_chicago,53,100-249,27,3136.0,27
2011,cook_ex_chicago,53,250-499,1,275.0,1
2011,cook_ex_chicago,53,50-99,80,4993.0,80
2011,cook_ex_chicago,53,unknown,1,0.0,0
2011,cook_ex_chicago,54,1-9,9196,28111.0,4568
2011,cook_ex_chicago,54,10-49,1094,18633.0,996
2011,cook_ex_chicago,54,100-249,63,8845.0,63
2011,cook_ex_chicago,54,1000+,1,2000.0,1
2011,cook_ex_chicago,54,250-499,17,5504.0,17
2011,cook_ex_chicago,54,50-99,141,8765.0,141
2011,cook_ex_chicago,54,500-999,6,3720.0,6
2011,cook_ex_chicago,54,unknown,36,0.0,0
2011,cook_ex_chicago,55,1-9,41,203.0,16
2011,cook_ex_chicago,55,10-49,13,361.0,13
2011,cook_ex_chicago,55,100-249,5,638.0,5
2011,cook_ex_chicago,55,250-499,2,675.0,2
2011,cook_ex_chicago,55,50-99,5,280.0,5
2011,cook_ex_chicago,55,unknown,5,0.0,0
2011,cook_ex_chicago,56,1-9,3265,10020.0,1808
2011,cook_ex_chicago,56,10-49,628,11055.0,571
2011,cook_ex_chicago,56,100-249,44,5896.0,44
2011,cook_ex_chicago,56,1000+,3,5500.0,3
2011,cook_ex_chicago,56,250-499,17,5508.0,17
2011,cook_ex_chicago,56,50-99,101,5936.0,100
2011,cook_ex_chicago,56,500-999,1,675.0,1
2011,cook_ex_chicago,56,unknown,7,0.0,0
2011,cook_ex_chicago,61,1-9,951,3401.0,544
2011,cook_ex_chicago,61,10-49,906,23430.0,624
2011,cook_ex_chicago,61,100-249,97,13186.0,91
2011,cook_ex_chicago,61,1000+,6,10100.0,6
2011,cook_ex_chicago,61,250-499,32,10318.0,32
2011,cook_ex_chicago,61,50-99,507,33454.0,442
2011,cook_ex_chicago,61,500-999,9,5530.0,9
2011,cook_ex_chicago,61,unknown,2,0.0,0
2011,cook_ex_chicago,62,1-9,17656,64346.0,3295
2011,cook_ex_chicago,62,10-49,2111,36040.0,1621
2011,cook_ex_chicago,62,100-249,122,17377.0,122
2011,cook_ex_chicago,62,1000+,17,37368.0,17
2011,cook_ex_chicago,62,250-499,26,8074.0,25
2011,cook_ex_chicago,62,50-99,200,13728.0,166
2011,cook_ex_chicago,62,500-999,10,7307.0,10
2011,cook_ex_chicago,62,unknown,1618,0.0,0
2011,cook_ex_chicago,71,1-9,979,2959.0,510
2011,cook_ex_chicago,71,10-49,376,7293.0,287
2011,cook_ex_chicago,71,100-249,41,5245.0,41
2011,cook_ex_chicago,71,250-499,3,903.0,3
2011,cook_ex_chicago,71,50-99,78,4901.0,78
2011,cook_ex_chicago,71,500-999,7,4245.0,7
2011,cook_ex_chicago,71,unknown,3,0.0,0
2011,cook_ex_chicago,72,1-9,2459,10655.0,2072
2011,cook_ex_chicago,72,10-49,2973,51268.0,1711
2011,cook_ex_chicago,72,100-249,87,11540.0,80
2011,cook_ex_chicago,72,250-499,15,4614.0,14
2011,cook_ex_chicago,72,50-99,317,20245.0,289
2011,cook_ex_chicago,72,500-999,1,700.0,1
2011,cook_ex_chicago,72,unknown,4,0.0,0
2011,cook_ex_chicago,81,1-9,9644,29068.0,6464
2011,cook_ex_chicago,81,10-49,1172,20097.0,1151
2011,cook_ex_chicago,81,100-249,45,6131.0,45
2011,cook_ex_chicago,81,1000+,1,1450.0,1
2011,cook_ex_chicago,81,250-499,9,2945.0,9
2011,cook_ex_chicago,81,50-99,91,5617.0,91
2011,cook_ex_chicago,81,500-999,6,3850.0,6
2011,cook_ex_chicago,81,unknown,36,0.0,0
2011,cook_ex_chicago,92,1-9,771,3195.0,469
2011,cook_ex_chicago,92,10-49,448,10151.0,388
2011,cook_ex_chicago,92,100-249,64,8684.0,64
2011,cook_ex_chicago,92,250-499,12,4076.0,12
2011,cook_ex_chicago,92,50-99,132,8261.0,132
2011,cook_ex_chicago,92,500-999,5,2815.0,5
2011,cook_ex_chicago,99,1-9,1884,5584.0,185
2011,cook_ex_chicago,99,10-49,43,819.0,43
2011,cook_ex_chicago,99,100-249,4,400.0,4
2011,cook_ex_chicago,99,250-499,1,250.0,1
2011,cook_ex_chicago,99,50-99,14,929.0,14
2011,cook_ex_chicago,99,500-999,1,600.0,1
2011,cook_ex_chicago,99,unknown,1,0.0,0
2011,cook_ex_chicago,,1-9,109,460.0,55
2011,cook_ex_chicago,,10-49,16,258.0,16
2011,cook_ex_chicago,,50-99,1,50.0,1
2011,il_ex_msa,11,1-9,2686,6871.0,2242
2011,il_ex_msa,11,10-49,150,2366.0,139
2011,il_ex_msa,11,100-249,9,1196.0,9
2011,il_ex_msa,11,250-499,1,250.0,1
2011,il_ex_msa,11,50-99,17,985.0,17
2011,il_ex_msa,11,500-999,1,500.0,1
2011,il_ex_msa,21,1-9,222,725.0,152
2011,il_ex_msa,21,10-49,95,1899.0,70
2011,il_ex_msa,21,100-249,4,700.0,4
2011,il_ex_msa,21,250-499,1,400.0,1
2011,il_ex_msa,21,50-99,3,214.0,3
2011,il_ex_msa,21,unknown,2,0.0,0
2011,il_ex_msa,22,1-9,473,2025.0,333
2011,il_ex_msa,22,10-49,101,1984.0,80
2011,il_ex_msa,22,100-249,4,554.0,4
2011,il_ex_msa,22,1000+,1,1132.0,1
2011,il_ex_msa,22,250-499,2,560.0,2
2011,il_ex_msa,22,50-99,23,1436.0,23
2011,il_ex_msa,22,500-999,1,530.0,1
2011,il_ex_msa,22,unknown,1,0.0,0
2011,il_ex_msa,23,1-9,10865,34065.0,7088
2011,il_ex_msa,23,10-49,1547,26614.0,1404
2011,il_ex_msa,23,100-249,54,7490.0,54
2011,il_ex_msa,23,250-499,11,3572.0,11
2011,il_ex_msa,23,50-99,145,8705.0,145
2011,il_ex_msa,23,unknown,5,0.0,0
2011,il_ex_msa,31,1-9,459,1673.0,311
2011,il_ex_msa,31,10-49,142,2783.0,139
2011,il_ex_msa,31,100-249,29,3905.0,29
2011,il_ex_msa,31,1000+,3,5500.0,3
2011,il_ex_msa,31,250-499,14,4020.0,14
2011,il_ex_msa,31,50-99,38,2498.0,36
2011,il_ex_msa,31,500-999,5,3050.0,5
2011,il_ex_msa,31,unknown,1,0.0,0
2011,il_ex_msa,32,1-9,959,3549.0,834
2011,il_ex_msa,32,10-49,365,7523.0,346
2011,il_ex_msa,32,100-249,67,9710.0,67
2011,il_ex_msa,32,1000+,2,2100.0,2
2011,il_ex_msa,32,250-499,24,7951.0,24
2011,il_ex_msa,32,50-99,95,5952.0,95
2011,il_ex_msa,32,500-999,9,6330.0,9
2011,il_ex_msa,32,unknown,4,0.0,0
2011,il_ex_msa,33,1-9,1893,6698.0,1620
2011,il_ex_msa,33,10-49,796,16105.0,738
2011,il_ex_msa,33,100-249,158,22587.0,158
2011,il_ex_msa,33,1000+,10,22352.0,10
2011,il_ex_msa,33,250-499,52,17294.0,52
2011,il_ex_msa,33,50-99,210,13617.0,210
2011,il_ex_msa,33,500-999,22,15061.0,22
2011,il_ex_msa,33,unknown,10,0.0,0
2011,il_ex_msa,42,1-9,4549,17545.0,3460
2011,il_ex_msa,42,10-49,1322,24591.0,1296
2011,il_ex_msa,42,100-249,81,10688.0,81
2011,il_ex_msa,42,1000+,5,10500.0,5
2011,il_ex_msa,42,250-499,26,8303.0,26
2011,il_ex_msa,42,50-99,158,10380.0,158
2011,il_ex_msa,42,500-999,20,13277.0,20
2011,il_ex_msa,42,unknown,9,0.0,0
2011,il_ex_msa,44,1-9,11705,44111.0,9132
2011,il_ex_msa,44,10-49,3114,55035.0,2809
2011,il_ex_msa,44,100-249,192,26553.0,165
2011,il_ex_msa,44,1000+,1,3000.0,1
2011,il_ex_msa,44,250-499,25,8205.0,20
2011,il_ex_msa,44,50-99,343,22672.0,326
2011,il_ex_msa,44,500-999,2,1500.0,2
2011,il_ex_msa,44,unknown,15,0.0,0
2011,il_ex_msa,45,1-9,5321,15692.0,4175
2011,il_ex_msa,45,10-49,707,13165.0,654
2011,il_ex_msa,45,100-249,117,16863.0,97
2011,il_ex_msa,45,250-499,41,13645.0,41
2011,il_ex_msa,45,50-99,154,10390.0,116
2011,il_ex_msa,45,500-999,4,2249.0,4
2011,il_ex_msa,45,unknown,1,0.0,0
2011,il_ex_msa,48,1-9,2499,8577.0,1567
2011,il_ex_msa,48,10-49,672,12731.0,615
2011,il_ex_msa,48,100-249,61,8139.0,61
2011,il_ex_msa,48,1000+,1,1100.0,1
2011,il_ex_msa,48,250-499,16,5220.0,16
2011,il_ex_msa,48,50-99,116,7449.0,116
2011,il_ex_msa,48,500-999,4,2400.0,4
2011,il_ex_msa,48,unknown,8,0.0,0
2011,il_ex_msa,49,1-9,1394,5291.0,1204
2011,il_ex_msa,49,10-49,268,4784.0,265
2011,il_ex_msa,49,100-249,12,1826.0,12
2011,il_ex_msa,49,250-499,2,650.0,2
2011,il_ex_msa,49,50-99,28,1888.0,28
2011,il_ex_msa,49,500-999,3,2150.0,3
2011,il_ex_msa,51,1-9,2309,9212.0,1476
2011,il_ex_msa,51,10-49,587,10479.0,487
2011,il_ex_msa,51,100-249,37,4925.0,37
2011,il_ex_msa,51,1000+,1,5000.0,1
2011,il_ex_msa,51,250-499,9,2900.0,9
2011,il_ex_msa,51,50-99,108,6703.0,84
2011,il_ex_msa,51,500-999,4,2703.0,4
2011,il_ex_msa,51,unknown,7,0.0,0
2011,il_ex_msa,52,1-9,8614,27255.0,5863
2011,il_ex_msa,52,10-49,1160,20583.0,1140
2011,il_ex_msa,52,100-249,38,5486.0,38
2011,il_ex_msa,52,1000+,8,39179.0,8
2011,il_ex_msa,52,250-499,16,5327.0,16
2011,il_ex_msa,52,50-99,124,7590.0,124
2011,il_ex_msa,52,500-999,8,4633.0,8
2011,il_ex_msa,52,unknown,240,0.0,0
2011,il_ex_msa,53,1-9,6753,19339.0,3901
2011,il_ex_msa,53,10-49,605,10239.0,574
2011,il_ex_msa,53,100-249,13,1514.0,13
2011,il_ex_msa,53,250-499,1,400.0,1
2011,il_ex_msa,53,50-99,44,2907.0,44
2011,il_ex_msa,53,500-999,1,500.0,1
2011,il_ex_msa,53,unknown,2,0.0,0
2011,il_ex_msa,54,1-9,12227,35216.0,5837
2011,il_ex_msa,54,10-49,1260,22237.0,1181
2011,il_ex_msa,54,100-249,38,5437.0,38
2011,il_ex_msa,54,1000+,1,3000.0,1
2011,il_ex_msa,54,250-499,9,3066.0,9
2011,il_ex_msa,54,50-99,97,6105.0,97
2011,il_ex_msa,54,500-999,2,1250.0,2
2011,il_ex_msa,54,unknown,41,0.0,0
2011,il_ex_msa,55,1-9,63,266.0,48
2011,il_ex_msa,55,10-49,70,1822.0,69
2011,il_ex_msa,55,100-249,6,784.0,6
2011,il_ex_msa,55,250-499,2,751.0,2
2011,il_ex_msa,55,50-99,14,861.0,14
2011,il_ex_msa,55,unknown,29,0.0,0
2011,il_ex_msa,56,1-9,4830,13432.0,3146
2011,il_ex_msa,56,10-49,734,13503.0,597
2011,il_ex_msa,56,100-249,36,4985.0,36
2011,il_ex_msa,56,250-499,13,4052.0,13
2011,il_ex_msa,56,50-99,76,4586.0,71
2011,il_ex_msa,56,500-999,7,4700.0,7
2011,il_ex_msa,56,unknown,8,0.0,0
2011,il_ex_msa,61,1-9,1469,5362.0,1145
2011,il_ex_msa,61,10-49,2004,55004.0,1695
2011,il_ex_msa,61,100-249,196,27392.0,188
2011,il_ex_msa,61,1000+,5,20459.0,5
2011,il_ex_msa,61,250-499,21,6565.0,21
2011,il_ex_msa,61,50-99,829,52955.0,735
2011,il_ex_msa,61,500-999,13,8120.0,13
2011,il_ex_msa,61,unknown,1,0.0,0
2011,il_ex_msa,62,1-9,20391,74210.0,5073
2011,il_ex_msa,62,10-49,3232,58975.0,2694
2011,il_ex_msa,62,100-249,306,41332.0,306
2011,il_ex_msa,62,1000+,31,59659.0,31
2011,il_ex_msa,62,250-499,48,15246.0,47
2011,il_ex_msa,62,50-99,515,35919.0,459
2011,il_ex_msa,62,500-999,26,18767.0,26
2011,il_ex_msa,62,unknown,3127,0.0,0
2011,il_ex_msa,71,1-9,2420,7794.0,1673
2011,il_ex_msa,71,10-49,670,12901.0,557
2011,il_ex_msa,71,100-249,40,5406.0,40
2011,il_ex_msa,71,1000+,1,1100.0,1
2011,il_ex_msa,71,250-499,13,4290.0,13
2011,il_ex_msa,71,50-99,77,4759.0,77
2011,il_ex_msa,71,500-999,2,1300.0,2
2011,il_ex_msa,72,1-9,5525,22620.0,4467
2011,il_ex_msa,72,10-49,4643,85360.0,3504
2011,il_ex_msa,72,100-249,113,14061.0,110
2011,il_ex_msa,72,250-499,5,1510.0,5
2011,il_ex_msa,72,50-99,519,32823.0,493
2011,il_ex_msa,72,500-999,1,600.0,1
2011,il_ex_msa,72,unknown,2,0.0,0
2011,il_ex_msa,81,1-9,22568,62135.0,17549
2011,il_ex_msa,81,10-49,1549,26329.0,1520
2011,il_ex_msa,81,100-249,59,8122.0,59
2011,il_ex_msa,81,1000+,1,3000.0,1
2011,il_ex_msa,81,250-499,9,2734.0,9
2011,il_ex_msa,81,50-99,137,8657.0,137
2011,il_ex_msa,81,500-999,5,2822.0,5
2011,il_ex_msa,81,unknown,53,0.0,0
2011,il_ex_msa,92,1-9,6818,25485.0,5213
2011,il_ex_msa,92,10-49,3004,59692.0,2002
2011,il_ex_msa,92,100-249,97,14313.0,97
2011,il_ex_msa,92,1000+,9,25800.0,9
2011,il_ex_msa,92,250-499,38,12871.0,38
2011,il_ex_msa,92,50-99,258,16547.0,258
2011,il_ex_msa,92,500-999,10,6029.0,10
2011,il_ex_msa,92,unknown,3,0.0,0
2011,il_ex_msa,99,1-9,1688,4937.0,247
2011,il_ex_msa,99,10-49,24,472.0,24
2011,il_ex_msa,99,100-249,7,1165.0,7
2011,il_ex_msa,99,50-99,6,330.0,6
2011,il_ex_msa,,1-9,117,404.0,91
2011,il_ex_msa,,10-49,21,381.0,21
2011,il_ex_msa,,500-999,1,500.0,1
2011,msa_ex_cook,11,1-9,320,912.0,218
2011,msa_ex_cook,11,10-49,36,630.0,32
2011,msa_ex_cook,11,100-249,2,260.0,2
2011,msa_ex_cook,11,50-99,6,395.0,6
2011,msa_ex_cook,11,500-999,1,800.0,1
2011,msa_ex_cook,21,1-9,53,204.0,34
2011,msa_ex_cook,21,10-49,22,442.0,17
2011,msa_ex_cook,21,500-999,1,600.0,1
2011,msa_ex_cook,21,unknown,3,0.0,0
2011,msa_ex_cook,22,1-9,108,537.0,59
2011,msa_ex_cook,22,10-49,46,772.0,29
2011,msa_ex_cook,22,100-249,3,440.0,3
2011,msa_ex_cook,22,250-499,3,800.0,3
2011,msa_ex_cook,22,50-99,4,270.0,4
2011,msa_ex_cook,22,500-999,2,1400.0,2
2011,msa_ex_cook,22,unknown,3,0.0,0
2011,msa_ex_cook,23,1-9,9780,31691.0,5185
2011,msa_ex_cook,23,10-49,1586,27232.0,1409
2011,msa_ex_cook,23,100-249,68,9462.0,68
2011,msa_ex_cook,23,1000+,1,1000.0,1
2011,msa_ex_cook,23,250-499,13,3830.0,13
2011,msa_ex_cook,23,50-99,149,9253.0,148
2011,msa_ex_cook,23,500-999,4,2775.0,4
2011,msa_ex_cook,23,unknown,4,0.0,0
2011,msa_ex_cook,31,1-9,373,1374.0,233
2011,msa_ex_cook,31,10-49,102,2048.0,98
2011,msa_ex_cook,31,100-249,24,3546.0,24
2011,msa_ex_cook,31,250-499,9,3105.0,9
2011,msa_ex_cook,31,50-99,22,1360.0,21
2011,msa_ex_cook,31,500-999,1,500.0,1
2011,msa_ex_cook,31,unknown,3,0.0,0
2011,msa_ex_cook,32,1-9,1067,4191.0,826
2011,msa_ex_cook,32,10-49,446,8917.0,369
2011,msa_ex_cook,32,100-249,102,13861.0,102
2011,msa_ex_cook,32,1000+,4,17000.0,4
2011,msa_ex_cook,32,250-499,26,8369.0,26
2011,msa_ex_cook,32,50-99,124,7762.0,124
2011,msa_ex_cook,32,500-999,7,4000.0,7
2011,msa_ex_cook,32,unknown,13,0.0,0
2011,msa_ex_cook,33,1-9,2160,8184.0,1643
2011,msa_ex_cook,33,10-49,1199,23736.0,1020
2011,msa_ex_cook,33,100-249,196,27416.0,196
2011,msa_ex_cook,33,1000+,10,20103.0,10
2011,msa_ex_cook,33,250-499,43,14347.0,43
2011,msa_ex_cook,33,50-99,256,16495.0,256
2011,msa_ex_cook,33,500-999,19,12451.0,19
2011,msa_ex_cook,33,unknown,26,0.0,0
2011,msa_ex_cook,42,1-9,5236,21243.0,3180
2011,msa_ex_cook,42,10-49,1419,26787.0,1364
2011,msa_ex_cook,42,100-249,120,16250.0,120
2011,msa_ex_cook,42,1000+,7,11001.0,7
2011,msa_ex_cook,42,250-499,36,11600.0,36
2011,msa_ex_cook,42,50-99,220,13916.0,220
2011,msa_ex_cook,42,500-999,16,10104.0,16
2011,msa_ex_cook,42,unknown,18,0.0,0
2011,msa_ex_cook,44,1-9,8561,31878.0,5490
2011,msa_ex_cook,44,10-49,2392,44951.0,2085
2011,msa_ex_cook,44,100-249,229,32504.0,195
2011,msa_ex_cook,44,1000+,4,10900.0,4
2011,msa_ex_cook,44,250-499,52,15862.0,49
2011,msa_ex_cook,44,50-99,288,18698.0,280
2011,msa_ex_cook,44,500-999,15,9150.0,15
2011,msa_ex_cook,44,unknown,36,0.0,0
2011,msa_ex_cook,45,1-9,3658,10699.0,2425
2011,msa_ex_cook,45,10-49,746,14343.0,648
2011,msa_ex_cook,45,100-249,96,15445.0,74
2011,msa_ex_cook,45,1000+,1,1000.0,1
2011,msa_ex_cook,45,250-499,29,9197.0,28
2011,msa_ex_cook,45,50-99,128,8244.0,86
2011,msa_ex_cook,45,500-999,9,5500.0,9
2011,msa_ex_cook,45,unknown,8,0.0,0
2011,msa_ex_cook,48,1-9,2140,7503.0,1192
2011,msa_ex_cook,48,10-49,464,8897.0,431
2011,msa_ex_cook,48,100-249,47,6453.0,47
2011,msa_ex_cook,48,1000+,3,3300.0,3
2011,msa_ex_cook,48,250-499,13,3900.0,13
2011,msa_ex_cook,48,50-99,79,5108.0,79
2011,msa_ex_cook,48,500-999,4,2600.0,4
2011,msa_ex_cook,48,unknown,7,0.0,0
2011,msa_ex_cook,49,1-9,186,785.0,95
2011,msa_ex_cook,49,10-49,85,1913.0,82
2011,msa_ex_cook,49,100-249,20,2722.0,20
2011,msa_ex_cook,49,250-499,3,868.0,3
2011,msa_ex_cook,49,50-99,19,1329.0,19
2011,msa_ex_cook,49,unknown,2,0.0,0
2011,msa_ex_cook,51,1-9,1703,6253.0,865
2011,msa_ex_cook,51,10-49,341,6496.0,274
2011,msa_ex_cook,51,100-249,32,4195.0,32
2011,msa_ex_cook,51,250-499,7,2129.0,7
2011,msa_ex_cook,51,50-99,69,4477.0,65
2011,msa_ex_cook,51,500-999,5,3050.0,5
2011,msa_ex_cook,51,unknown,10,0.0,0
2011,msa_ex_cook,52,1-9,6780,22926.0,3614
2011,msa_ex_cook,52,10-49,1091,19406.0,1043
2011,msa_ex_cook,52,100-249,70,9915.0,70
2011,msa_ex_cook,52,1000+,6,11500.0,6
2011,msa_ex_cook,52,250-499,15,5020.0,15
2011,msa_ex_cook,52,50-99,121,7899.0,121
2011,msa_ex_cook,52,500-999,7,4065.0,7
2011,msa_ex_cook,52,unknown,234,0.0,0
2011,msa_ex_cook,53,1-9,4755,17471.0,2532
2011,msa_ex_cook,53,10-49,628,12201.0,580
2011,msa_ex_cook,53,100-249,23,3063.0,23
2011,msa_ex_cook,53,1000+,3,3050.0,3
2011,msa_ex_cook,53,250-499,5,1400.0,5
2011,msa_ex_cook,53,50-99,73,4670.0,73
2011,msa_ex_cook,53,500-999,1,600.0,1
2011,msa_ex_cook,53,unknown,10,0.0,0
2011,msa_ex_cook,54,1-9,12991,38958.0,6851
2011,msa_ex_cook,54,10-49,1490,25892.0,1369
2011,msa_ex_cook,54,100-249,76,10661.0,76
2011,msa_ex_cook,54,1000+,2,5000.0,2
2011,msa_ex_cook,54,250-499,14,4525.0,14
2011,msa_ex_cook,54,50-99,134,8437.0,134
2011,msa_ex_cook,54,500-999,7,4394.0,7
2011,msa_ex_cook,54,unknown,78,0.0,0
2011,msa_ex_cook,55,1-9,50,259.0,20
2011,msa_ex_cook,55,10-49,16,432.0,14
2011,msa_ex_cook,55,100-249,5,595.0,5
2011,msa_ex_cook,55,250-499,1,250.0,1
2011,msa_ex_cook,55,50-99,5,327.0,5
2011,msa_ex_cook,55,500-999,1,800.0,1
2011,msa_ex_cook,55,unknown,9,0.0,0
2011,msa_ex_cook,56,1-9,5294,15885.0,3101
2011,msa_ex_cook,56,10-49,763,13602.0,711
2011,msa_ex_cook,56,100-249,52,7727.0,52
2011,msa_ex_cook,56,1000+,2,5600.0,2
2011,msa_ex_cook,56,250-499,13,4060.0,13
2011,msa_ex_cook,56,50-99,115,7211.0,114
2011,msa_ex_cook,56,500-999,3,1800.0,3
2011,msa_ex_cook,56,unknown,3,0.0,0
2011,msa_ex_cook,61,1-9,1220,4033.0,750
2011,msa_ex_cook,61,10-49,1030,28249.0,720
2011,msa_ex_cook,61,100-249,152,20258.0,148
2011,msa_ex_cook,61,1000+,5,9399.0,5
2011,msa_ex_cook,61,250-499,37,11579.0,37
2011,msa_ex_cook,61,50-99,642,42599.0,567
2011,msa_ex_cook,61,500-999,9,5223.0,9
2011,msa_ex_cook,61,unknown,9,0.0,0
2011,msa_ex_cook,62,1-9,18253,67183.0,4093
2011,msa_ex_cook,62,10-49,2445,42588.0,1972
2011,msa_ex_cook,62,100-249,131,18906.0,131
2011,msa_ex_cook,62,1000+,21,44440.0,21
2011,msa_ex_cook,62,250-499,23,7301.0,20
2011,msa_ex_cook,62,50-99,228,15305.0,202
2011,msa_ex_cook,62,500-999,7,4900.0,7
2011,msa_ex_cook,62,unknown,1868,0.0,0
2011,msa_ex_cook,71,1-9,1568,4793.0,948
2011,msa_ex_cook,71,10-49,604,10874.0,433
2011,msa_ex_cook,71,100-249,55,7894.0,55
2011,msa_ex_cook,71,1000+,4,7656.0,4
2011,msa_ex_cook,71,250-499,6,1850.0,6
2011,msa_ex_cook,71,50-99,99,6084.0,99
2011,msa_ex_cook,71,500-999,7,3500.0,7
2011,msa_ex_cook,71,unknown,2,0.0,0
2011,msa_ex_cook,72,1-9,2618,11562.0,2227
2011,msa_ex_cook,72,10-49,3750,67677.0,2381
2011,msa_ex_cook,72,100-249,113,15250.0,105
2011,msa_ex_cook,72,1000+,1,3000.0,1
2011,msa_ex_cook,72,250-499,9,2620.0,8
2011,msa_ex_cook,72,50-99,403,25431.0,370
2011,msa_ex_cook,72,500-999,3,1600.0,3
2011,msa_ex_cook,72,unknown,6,0.0,0
2011,msa_ex_cook,81,1-9,11802,35658.0,8129
2011,msa_ex_cook,81,10-49,1357,23109.0,1338
2011,msa_ex_cook,81,100-249,46,6187.0,46
2011,msa_ex_cook,81,250-499,10,3265.0,10
2011,msa_ex_cook,81,50-99,103,6320.0,103
2011,msa_ex_cook,81,500-999,5,2654.0,5
2011,msa_ex_cook,81,unknown,31,0.0,0
2011,msa_ex_cook,92,1-9,1355,5712.0,906
2011,msa_ex_cook,92,10-49,734,15797.0,615
2011,msa_ex_cook,92,100-249,81,11029.0,81
2011,msa_ex_cook,92,1000+,7,12700.0,7
2011,msa_ex_cook,92,250-499,16,5429.0,16
2011,msa_ex_cook,92,50-99,191,12466.0,191
2011,msa_ex_cook,92,500-999,6,4432.0,6
2011,msa_ex_cook,92,unknown,1,0.0,0
2011,msa_ex_cook,99,1-9,2501,7277.0,363
2011,msa_ex_cook,99,10-49,55,1083.0,55
2011,msa_ex_cook,99,100-249,9,1174.0,9
2011,msa_ex_cook,99,1000+,1,1600.0,1
2011,msa_ex_cook,99,50-99,14,891.0,14
2011,msa_ex_cook,99,500-999,2,1000.0,2
2011,msa_ex_cook,,1-9,138,522.0,84
2011,msa_ex_cook,,10-49,18,335.0,18
2011,msa_ex_cook,,100-249,1,100.0,1
2011,msa_ex_cook,,250-499,1,300.0,1
2011,msa_ex_cook,,50-99,1,50.0,1
2012,chicago,11,1-9,21,100.0,10
2012,chicago,11,10-49,5,50.0,0
2012,chicago,11,100-249,1,100.0,1
2012,chicago,21,1-9,17,64.0,7
2012,chicago,21,10-49,5,97.0,2
2012,chicago,22,1-9,30,200.0,12
2012,chicago,22,10-49,11,202.0,8
2012,chicago,22,100-249,2,202.0,2
2012,chicago,22,1000+,2,2500.0,2
2012,chicago,22,50-99,1,60.0,1
2012,chicago,22,unknown,3,0.0,0
2012,chicago,23,1-9,3342,11150.0,1373
2012,chicago,23,10-49,518,8731.0,464
2012,chicago,23,100-249,29,4185.0,29
2012,chicago,23,250-499,8,2255.0,8
2012,chicago,23,50-99,60,3627.0,60
2012,chicago,23,500-999,1,700.0,1
2012,chicago,23,unknown,20,0.0,0
2012,chicago,31,1-9,500,1964.0,343
2012,chicago,31,10-49,213,4392.0,196
2012,chicago,31,100-249,22,3239.0,22
2012,chicago,31,1000+,2,2700.0,2
2012,chicago,31,250-499,18,5790.0,16
2012,chicago,31,50-99,37,2358.0,35
2012,chicago,31,500-999,12,7550.0,12
2012,chicago,31,unknown,1,0.0,0
2012,chicago,32,1-9,473,1816.0,356
2012,chicago,32,10-49,229,4402.0,201
2012,chicago,32,100-249,27,3808.0,27
2012,chicago,32,1000+,1,1700.0,1
2012,chicago,32,250-499,8,2844.0,8
2012,chicago,32,50-99,53,3275.0,53
2012,chicago,32,500-999,4,2625.0,4
2012,chicago,32,unknown,5,0.0,0
2012,chicago,33,1-9,871,3311.0,687
2012,chicago,33,10-49,515,10464.0,458
2012,chicago,33,100-249,71,10012.0,71
2012,chicago,33,1000+,2,3112.0,2
2012,chicago,33,250-499,9,3336.0,9
2012,chicago,33,50-99,99,6330.0,99
2012,chicago,33,500-999,7,4100.0,7
2012,chicago,33,unknown,7,0.0,0
2012,chicago,42,1-9,1600,6200.0,1016
2012,chicago,42,10-49,400,7504.0,379
2012,chicago,42,100-249,35,4534.0,35
2012,chicago,42,1000+,1,1200.0,1
2012,chicago,42,250-499,8,2390.0,8
2012,chicago,42,50-99,74,4740.0,74
2012,chicago,42,500-999,1,500.0,1
2012,chicago,42,unknown,12,0.0,0
2012,chicago,44,1-9,8036,27673.0,4818
2012,chicago,44,10-49,1337,24629.0,1012
2012,chicago,44,100-249,123,18534.0,100
2012,chicago,44,250-499,32,10023.0,32
2012,chicago,44,50-99,132,8380.0,128
2012,chicago,44,500-999,4,2150.0,4
2012,chicago,44,unknown,70,0.0,0
2012,chicago,45,1-9,2956,8489.0,1709
2012,chicago,45,10-49,369,7076.0,323
2012,chicago,45,100-249,37,5419.0,29
2012,chicago,45,1000+,2,2500.0,2
2012,chicago,45,250-499,10,3390.0,8
2012,chicago,45,50-99,72,4580.0,41
2012,chicago,45,500-999,7,4290.0,7
2012,chicago,45,unknown,75,0.0,0
2012,chicago,48,1-9,1242,4251.0,552
2012,chicago,48,10-49,262,5060.0,213
2012,chicago,48,100-249,33,5034.0,33
2012,chicago,48,1000+,5,12120.0,5
2012,chicago,48,250-499,7,2089.0,7
2012,chicago,48,50-99,53,3311.0,53
2012,chicago,48,500-999,6,3730.0,6
2012,chicago,48,unknown,11,0.0,0
2012,chicago,49,1-9,77,303.0,29
2012,chicago,49,10-49,22,484.0,22
2012,chicago,49,100-249,19,2437.0,19
2012,chicago,49,1000+,1,1000.0,1
2012,chicago,49,250-499,1,300.0,1
2012,chicago,49,50-99,15,1012.0,15
2012,chicago,49,500-999,2,1100.0,2
2012,chicago,51,1-9,2082,7981.0,930
2012,chicago,51,10-49,407,7282.0,343
2012,chicago,51,100-249,39,5313.0,39
2012,chicago,51,1000+,6,13804.0,6
2012,chicago,51,250-499,13,3890.0,13
2012,chicago,51,50-99,68,4241.0,66
2012,chicago,51,500-999,5,3351.0,5
2012,chicago,51,unknown,20,0.0,0
2012,chicago,52,1-9,4720,17182.0,2304
2012,chicago,52,10-49,928,16787.0,853
2012,chicago,52,100-249,110,15404.0,110
2012,chicago,52,1000+,12,27902.0,12
2012,chicago,52,250-499,21,6945.0,21
2012,chicago,52,50-99,160,10089.0,160
2012,chicago,52,500-999,11,6965.0,11
2012,chicago,52,unknown,1225,0.0,0
2012,chicago,53,1-9,4539,18217.0,2076
2012,chicago,53,10-49,760,13073.0,738
2012,chicago,53,100-249,43,6408.0,43
2012,chicago,53,1000+,2,3000.0,2
2012,chicago,53,250-499,12,3841.0,12
2012,chicago,53,50-99,63,3905.0,63
2012,chicago,53,500-999,6,3400.0,6
2012,chicago,53,unknown,206,0.0,0
2012,chicago,54,1-9,21907,55959.0,5108
2012,chicago,54,10-49,1752,32421.0,1620
2012,chicago,54,100-249,152,21350.0,152
2012,chicago,54,1000+,23,36855.0,23
2012,chicago,54,250-499,40,13027.0,40
2012,chicago,54,50-99,243,15506.0,243
2012,chicago,54,500-999,28,17004.0,28
2012,chicago,54,unknown,123,0.0,0
2012,chicago,55,1-9,64,328.0,16
2012,chicago,55,10-49,10,237.0,9
2012,chicago,55,100-249,1,125.0,1
2012,chicago,55,1000+,3,10000.0,3
2012,chicago,55,250-499,1,300.0,1
2012,chicago,55,50-99,3,200.0,3
2012,chicago,55,500-999,2,1001.0,2
2012,chicago,55,unknown,13,0.0,0
2012,chicago,56,1-9,2978,9308.0,1481
2012,chicago,56,10-49,466,8387.0,418
2012,chicago,56,100-249,55,7831.0,55
2012,chicago,56,1000+,4,8600.0,4
2012,chicago,56,250-499,10,2976.0,10
2012,chicago,56,50-99,60,3626.0,60
2012,chicago,56,500-999,3,1700.0,3
2012,chicago,56,unknown,26,0.0,0
2012,chicago,61,1-9,1029,3863.0,539
2012,chicago,61,10-49,954,27297.0,625
2012,chicago,61,100-249,169,22642.0,163
2012,chicago,61,1000+,9,32250.0,9
2012,chicago,61,250-499,17,4994.0,17
2012,chicago,61,50-99,475,31576.0,415
2012,chicago,61,500-999,17,11117.0,17
2012,chicago,61,unknown,3,0.0,0
2012,chicago,62,1-9,18356,65368.0,2997
2012,chicago,62,10-49,1596,27878.0,1256
2012,chicago,62,100-249,121,16511.0,116
2012,chicago,62,1000+,21,70601.0,21
2012,chicago,62,250-499,30,9188.0,30
2012,chicago,62,50-99,204,14706.0,150
2012,chicago,62,500-999,18,12575.0,18
2012,chicago,62,unknown,1549,0.0,0
2012,chicago,71,1-9,1148,3569.0,581
2012,chicago,71,10-49,244,4168.0,202
2012,chicago,71,100-249,22,2934.0,22
2012,chicago,71,1000+,5,9300.0,5
2012,chicago,71,250-499,11,3085.0,11
2012,chicago,71,50-99,37,2340.0,37
2012,chicago,71,500-999,2,1275.0,2
2012,chicago,71,unknown,4,0.0,0
2012,chicago,72,1-9,3536,15051.0,2955
2012,chicago,72,10-49,4135,64620.0,1688
2012,chicago,72,100-249,125,16922.0,115
2012,chicago,72,1000+,3,3699.0,3
2012,chicago,72,250-499,34,10847.0,27
2012,chicago,72,50-99,287,18225.0,269
2012,chicago,72,500-999,8,4850.0,8
2012,chicago,72,unknown,17,0.0,0
2012,chicago,81,1-9,11512,35005.0,7137
2012,chicago,81,10-49,1118,19353.0,1109
2012,chicago,81,100-249,60,8122.0,60
2012,chicago,81,1000+,1,1000.0,1
2012,chicago,81,250-499,11,3695.0,11
2012,chicago,81,50-99,113,7090.0,113
2012,chicago,81,500-999,6,3951.0,6
2012,chicago,81,unknown,46,0.0,0
2012,chicago,92,1-9,524,2401.0,265
2012,chicago,92,10-49,399,8319.0,299
2012,chicago,92,100-249,84,12617.0,84
2012,chicago,92,1000+,8,15100.0,8
2012,chicago,92,250-499,41,13267.0,41
2012,chicago,92,50-99,76,4855.0,76
2012,chicago,92,500-999,17,11117.0,17
2012,chicago,92,unknown,1,0.0,0
2012,chicago,99,1-9,3158,9460.0,266
2012,chicago,99,10-49,78,1617.0,78
2012,chicago,99,100-249,5,600.0,5
2012,chicago,99,250-499,2,700.0,2
2012,chicago,99,50-99,12,799.0,12
2012,chicago,99,unknown,2,0.0,0
2012,chicago,,1-9,70,265.0,25
2012,chicago,,10-49,10,195.0,10
2012,chicago,,100-249,1,126.0,1
2012,chicago,,1000+,1,1100.0,1
2012,chicago,,50-99,5,320.0,5
2012,cook_ex_chicago,11,1-9,76,255.0,29
2012,cook_ex_chicago,11,10-49,17,293.0,8
2012,cook_ex_chicago,11,50-99,2,102.0,2
2012,cook_ex_chicago,21,1-9,35,149.0,11
2012,cook_ex_chicago,21,10-49,7,96.0,3
2012,cook_ex_chicago,21,50-99,3,185.0,3
2012,cook_ex_chicago,21,unknown,1,0.0,0
2012,cook_ex_chicago,22,1-9,74,373.0,43
2012,cook_ex_chicago,22,10-49,29,558.0,23
2012,cook_ex_chicago,22,100-249,1,225.0,1
2012,cook_ex_chicago,22,250-499,1,350.0,1
2012,cook_ex_chicago,22,50-99,6,340.0,6
2012,cook_ex_chicago,23,1-9,6513,22353.0,2636
2012,cook_ex_chicago,23,10-49,1105,19100.0,954
2012,cook_ex_chicago,23,100-249,53,6714.0,53
2012,cook_ex_chicago,23,1000+,1,6000.0,1
2012,cook_ex_chicago,23,250-499,9,2900.0,9
2012,cook_ex_chicago,23,50-99,107,6595.0,107
2012,cook_ex_chicago,23,500-999,3,1900.0,3
2012,cook_ex_chicago,23,unknown,25,0.0,0
2012,cook_ex_chicago,31,1-9,348,1436.0,196
2012,cook_ex_chicago,31,10-49,107,2077.0,100
2012,cook_ex_chicago,31,100-249,19,2502.0,19
2012,cook_ex_chicago,31,1000+,2,2400.0,2
2012,cook_ex_chicago,31,250-499,8,2725.0,8
2012,cook_ex_chicago,31,50-99,38,2440.0,36
2012,cook_ex_chicago,31,500-999,7,4250.0,7
2012,cook_ex_chicago,31,unknown,3,0.0,0
2012,cook_ex_chicago,32,1-9,711,2752.0,538
2012,cook_ex_chicago,32,10-49,334,6538.0,285
2012,cook_ex_chicago,32,100-249,69,8931.0,69
2012,cook_ex_chicago,32,1000+,4,7340.0,4
2012,cook_ex_chicago,32,250-499,13,4230.0,13
2012,cook_ex_chicago,32,50-99,93,6075.0,91
2012,cook_ex_chicago,32,500-999,3,1670.0,3
2012,cook_ex_chicago,32,unknown,9,0.0,0
2012,cook_ex_chicago,33,1-9,1603,6511.0,1156
2012,cook_ex_chicago,33,10-49,938,19311.0,788
2012,cook_ex_chicago,33,100-249,123,15765.0,123
2012,cook_ex_chicago,33,1000+,11,19140.0,11
2012,cook_ex_chicago,33,250-499,32,10456.0,32
2012,cook_ex_chicago,33,50-99,186,12091.0,186
2012,cook_ex_chicago,33,500-999,14,9036.0,14
2012,cook_ex_chicago,33,unknown,28,0.0,0
2012,cook_ex_chicago,42,1-9,3765,15818.0,1995
2012,cook_ex_chicago,42,10-49,1013,18458.0,935
2012,cook_ex_chicago,42,100-249,91,12518.0,91
2012,cook_ex_chicago,42,1000+,1,1000.0,1
2012,cook_ex_chicago,42,250-499,24,7017.0,24
2012,cook_ex_chicago,42,50-99,151,8991.0,151
2012,cook_ex_chicago,42,500-999,13,8180.0,13
2012,cook_ex_chicago,42,unknown,23,0.0,0
2012,cook_ex_chicago,44,1-9,7769,28937.0,4236
2012,cook_ex_chicago,44,10-49,1907,37291.0,1429
2012,cook_ex_chicago,44,100-249,213,31882.0,174
2012,cook_ex_chicago,44,1000+,3,3100.0,3
2012,cook_ex_chicago,44,250-499,36,10677.0,34
2012,cook_ex_chicago,44,50-99,227,14382.0,216
2012,cook_ex_chicago,44,500-999,6,3902.0,6
2012,cook_ex_chicago,44,unknown,17,0.0,0
2012,cook_ex_chicago,45,1-9,2822,8340.0,1548
2012,cook_ex_chicago,45,10-49,581,11387.0,477
2012,cook_ex_chicago,45,100-249,94,14979.0,75
2012,cook_ex_chicago,45,1000+,3,13800.0,3
2012,cook_ex_chicago,45,250-499,36,11159.0,34
2012,cook_ex_chicago,45,50-99,112,7134.0,65
2012,cook_ex_chicago,45,500-999,3,1650.0,3
2012,cook_ex_chicago,45,unknown,113,0.0,0
2012,cook_ex_chicago,48,1-9,2351,7933.0,1063
2012,cook_ex_chicago,48,10-49,401,7259.0,338
2012,cook_ex_chicago,48,100-249,55,7917.0,55
2012,cook_ex_chicago,48,250-499,8,2400.0,8
2012,cook_ex_chicago,48,50-99,72,4462.0,72
2012,cook_ex_chicago,48,500-999,3,1700.0,3
2012,cook_ex_chicago,48,unknown,9,0.0,0
2012,cook_ex_chicago,49,1-9,129,529.0,59
2012,cook_ex_chicago,49,10-49,41,854.0,36
2012,cook_ex_chicago,49,100-249,18,2657.0,18
2012,cook_ex_chicago,49,250-499,3,870.0,3
2012,cook_ex_chicago,49,50-99,21,1474.0,21
2012,cook_ex_chicago,49,unknown,1,0.0,0
2012,cook_ex_chicago,51,1-9,1596,6120.0,672
2012,cook_ex_chicago,51,10-49,289,5727.0,238
2012,cook_ex_chicago,51,100-249,31,4508.0,31
2012,cook_ex_chicago,51,1000+,1,1000.0,1
2012,cook_ex_chicago,51,250-499,11,3420.0,11
2012,cook_ex_chicago,51,50-99,57,3478.0,46
2012,cook_ex_chicago,51,500-999,9,5172.0,9
2012,cook_ex_chicago,51,unknown,10,0.0,0
2012,cook_ex_chicago,52,1-9,5648,19716.0,2755
2012,cook_ex_chicago,52,10-49,823,14873.0,772
2012,cook_ex_chicago,52,100-249,47,7138.0,47
2012,cook_ex_chicago,52,1000+,7,30500.0,7
2012,cook_ex_chicago,52,250-499,8,2476.0,8
2012,cook_ex_chicago,52,50-99,99,6450.0,99
2012,cook_ex_chicago,52,500-999,1,600.0,1
2012,cook_ex_chicago,52,unknown,1466,0.0,0
2012,cook_ex_chicago,53,1-9,3900,15820.0,1633
2012,cook_ex_chicago,53,10-49,442,8608.0,409
2012,cook_ex_chicago,53,100-249,24,2832.0,24
2012,cook_ex_chicago,53,250-499,1,275.0,1
2012,cook_ex_chicago,53,50-99,75,4697.0,75
2012,cook_ex_chicago,53,500-999,1,600.0,1
2012,cook_ex_chicago,53,unknown,277,0.0,0
2012,cook_ex_chicago,54,1-9,10258,31458.0,4665
2012,cook_ex_chicago,54,10-49,1129,18973.0,1005
2012,cook_ex_chicago,54,100-249,79,10695.0,79
2012,cook_ex_chicago,54,1000+,1,2000.0,1
2012,cook_ex_chicago,54,250-499,21,6684.0,21
2012,cook_ex_chicago,54,50-99,124,7598.0,124
2012,cook_ex_chicago,54,500-999,7,4200.0,7
2012,cook_ex_chicago,54,unknown,144,0.0,0
2012,cook_ex_chicago,55,1-9,60,305.0,14
2012,cook_ex_chicago,55,10-49,15,368.0,12
2012,cook_ex_chicago,55,100-249,6,738.0,6
2012,cook_ex_chicago,55,250-499,2,675.0,2
2012,cook_ex_chicago,55,50-99,5,280.0,5
2012,cook_ex_chicago,55,unknown,7,0.0,0
2012,cook_ex_chicago,56,1-9,3660,11145.0,1709
2012,cook_ex_chicago,56,10-49,645,11265.0,569
2012,cook_ex_chicago,56,100-249,42,5449.0,42
2012,cook_ex_chicago,56,1000+,3,5500.0,3
2012,cook_ex_chicago,56,250-499,13,4240.0,13
2012,cook_ex_chicago,56,50-99,91,5347.0,89
2012,cook_ex_chicago,56,500-999,3,1875.0,3
2012,cook_ex_chicago,56,unknown,10,0.0,0
2012,cook_ex_chicago,61,1-9,994,3602.0,522
2012,cook_ex_chicago,61,10-49,1009,28278.0,598
2012,cook_ex_chicago,61,100-249,125,16938.0,116
2012,cook_ex_chicago,61,1000+,5,5600.0,5
2012,cook_ex_chicago,61,250-499,39,12562.0,39
2012,cook_ex_chicago,61,50-99,510,33555.0,433
2012,cook_ex_chicago,61,500-999,10,6230.0,10
2012,cook_ex_chicago,61,unknown,6,0.0,0
2012,cook_ex_chicago,62,1-9,18524,68262.0,3322
2012,cook_ex_chicago,62,10-49,2198,37180.0,1570
2012,cook_ex_chicago,62,100-249,141,20582.0,139
2012,cook_ex_chicago,62,1000+,19,44700.0,19
2012,cook_ex_chicago,62,250-499,51,15738.0,35
2012,cook_ex_chicago,62,50-99,232,16283.0,169
2012,cook_ex_chicago,62,500-999,11,8157.0,11
2012,cook_ex_chicago,62,unknown,1634,0.0,0
2012,cook_ex_chicago,71,1-9,1093,3307.0,503
2012,cook_ex_chicago,71,10-49,374,7104.0,275
2012,cook_ex_chicago,71,100-249,48,6235.0,48
2012,cook_ex_chicago,71,250-499,4,1303.0,4
2012,cook_ex_chicago,71,50-99,80,4978.0,80
2012,cook_ex_chicago,71,500-999,6,3745.0,6
2012,cook_ex_chicago,71,unknown,5,0.0,0
2012,cook_ex_chicago,72,1-9,2474,10830.0,2064
2012,cook_ex_chicago,72,10-49,3286,55029.0,1687
2012,cook_ex_chicago,72,100-249,94,12533.0,86
2012,cook_ex_chicago,72,1000+,1,1200.0,1
2012,cook_ex_chicago,72,250-499,19,5954.0,13
2012,cook_ex_chicago,72,50-99,309,19718.0,277
2012,cook_ex_chicago,72,500-999,2,1330.0,2
2012,cook_ex_chicago,72,unknown,6,0.0,0
2012,cook_ex_chicago,81,1-9,10419,31305.0,6361
2012,cook_ex_chicago,81,10-49,1152,19791.0,1120
2012,cook_ex_chicago,81,100-249,51,7177.0,51
2012,cook_ex_chicago,81,1000+,2,2650.0,2
2012,cook_ex_chicago,81,250-499,12,3866.0,12
2012,cook_ex_chicago,81,50-99,84,5272.0,84
2012,cook_ex_chicago,81,500-999,5,3349.0,5
2012,cook_ex_chicago,81,unknown,50,0.0,0
2012,cook_ex_chicago,92,1-9,771,3230.0,445
2012,cook_ex_chicago,92,10-49,425,9764.0,366
2012,cook_ex_chicago,92,100-249,76,10498.0,76
2012,cook_ex_chicago,92,250-499,15,5275.0,15
2012,cook_ex_chicago,92,50-99,123,7647.0,123
2012,cook_ex_chicago,92,500-999,6,3315.0,6
2012,cook_ex_chicago,99,1-9,2286,6807.0,167
2012,cook_ex_chicago,99,10-49,34,654.0,34
2012,cook_ex_chicago,99,100-249,3,300.0,3
2012,cook_ex_chicago,99,50-99,12,829.0,12
2012,cook_ex_chicago,99,500-999,1,500.0,1
2012,cook_ex_chicago,99,unknown,2,0.0,0
2012,cook_ex_chicago,,1-9,87,376.0,36
2012,cook_ex_chicago,,10-49,16,254.0,16
2012,cook_ex_chicago,,50-99,1,50.0,1
2012,il_ex_msa,11,1-9,4179,11136.0,2588
2012,il_ex_msa,11,10-49,164,2584.0,134
2012,il_ex_msa,11,100-249,6,705.0,6
2012,il_ex_msa,11,250-499,2,500.0,2
2012,il_ex_msa,11,50-99,14,795.0,14
2012,il_ex_msa,11,500-999,2,1000.0,2
2012,il_ex_msa,21,1-9,241,799.0,160
2012,il_ex_msa,21,10-49,107,2170.0,71
2012,il_ex_msa,21,100-249,5,900.0,5
2012,il_ex_msa,21,250-499,2,655.0,2
2012,il_ex_msa,21,50-99,3,214.0,3
2012,il_ex_msa,21,unknown,3,0.0,0
2012,il_ex_msa,22,1-9,542,2395.0,341
2012,il_ex_msa,22,10-49,101,1974.0,77
2012,il_ex_msa,22,100-249,5,789.0,5
2012,il_ex_msa,22,250-499,2,560.0,2
2012,il_ex_msa,22,50-99,21,1316.0,21
2012,il_ex_msa,22,500-999,1,530.0,1
2012,il_ex_msa,23,1-9,12951,41000.0,7207
2012,il_ex_msa,23,10-49,1623,27915.0,1427
2012,il_ex_msa,23,100-249,62,8615.0,62
2012,il_ex_msa,23,250-499,13,4172.0,13
2012,il_ex_msa,23,50-99,158,9406.0,158
2012,il_ex_msa,23,500-999,3,1850.0,3
2012,il_ex_msa,23,unknown,23,0.0,0
2012,il_ex_msa,31,1-9,623,2360.0,358
2012,il_ex_msa,31,10-49,170,3259.0,160
2012,il_ex_msa,31,100-249,30,4066.0,30
2012,il_ex_msa,31,1000+,6,12500.0,6
2012,il_ex_msa,31,250-499,15,4650.0,15
2012,il_ex_msa,31,50-99,50,3307.0,46
2012,il_ex_msa,31,500-999,5,3050.0,5
2012,il_ex_msa,31,unknown,3,0.0,0
2012,il_ex_msa,32,1-9,1060,4004.0,868
2012,il_ex_msa,32,10-49,399,8241.0,366
2012,il_ex_msa,32,100-249,72,10438.0,72
2012,il_ex_msa,32,1000+,2,2100.0,2
2012,il_ex_msa,32,250-499,17,5741.0,17
2012,il_ex_msa,32,50-99,90,5673.0,90
2012,il_ex_msa,32,500-999,9,6504.0,9
2012,il_ex_msa,32,unknown,7,0.0,0
2012,il_ex_msa,33,1-9,2183,7856.0,1735
2012,il_ex_msa,33,10-49,909,17999.0,793
2012,il_ex_msa,33,100-249,163,23085.0,163
2012,il_ex_msa,33,1000+,10,23852.0,10
2012,il_ex_msa,33,250-499,49,16193.0,49
2012,il_ex_msa,33,50-99,207,13341.0,207
2012,il_ex_msa,33,500-999,26,17160.0,26
2012,il_ex_msa,33,unknown,16,0.0,0
2012,il_ex_msa,42,1-9,5108,19909.0,3475
2012,il_ex_msa,42,10-49,1348,25043.0,1314
2012,il_ex_msa,42,100-249,93,12294.0,93
2012,il_ex_msa,42,1000+,2,2900.0,2
2012,il_ex_msa,42,250-499,25,7913.0,25
2012,il_ex_msa,42,50-99,150,9612.0,150
2012,il_ex_msa,42,500-999,16,10503.0,16
2012,il_ex_msa,42,unknown,11,0.0,0
2012,il_ex_msa,44,1-9,13412,50392.0,9316
2012,il_ex_msa,44,10-49,3330,60102.0,2821
2012,il_ex_msa,44,100-249,220,30328.0,202
2012,il_ex_msa,44,1000+,1,2600.0,1
2012,il_ex_msa,44,250-499,32,10225.0,28
2012,il_ex_msa,44,50-99,346,23334.0,310
2012,il_ex_msa,44,500-999,7,4490.0,7
2012,il_ex_msa,44,unknown,20,0.0,0
2012,il_ex_msa,45,1-9,6356,18284.0,4330
2012,il_ex_msa,45,10-49,793,14724.0,685
2012,il_ex_msa,45,100-249,141,20335.0,118
2012,il_ex_msa,45,250-499,50,16786.0,50
2012,il_ex_msa,45,50-99,171,11415.0,114
2012,il_ex_msa,45,500-999,6,3549.0,6
2012,il_ex_msa,45,unknown,144,0.0,0
2012,il_ex_msa,48,1-9,3413,11705.0,1780
2012,il_ex_msa,48,10-49,689,12965.0,602
2012,il_ex_msa,48,100-249,51,6822.0,51
2012,il_ex_msa,48,250-499,16,5191.0,16
2012,il_ex_msa,48,50-99,109,7042.0,109
2012,il_ex_msa,48,500-999,5,3050.0,5
2012,il_ex_msa,48,unknown,8,0.0,0
2012,il_ex_msa,49,1-9,1461,5494.0,1221
2012,il_ex_msa,49,10-49,273,4840.0,267
2012,il_ex_msa,49,100-249,11,1626.0,11
2012,il_ex_msa,49,250-499,2,650.0,2
2012,il_ex_msa,49,50-99,30,2028.0,30
2012,il_ex_msa,49,500-999,3,2150.0,3
2012,il_ex_msa,49,unknown,4,0.0,0
2012,il_ex_msa,51,1-9,2625,10725.0,1493
2012,il_ex_msa,51,10-49,610,10988.0,492
2012,il_ex_msa,51,100-249,39,5115.0,39
2012,il_ex_msa,51,1000+,1,5000.0,1
2012,il_ex_msa,51,250-499,9,2850.0,9
2012,il_ex_msa,51,50-99,105,6712.0,87
2012,il_ex_msa,51,500-999,4,2703.0,4
2012,il_ex_msa,51,unknown,10,0.0,0
2012,il_ex_msa,52,1-9,9485,30420.0,5956
2012,il_ex_msa,52,10-49,1199,20959.0,1171
2012,il_ex_msa,52,100-249,38,5351.0,38
2012,il_ex_msa,52,1000+,9,40179.0,9
2012,il_ex_msa,52,250-499,13,4247.0,13
2012,il_ex_msa,52,50-99,128,7859.0,128
2012,il_ex_msa,52,500-999,9,5606.0,9
2012,il_ex_msa,52,unknown,3461,0.0,0
2012,il_ex_msa,53,1-9,6946,19632.0,3951
2012,il_ex_msa,53,10-49,623,10560.0,575
2012,il_ex_msa,53,100-249,21,2620.0,21
2012,il_ex_msa,53,250-499,3,950.0,3
2012,il_ex_msa,53,50-99,44,2876.0,44
2012,il_ex_msa,53,unknown,521,0.0,0
2012,il_ex_msa,54,1-9,14435,41826.0,5984
2012,il_ex_msa,54,10-49,1327,23258.0,1220
2012,il_ex_msa,54,100-249,42,6104.0,42
2012,il_ex_msa,54,1000+,4,6732.0,4
2012,il_ex_msa,54,250-499,12,4064.0,12
2012,il_ex_msa,54,50-99,108,6815.0,108
2012,il_ex_msa,54,500-999,5,3450.0,5
2012,il_ex_msa,54,unknown,241,0.0,0
2012,il_ex_msa,55,1-9,78,354.0,51
2012,il_ex_msa,55,10-49,75,1886.0,65
2012,il_ex_msa,55,100-249,7,914.0,7
2012,il_ex_msa,55,250-499,1,350.0,1
2012,il_ex_msa,55,50-99,16,955.0,16
2012,il_ex_msa,55,unknown,33,0.0,0
2012,il_ex_msa,56,1-9,5635,15561.0,3144
2012,il_ex_msa,56,10-49,719,13161.0,571
2012,il_ex_msa,56,100-249,40,5840.0,40
2012,il_ex_msa,56,250-499,14,4352.0,14
2012,il_ex_msa,56,50-99,77,4651.0,73
2012,il_ex_msa,56,500-999,4,2950.0,4
2012,il_ex_msa,56,unknown,13,0.0,0
2012,il_ex_msa,61,1-9,1596,5777.0,1188
2012,il_ex_msa,61,10-49,2252,63437.0,1715
2012,il_ex_msa,61,100-249,238,32483.0,213
2012,il_ex_msa,61,1000+,6,22859.0,6
2012,il_ex_msa,61,250-499,27,8434.0,27
2012,il_ex_msa,61,50-99,958,60862.0,774
2012,il_ex_msa,61,500-999,13,8170.0,13
2012,il_ex_msa,61,unknown,5,0.0,0
2012,il_ex_msa,62,1-9,22856,84634.0,5284
2012,il_ex_msa,62,10-49,3523,63248.0,2752
2012,il_ex_msa,62,100-249,349,47583.0,341
2012,il_ex_msa,62,1000+,36,72359.0,36
2012,il_ex_msa,62,250-499,89,28051.0,67
2012,il_ex_msa,62,50-99,547,38744.0,460
2012,il_ex_msa,62,500-999,31,21679.0,31
2012,il_ex_msa,62,unknown,3255,0.0,0
2012,il_ex_msa,71,1-9,2648,8523.0,1647
2012,il_ex_msa,71,10-49,693,12977.0,561
2012,il_ex_msa,71,100-249,43,5981.0,43
2012,il_ex_msa,71,1000+,2,2100.0,2
2012,il_ex_msa,71,250-499,9,3075.0,9
2012,il_ex_msa,71,50-99,79,4860.0,79
2012,il_ex_msa,71,500-999,3,1900.0,3
2012,il_ex_msa,71,unknown,3,0.0,0
2012,il_ex_msa,72,1-9,5995,24794.0,4637
2012,il_ex_msa,72,10-49,5231,94454.0,3609
2012,il_ex_msa,72,100-249,123,15294.0,119
2012,il_ex_msa,72,1000+,1,1100.0,1
2012,il_ex_msa,72,250-499,7,2170.0,6
2012,il_ex_msa,72,50-99,516,32584.0,490
2012,il_ex_msa,72,unknown,3,0.0,0
2012,il_ex_msa,81,1-9,25072,69115.0,18036
2012,il_ex_msa,81,10-49,1600,27186.0,1568
2012,il_ex_msa,81,100-249,79,11361.0,79
2012,il_ex_msa,81,1000+,2,4200.0,2
2012,il_ex_msa,81,250-499,11,3504.0,11
2012,il_ex_msa,81,50-99,149,9382.0,149
2012,il_ex_msa,81,500-999,4,2437.0,4
2012,il_ex_msa,81,unknown,84,0.0,0
2012,il_ex_msa,92,1-9,6876,25808.0,5063
2012,il_ex_msa,92,10-49,3125,61464.0,1971
2012,il_ex_msa,92,100-249,109,16040.0,109
2012,il_ex_msa,92,1000+,10,26880.0,10
2012,il_ex_msa,92,250-499,49,16283.0,49
2012,il_ex_msa,92,50-99,270,17246.0,270
2012,il_ex_msa,92,500-999,10,6029.0,10
2012,il_ex_msa,92,unknown,4,0.0,0
2012,il_ex_msa,99,1-9,3596,10670.0,258
2012,il_ex_msa,99,10-49,36,698.0,36
2012,il_ex_msa,99,100-249,7,1230.0,7
2012,il_ex_msa,99,1000+,2,6500.0,2
2012,il_ex_msa,99,250-499,1,400.0,1
2012,il_ex_msa,99,50-99,6,355.0,6
2012,il_ex_msa,99,500-999,1,900.0,1
2012,il_ex_msa,99,unknown,1,0.0,0
2012,il_ex_msa,,1-9,107,386.0,71
2012,il_ex_msa,,10-49,11,175.0,11
2012,il_ex_msa,,50-99,1,80.0,1
2012,il_ex_msa,,500-999,1,500.0,1
2012,il_ex_msa,,unknown,2,0.0,0
2012,msa_ex_cook,11,1-9,458,1305.0,247
2012,msa_ex_cook,11,10-49,41,717.0,35
2012,msa_ex_cook,11,100-249,2,360.0,2
2012,msa_ex_cook,11,50-99,6,375.0,6
2012,msa_ex_cook,11,500-999,1,800.0,1
2012,msa_ex_cook,21,1-9,44,169.0,27
2012,msa_ex_cook,21,10-49,26,492.0,16
2012,msa_ex_cook,21,100-249,1,100.0,1
2012,msa_ex_cook,21,500-999,1,600.0,1
2012,msa_ex_cook,21,unknown,1,0.0,0
2012,msa_ex_cook,22,1-9,153,828.0,64
2012,msa_ex_cook,22,10-49,54,953.0,38
2012,msa_ex_cook,22,100-249,2,340.0,2
2012,msa_ex_cook,22,250-499,1,250.0,1
2012,msa_ex_cook,22,50-99,6,360.0,6
2012,msa_ex_cook,22,500-999,1,700.0,1
2012,msa_ex_cook,22,unknown,4,0.0,0
2012,msa_ex_cook,23,1-9,11545,37779.0,5241
2012,msa_ex_cook,23,10-49,1670,28159.0,1436
2012,msa_ex_cook,23,100-249,69,9219.0,69
2012,msa_ex_cook,23,1000+,1,1000.0,1
2012,msa_ex_cook,23,250-499,13,3780.0,13
2012,msa_ex_cook,23,50-99,155,9563.0,150
2012,msa_ex_cook,23,500-999,5,3375.0,5
2012,msa_ex_cook,23,unknown,31,0.0,0
2012,msa_ex_cook,31,1-9,436,1620.0,252
2012,msa_ex_cook,31,10-49,130,2560.0,114
2012,msa_ex_cook,31,100-249,26,3711.0,26
2012,msa_ex_cook,31,250-499,8,2805.0,8
2012,msa_ex_cook,31,50-99,28,1734.0,25
2012,msa_ex_cook,31,500-999,2,1000.0,2
2012,msa_ex_cook,31,unknown,4,0.0,0
2012,msa_ex_cook,32,1-9,1171,4601.0,846
2012,msa_ex_cook,32,10-49,495,9625.0,397
2012,msa_ex_cook,32,100-249,103,13941.0,103
2012,msa_ex_cook,32,1000+,5,18400.0,5
2012,msa_ex_cook,32,250-499,30,9307.0,30
2012,msa_ex_cook,32,50-99,124,7878.0,122
2012,msa_ex_cook,32,500-999,6,3830.0,6
2012,msa_ex_cook,32,unknown,19,0.0,0
2012,msa_ex_cook,33,1-9,2407,9205.0,1748
2012,msa_ex_cook,33,10-49,1347,26726.0,1108
2012,msa_ex_cook,33,100-249,214,29544.0,214
2012,msa_ex_cook,33,1000+,13,26303.0,13
2012,msa_ex_cook,33,250-499,51,16526.0,51
2012,msa_ex_cook,33,50-99,267,17249.0,267
2012,msa_ex_cook,33,500-999,19,12250.0,19
2012,msa_ex_cook,33,unknown,35,0.0,0
2012,msa_ex_cook,42,1-9,5633,23109.0,3158
2012,msa_ex_cook,42,10-49,1477,27298.0,1377
2012,msa_ex_cook,42,100-249,128,17697.0,128
2012,msa_ex_cook,42,1000+,5,13900.0,5
2012,msa_ex_cook,42,250-499,34,11010.0,34
2012,msa_ex_cook,42,50-99,230,14627.0,230
2012,msa_ex_cook,42,500-999,16,10454.0,16
2012,msa_ex_cook,42,unknown,32,0.0,0
2012,msa_ex_cook,44,1-9,10198,37571.0,5698
2012,msa_ex_cook,44,10-49,2688,50629.0,2136
2012,msa_ex_cook,44,100-249,282,40033.0,232
2012,msa_ex_cook,44,1000+,3,8900.0,3
2012,msa_ex_cook,44,250-499,57,17897.0,53
2012,msa_ex_cook,44,50-99,282,18378.0,275
2012,msa_ex_cook,44,500-999,14,8400.0,14
2012,msa_ex_cook,44,unknown,43,0.0,0
2012,msa_ex_cook,45,1-9,4507,12822.0,2567
2012,msa_ex_cook,45,10-49,802,14995.0,646
2012,msa_ex_cook,45,100-249,120,18982.0,93
2012,msa_ex_cook,45,1000+,2,2000.0,2
2012,msa_ex_cook,45,250-499,37,11650.0,35
2012,msa_ex_cook,45,50-99,153,9884.0,94
2012,msa_ex_cook,45,500-999,11,6700.0,11
2012,msa_ex_cook,45,unknown,164,0.0,0
2012,msa_ex_cook,48,1-9,2786,9569.0,1331
2012,msa_ex_cook,48,10-49,498,9624.0,454
2012,msa_ex_cook,48,100-249,55,7470.0,55
2012,msa_ex_cook,48,1000+,3,3300.0,3
2012,msa_ex_cook,48,250-499,13,3976.0,13
2012,msa_ex_cook,48,50-99,84,5247.0,84
2012,msa_ex_cook,48,500-999,4,2600.0,4
2012,msa_ex_cook,48,unknown,14,0.0,0
2012,msa_ex_cook,49,1-9,198,836.0,92
2012,msa_ex_cook,49,10-49,91,2094.0,91
2012,msa_ex_cook,49,100-249,16,2276.0,16
2012,msa_ex_cook,49,250-499,3,868.0,3
2012,msa_ex_cook,49,50-99,18,1284.0,18
2012,msa_ex_cook,49,unknown,2,0.0,0
2012,msa_ex_cook,51,1-9,2077,7761.0,942
2012,msa_ex_cook,51,10-49,326,6127.0,263
2012,msa_ex_cook,51,100-249,35,4464.0,35
2012,msa_ex_cook,51,250-499,8,2379.0,8
2012,msa_ex_cook,51,50-99,68,4463.0,64
2012,msa_ex_cook,51,500-999,5,3250.0,5
2012,msa_ex_cook,51,unknown,20,0.0,0
2012,msa_ex_cook,52,1-9,7409,25525.0,3689
2012,msa_ex_cook,52,10-49,1090,19149.0,1034
2012,msa_ex_cook,52,100-249,76,10601.0,76
2012,msa_ex_cook,52,1000+,6,13520.0,6
2012,msa_ex_cook,52,250-499,15,5011.0,15
2012,msa_ex_cook,52,50-99,122,7920.0,122
2012,msa_ex_cook,52,500-999,11,6365.0,11
2012,msa_ex_cook,52,unknown,1896,0.0,0
2012,msa_ex_cook,53,1-9,4916,17949.0,2524
2012,msa_ex_cook,53,10-49,642,12422.0,569
2012,msa_ex_cook,53,100-249,27,3462.0,27
2012,msa_ex_cook,53,1000+,3,3050.0,3
2012,msa_ex_cook,53,250-499,5,1400.0,5
2012,msa_ex_cook,53,50-99,86,5529.0,86
2012,msa_ex_cook,53,500-999,2,1300.0,2
2012,msa_ex_cook,53,unknown,389,0.0,0
2012,msa_ex_cook,54,1-9,14962,45188.0,7101
2012,msa_ex_cook,54,10-49,1568,27140.0,1397
2012,msa_ex_cook,54,100-249,83,11353.0,83
2012,msa_ex_cook,54,1000+,3,6500.0,3
2012,msa_ex_cook,54,250-499,19,5772.0,19
2012,msa_ex_cook,54,50-99,158,9750.0,158
2012,msa_ex_cook,54,500-999,9,5844.0,9
2012,msa_ex_cook,54,unknown,238,0.0,0
2012,msa_ex_cook,55,1-9,86,455.0,24
2012,msa_ex_cook,55,10-49,22,573.0,18
2012,msa_ex_cook,55,100-249,6,819.0,6
2012,msa_ex_cook,55,1000+,1,3000.0,1
2012,msa_ex_cook,55,250-499,1,250.0,1
2012,msa_ex_cook,55,50-99,5,317.0,5
2012,msa_ex_cook,55,unknown,9,0.0,0
2012,msa_ex_cook,56,1-9,6153,18266.0,3104
2012,msa_ex_cook,56,10-49,819,14720.0,741
2012,msa_ex_cook,56,100-249,53,7937.0,53
2012,msa_ex_cook,56,1000+,1,3000.0,1
2012,msa_ex_cook,56,250-499,17,5323.0,17
2012,msa_ex_cook,56,50-99,114,7127.0,112
2012,msa_ex_cook,56,500-999,3,1800.0,3
2012,msa_ex_cook,56,unknown,21,0.0,0
2012,msa_ex_cook,61,1-9,1385,4620.0,777
2012,msa_ex_cook,61,10-49,1152,32814.0,741
2012,msa_ex_cook,61,100-249,184,24256.0,174
2012,msa_ex_cook,61,1000+,6,13399.0,6
2012,msa_ex_cook,61,250-499,44,13971.0,44
2012,msa_ex_cook,61,50-99,712,46845.0,597
2012,msa_ex_cook,61,500-999,12,6823.0,12
2012,msa_ex_cook,61,unknown,6,0.0,0
2012,msa_ex_cook,62,1-9,19412,72710.0,4264
2012,msa_ex_cook,62,10-49,2672,45965.0,2019
2012,msa_ex_cook,62,100-249,163,23279.0,162
2012,msa_ex_cook,62,1000+,21,41940.0,21
2012,msa_ex_cook,62,250-499,35,10610.0,25
2012,msa_ex_cook,62,50-99,260,17861.0,209
2012,msa_ex_cook,62,500-999,8,5500.0,8
2012,msa_ex_cook,62,unknown,1945,0.0,0
2012,msa_ex_cook,71,1-9,1804,5472.0,994
2012,msa_ex_cook,71,10-49,610,10960.0,424
2012,msa_ex_cook,71,100-249,61,8680.0,61
2012,msa_ex_cook,71,1000+,4,7656.0,4
2012,msa_ex_cook,71,250-499,6,1850.0,6
2012,msa_ex_cook,71,50-99,101,6177.0,101
2012,msa_ex_cook,71,500-999,8,4000.0,8
2012,msa_ex_cook,71,unknown,5,0.0,0
2012,msa_ex_cook,72,1-9,2771,12322.0,2317
2012,msa_ex_cook,72,10-49,4290,75378.0,2472
2012,msa_ex_cook,72,100-249,117,15850.0,110
2012,msa_ex_cook,72,1000+,2,4000.0,2
2012,msa_ex_cook,72,250-499,14,4160.0,11
2012,msa_ex_cook,72,50-99,412,26017.0,374
2012,msa_ex_cook,72,500-999,4,2100.0,4
2012,msa_ex_cook,72,unknown,4,0.0,0
2012,msa_ex_cook,81,1-9,13092,39308.0,8342
2012,msa_ex_cook,81,10-49,1399,24094.0,1378
2012,msa_ex_cook,81,100-249,53,6999.0,53
2012,msa_ex_cook,81,250-499,10,3215.0,10
2012,msa_ex_cook,81,50-99,114,6933.0,114
2012,msa_ex_cook,81,500-999,5,2854.0,5
2012,msa_ex_cook,81,unknown,44,0.0,0
2012,msa_ex_cook,92,1-9,1359,5796.0,894
2012,msa_ex_cook,92,10-49,743,15909.0,613
2012,msa_ex_cook,92,100-249,82,11162.0,82
2012,msa_ex_cook,92,1000+,6,11500.0,6
2012,msa_ex_cook,92,250-499,16,5179.0,16
2012,msa_ex_cook,92,50-99,203,13230.0,203
2012,msa_ex_cook,92,500-999,7,5032.0,7
2012,msa_ex_cook,92,unknown,3,0.0,0
2012,msa_ex_cook,99,1-9,3276,9611.0,352
2012,msa_ex_cook,99,10-49,51,916.0,51
2012,msa_ex_cook,99,100-249,8,1105.0,8
2012,msa_ex_cook,99,1000+,1,1600.0,1
2012,msa_ex_cook,99,50-99,16,1038.0,16
2012,msa_ex_cook,99,500-999,2,1000.0,2
2012,msa_ex_cook,99,unknown,4,0.0,0
2012,msa_ex_cook,,1-9,129,548.0,60
2012,msa_ex_cook,,10-49,15,294.0,15
2012,msa_ex_cook,,100-249,2,200.0,2
2012,msa_ex_cook,,250-499,1,300.0,1
2012,msa_ex_cook,,50-99,2,110.0,2
2012,msa_ex_cook,,unknown,3,0.0,0
2013,chicago,11,1-9,33,126.0,12
2013,chicago,11,10-49,5,71.0,1
2013,chicago,11,100-249,1,100.0,1
2013,chicago,21,1-9,24,105.0,8
2013,chicago,21,10-49,6,133.0,2
2013,chicago,22,1-9,30,164.0,10
2013,chicago,22,10-49,17,381.0,6
2013,chicago,22,100-249,2,202.0,2
2013,chicago,22,1000+,3,7500.0,3
2013,chicago,22,250-499,3,1125.0,0
2013,chicago,22,50-99,4,208.0,0
2013,chicago,23,1-9,5027,17258.0,1498
2013,chicago,23,10-49,643,10581.0,496
2013,chicago,23,100-249,29,4235.0,29
2013,chicago,23,1000+,1,1000.0,1
2013,chicago,23,250-499,11,3280.0,11
2013,chicago,23,50-99,71,4238.0,70
2013,chicago,23,500-999,1,700.0,1
2013,chicago,31,1-9,568,2314.0,351
2013,chicago,31,10-49,226,4427.0,198
2013,chicago,31,100-249,24,3589.0,24
2013,chicago,31,1000+,1,1200.0,1
2013,chicago,31,250-499,15,4940.0,13
2013,chicago,31,50-99,34,2107.0,33
2013,chicago,31,500-999,13,8551.0,13
2013,chicago,32,1-9,551,2153.0,352
2013,chicago,32,10-49,232,4556.0,195
2013,chicago,32,100-249,32,4654.0,25
2013,chicago,32,1000+,1,1700.0,1
2013,chicago,32,250-499,11,3673.0,10
2013,chicago,32,50-99,56,3545.0,49
2013,chicago,32,500-999,4,2625.0,4
2013,chicago,32,unknown,1,0.0,0
2013,chicago,33,1-9,1055,4114.0,721
2013,chicago,33,10-49,572,11150.0,460
2013,chicago,33,100-249,79,11333.0,74
2013,chicago,33,1000+,2,2212.0,1
2013,chicago,33,250-499,14,4861.0,13
2013,chicago,33,50-99,96,6116.0,94
2013,chicago,33,500-999,7,4300.0,7
2013,chicago,42,1-9,2308,9195.0,1011
2013,chicago,42,10-49,497,9283.0,411
2013,chicago,42,100-249,43,5830.0,42
2013,chicago,42,1000+,5,6100.0,5
2013,chicago,42,250-499,9,2990.0,9
2013,chicago,42,50-99,92,5727.0,87
2013,chicago,42,500-999,3,1620.0,3
2013,chicago,44,1-9,9061,30602.0,4822
2013,chicago,44,10-49,1385,25402.0,1021
2013,chicago,44,100-249,147,22028.0,102
2013,chicago,44,250-499,32,9923.0,32
2013,chicago,44,50-99,153,9622.0,118
2013,chicago,44,500-999,4,2150.0,4
2013,chicago,44,unknown,101,0.0,0
2013,chicago,45,1-9,3444,10025.0,1771
2013,chicago,45,10-49,381,7129.0,331
2013,chicago,45,100-249,36,5351.0,27
2013,chicago,45,1000+,2,3500.0,2
2013,chicago,45,250-499,11,3753.0,7
2013,chicago,45,50-99,51,3296.0,44
2013,chicago,45,500-999,7,4290.0,7
2013,chicago,45,unknown,69,0.0,0
2013,chicago,48,1-9,1756,6229.0,596
2013,chicago,48,10-49,382,7157.0,223
2013,chicago,48,100-249,36,5428.0,36
2013,chicago,48,1000+,6,14120.0,6
2013,chicago,48,250-499,8,2489.0,8
2013,chicago,48,50-99,63,3957.0,56
2013,chicago,48,500-999,5,3230.0,5
2013,chicago,49,1-9,98,407.0,32
2013,chicago,49,10-49,29,594.0,26
2013,chicago,49,100-249,18,2212.0,18
2013,chicago,49,1000+,1,1000.0,1
2013,chicago,49,250-499,1,300.0,1
2013,chicago,49,50-99,15,1006.0,14
2013,chicago,49,500-999,2,1100.0,2
2013,chicago,51,1-9,2391,9160.0,960
2013,chicago,51,10-49,579,9778.0,338
2013,chicago,51,100-249,45,6514.0,39
2013,chicago,51,1000+,5,10592.0,5
2013,chicago,51,250-499,13,3790.0,13
2013,chicago,51,50-99,84,5264.0,70
2013,chicago,51,500-999,5,3351.0,5
2013,chicago,52,1-9,5768,21277.0,2305
2013,chicago,52,10-49,1165,20834.0,892
2013,chicago,52,100-249,125,17635.0,123
2013,chicago,52,1000+,16,39402.0,16
2013,chicago,52,250-499,26,8488.0,25
2013,chicago,52,50-99,161,10166.0,159
2013,chicago,52,500-999,13,7891.0,12
2013,chicago,52,unknown,976,0.0,0
2013,chicago,53,1-9,5607,19704.0,2149
2013,chicago,53,10-49,817,13993.0,755
2013,chicago,53,100-249,47,6588.0,47
2013,chicago,53,1000+,1,2000.0,1
2013,chicago,53,250-499,15,4821.0,15
2013,chicago,53,50-99,76,4645.0,69
2013,chicago,53,500-999,6,3400.0,6
2013,chicago,53,unknown,404,0.0,0
2013,chicago,54,1-9,24484,65061.0,5279
2013,chicago,54,10-49,1955,36360.0,1689
2013,chicago,54,100-249,154,21773.0,151
2013,chicago,54,1000+,21,34855.0,21
2013,chicago,54,250-499,39,12567.0,38
2013,chicago,54,50-99,275,17586.0,249
2013,chicago,54,500-999,21,13509.0,21
2013,chicago,54,unknown,58,0.0,0
2013,chicago,55,1-9,90,323.0,16
2013,chicago,55,10-49,14,236.0,8
2013,chicago,55,100-249,1,125.0,1
2013,chicago,55,1000+,3,6000.0,3
2013,chicago,55,50-99,2,125.0,2
2013,chicago,55,500-999,2,1100.0,2
2013,chicago,56,1-9,3949,12548.0,1500
2013,chicago,56,10-49,569,10001.0,425
2013,chicago,56,100-249,59,8481.0,58
2013,chicago,56,1000+,3,3600.0,3
2013,chicago,56,250-499,14,4126.0,13
2013,chicago,56,50-99,60,3533.0,58
2013,chicago,56,500-999,4,2200.0,4
2013,chicago,61,1-9,1140,3981.0,539
2013,chicago,61,10-49,1123,23636.0,663
2013,chicago,61,100-249,172,23067.0,172
2013,chicago,61,1000+,8,29250.0,8
2013,chicago,61,250-499,16,4694.0,16
2013,chicago,61,50-99,453,30427.0,427
2013,chicago,61,500-999,17,11117.0,17
2013,chicago,62,1-9,22301,74388.0,3071
2013,chicago,62,10-49,1928,33014.0,1283
2013,chicago,62,100-249,124,16840.0,121
2013,chicago,62,1000+,22,74401.0,22
2013,chicago,62,250-499,31,9635.0,30
2013,chicago,62,50-99,173,11221.0,145
2013,chicago,62,500-999,19,12976.0,19
2013,chicago,62,unknown,1,0.0,0
2013,chicago,71,1-9,1436,4869.0,593
2013,chicago,71,10-49,276,5018.0,215
2013,chicago,71,100-249,23,3120.0,22
2013,chicago,71,1000+,6,10600.0,6
2013,chicago,71,250-499,10,2785.0,10
2013,chicago,71,50-99,41,2523.0,38
2013,chicago,71,500-999,3,1876.0,3
2013,chicago,72,1-9,5971,28864.0,3114
2013,chicago,72,10-49,2828,50068.0,1804
2013,chicago,72,100-249,146,20243.0,119
2013,chicago,72,1000+,3,3699.0,3
2013,chicago,72,250-499,35,11409.0,29
2013,chicago,72,50-99,318,20179.0,286
2013,chicago,72,500-999,12,7551.0,12
2013,chicago,81,1-9,13179,39906.0,7264
2013,chicago,81,10-49,1232,21241.0,1154
2013,chicago,81,100-249,59,7873.0,59
2013,chicago,81,1000+,2,2100.0,2
2013,chicago,81,250-499,16,5060.0,16
2013,chicago,81,50-99,113,7134.0,110
2013,chicago,81,500-999,4,2450.0,4
2013,chicago,92,1-9,541,2736.0,292
2013,chicago,92,10-49,426,9072.0,300
2013,chicago,92,100-249,82,12262.0,82
2013,chicago,92,1000+,8,15100.0,8
2013,chicago,92,250-499,44,14164.0,44
2013,chicago,92,50-99,79,5092.0,72
2013,chicago,92,500-999,17,11027.0,17
2013,chicago,99,1-9,2686,8052.0,161
2013,chicago,99,10-49,129,1898.0,51
2013,chicago,99,100-249,5,550.0,5
2013,chicago,99,250-499,1,400.0,1
2013,chicago,99,50-99,12,758.0,12
2013,chicago,99,500-999,1,500.0,1
2013,chicago,99,unknown,2114,0.0,0
2013,chicago,,1-9,62,240.0,20
2013,chicago,,10-49,5,52.0,2
2013,chicago,,100-249,1,126.0,1
2013,chicago,,1000+,1,1100.0,1
2013,chicago,,50-99,1,80.0,1
2013,cook_ex_chicago,11,1-9,79,245.0,30
2013,cook_ex_chicago,11,10-49,15,284.0,8
2013,cook_ex_chicago,11,50-99,2,102.0,2
2013,cook_ex_chicago,21,1-9,45,203.0,14
2013,cook_ex_chicago,21,10-49,6,86.0,4
2013,cook_ex_chicago,21,50-99,3,185.0,3
2013,cook_ex_chicago,22,1-9,76,337.0,42
2013,cook_ex_chicago,22,10-49,30,633.0,21
2013,cook_ex_chicago,22,100-249,1,225.0,1
2013,cook_ex_chicago,22,250-499,1,350.0,1
2013,cook_ex_chicago,22,50-99,5,275.0,5
2013,cook_ex_chicago,23,1-9,7875,26930.0,2767
2013,cook_ex_chicago,23,10-49,1131,19794.0,968
2013,cook_ex_chicago,23,100-249,53,6734.0,53
2013,cook_ex_chicago,23,1000+,1,6000.0,1
2013,cook_ex_chicago,23,250-499,8,2610.0,8
2013,cook_ex_chicago,23,50-99,113,6826.0,109
2013,cook_ex_chicago,23,500-999,3,1900.0,3
2013,cook_ex_chicago,31,1-9,346,1481.0,185
2013,cook_ex_chicago,31,10-49,119,2215.0,98
2013,cook_ex_chicago,31,100-249,21,2800.0,20
2013,cook_ex_chicago,31,1000+,1,1200.0,1
2013,cook_ex_chicago,31,250-499,8,2388.0,7
2013,cook_ex_chicago,31,50-99,33,2089.0,30
2013,cook_ex_chicago,31,500-999,5,2900.0,5
2013,cook_ex_chicago,32,1-9,778,3197.0,527
2013,cook_ex_chicago,32,10-49,320,6446.0,273
2013,cook_ex_chicago,32,100-249,78,10530.0,72
2013,cook_ex_chicago,32,1000+,2,3940.0,2
2013,cook_ex_chicago,32,250-499,19,6093.0,17
2013,cook_ex_chicago,32,50-99,91,5918.0,84
2013,cook_ex_chicago,32,500-999,2,1170.0,2
2013,cook_ex_chicago,33,1-9,1662,7057.0,1134
2013,cook_ex_chicago,33,10-49,991,20037.0,794
2013,cook_ex_chicago,33,100-249,130,16668.0,120
2013,cook_ex_chicago,33,1000+,13,23812.0,13
2013,cook_ex_chicago,33,250-499,31,10107.0,30
2013,cook_ex_chicago,33,50-99,188,12214.0,184
2013,cook_ex_chicago,33,500-999,17,10287.0,16
2013,cook_ex_chicago,33,unknown,1,0.0,0
2013,cook_ex_chicago,42,1-9,3852,15678.0,1937
2013,cook_ex_chicago,42,10-49,984,18257.0,869
2013,cook_ex_chicago,42,100-249,88,11883.0,85
2013,cook_ex_chicago,42,1000+,3,3200.0,3
2013,cook_ex_chicago,42,250-499,32,9862.0,29
2013,cook_ex_chicago,42,50-99,141,8430.0,133
2013,cook_ex_chicago,42,500-999,16,10229.0,16
2013,cook_ex_chicago,44,1-9,8367,30805.0,4282
2013,cook_ex_chicago,44,10-49,1878,36263.0,1409
2013,cook_ex_chicago,44,100-249,229,33535.0,168
2013,cook_ex_chicago,44,1000+,3,3100.0,3
2013,cook_ex_chicago,44,250-499,34,9917.0,28
2013,cook_ex_chicago,44,50-99,257,16237.0,223
2013,cook_ex_chicago,44,500-999,6,4092.0,6
2013,cook_ex_chicago,44,unknown,46,0.0,0
2013,cook_ex_chicago,45,1-9,3093,9365.0,1558
2013,cook_ex_chicago,45,10-49,609,12077.0,478
2013,cook_ex_chicago,45,100-249,100,16003.0,77
2013,cook_ex_chicago,45,1000+,3,13800.0,3
2013,cook_ex_chicago,45,250-499,38,11809.0,34
2013,cook_ex_chicago,45,50-99,90,5824.0,70
2013,cook_ex_chicago,45,500-999,4,2250.0,4
2013,cook_ex_chicago,45,unknown,108,0.0,0
2013,cook_ex_chicago,48,1-9,2685,9834.0,1119
2013,cook_ex_chicago,48,10-49,527,9299.0,368
2013,cook_ex_chicago,48,100-249,64,9289.0,64
2013,cook_ex_chicago,48,250-499,11,3300.0,11
2013,cook_ex_chicago,48,50-99,87,5373.0,78
2013,cook_ex_chicago,48,500-999,2,1200.0,2
2013,cook_ex_chicago,49,1-9,141,589.0,62
2013,cook_ex_chicago,49,10-49,40,829.0,35
2013,cook_ex_chicago,49,100-249,15,2132.0,15
2013,cook_ex_chicago,49,250-499,3,870.0,3
2013,cook_ex_chicago,49,50-99,20,1443.0,20
2013,cook_ex_chicago,51,1-9,1767,6844.0,709
2013,cook_ex_chicago,51,10-49,332,6254.0,235
2013,cook_ex_chicago,51,100-249,34,4608.0,30
2013,cook_ex_chicago,51,250-499,13,3972.0,12
2013,cook_ex_chicago,51,50-99,57,3416.0,41
2013,cook_ex_chicago,51,500-999,7,4000.0,7
2013,cook_ex_chicago,51,unknown,1,0.0,0
2013,cook_ex_chicago,52,1-9,6284,21375.0,2782
2013,cook_ex_chicago,52,10-49,1020,18163.0,795
2013,cook_ex_chicago,52,100-249,52,7599.0,51
2013,cook_ex_chicago,52,1000+,7,32500.0,7
2013,cook_ex_chicago,52,250-499,9,2900.0,8
2013,cook_ex_chicago,52,50-99,105,6684.0,99
2013,cook_ex_chicago,52,500-999,1,600.0,1
2013,cook_ex_chicago,52,unknown,1228,0.0,0
2013,cook_ex_chicago,53,1-9,4364,14327.0,1694
2013,cook_ex_chicago,53,10-49,488,9152.0,405
2013,cook_ex_chicago,53,100-249,26,3051.0,26
2013,cook_ex_chicago,53,250-499,1,275.0,1
2013,cook_ex_chicago,53,50-99,78,4925.0,73
2013,cook_ex_chicago,53,500-999,1,600.0,1
2013,cook_ex_chicago,53,unknown,275,0.0,0
2013,cook_ex_chicago,54,1-9,11452,34550.0,4726
2013,cook_ex_chicago,54,10-49,1139,19617.0,1013
2013,cook_ex_chicago,54,100-249,84,11745.0,82
2013,cook_ex_chicago,54,1000+,3,13000.0,3
2013,cook_ex_chicago,54,250-499,15,5130.0,15
2013,cook_ex_chicago,54,50-99,128,7855.0,119
2013,cook_ex_chicago,54,500-999,9,5500.0,9
2013,cook_ex_chicago,54,unknown,103,0.0,0
2013,cook_ex_chicago,55,1-9,67,207.0,13
2013,cook_ex_chicago,55,10-49,15,357.0,13
2013,cook_ex_chicago,55,100-249,6,738.0,6
2013,cook_ex_chicago,55,250-499,2,675.0,2
2013,cook_ex_chicago,55,50-99,6,342.0,6
2013,cook_ex_chicago,55,unknown,1,0.0,0
2013,cook_ex_chicago,56,1-9,4187,13732.0,1731
2013,cook_ex_chicago,56,10-49,686,12083.0,547
2013,cook_ex_chicago,56,100-249,54,7031.0,50
2013,cook_ex_chicago,56,1000+,3,5500.0,3
2013,cook_ex_chicago,56,250-499,14,4640.0,14
2013,cook_ex_chicago,56,50-99,110,6323.0,98
2013,cook_ex_chicago,56,500-999,3,1675.0,3
2013,cook_ex_chicago,56,unknown,1,0.0,0
2013,cook_ex_chicago,61,1-9,1078,3541.0,538
2013,cook_ex_chicago,61,10-49,1118,23669.0,605
2013,cook_ex_chicago,61,100-249,111,15579.0,111
2013,cook_ex_chicago,61,1000+,6,10600.0,6
2013,cook_ex_chicago,61,250-499,40,12802.0,40
2013,cook_ex_chicago,61,50-99,480,32025.0,435
2013,cook_ex_chicago,61,500-999,10,6230.0,10
2013,cook_ex_chicago,62,1-9,21338,71591.0,3311
2013,cook_ex_chicago,62,10-49,2357,39506.0,1612
2013,cook_ex_chicago,62,100-249,160,22887.0,150
2013,cook_ex_chicago,62,1000+,18,46200.0,18
2013,cook_ex_chicago,62,250-499,35,10948.0,35
2013,cook_ex_chicago,62,50-99,199,12400.0,172
2013,cook_ex_chicago,62,500-999,11,8257.0,11
2013,cook_ex_chicago,62,unknown,2,0.0,0
2013,cook_ex_chicago,71,1-9,1298,4407.0,533
2013,cook_ex_chicago,71,10-49,392,7935.0,290
2013,cook_ex_chicago,71,100-249,53,6759.0,48
2013,cook_ex_chicago,71,1000+,1,1200.0,1
2013,cook_ex_chicago,71,250-499,5,1583.0,5
2013,cook_ex_chicago,71,50-99,86,5225.0,83
2013,cook_ex_chicago,71,500-999,7,4245.0,7
2013,cook_ex_chicago,72,1-9,3916,19012.0,2186
2013,cook_ex_chicago,72,10-49,2506,47252.0,1793
2013,cook_ex_chicago,72,100-249,112,15555.0,91
2013,cook_ex_chicago,72,1000+,1,1200.0,1
2013,cook_ex_chicago,72,250-499,15,4784.0,15
2013,cook_ex_chicago,72,50-99,332,21328.0,283
2013,cook_ex_chicago,72,500-999,2,1330.0,2
2013,cook_ex_chicago,81,1-9,11242,34204.0,6433
2013,cook_ex_chicago,81,10-49,1211,20338.0,1131
2013,cook_ex_chicago,81,100-249,57,8007.0,56
2013,cook_ex_chicago,81,1000+,1,1450.0,1
2013,cook_ex_chicago,81,250-499,14,4561.0,14
2013,cook_ex_chicago,81,50-99,87,5342.0,86
2013,cook_ex_chicago,81,500-999,5,3449.0,5
2013,cook_ex_chicago,81,unknown,1,0.0,0
2013,cook_ex_chicago,92,1-9,817,3583.0,460
2013,cook_ex_chicago,92,10-49,470,10706.0,379
2013,cook_ex_chicago,92,100-249,73,10120.0,73
2013,cook_ex_chicago,92,1000+,1,1000.0,1
2013,cook_ex_chicago,92,250-499,14,4975.0,14
2013,cook_ex_chicago,92,50-99,126,7931.0,126
2013,cook_ex_chicago,92,500-999,6,3315.0,6
2013,cook_ex_chicago,99,1-9,2106,6280.0,143
2013,cook_ex_chicago,99,10-49,78,969.0,19
2013,cook_ex_chicago,99,100-249,2,200.0,2
2013,cook_ex_chicago,99,50-99,8,554.0,8
2013,cook_ex_chicago,99,500-999,1,500.0,1
2013,cook_ex_chicago,99,unknown,1801,0.0,0
2013,cook_ex_chicago,,1-9,72,283.0,31
2013,cook_ex_chicago,,10-49,10,130.0,9
2013,il_ex_msa,11,1-9,4363,10388.0,2592
2013,il_ex_msa,11,10-49,165,2725.0,151
2013,il_ex_msa,11,100-249,7,981.0,7
2013,il_ex_msa,11,250-499,1,250.0,1
2013,il_ex_msa,11,50-99,16,900.0,16
2013,il_ex_msa,11,500-999,2,1000.0,2
2013,il_ex_msa,21,1-9,286,1102.0,166
2013,il_ex_msa,21,10-49,72,1310.0,62
2013,il_ex_msa,21,100-249,9,1420.0,5
2013,il_ex_msa,21,250-499,2,655.0,2
2013,il_ex_msa,21,50-99,3,214.0,3
2013,il_ex_msa,21,500-999,1,800.0,1
2013,il_ex_msa,22,1-9,486,1943.0,341
2013,il_ex_msa,22,10-49,101,1970.0,75
2013,il_ex_msa,22,100-249,4,599.0,4
2013,il_ex_msa,22,1000+,1,1132.0,1
2013,il_ex_msa,22,250-499,6,2060.0,2
2013,il_ex_msa,22,50-99,83,5031.0,25
2013,il_ex_msa,23,1-9,13976,44368.0,7004
2013,il_ex_msa,23,10-49,1750,29632.0,1403
2013,il_ex_msa,23,100-249,67,9130.0,66
2013,il_ex_msa,23,250-499,11,3647.0,11
2013,il_ex_msa,23,50-99,159,9518.0,156
2013,il_ex_msa,23,500-999,2,1250.0,2
2013,il_ex_msa,31,1-9,601,2417.0,347
2013,il_ex_msa,31,10-49,192,3527.0,160
2013,il_ex_msa,31,100-249,30,4117.0,27
2013,il_ex_msa,31,1000+,5,10900.0,5
2013,il_ex_msa,31,250-499,14,4350.0,14
2013,il_ex_msa,31,50-99,47,3078.0,40
2013,il_ex_msa,31,500-999,4,2500.0,4
2013,il_ex_msa,32,1-9,1063,4001.0,839
2013,il_ex_msa,32,10-49,381,7831.0,342
2013,il_ex_msa,32,100-249,77,10804.0,69
2013,il_ex_msa,32,1000+,2,2100.0,2
2013,il_ex_msa,32,250-499,19,6291.0,19
2013,il_ex_msa,32,50-99,92,5937.0,86
2013,il_ex_msa,32,500-999,8,5650.0,7
2013,il_ex_msa,33,1-9,2231,8378.0,1660
2013,il_ex_msa,33,10-49,850,17110.0,762
2013,il_ex_msa,33,100-249,160,22992.0,149
2013,il_ex_msa,33,1000+,12,26152.0,9
2013,il_ex_msa,33,250-499,47,15488.0,47
2013,il_ex_msa,33,50-99,208,13735.0,201
2013,il_ex_msa,33,500-999,24,15700.0,23
2013,il_ex_msa,42,1-9,4994,19208.0,3250
2013,il_ex_msa,42,10-49,1419,26488.0,1290
2013,il_ex_msa,42,100-249,100,13340.0,95
2013,il_ex_msa,42,1000+,3,4500.0,3
2013,il_ex_msa,42,250-499,28,9213.0,26
2013,il_ex_msa,42,50-99,149,9495.0,148
2013,il_ex_msa,42,500-999,19,12855.0,17
2013,il_ex_msa,44,1-9,13413,50043.0,8906
2013,il_ex_msa,44,10-49,3395,59155.0,2764
2013,il_ex_msa,44,100-249,241,33253.0,188
2013,il_ex_msa,44,1000+,1,1600.0,1
2013,il_ex_msa,44,250-499,31,9425.0,27
2013,il_ex_msa,44,50-99,342,22287.0,304
2013,il_ex_msa,44,500-999,8,5364.0,8
2013,il_ex_msa,44,unknown,22,0.0,0
2013,il_ex_msa,45,1-9,6567,18986.0,4207
2013,il_ex_msa,45,10-49,793,14754.0,657
2013,il_ex_msa,45,100-249,147,20956.0,125
2013,il_ex_msa,45,250-499,65,21955.0,50
2013,il_ex_msa,45,50-99,135,9152.0,114
2013,il_ex_msa,45,500-999,4,2199.0,4
2013,il_ex_msa,45,unknown,137,0.0,0
2013,il_ex_msa,48,1-9,3533,10556.0,1761
2013,il_ex_msa,48,10-49,780,14556.0,589
2013,il_ex_msa,48,100-249,57,7532.0,53
2013,il_ex_msa,48,250-499,15,4920.0,15
2013,il_ex_msa,48,50-99,123,7776.0,111
2013,il_ex_msa,48,500-999,5,3050.0,5
2013,il_ex_msa,49,1-9,1486,5571.0,1218
2013,il_ex_msa,49,10-49,276,4894.0,268
2013,il_ex_msa,49,100-249,11,1556.0,11
2013,il_ex_msa,49,250-499,2,650.0,2
2013,il_ex_msa,49,50-99,30,2003.0,29
2013,il_ex_msa,49,500-999,3,2150.0,3
2013,il_ex_msa,51,1-9,2625,10394.0,1464
2013,il_ex_msa,51,10-49,766,13031.0,484
2013,il_ex_msa,51,100-249,40,5090.0,38
2013,il_ex_msa,51,1000+,1,5000.0,1
2013,il_ex_msa,51,250-499,11,3278.0,10
2013,il_ex_msa,51,50-99,120,7579.0,88
2013,il_ex_msa,51,500-999,5,3203.0,5
2013,il_ex_msa,52,1-9,10070,31947.0,5754
2013,il_ex_msa,52,10-49,1297,22739.0,1156
2013,il_ex_msa,52,100-249,37,5311.0,37
2013,il_ex_msa,52,1000+,9,40179.0,9
2013,il_ex_msa,52,250-499,14,4767.0,14
2013,il_ex_msa,52,50-99,144,8667.0,124
2013,il_ex_msa,52,500-999,8,4633.0,8
2013,il_ex_msa,52,unknown,3266,0.0,0
2013,il_ex_msa,53,1-9,7180,20311.0,3871
2013,il_ex_msa,53,10-49,647,10946.0,560
2013,il_ex_msa,53,100-249,20,2682.0,20
2013,il_ex_msa,53,250-499,3,925.0,3
2013,il_ex_msa,53,50-99,42,2649.0,40
2013,il_ex_msa,53,unknown,584,0.0,0
2013,il_ex_msa,54,1-9,15038,42900.0,5774
2013,il_ex_msa,54,10-49,1288,23104.0,1194
2013,il_ex_msa,54,100-249,50,7280.0,47
2013,il_ex_msa,54,1000+,3,5600.0,3
2013,il_ex_msa,54,250-499,11,3604.0,11
2013,il_ex_msa,54,50-99,118,7381.0,103
2013,il_ex_msa,54,500-999,4,2850.0,4
2013,il_ex_msa,54,unknown,205,0.0,0
2013,il_ex_msa,55,1-9,110,353.0,50
2013,il_ex_msa,55,10-49,72,1736.0,65
2013,il_ex_msa,55,100-249,7,1019.0,7
2013,il_ex_msa,55,250-499,1,350.0,1
2013,il_ex_msa,55,50-99,16,955.0,16
2013,il_ex_msa,55,unknown,6,0.0,0
2013,il_ex_msa,56,1-9,6145,18808.0,3076
2013,il_ex_msa,56,10-49,867,15718.0,569
2013,il_ex_msa,56,100-249,39,5895.0,35
2013,il_ex_msa,56,250-499,11,3452.0,11
2013,il_ex_msa,56,50-99,90,5253.0,64
2013,il_ex_msa,56,500-999,4,2950.0,4
2013,il_ex_msa,61,1-9,1644,5939.0,1166
2013,il_ex_msa,61,10-49,2339,56708.0,1716
2013,il_ex_msa,61,100-249,212,29980.0,211
2013,il_ex_msa,61,1000+,8,26859.0,8
2013,il_ex_msa,61,250-499,26,8046.0,26
2013,il_ex_msa,61,50-99,906,58707.0,769
2013,il_ex_msa,61,500-999,14,8695.0,13
2013,il_ex_msa,62,1-9,27658,90050.0,5135
2013,il_ex_msa,62,10-49,3908,69920.0,2752
2013,il_ex_msa,62,100-249,369,49938.0,356
2013,il_ex_msa,62,1000+,36,71110.0,35
2013,il_ex_msa,62,250-499,64,20848.0,62
2013,il_ex_msa,62,50-99,523,34444.0,461
2013,il_ex_msa,62,500-999,30,20572.0,29
2013,il_ex_msa,62,unknown,9,0.0,0
2013,il_ex_msa,71,1-9,2704,9181.0,1608
2013,il_ex_msa,71,10-49,728,13647.0,546
2013,il_ex_msa,71,100-249,46,6074.0,42
2013,il_ex_msa,71,1000+,3,4100.0,2
2013,il_ex_msa,71,250-499,8,2790.0,8
2013,il_ex_msa,71,50-99,79,4816.0,79
2013,il_ex_msa,71,500-999,3,1900.0,3
2013,il_ex_msa,72,1-9,7133,31577.0,4620
2013,il_ex_msa,72,10-49,4599,88725.0,3672
2013,il_ex_msa,72,100-249,128,15809.0,118
2013,il_ex_msa,72,250-499,6,1810.0,6
2013,il_ex_msa,72,50-99,530,33237.0,490
2013,il_ex_msa,81,1-9,25628,70601.0,17706
2013,il_ex_msa,81,10-49,1661,27993.0,1567
2013,il_ex_msa,81,100-249,68,9535.0,66
2013,il_ex_msa,81,1000+,2,4200.0,2
2013,il_ex_msa,81,250-499,11,3505.0,11
2013,il_ex_msa,81,50-99,143,8999.0,142
2013,il_ex_msa,81,500-999,5,3022.0,5
2013,il_ex_msa,92,1-9,6971,26229.0,4968
2013,il_ex_msa,92,10-49,3228,61382.0,1967
2013,il_ex_msa,92,100-249,110,16436.0,109
2013,il_ex_msa,92,1000+,10,28280.0,9
2013,il_ex_msa,92,250-499,56,18162.0,50
2013,il_ex_msa,92,50-99,276,17570.0,270
2013,il_ex_msa,92,500-999,12,7329.0,12
2013,il_ex_msa,99,1-9,2287,6785.0,201
2013,il_ex_msa,99,10-49,68,926.0,24
2013,il_ex_msa,99,100-249,6,990.0,6
2013,il_ex_msa,99,1000+,1,3500.0,1
2013,il_ex_msa,99,250-499,1,400.0,1
2013,il_ex_msa,99,50-99,6,360.0,6
2013,il_ex_msa,99,unknown,2667,0.0,0
2013,il_ex_msa,,1-9,84,290.0,51
2013,il_ex_msa,,10-49,7,118.0,5
2013,il_ex_msa,,50-99,1,80.0,1
2013,msa_ex_cook,11,1-9,478,1236.0,250
2013,msa_ex_cook,11,10-49,37,706.0,35
2013,msa_ex_cook,11,100-249,2,360.0,2
2013,msa_ex_cook,11,250-499,1,250.0,1
2013,msa_ex_cook,11,50-99,5,315.0,5
2013,msa_ex_cook,11,500-999,1,800.0,1
2013,msa_ex_cook,21,1-9,50,219.0,25
2013,msa_ex_cook,21,10-49,14,246.0,11
2013,msa_ex_cook,21,100-249,1,100.0,1
2013,msa_ex_cook,21,500-999,1,600.0,1
2013,msa_ex_cook,22,1-9,106,464.0,52
2013,msa_ex_cook,22,10-49,60,1137.0,31
2013,msa_ex_cook,22,100-249,1,240.0,1
2013,msa_ex_cook,22,250-499,6,2050.0,2
2013,msa_ex_cook,22,50-99,12,762.0,5
2013,msa_ex_cook,22,500-999,1,700.0,1
2013,msa_ex_cook,23,1-9,13217,42224.0,5265
2013,msa_ex_cook,23,10-49,1732,29500.0,1468
2013,msa_ex_cook,23,100-249,67,9090.0,67
2013,msa_ex_cook,23,1000+,1,1000.0,1
2013,msa_ex_cook,23,250-499,16,4830.0,16
2013,msa_ex_cook,23,50-99,161,9750.0,152
2013,msa_ex_cook,23,500-999,6,3500.0,6
2013,msa_ex_cook,31,1-9,476,1812.0,250
2013,msa_ex_cook,31,10-49,139,2705.0,111
2013,msa_ex_cook,31,100-249,28,4015.0,26
2013,msa_ex_cook,31,1000+,1,1200.0,1
2013,msa_ex_cook,31,250-499,7,2415.0,7
2013,msa_ex_cook,31,50-99,40,2374.0,29
2013,msa_ex_cook,31,500-999,4,2350.0,3
2013,msa_ex_cook,32,1-9,1242,4992.0,843
2013,msa_ex_cook,32,10-49,493,9950.0,401
2013,msa_ex_cook,32,100-249,124,16998.0,113
2013,msa_ex_cook,32,1000+,5,18400.0,5
2013,msa_ex_cook,32,250-499,31,9757.0,30
2013,msa_ex_cook,32,50-99,131,8398.0,117
2013,msa_ex_cook,32,500-999,9,5830.0,9
2013,msa_ex_cook,32,unknown,2,0.0,0
2013,msa_ex_cook,33,1-9,2586,10655.0,1706
2013,msa_ex_cook,33,10-49,1345,26512.0,1100
2013,msa_ex_cook,33,100-249,236,32721.0,213
2013,msa_ex_cook,33,1000+,16,35503.0,16
2013,msa_ex_cook,33,250-499,54,17948.0,49
2013,msa_ex_cook,33,50-99,248,15978.0,241
2013,msa_ex_cook,33,500-999,20,11971.0,18
2013,msa_ex_cook,42,1-9,5613,21928.0,3001
2013,msa_ex_cook,42,10-49,1520,28588.0,1354
2013,msa_ex_cook,42,100-249,137,19680.0,129
2013,msa_ex_cook,42,1000+,6,14900.0,6
2013,msa_ex_cook,42,250-499,32,10357.0,30
2013,msa_ex_cook,42,50-99,225,14263.0,207
2013,msa_ex_cook,42,500-999,17,11284.0,15
2013,msa_ex_cook,42,unknown,2,0.0,0
2013,msa_ex_cook,44,1-9,10599,38392.0,5619
2013,msa_ex_cook,44,10-49,2687,49699.0,2059
2013,msa_ex_cook,44,100-249,301,43363.0,232
2013,msa_ex_cook,44,1000+,3,8900.0,3
2013,msa_ex_cook,44,250-499,62,18447.0,54
2013,msa_ex_cook,44,50-99,326,21094.0,281
2013,msa_ex_cook,44,500-999,14,8500.0,14
2013,msa_ex_cook,44,unknown,39,0.0,0
2013,msa_ex_cook,45,1-9,4778,13728.0,2550
2013,msa_ex_cook,45,10-49,844,16464.0,649
2013,msa_ex_cook,45,100-249,129,20246.0,95
2013,msa_ex_cook,45,1000+,1,1000.0,1
2013,msa_ex_cook,45,250-499,45,14325.0,36
2013,msa_ex_cook,45,50-99,114,7484.0,88
2013,msa_ex_cook,45,500-999,12,7300.0,12
2013,msa_ex_cook,45,unknown,143,0.0,0
2013,msa_ex_cook,48,1-9,3180,11091.0,1386
2013,msa_ex_cook,48,10-49,610,11426.0,462
2013,msa_ex_cook,48,100-249,65,9079.0,62
2013,msa_ex_cook,48,1000+,2,2300.0,2
2013,msa_ex_cook,48,250-499,13,3926.0,13
2013,msa_ex_cook,48,50-99,97,6041.0,88
2013,msa_ex_cook,48,500-999,3,2100.0,3
2013,msa_ex_cook,49,1-9,227,948.0,102
2013,msa_ex_cook,49,10-49,96,2146.0,89
2013,msa_ex_cook,49,100-249,19,2629.0,19
2013,msa_ex_cook,49,250-499,2,618.0,2
2013,msa_ex_cook,49,50-99,21,1449.0,19
2013,msa_ex_cook,51,1-9,2254,8423.0,975
2013,msa_ex_cook,51,10-49,417,7685.0,291
2013,msa_ex_cook,51,100-249,46,5884.0,36
2013,msa_ex_cook,51,1000+,1,1000.0,1
2013,msa_ex_cook,51,250-499,14,4374.0,8
2013,msa_ex_cook,51,50-99,82,5317.0,65
2013,msa_ex_cook,51,500-999,4,2500.0,4
2013,msa_ex_cook,51,unknown,3,0.0,0
2013,msa_ex_cook,52,1-9,7894,26733.0,3643
2013,msa_ex_cook,52,10-49,1380,23989.0,1063
2013,msa_ex_cook,52,100-249,70,9801.0,69
2013,msa_ex_cook,52,1000+,6,12120.0,6
2013,msa_ex_cook,52,250-499,15,4984.0,14
2013,msa_ex_cook,52,50-99,134,8601.0,123
2013,msa_ex_cook,52,500-999,10,6065.0,9
2013,msa_ex_cook,52,unknown,1512,0.0,0
2013,msa_ex_cook,53,1-9,5388,16844.0,2555
2013,msa_ex_cook,53,10-49,710,13434.0,580
2013,msa_ex_cook,53,100-249,33,4287.0,33
2013,msa_ex_cook,53,1000+,2,2000.0,2
2013,msa_ex_cook,53,250-499,4,1150.0,4
2013,msa_ex_cook,53,50-99,90,5606.0,85
2013,msa_ex_cook,53,500-999,2,1290.0,2
2013,msa_ex_cook,53,unknown,366,0.0,0
2013,msa_ex_cook,54,1-9,16580,49249.0,7168
2013,msa_ex_cook,54,10-49,1608,28615.0,1438
2013,msa_ex_cook,54,100-249,85,11183.0,83
2013,msa_ex_cook,54,1000+,4,11500.0,4
2013,msa_ex_cook,54,250-499,21,6370.0,18
2013,msa_ex_cook,54,50-99,158,9757.0,146
2013,msa_ex_cook,54,500-999,8,5343.0,8
2013,msa_ex_cook,54,unknown,159,0.0,0
2013,msa_ex_cook,55,1-9,108,357.0,25
2013,msa_ex_cook,55,10-49,20,515.0,18
2013,msa_ex_cook,55,100-249,6,769.0,6
2013,msa_ex_cook,55,1000+,1,3000.0,1
2013,msa_ex_cook,55,250-499,1,250.0,1
2013,msa_ex_cook,55,50-99,5,325.0,5
2013,msa_ex_cook,56,1-9,6831,21438.0,3135
2013,msa_ex_cook,56,10-49,902,16291.0,722
2013,msa_ex_cook,56,100-249,71,10049.0,60
2013,msa_ex_cook,56,1000+,1,3000.0,1
2013,msa_ex_cook,56,250-499,23,7132.0,22
2013,msa_ex_cook,56,50-99,133,7986.0,116
2013,msa_ex_cook,56,500-999,5,3225.0,4
2013,msa_ex_cook,61,1-9,1548,4872.0,801
2013,msa_ex_cook,61,10-49,1236,26649.0,740
2013,msa_ex_cook,61,100-249,188,24803.0,187
2013,msa_ex_cook,61,1000+,5,8899.0,5
2013,msa_ex_cook,61,250-499,45,14221.0,45
2013,msa_ex_cook,61,50-99,672,44525.0,590
2013,msa_ex_cook,61,500-999,11,6313.0,11
2013,msa_ex_cook,62,1-9,22575,76752.0,4301
2013,msa_ex_cook,62,10-49,2835,48682.0,2036
2013,msa_ex_cook,62,100-249,172,24745.0,162
2013,msa_ex_cook,62,1000+,20,38741.0,20
2013,msa_ex_cook,62,250-499,18,5350.0,18
2013,msa_ex_cook,62,50-99,234,14832.0,215
2013,msa_ex_cook,62,500-999,9,6100.0,9
2013,msa_ex_cook,62,unknown,1,0.0,0
2013,msa_ex_cook,71,1-9,2063,7028.0,987
2013,msa_ex_cook,71,10-49,566,11269.0,429
2013,msa_ex_cook,71,100-249,66,9024.0,61
2013,msa_ex_cook,71,1000+,5,9256.0,5
2013,msa_ex_cook,71,250-499,7,2159.0,6
2013,msa_ex_cook,71,50-99,105,6392.0,99
2013,msa_ex_cook,71,500-999,7,3700.0,7
2013,msa_ex_cook,72,1-9,4321,21117.0,2378
2013,msa_ex_cook,72,10-49,3320,65607.0,2540
2013,msa_ex_cook,72,100-249,133,17969.0,118
2013,msa_ex_cook,72,1000+,2,4000.0,2
2013,msa_ex_cook,72,250-499,13,3908.0,12
2013,msa_ex_cook,72,50-99,446,28047.0,388
2013,msa_ex_cook,72,500-999,4,2000.0,4
2013,msa_ex_cook,81,1-9,14033,42223.0,8327
2013,msa_ex_cook,81,10-49,1468,24841.0,1382
2013,msa_ex_cook,81,100-249,57,8024.0,57
2013,msa_ex_cook,81,250-499,10,3015.0,10
2013,msa_ex_cook,81,50-99,115,6961.0,114
2013,msa_ex_cook,81,500-999,4,2304.0,4
2013,msa_ex_cook,92,1-9,1409,6136.0,888
2013,msa_ex_cook,92,10-49,782,16581.0,603
2013,msa_ex_cook,92,100-249,79,10544.0,79
2013,msa_ex_cook,92,1000+,7,14000.0,6
2013,msa_ex_cook,92,250-499,18,5714.0,17
2013,msa_ex_cook,92,50-99,214,13825.0,210
2013,msa_ex_cook,92,500-999,8,5524.0,8
2013,msa_ex_cook,99,1-9,3098,9105.0,297
2013,msa_ex_cook,99,10-49,126,1735.0,47
2013,msa_ex_cook,99,100-249,8,1120.0,8
2013,msa_ex_cook,99,1000+,1,1600.0,1
2013,msa_ex_cook,99,250-499,1,300.0,1
2013,msa_ex_cook,99,50-99,17,1093.0,17
2013,msa_ex_cook,99,500-999,1,500.0,1
2013,msa_ex_cook,99,unknown,2414,0.0,0
2013,msa_ex_cook,,1-9,114,470.0,56
2013,msa_ex_cook,,10-49,11,188.0,10
2013,msa_ex_cook,,100-249,2,200.0,2
2013,msa_ex_cook,,50-99,1,60.0,1
2014,chicago,11,1-9,34,108.0,12
2014,chicago,11,10-49,3,48.0,1
2014,chicago,11,100-249,1,100.0,1
2014,chicago,21,1-9,20,89.0,6
2014,chicago,21,10-49,6,121.0,3
2014,chicago,22,1-9,25,137.0,8
2014,chicago,22,10-49,15,327.0,5
2014,chicago,22,100-249,1,100.0,1
2014,chicago,22,1000+,3,8000.0,3
2014,chicago,22,250-499,3,1125.0,0
2014,chicago,22,50-99,2,104.0,0
2014,chicago,23,1-9,5137,17518.0,1455
2014,chicago,23,10-49,626,10462.0,484
2014,chicago,23,100-249,31,4745.0,31
2014,chicago,23,1000+,1,1000.0,1
2014,chicago,23,250-499,11,3280.0,11
2014,chicago,23,50-99,77,4562.0,75
2014,chicago,23,500-999,2,1200.0,2
2014,chicago,31,1-9,562,2340.0,340
2014,chicago,31,10-49,224,4382.0,188
2014,chicago,31,100-249,25,3624.0,24
2014,chicago,31,1000+,1,1200.0,1
2014,chicago,31,250-499,16,5190.0,15
2014,chicago,31,50-99,35,2158.0,34
2014,chicago,31,500-999,14,9051.0,14
2014,chicago,32,1-9,562,2231.0,345
2014,chicago,32,10-49,234,4580.0,184
2014,chicago,32,100-249,27,3677.0,20
2014,chicago,32,1000+,2,3100.0,2
2014,chicago,32,250-499,10,3403.0,9
2014,chicago,32,50-99,48,2994.0,43
2014,chicago,32,500-999,4,2625.0,4
2014,chicago,32,unknown,1,0.0,0
2014,chicago,33,1-9,1045,4197.0,696
2014,chicago,33,10-49,545,10688.0,440
2014,chicago,33,100-249,73,10420.0,66
2014,chicago,33,1000+,5,9163.0,4
2014,chicago,33,250-499,13,4561.0,12
2014,chicago,33,50-99,91,5639.0,89
2014,chicago,33,500-999,5,3000.0,5
2014,chicago,42,1-9,2356,9601.0,979
2014,chicago,42,10-49,488,9201.0,393
2014,chicago,42,100-249,42,5650.0,41
2014,chicago,42,1000+,4,5700.0,4
2014,chicago,42,250-499,8,2590.0,8
2014,chicago,42,50-99,83,5166.0,80
2014,chicago,42,500-999,4,2519.0,4
2014,chicago,44,1-9,8821,30097.0,4563
2014,chicago,44,10-49,1352,24767.0,974
2014,chicago,44,100-249,115,17467.0,88
2014,chicago,44,250-499,34,10496.0,32
2014,chicago,44,50-99,161,9859.0,125
2014,chicago,44,500-999,4,2101.0,4
2014,chicago,44,unknown,113,0.0,0
2014,chicago,45,1-9,3315,9737.0,1611
2014,chicago,45,10-49,405,7579.0,344
2014,chicago,45,100-249,38,5652.0,35
2014,chicago,45,1000+,1,1500.0,1
2014,chicago,45,250-499,10,3390.0,8
2014,chicago,45,50-99,57,3588.0,49
2014,chicago,45,500-999,6,3620.0,6
2014,chicago,45,unknown,68,0.0,0
2014,chicago,48,1-9,1680,5944.0,579
2014,chicago,48,10-49,394,7419.0,214
2014,chicago,48,100-249,41,6113.0,41
2014,chicago,48,1000+,7,15120.0,7
2014,chicago,48,250-499,10,2989.0,10
2014,chicago,48,50-99,61,3877.0,54
2014,chicago,48,500-999,6,3630.0,6
2014,chicago,49,1-9,98,391.0,35
2014,chicago,49,10-49,31,563.0,24
2014,chicago,49,100-249,15,1694.0,15
2014,chicago,49,1000+,1,1000.0,1
2014,chicago,49,250-499,1,300.0,1
2014,chicago,49,50-99,14,956.0,13
2014,chicago,49,500-999,2,1100.0,2
2014,chicago,51,1-9,2311,8872.0,908
2014,chicago,51,10-49,528,9068.0,305
2014,chicago,51,100-249,49,6876.0,42
2014,chicago,51,1000+,5,10592.0,5
2014,chicago,51,250-499,16,4640.0,15
2014,chicago,51,50-99,81,5226.0,70
2014,chicago,51,500-999,5,3351.0,5
2014,chicago,52,1-9,5779,21367.0,2195
2014,chicago,52,10-49,1103,19694.0,852
2014,chicago,52,100-249,112,15331.0,109
2014,chicago,52,1000+,16,40302.0,16
2014,chicago,52,250-499,28,9384.0,25
2014,chicago,52,50-99,160,10127.0,156
2014,chicago,52,500-999,16,9591.0,15
2014,chicago,52,unknown,2016,0.0,0
2014,chicago,53,1-9,5638,19935.0,2095
2014,chicago,53,10-49,799,13751.0,722
2014,chicago,53,100-249,47,6534.0,47
2014,chicago,53,1000+,1,2000.0,1
2014,chicago,53,250-499,15,4791.0,15
2014,chicago,53,50-99,78,4731.0,64
2014,chicago,53,500-999,8,4500.0,8
2014,chicago,53,unknown,406,0.0,0
2014,chicago,54,1-9,23817,64358.0,5036
2014,chicago,54,10-49,2001,37322.0,1674
2014,chicago,54,100-249,159,22495.0,153
2014,chicago,54,1000+,24,42355.0,24
2014,chicago,54,250-499,44,13532.0,43
2014,chicago,54,50-99,287,18126.0,258
2014,chicago,54,500-999,26,16260.0,26
2014,chicago,54,unknown,55,0.0,0
2014,chicago,55,1-9,91,303.0,20
2014,chicago,55,10-49,13,276.0,10
2014,chicago,55,100-249,1,125.0,1
2014,chicago,55,1000+,3,6000.0,3
2014,chicago,55,50-99,1,50.0,1
2014,chicago,55,500-999,2,1100.0,2
2014,chicago,56,1-9,3846,12357.0,1383
2014,chicago,56,10-49,546,9704.0,406
2014,chicago,56,100-249,55,7736.0,54
2014,chicago,56,1000+,5,6600.0,5
2014,chicago,56,250-499,10,2976.0,9
2014,chicago,56,50-99,58,3451.0,57
2014,chicago,56,500-999,3,1700.0,3
2014,chicago,56,unknown,1,0.0,0
2014,chicago,61,1-9,1143,4000.0,503
2014,chicago,61,10-49,1145,23948.0,656
2014,chicago,61,100-249,172,23099.0,172
2014,chicago,61,1000+,8,33250.0,8
2014,chicago,61,250-499,14,4114.0,14
2014,chicago,61,50-99,433,28927.0,400
2014,chicago,61,500-999,17,11126.0,17
2014,chicago,62,1-9,18999,64684.0,2982
2014,chicago,62,10-49,2019,34121.0,1262
2014,chicago,62,100-249,130,17779.0,123
2014,chicago,62,1000+,21,75601.0,21
2014,chicago,62,250-499,29,8673.0,28
2014,chicago,62,50-99,177,11540.0,151
2014,chicago,62,500-999,21,14077.0,21
2014,chicago,71,1-9,1423,4869.0,565
2014,chicago,71,10-49,293,5237.0,215
2014,chicago,71,100-249,24,3237.0,22
2014,chicago,71,1000+,4,5300.0,4
2014,chicago,71,250-499,9,2485.0,9
2014,chicago,71,50-99,40,2441.0,38
2014,chicago,71,500-999,3,1876.0,3
2014,chicago,71,unknown,1,0.0,0
2014,chicago,72,1-9,5601,27535.0,2835
2014,chicago,72,10-49,2770,48830.0,1748
2014,chicago,72,100-249,135,18645.0,116
2014,chicago,72,1000+,4,4999.0,4
2014,chicago,72,250-499,33,10519.0,29
2014,chicago,72,50-99,317,20046.0,279
2014,chicago,72,500-999,11,6651.0,11
2014,chicago,81,1-9,12764,39141.0,6931
2014,chicago,81,10-49,1229,21123.0,1153
2014,chicago,81,100-249,66,8858.0,66
2014,chicago,81,1000+,3,4000.0,3
2014,chicago,81,250-499,13,4160.0,13
2014,chicago,81,50-99,118,7369.0,115
2014,chicago,81,500-999,5,3350.0,5
2014,chicago,92,1-9,559,2865.0,286
2014,chicago,92,10-49,434,9099.0,293
2014,chicago,92,100-249,79,12002.0,79
2014,chicago,92,1000+,8,16177.0,8
2014,chicago,92,250-499,40,12884.0,40
2014,chicago,92,50-99,78,5006.0,72
2014,chicago,92,500-999,15,9727.0,15
2014,chicago,99,1-9,2110,6360.0,148
2014,chicago,99,10-49,139,1996.0,51
2014,chicago,99,100-249,7,950.0,7
2014,chicago,99,250-499,2,700.0,2
2014,chicago,99,50-99,11,683.0,11
2014,chicago,99,500-999,1,500.0,1
2014,chicago,99,unknown,2247,0.0,0
2014,chicago,,1-9,59,225.0,15
2014,chicago,,10-49,5,79.0,3
2014,chicago,,100-249,1,126.0,1
2014,chicago,,1000+,1,1100.0,1
2014,chicago,,50-99,2,109.0,1
2014,cook_ex_chicago,11,1-9,79,258.0,28
2014,cook_ex_chicago,11,10-49,10,228.0,6
2014,cook_ex_chicago,11,250-499,1,325.0,0
2014,cook_ex_chicago,11,50-99,2,102.0,2
2014,cook_ex_chicago,21,1-9,40,180.0,13
2014,cook_ex_chicago,21,10-49,7,90.0,6
2014,cook_ex_chicago,21,50-99,3,185.0,3
2014,cook_ex_chicago,22,1-9,72,319.0,37
2014,cook_ex_chicago,22,10-49,30,659.0,22
2014,cook_ex_chicago,22,100-249,1,225.0,1
2014,cook_ex_chicago,22,50-99,5,275.0,5
2014,cook_ex_chicago,23,1-9,7171,24636.0,2573
2014,cook_ex_chicago,23,10-49,1091,19014.0,924
2014,cook_ex_chicago,23,100-249,53,7007.0,53
2014,cook_ex_chicago,23,1000+,1,6000.0,1
2014,cook_ex_chicago,23,250-499,8,2610.0,8
2014,cook_ex_chicago,23,50-99,118,7001.0,114
2014,cook_ex_chicago,23,500-999,2,1400.0,2
2014,cook_ex_chicago,31,1-9,355,1532.0,181
2014,cook_ex_chicago,31,10-49,127,2414.0,96
2014,cook_ex_chicago,31,100-249,19,2402.0,19
2014,cook_ex_chicago,31,1000+,1,1200.0,1
2014,cook_ex_chicago,31,250-499,8,2438.0,7
2014,cook_ex_chicago,31,50-99,38,2423.0,34
2014,cook_ex_chicago,31,500-999,6,3950.0,6
2014,cook_ex_chicago,32,1-9,741,3112.0,500
2014,cook_ex_chicago,32,10-49,326,6577.0,272
2014,cook_ex_chicago,32,100-249,67,8810.0,63
2014,cook_ex_chicago,32,1000+,2,3940.0,2
2014,cook_ex_chicago,32,250-499,16,5028.0,15
2014,cook_ex_chicago,32,50-99,76,4952.0,69
2014,cook_ex_chicago,32,500-999,2,1170.0,2
2014,cook_ex_chicago,33,1-9,1657,7169.0,1106
2014,cook_ex_chicago,33,10-49,972,19781.0,774
2014,cook_ex_chicago,33,100-249,120,15808.0,112
2014,cook_ex_chicago,33,1000+,11,18472.0,10
2014,cook_ex_chicago,33,250-499,35,11379.0,35
2014,cook_ex_chicago,33,50-99,183,11760.0,181
2014,cook_ex_chicago,33,500-999,15,9002.0,15
2014,cook_ex_chicago,33,unknown,1,0.0,0
2014,cook_ex_chicago,42,1-9,3910,16204.0,1833
2014,cook_ex_chicago,42,10-49,978,17925.0,825
2014,cook_ex_chicago,42,100-249,92,12233.0,87
2014,cook_ex_chicago,42,1000+,3,3200.0,3
2014,cook_ex_chicago,42,250-499,29,8903.0,29
2014,cook_ex_chicago,42,50-99,132,7917.0,126
2014,cook_ex_chicago,42,500-999,14,8779.0,14
2014,cook_ex_chicago,44,1-9,8077,30076.0,4120
2014,cook_ex_chicago,44,10-49,1940,36925.0,1406
2014,cook_ex_chicago,44,100-249,198,29334.0,158
2014,cook_ex_chicago,44,1000+,3,3000.0,3
2014,cook_ex_chicago,44,250-499,32,9317.0,28
2014,cook_ex_chicago,44,50-99,237,15041.0,206
2014,cook_ex_chicago,44,500-999,6,4192.0,6
2014,cook_ex_chicago,44,unknown,64,0.0,0
2014,cook_ex_chicago,45,1-9,2959,9252.0,1465
2014,cook_ex_chicago,45,10-49,621,12274.0,483
2014,cook_ex_chicago,45,100-249,95,15180.0,82
2014,cook_ex_chicago,45,1000+,3,13800.0,3
2014,cook_ex_chicago,45,250-499,41,12772.0,35
2014,cook_ex_chicago,45,50-99,87,5459.0,72
2014,cook_ex_chicago,45,500-999,3,1650.0,3
2014,cook_ex_chicago,45,unknown,107,0.0,0
2014,cook_ex_chicago,48,1-9,2591,9473.0,1072
2014,cook_ex_chicago,48,10-49,491,8614.0,344
2014,cook_ex_chicago,48,100-249,59,8698.0,59
2014,cook_ex_chicago,48,1000+,1,2640.0,1
2014,cook_ex_chicago,48,250-499,14,4200.0,14
2014,cook_ex_chicago,48,50-99,83,5027.0,75
2014,cook_ex_chicago,48,500-999,2,1200.0,2
2014,cook_ex_chicago,49,1-9,138,595.0,59
2014,cook_ex_chicago,49,10-49,39,868.0,34
2014,cook_ex_chicago,49,100-249,16,2212.0,16
2014,cook_ex_chicago,49,250-499,3,870.0,3
2014,cook_ex_chicago,49,50-99,21,1518.0,21
2014,cook_ex_chicago,51,1-9,1646,6407.0,658
2014,cook_ex_chicago,51,10-49,304,5820.0,218
2014,cook_ex_chicago,51,100-249,36,5104.0,33
2014,cook_ex_chicago,51,250-499,7,2220.0,7
2014,cook_ex_chicago,51,50-99,52,3069.0,38
2014,cook_ex_chicago,51,500-999,6,3050.0,6
2014,cook_ex_chicago,52,1-9,6062,20764.0,2728
2014,cook_ex_chicago,52,10-49,977,17150.0,759
2014,cook_ex_chicago,52,100-249,47,7005.0,46
2014,cook_ex_chicago,52,1000+,6,31000.0,6
2014,cook_ex_chicago,52,250-499,9,2960.0,6
2014,cook_ex_chicago,52,50-99,102,6400.0,94
2014,cook_ex_chicago,52,500-999,1,600.0,1
2014,cook_ex_chicago,52,unknown,2244,0.0,0
2014,cook_ex_chicago,53,1-9,4232,13951.0,1662
2014,cook_ex_chicago,53,10-49,495,9339.0,404
2014,cook_ex_chicago,53,100-249,25,2901.0,25
2014,cook_ex_chicago,53,250-499,1,275.0,1
2014,cook_ex_chicago,53,50-99,78,4902.0,73
2014,cook_ex_chicago,53,500-999,1,600.0,1
2014,cook_ex_chicago,53,unknown,277,0.0,0
2014,cook_ex_chicago,54,1-9,11078,33883.0,4486
2014,cook_ex_chicago,54,10-49,1123,19429.0,987
2014,cook_ex_chicago,54,100-249,84,11578.0,82
2014,cook_ex_chicago,54,1000+,4,14000.0,4
2014,cook_ex_chicago,54,250-499,15,5140.0,15
2014,cook_ex_chicago,54,50-99,137,8413.0,129
2014,cook_ex_chicago,54,500-999,11,6900.0,11
2014,cook_ex_chicago,54,unknown,103,0.0,0
2014,cook_ex_chicago,55,1-9,57,178.0,11
2014,cook_ex_chicago,55,10-49,11,279.0,9
2014,cook_ex_chicago,55,100-249,6,738.0,6
2014,cook_ex_chicago,55,250-499,2,675.0,2
2014,cook_ex_chicago,55,50-99,4,242.0,4
2014,cook_ex_chicago,55,unknown,1,0.0,0
2014,cook_ex_chicago,56,1-9,3897,12993.0,1608
2014,cook_ex_chicago,56,10-49,678,11923.0,533
2014,cook_ex_chicago,56,100-249,52,6835.0,49
2014,cook_ex_chicago,56,1000+,3,5500.0,3
2014,cook_ex_chicago,56,250-499,11,3425.0,11
2014,cook_ex_chicago,56,50-99,95,5491.0,87
2014,cook_ex_chicago,56,500-999,2,1175.0,2
2014,cook_ex_chicago,61,1-9,1068,3581.0,517
2014,cook_ex_chicago,61,10-49,1066,22687.0,596
2014,cook_ex_chicago,61,100-249,113,15694.0,113
2014,cook_ex_chicago,61,1000+,6,10600.0,6
2014,cook_ex_chicago,61,250-499,39,12092.0,39
2014,cook_ex_chicago,61,50-99,503,33523.0,440
2014,cook_ex_chicago,61,500-999,10,6400.0,10
2014,cook_ex_chicago,62,1-9,19484,66384.0,3238
2014,cook_ex_chicago,62,10-49,2397,40266.0,1596
2014,cook_ex_chicago,62,100-249,166,23222.0,153
2014,cook_ex_chicago,62,1000+,22,59000.0,22
2014,cook_ex_chicago,62,250-499,38,11783.0,38
2014,cook_ex_chicago,62,50-99,190,11943.0,167
2014,cook_ex_chicago,62,500-999,10,7457.0,10
2014,cook_ex_chicago,71,1-9,1238,4224.0,505
2014,cook_ex_chicago,71,10-49,392,7901.0,294
2014,cook_ex_chicago,71,100-249,52,6624.0,47
2014,cook_ex_chicago,71,1000+,1,1200.0,1
2014,cook_ex_chicago,71,250-499,6,1883.0,6
2014,cook_ex_chicago,71,50-99,84,5123.0,82
2014,cook_ex_chicago,71,500-999,7,4245.0,7
2014,cook_ex_chicago,72,1-9,3744,18502.0,2016
2014,cook_ex_chicago,72,10-49,2513,47539.0,1749
2014,cook_ex_chicago,72,100-249,95,13034.0,84
2014,cook_ex_chicago,72,250-499,16,5114.0,15
2014,cook_ex_chicago,72,50-99,302,19464.0,260
2014,cook_ex_chicago,72,500-999,2,1330.0,2
2014,cook_ex_chicago,81,1-9,10785,33201.0,6259
2014,cook_ex_chicago,81,10-49,1252,20943.0,1161
2014,cook_ex_chicago,81,100-249,58,7911.0,56
2014,cook_ex_chicago,81,1000+,2,6451.0,2
2014,cook_ex_chicago,81,250-499,12,4026.0,12
2014,cook_ex_chicago,81,50-99,94,5810.0,90
2014,cook_ex_chicago,81,500-999,6,3949.0,6
2014,cook_ex_chicago,92,1-9,798,3485.0,452
2014,cook_ex_chicago,92,10-49,461,10518.0,373
2014,cook_ex_chicago,92,100-249,75,10266.0,75
2014,cook_ex_chicago,92,1000+,1,1000.0,1
2014,cook_ex_chicago,92,250-499,14,4975.0,14
2014,cook_ex_chicago,92,50-99,126,7948.0,126
2014,cook_ex_chicago,92,500-999,6,3315.0,6
2014,cook_ex_chicago,99,1-9,1667,4989.0,119
2014,cook_ex_chicago,99,10-49,76,1036.0,25
2014,cook_ex_chicago,99,100-249,4,480.0,4
2014,cook_ex_chicago,99,50-99,9,579.0,9
2014,cook_ex_chicago,99,unknown,2246,0.0,0
2014,cook_ex_chicago,,1-9,71,280.0,26
2014,cook_ex_chicago,,10-49,8,108.0,7
2014,il_ex_msa,11,1-9,4188,9958.0,2469
2014,il_ex_msa,11,10-49,166,2677.0,154
2014,il_ex_msa,11,100-249,9,1401.0,9
2014,il_ex_msa,11,250-499,2,500.0,2
2014,il_ex_msa,11,50-99,16,926.0,16
2014,il_ex_msa,11,500-999,2,1000.0,2
2014,il_ex_msa,21,1-9,289,1139.0,158
2014,il_ex_msa,21,10-49,71,1278.0,63
2014,il_ex_msa,21,100-249,8,1290.0,6
2014,il_ex_msa,21,250-499,2,655.0,2
2014,il_ex_msa,21,50-99,3,214.0,3
2014,il_ex_msa,21,500-999,1,800.0,1
2014,il_ex_msa,22,1-9,490,1967.0,336
2014,il_ex_msa,22,10-49,103,1995.0,77
2014,il_ex_msa,22,100-249,4,570.0,4
2014,il_ex_msa,22,1000+,1,1132.0,1
2014,il_ex_msa,22,250-499,5,1685.0,2
2014,il_ex_msa,22,50-99,83,5027.0,22
2014,il_ex_msa,23,1-9,13192,42366.0,6696
2014,il_ex_msa,23,10-49,1736,29216.0,1398
2014,il_ex_msa,23,100-249,72,9642.0,70
2014,il_ex_msa,23,250-499,11,3647.0,11
2014,il_ex_msa,23,50-99,158,9432.0,155
2014,il_ex_msa,23,500-999,4,2370.0,4
2014,il_ex_msa,31,1-9,646,2604.0,368
2014,il_ex_msa,31,10-49,205,3767.0,166
2014,il_ex_msa,31,100-249,22,2965.0,21
2014,il_ex_msa,31,1000+,5,10800.0,5
2014,il_ex_msa,31,250-499,14,4490.0,14
2014,il_ex_msa,31,50-99,46,2990.0,41
2014,il_ex_msa,31,500-999,4,2500.0,4
2014,il_ex_msa,32,1-9,1057,4042.0,824
2014,il_ex_msa,32,10-49,404,8146.0,354
2014,il_ex_msa,32,100-249,71,9968.0,63
2014,il_ex_msa,32,1000+,2,2100.0,2
2014,il_ex_msa,32,250-499,17,5551.0,17
2014,il_ex_msa,32,50-99,93,6018.0,88
2014,il_ex_msa,32,500-999,8,5750.0,8
2014,il_ex_msa,33,1-9,2196,8387.0,1602
2014,il_ex_msa,33,10-49,833,16651.0,735
2014,il_ex_msa,33,100-249,155,22146.0,144
2014,il_ex_msa,33,1000+,13,26702.0,10
2014,il_ex_msa,33,250-499,49,15958.0,49
2014,il_ex_msa,33,50-99,211,13839.0,202
2014,il_ex_msa,33,500-999,23,14700.0,22
2014,il_ex_msa,42,1-9,4911,19168.0,3139
2014,il_ex_msa,42,10-49,1441,26903.0,1286
2014,il_ex_msa,42,100-249,107,14156.0,105
2014,il_ex_msa,42,1000+,3,3900.0,3
2014,il_ex_msa,42,250-499,29,9484.0,26
2014,il_ex_msa,42,50-99,155,9898.0,153
2014,il_ex_msa,42,500-999,18,12355.0,16
2014,il_ex_msa,44,1-9,13044,49472.0,8665
2014,il_ex_msa,44,10-49,3361,58922.0,2773
2014,il_ex_msa,44,100-249,230,31869.0,190
2014,il_ex_msa,44,1000+,1,1600.0,1
2014,il_ex_msa,44,250-499,32,9677.0,28
2014,il_ex_msa,44,50-99,320,20948.0,296
2014,il_ex_msa,44,500-999,7,4864.0,7
2014,il_ex_msa,44,unknown,44,0.0,0
2014,il_ex_msa,45,1-9,6165,18384.0,3918
2014,il_ex_msa,45,10-49,785,14629.0,636
2014,il_ex_msa,45,100-249,136,19694.0,122
2014,il_ex_msa,45,250-499,63,21285.0,51
2014,il_ex_msa,45,50-99,128,8439.0,116
2014,il_ex_msa,45,500-999,4,2199.0,4
2014,il_ex_msa,45,unknown,135,0.0,0
2014,il_ex_msa,48,1-9,3595,10863.0,1697
2014,il_ex_msa,48,10-49,759,14366.0,568
2014,il_ex_msa,48,100-249,61,8238.0,56
2014,il_ex_msa,48,1000+,1,2800.0,1
2014,il_ex_msa,48,250-499,13,4070.0,13
2014,il_ex_msa,48,50-99,119,7456.0,110
2014,il_ex_msa,48,500-999,6,3650.0,6
2014,il_ex_msa,49,1-9,1457,5513.0,1211
2014,il_ex_msa,49,10-49,282,5047.0,271
2014,il_ex_msa,49,100-249,12,1756.0,12
2014,il_ex_msa,49,250-499,4,1150.0,4
2014,il_ex_msa,49,50-99,29,1960.0,28
2014,il_ex_msa,49,500-999,3,2150.0,3
2014,il_ex_msa,51,1-9,2480,9824.0,1408
2014,il_ex_msa,51,10-49,745,12717.0,472
2014,il_ex_msa,51,100-249,39,4810.0,37
2014,il_ex_msa,51,1000+,2,8000.0,2
2014,il_ex_msa,51,250-499,11,3278.0,10
2014,il_ex_msa,51,50-99,114,7203.0,84
2014,il_ex_msa,51,500-999,4,2703.0,4
2014,il_ex_msa,52,1-9,9824,31290.0,5658
2014,il_ex_msa,52,10-49,1296,22312.0,1148
2014,il_ex_msa,52,100-249,43,6169.0,43
2014,il_ex_msa,52,1000+,10,42704.0,10
2014,il_ex_msa,52,250-499,15,5140.0,14
2014,il_ex_msa,52,50-99,144,8571.0,124
2014,il_ex_msa,52,500-999,7,3868.0,7
2014,il_ex_msa,52,unknown,6966,0.0,0
2014,il_ex_msa,53,1-9,6999,19944.0,3794
2014,il_ex_msa,53,10-49,634,10648.0,539
2014,il_ex_msa,53,100-249,18,2402.0,18
2014,il_ex_msa,53,250-499,3,775.0,3
2014,il_ex_msa,53,50-99,43,2681.0,40
2014,il_ex_msa,53,unknown,592,0.0,0
2014,il_ex_msa,54,1-9,14754,42420.0,5592
2014,il_ex_msa,54,10-49,1321,23436.0,1232
2014,il_ex_msa,54,100-249,48,7053.0,45
2014,il_ex_msa,54,1000+,3,7500.0,3
2014,il_ex_msa,54,250-499,15,4784.0,15
2014,il_ex_msa,54,50-99,129,7982.0,112
2014,il_ex_msa,54,500-999,1,600.0,1
2014,il_ex_msa,54,unknown,203,0.0,0
2014,il_ex_msa,55,1-9,110,334.0,46
2014,il_ex_msa,55,10-49,69,1668.0,62
2014,il_ex_msa,55,100-249,5,689.0,5
2014,il_ex_msa,55,250-499,1,350.0,1
2014,il_ex_msa,55,50-99,16,965.0,16
2014,il_ex_msa,55,unknown,6,0.0,0
2014,il_ex_msa,56,1-9,5699,17631.0,2877
2014,il_ex_msa,56,10-49,818,14814.0,569
2014,il_ex_msa,56,100-249,39,5772.0,36
2014,il_ex_msa,56,1000+,3,13311.0,3
2014,il_ex_msa,56,250-499,10,3197.0,10
2014,il_ex_msa,56,50-99,74,4382.0,59
2014,il_ex_msa,56,500-999,2,1450.0,1
2014,il_ex_msa,61,1-9,1612,5825.0,1109
2014,il_ex_msa,61,10-49,2283,55217.0,1678
2014,il_ex_msa,61,100-249,204,28722.0,203
2014,il_ex_msa,61,1000+,8,26859.0,8
2014,il_ex_msa,61,250-499,29,8846.0,29
2014,il_ex_msa,61,50-99,924,59905.0,775
2014,il_ex_msa,61,500-999,12,7470.0,12
2014,il_ex_msa,62,1-9,26084,86132.0,5093
2014,il_ex_msa,62,10-49,3959,70387.0,2764
2014,il_ex_msa,62,100-249,373,50567.0,358
2014,il_ex_msa,62,1000+,42,94160.0,41
2014,il_ex_msa,62,250-499,72,23403.0,68
2014,il_ex_msa,62,50-99,529,34588.0,473
2014,il_ex_msa,62,500-999,33,22708.0,33
2014,il_ex_msa,71,1-9,2638,9082.0,1566
2014,il_ex_msa,71,10-49,742,13773.0,539
2014,il_ex_msa,71,100-249,44,6074.0,42
2014,il_ex_msa,71,1000+,2,2100.0,2
2014,il_ex_msa,71,250-499,8,2790.0,8
2014,il_ex_msa,71,50-99,74,4486.0,72
2014,il_ex_msa,71,500-999,3,1900.0,3
2014,il_ex_msa,72,1-9,6740,30215.0,4307
2014,il_ex_msa,72,10-49,4596,88983.0,3607
2014,il_ex_msa,72,100-249,124,15316.0,113
2014,il_ex_msa,72,1000+,1,3800.0,0
2014,il_ex_msa,72,250-499,7,2095.0,7
2014,il_ex_msa,72,50-99,517,32465.0,474
2014,il_ex_msa,81,1-9,24555,68537.0,17099
2014,il_ex_msa,81,10-49,1640,27439.0,1538
2014,il_ex_msa,81,100-249,69,9594.0,69
2014,il_ex_msa,81,1000+,2,4200.0,2
2014,il_ex_msa,81,250-499,11,3354.0,11
2014,il_ex_msa,81,50-99,135,8483.0,132
2014,il_ex_msa,81,500-999,3,1837.0,3
2014,il_ex_msa,92,1-9,6836,25821.0,4896
2014,il_ex_msa,92,10-49,3007,57889.0,1988
2014,il_ex_msa,92,100-249,109,16401.0,108
2014,il_ex_msa,92,1000+,11,29580.0,10
2014,il_ex_msa,92,250-499,52,17100.0,48
2014,il_ex_msa,92,50-99,270,17111.0,264
2014,il_ex_msa,92,500-999,12,7329.0,12
2014,il_ex_msa,99,1-9,1734,5200.0,177
2014,il_ex_msa,99,10-49,80,1067.0,32
2014,il_ex_msa,99,100-249,3,500.0,3
2014,il_ex_msa,99,250-499,1,400.0,1
2014,il_ex_msa,99,50-99,7,395.0,7
2014,il_ex_msa,99,unknown,2832,0.0,0
2014,il_ex_msa,,1-9,71,255.0,38
2014,il_ex_msa,,10-49,9,147.0,6
2014,il_ex_msa,,50-99,1,80.0,1
2014,msa_ex_cook,11,1-9,458,1204.0,232
2014,msa_ex_cook,11,10-49,42,760.0,36
2014,msa_ex_cook,11,100-249,2,360.0,2
2014,msa_ex_cook,11,250-499,1,250.0,1
2014,msa_ex_cook,11,50-99,5,315.0,5
2014,msa_ex_cook,11,500-999,1,800.0,1
2014,msa_ex_cook,21,1-9,49,226.0,24
2014,msa_ex_cook,21,10-49,14,247.0,10
2014,msa_ex_cook,21,100-249,1,100.0,1
2014,msa_ex_cook,21,500-999,1,600.0,1
2014,msa_ex_cook,22,1-9,103,466.0,50
2014,msa_ex_cook,22,10-49,53,949.0,30
2014,msa_ex_cook,22,100-249,1,240.0,1
2014,msa_ex_cook,22,1000+,1,3000.0,1
2014,msa_ex_cook,22,250-499,3,1000.0,1
2014,msa_ex_cook,22,50-99,15,898.0,5
2014,msa_ex_cook,22,500-999,1,700.0,1
2014,msa_ex_cook,23,1-9,12640,40488.0,5126
2014,msa_ex_cook,23,10-49,1736,29570.0,1466
2014,msa_ex_cook,23,100-249,61,8520.0,61
2014,msa_ex_cook,23,1000+,1,1000.0,1
2014,msa_ex_cook,23,250-499,14,4230.0,14
2014,msa_ex_cook,23,50-99,170,10250.0,159
2014,msa_ex_cook,23,500-999,5,3137.0,5
2014,msa_ex_cook,31,1-9,470,1902.0,231
2014,msa_ex_cook,31,10-49,151,2896.0,113
2014,msa_ex_cook,31,100-249,35,4875.0,33
2014,msa_ex_cook,31,1000+,1,1200.0,1
2014,msa_ex_cook,31,250-499,7,2415.0,7
2014,msa_ex_cook,31,50-99,37,2246.0,28
2014,msa_ex_cook,31,500-999,4,2350.0,3
2014,msa_ex_cook,32,1-9,1213,4967.0,806
2014,msa_ex_cook,32,10-49,510,10339.0,405
2014,msa_ex_cook,32,100-249,127,17371.0,115
2014,msa_ex_cook,32,1000+,5,18400.0,5
2014,msa_ex_cook,32,250-499,30,9276.0,28
2014,msa_ex_cook,32,50-99,132,8465.0,114
2014,msa_ex_cook,32,500-999,8,4930.0,8
2014,msa_ex_cook,32,unknown,1,0.0,0
2014,msa_ex_cook,33,1-9,2597,10788.0,1689
2014,msa_ex_cook,33,10-49,1372,26892.0,1105
2014,msa_ex_cook,33,100-249,237,32401.0,211
2014,msa_ex_cook,33,1000+,15,33202.0,14
2014,msa_ex_cook,33,250-499,48,15617.0,44
2014,msa_ex_cook,33,50-99,236,14966.0,227
2014,msa_ex_cook,33,500-999,20,12202.0,18
2014,msa_ex_cook,33,unknown,1,0.0,0
2014,msa_ex_cook,42,1-9,5606,22332.0,2864
2014,msa_ex_cook,42,10-49,1481,27744.0,1299
2014,msa_ex_cook,42,100-249,146,20830.0,136
2014,msa_ex_cook,42,1000+,7,15900.0,7
2014,msa_ex_cook,42,250-499,32,10370.0,31
2014,msa_ex_cook,42,50-99,212,13366.0,196
2014,msa_ex_cook,42,500-999,20,13235.0,18
2014,msa_ex_cook,42,unknown,2,0.0,0
2014,msa_ex_cook,44,1-9,10478,38307.0,5442
2014,msa_ex_cook,44,10-49,2743,50292.0,2047
2014,msa_ex_cook,44,100-249,269,38609.0,219
2014,msa_ex_cook,44,1000+,3,8900.0,3
2014,msa_ex_cook,44,250-499,58,17170.0,51
2014,msa_ex_cook,44,50-99,313,19920.0,266
2014,msa_ex_cook,44,500-999,13,7800.0,13
2014,msa_ex_cook,44,unknown,64,0.0,0
2014,msa_ex_cook,45,1-9,4674,13667.0,2429
2014,msa_ex_cook,45,10-49,854,16742.0,650
2014,msa_ex_cook,45,100-249,131,20759.0,107
2014,msa_ex_cook,45,1000+,4,4002.0,4
2014,msa_ex_cook,45,250-499,44,13824.0,36
2014,msa_ex_cook,45,50-99,115,7456.0,95
2014,msa_ex_cook,45,500-999,11,6800.0,11
2014,msa_ex_cook,45,unknown,141,0.0,0
2014,msa_ex_cook,48,1-9,3167,11012.0,1372
2014,msa_ex_cook,48,10-49,613,11777.0,459
2014,msa_ex_cook,48,100-249,70,10129.0,66
2014,msa_ex_cook,48,1000+,3,3300.0,3
2014,msa_ex_cook,48,250-499,14,4376.0,14
2014,msa_ex_cook,48,50-99,85,5268.0,78
2014,msa_ex_cook,48,500-999,3,2100.0,3
2014,msa_ex_cook,49,1-9,205,838.0,102
2014,msa_ex_cook,49,10-49,104,2296.0,90
2014,msa_ex_cook,49,100-249,18,2509.0,18
2014,msa_ex_cook,49,250-499,2,618.0,2
2014,msa_ex_cook,49,50-99,20,1395.0,18
2014,msa_ex_cook,51,1-9,2159,8166.0,901
2014,msa_ex_cook,51,10-49,414,7667.0,282
2014,msa_ex_cook,51,100-249,44,5580.0,36
2014,msa_ex_cook,51,1000+,1,1000.0,1
2014,msa_ex_cook,51,250-499,11,3471.0,9
2014,msa_ex_cook,51,50-99,71,4637.0,61
2014,msa_ex_cook,51,500-999,3,2000.0,3
2014,msa_ex_cook,51,unknown,3,0.0,0
2014,msa_ex_cook,52,1-9,7701,26160.0,3533
2014,msa_ex_cook,52,10-49,1306,22475.0,1031
2014,msa_ex_cook,52,100-249,72,10016.0,70
2014,msa_ex_cook,52,1000+,7,13120.0,7
2014,msa_ex_cook,52,250-499,17,5880.0,14
2014,msa_ex_cook,52,50-99,125,8076.0,109
2014,msa_ex_cook,52,500-999,10,6065.0,9
2014,msa_ex_cook,52,unknown,3309,0.0,0
2014,msa_ex_cook,53,1-9,5341,16739.0,2487
2014,msa_ex_cook,53,10-49,680,12749.0,561
2014,msa_ex_cook,53,100-249,36,4682.0,36
2014,msa_ex_cook,53,1000+,1,1000.0,1
2014,msa_ex_cook,53,250-499,5,1480.0,5
2014,msa_ex_cook,53,50-99,93,5931.0,86
2014,msa_ex_cook,53,500-999,2,1290.0,2
2014,msa_ex_cook,53,unknown,369,0.0,0
2014,msa_ex_cook,54,1-9,16222,48737.0,6790
2014,msa_ex_cook,54,10-49,1654,29384.0,1443
2014,msa_ex_cook,54,100-249,92,12189.0,90
2014,msa_ex_cook,54,1000+,4,11501.0,4
2014,msa_ex_cook,54,250-499,22,6784.0,20
2014,msa_ex_cook,54,50-99,155,9625.0,146
2014,msa_ex_cook,54,500-999,8,4943.0,8
2014,msa_ex_cook,54,unknown,157,0.0,0
2014,msa_ex_cook,55,1-9,102,335.0,23
2014,msa_ex_cook,55,10-49,16,393.0,15
2014,msa_ex_cook,55,100-249,5,639.0,5
2014,msa_ex_cook,55,1000+,1,3000.0,1
2014,msa_ex_cook,55,250-499,1,250.0,1
2014,msa_ex_cook,55,50-99,6,390.0,6
2014,msa_ex_cook,56,1-9,6545,20736.0,2950
2014,msa_ex_cook,56,10-49,900,16186.0,720
2014,msa_ex_cook,56,100-249,62,8864.0,58
2014,msa_ex_cook,56,1000+,1,3000.0,1
2014,msa_ex_cook,56,250-499,22,6782.0,22
2014,msa_ex_cook,56,50-99,121,7288.0,110
2014,msa_ex_cook,56,500-999,5,3225.0,4
2014,msa_ex_cook,61,1-9,1573,5016.0,764
2014,msa_ex_cook,61,10-49,1177,25430.0,727
2014,msa_ex_cook,61,100-249,190,25068.0,190
2014,msa_ex_cook,61,1000+,7,14899.0,7
2014,msa_ex_cook,61,250-499,43,13646.0,43
2014,msa_ex_cook,61,50-99,673,44920.0,590
2014,msa_ex_cook,61,500-999,12,6838.0,12
2014,msa_ex_cook,62,1-9,21723,75066.0,4305
2014,msa_ex_cook,62,10-49,3014,51294.0,2080
2014,msa_ex_cook,62,100-249,172,24294.0,164
2014,msa_ex_cook,62,1000+,23,42341.0,23
2014,msa_ex_cook,62,250-499,27,7898.0,27
2014,msa_ex_cook,62,50-99,227,14521.0,208
2014,msa_ex_cook,62,500-999,8,5500.0,8
2014,msa_ex_cook,62,unknown,1,0.0,0
2014,msa_ex_cook,71,1-9,2070,7073.0,947
2014,msa_ex_cook,71,10-49,582,11474.0,432
2014,msa_ex_cook,71,100-249,68,9312.0,60
2014,msa_ex_cook,71,1000+,5,9256.0,5
2014,msa_ex_cook,71,250-499,6,1750.0,6
2014,msa_ex_cook,71,50-99,107,6472.0,101
2014,msa_ex_cook,71,500-999,8,4200.0,8
2014,msa_ex_cook,72,1-9,4152,20472.0,2243
2014,msa_ex_cook,72,10-49,3299,65587.0,2457
2014,msa_ex_cook,72,100-249,129,17704.0,111
2014,msa_ex_cook,72,1000+,2,6800.0,1
2014,msa_ex_cook,72,250-499,12,3793.0,12
2014,msa_ex_cook,72,50-99,426,26811.0,372
2014,msa_ex_cook,72,500-999,4,2000.0,4
2014,msa_ex_cook,81,1-9,13895,42344.0,8194
2014,msa_ex_cook,81,10-49,1521,25445.0,1427
2014,msa_ex_cook,81,100-249,55,7654.0,55
2014,msa_ex_cook,81,1000+,1,2000.0,1
2014,msa_ex_cook,81,250-499,10,3150.0,10
2014,msa_ex_cook,81,50-99,115,6899.0,113
2014,msa_ex_cook,81,500-999,4,2304.0,4
2014,msa_ex_cook,92,1-9,1375,6036.0,877
2014,msa_ex_cook,92,10-49,770,16312.0,598
2014,msa_ex_cook,92,100-249,82,10863.0,82
2014,msa_ex_cook,92,1000+,7,14000.0,6
2014,msa_ex_cook,92,250-499,20,6486.0,19
2014,msa_ex_cook,92,50-99,210,13605.0,206
2014,msa_ex_cook,92,500-999,8,5374.0,8
2014,msa_ex_cook,99,1-9,2517,7398.0,285
2014,msa_ex_cook,99,10-49,123,1814.0,61
2014,msa_ex_cook,99,100-249,6,870.0,6
2014,msa_ex_cook,99,1000+,1,1600.0,1
2014,msa_ex_cook,99,50-99,16,975.0,16
2014,msa_ex_cook,99,500-999,1,500.0,1
2014,msa_ex_cook,99,unknown,3744,0.0,0
2014,msa_ex_cook,,1-9,118,479.0,55
2014,msa_ex_cook,,10-49,10,163.0,9
2014,msa_ex_cook,,100-249,1,100.0,1
2014,msa_ex_cook,,50-99,1,60.0,1
2015,chicago,11,1-9,32,108.0,12
2015,chicago,11,10-49,5,73.0,3
2015,chicago,11,100-249,1,100.0,1
2015,chicago,21,1-9,22,100.0,9
2015,chicago,21,10-49,5,108.0,3
2015,chicago,22,1-9,22,95.0,11
2015,chicago,22,10-49,14,286.0,6
2015,chicago,22,1000+,3,8000.0,3
2015,chicago,22,250-499,6,2250.0,0
2015,chicago,22,50-99,3,162.0,1
2015,chicago,22,unknown,2,0.0,0
2015,chicago,23,1-9,4638,15805.0,1376
2015,chicago,23,10-49,603,10097.0,479
2015,chicago,23,100-249,31,4896.0,31
2015,chicago,23,1000+,3,4800.0,3
2015,chicago,23,250-499,12,3680.0,12
2015,chicago,23,50-99,65,3912.0,64
2015,chicago,23,500-999,2,1200.0,2
2015,chicago,31,1-9,526,2227.0,305
2015,chicago,31,10-49,204,3943.0,166
2015,chicago,31,100-249,22,3133.0,21
2015,chicago,31,1000+,2,2400.0,2
2015,chicago,31,250-499,14,4640.0,13
2015,chicago,31,50-99,33,2106.0,30
2015,chicago,31,500-999,14,9051.0,14
2015,chicago,31,unknown,1,0.0,0
2015,chicago,32,1-9,525,2110.0,322
2015,chicago,32,10-49,220,4228.0,174
2015,chicago,32,100-249,25,3470.0,20
2015,chicago,32,1000+,1,1700.0,1
2015,chicago,32,250-499,8,2653.0,6
2015,chicago,32,50-99,44,2810.0,40
2015,chicago,32,500-999,4,2625.0,4
2015,chicago,32,unknown,1,0.0,0
2015,chicago,33,1-9,966,3953.0,627
2015,chicago,33,10-49,496,9738.0,390
2015,chicago,33,100-249,65,9291.0,61
2015,chicago,33,1000+,4,4213.0,3
2015,chicago,33,250-499,10,3328.0,10
2015,chicago,33,50-99,90,5607.0,89
2015,chicago,33,500-999,5,2900.0,5
2015,chicago,33,unknown,1,0.0,0
2015,chicago,42,1-9,2013,8294.0,873
2015,chicago,42,10-49,452,8475.0,368
2015,chicago,42,100-249,43,5615.0,41
2015,chicago,42,1000+,7,12751.0,7
2015,chicago,42,250-499,11,3608.0,11
2015,chicago,42,50-99,77,4714.0,75
2015,chicago,42,500-999,5,2720.0,5
2015,chicago,42,unknown,1,0.0,0
2015,chicago,44,1-9,8179,27868.0,4212
2015,chicago,44,10-49,1352,24552.0,946
2015,chicago,44,100-249,115,17253.0,92
2015,chicago,44,250-499,33,10154.0,32
2015,chicago,44,50-99,162,9897.0,131
2015,chicago,44,500-999,3,1600.0,3
2015,chicago,44,unknown,150,0.0,0
2015,chicago,45,1-9,3007,8905.0,1477
2015,chicago,45,10-49,397,7543.0,324
2015,chicago,45,100-249,41,6133.0,36
2015,chicago,45,1000+,1,1500.0,1
2015,chicago,45,250-499,11,3690.0,9
2015,chicago,45,50-99,62,3907.0,54
2015,chicago,45,500-999,6,3620.0,6
2015,chicago,45,unknown,70,0.0,0
2015,chicago,48,1-9,1474,5321.0,501
2015,chicago,48,10-49,362,6673.0,195
2015,chicago,48,100-249,39,5777.0,38
2015,chicago,48,1000+,7,15120.0,7
2015,chicago,48,250-499,11,3389.0,11
2015,chicago,48,50-99,56,3565.0,47
2015,chicago,48,500-999,8,4758.0,6
2015,chicago,49,1-9,98,413.0,34
2015,chicago,49,10-49,28,545.0,23
2015,chicago,49,100-249,15,1694.0,15
2015,chicago,49,1000+,1,1000.0,1
2015,chicago,49,250-499,1,300.0,1
2015,chicago,49,50-99,15,1021.0,14
2015,chicago,49,500-999,2,1100.0,2
2015,chicago,51,1-9,2243,8353.0,845
2015,chicago,51,10-49,528,8738.0,307
2015,chicago,51,100-249,45,6217.0,41
2015,chicago,51,1000+,5,10592.0,5
2015,chicago,51,250-499,17,4930.0,16
2015,chicago,51,50-99,92,5862.0,78
2015,chicago,51,500-999,5,3351.0,5
2015,chicago,51,unknown,5,0.0,0
2015,chicago,52,1-9,6034,21339.0,1964
2015,chicago,52,10-49,1066,18322.0,810
2015,chicago,52,100-249,109,15284.0,106
2015,chicago,52,1000+,14,29302.0,14
2015,chicago,52,250-499,31,10276.0,28
2015,chicago,52,50-99,158,9951.0,153
2015,chicago,52,500-999,13,7691.0,12
2015,chicago,52,unknown,2109,0.0,0
2015,chicago,53,1-9,5409,19368.0,2007
2015,chicago,53,10-49,784,13321.0,708
2015,chicago,53,100-249,44,6345.0,44
2015,chicago,53,250-499,18,5541.0,18
2015,chicago,53,50-99,77,4749.0,67
2015,chicago,53,500-999,8,4500.0,8
2015,chicago,53,unknown,408,0.0,0
2015,chicago,54,1-9,19642,54758.0,4641
2015,chicago,54,10-49,1965,36430.0,1659
2015,chicago,54,100-249,153,21327.0,147
2015,chicago,54,1000+,24,43291.0,24
2015,chicago,54,250-499,45,13936.0,44
2015,chicago,54,50-99,301,18976.0,277
2015,chicago,54,500-999,31,19036.0,30
2015,chicago,54,unknown,61,0.0,0
2015,chicago,55,1-9,91,324.0,21
2015,chicago,55,10-49,14,296.0,9
2015,chicago,55,100-249,1,125.0,1
2015,chicago,55,1000+,2,9000.0,2
2015,chicago,55,50-99,2,110.0,2
2015,chicago,55,500-999,1,600.0,1
2015,chicago,55,unknown,2,0.0,0
2015,chicago,56,1-9,3231,10680.0,1197
2015,chicago,56,10-49,513,8999.0,384
2015,chicago,56,100-249,56,8071.0,55
2015,chicago,56,1000+,4,5600.0,4
2015,chicago,56,250-499,7,2126.0,6
2015,chicago,56,50-99,55,3343.0,54
2015,chicago,56,500-999,6,3486.0,6
2015,chicago,56,unknown,3,0.0,0
2015,chicago,61,1-9,1119,3863.0,497
2015,chicago,61,10-49,1138,23548.0,641
2015,chicago,61,100-249,171,22858.0,171
2015,chicago,61,1000+,9,30250.0,9
2015,chicago,61,250-499,16,4974.0,16
2015,chicago,61,50-99,403,27133.0,372
2015,chicago,61,500-999,18,11626.0,18
2015,chicago,62,1-9,19382,64573.0,2835
2015,chicago,62,10-49,2173,36389.0,1249
2015,chicago,62,100-249,127,17385.0,122
2015,chicago,62,1000+,23,84600.0,23
2015,chicago,62,250-499,32,10348.0,29
2015,chicago,62,50-99,175,11389.0,146
2015,chicago,62,500-999,20,13577.0,20
2015,chicago,62,unknown,2,0.0,0
2015,chicago,71,1-9,1458,5062.0,555
2015,chicago,71,10-49,298,5296.0,221
2015,chicago,71,100-249,30,4145.0,28
2015,chicago,71,1000+,5,7200.0,5
2015,chicago,71,250-499,8,2235.0,8
2015,chicago,71,50-99,45,2703.0,43
2015,chicago,71,500-999,5,3233.0,5
2015,chicago,71,unknown,1,0.0,0
2015,chicago,72,1-9,5592,27696.0,2693
2015,chicago,72,10-49,2864,49445.0,1719
2015,chicago,72,100-249,128,17207.0,117
2015,chicago,72,1000+,4,4999.0,4
2015,chicago,72,250-499,29,8963.0,28
2015,chicago,72,50-99,296,18799.0,258
2015,chicago,72,500-999,13,7652.0,12
2015,chicago,72,unknown,4,0.0,0
2015,chicago,81,1-9,12070,37508.0,6521
2015,chicago,81,10-49,1220,20750.0,1141
2015,chicago,81,100-249,54,7192.0,54
2015,chicago,81,1000+,2,2100.0,2
2015,chicago,81,250-499,17,5436.0,17
2015,chicago,81,50-99,111,6856.0,108
2015,chicago,81,500-999,4,2800.0,4
2015,chicago,81,unknown,2,0.0,0
2015,chicago,92,1-9,568,2905.0,292
2015,chicago,92,10-49,434,8737.0,283
2015,chicago,92,100-249,79,11980.0,79
2015,chicago,92,1000+,8,16177.0,8
2015,chicago,92,250-499,44,13964.0,44
2015,chicago,92,50-99,77,4943.0,75
2015,chicago,92,500-999,15,9727.0,15
2015,chicago,92,unknown,1,0.0,0
2015,chicago,99,1-9,1281,3844.0,125
2015,chicago,99,10-49,177,2271.0,51
2015,chicago,99,100-249,9,1211.0,9
2015,chicago,99,1000+,1,1000.0,1
2015,chicago,99,50-99,15,855.0,14
2015,chicago,99,500-999,1,700.0,1
2015,chicago,99,unknown,4014,0.0,0
2015,chicago,,1-9,20,53.0,4
2015,chicago,,10-49,4,46.0,4
2015,chicago,,100-249,1,225.0,1
2015,cook_ex_chicago,11,1-9,75,241.0,26
2015,cook_ex_chicago,11,10-49,14,280.0,6
2015,cook_ex_chicago,11,50-99,3,152.0,3
2015,cook_ex_chicago,21,1-9,32,148.0,11
2015,cook_ex_chicago,21,10-49,4,48.0,3
2015,cook_ex_chicago,21,50-99,2,135.0,2
2015,cook_ex_chicago,22,1-9,76,318.0,41
2015,cook_ex_chicago,22,10-49,28,610.0,19
2015,cook_ex_chicago,22,100-249,1,225.0,1
2015,cook_ex_chicago,22,250-499,2,625.0,1
2015,cook_ex_chicago,22,50-99,4,225.0,3
2015,cook_ex_chicago,23,1-9,6858,23735.0,2437
2015,cook_ex_chicago,23,10-49,1027,17763.0,868
2015,cook_ex_chicago,23,100-249,45,6147.0,44
2015,cook_ex_chicago,23,1000+,1,6000.0,1
2015,cook_ex_chicago,23,250-499,10,3260.0,10
2015,cook_ex_chicago,23,50-99,109,6441.0,107
2015,cook_ex_chicago,23,500-999,2,1400.0,2
2015,cook_ex_chicago,31,1-9,338,1493.0,167
2015,cook_ex_chicago,31,10-49,124,2310.0,88
2015,cook_ex_chicago,31,100-249,20,2652.0,20
2015,cook_ex_chicago,31,1000+,1,1200.0,1
2015,cook_ex_chicago,31,250-499,9,2688.0,8
2015,cook_ex_chicago,31,50-99,41,2639.0,38
2015,cook_ex_chicago,31,500-999,5,3450.0,5
2015,cook_ex_chicago,31,unknown,1,0.0,0
2015,cook_ex_chicago,32,1-9,688,2878.0,458
2015,cook_ex_chicago,32,10-49,317,6386.0,265
2015,cook_ex_chicago,32,100-249,72,9330.0,66
2015,cook_ex_chicago,32,1000+,2,3940.0,2
2015,cook_ex_chicago,32,250-499,16,5098.0,14
2015,cook_ex_chicago,32,50-99,74,4876.0,64
2015,cook_ex_chicago,32,500-999,2,1200.0,1
2015,cook_ex_chicago,32,unknown,2,0.0,0
2015,cook_ex_chicago,33,1-9,1469,6413.0,968
2015,cook_ex_chicago,33,10-49,877,17669.0,693
2015,cook_ex_chicago,33,100-249,119,16137.0,114
2015,cook_ex_chicago,33,1000+,11,17600.0,10
2015,cook_ex_chicago,33,250-499,32,10478.0,31
2015,cook_ex_chicago,33,50-99,163,10484.0,161
2015,cook_ex_chicago,33,500-999,19,11203.0,19
2015,cook_ex_chicago,33,unknown,3,0.0,0
2015,cook_ex_chicago,42,1-9,3442,14504.0,1628
2015,cook_ex_chicago,42,10-49,910,16765.0,778
2015,cook_ex_chicago,42,100-249,94,12430.0,91
2015,cook_ex_chicago,42,1000+,5,7200.0,5
2015,cook_ex_chicago,42,250-499,29,8983.0,29
2015,cook_ex_chicago,42,50-99,128,7584.0,126
2015,cook_ex_chicago,42,500-999,13,8579.0,13
2015,cook_ex_chicago,42,unknown,7,0.0,0
2015,cook_ex_chicago,44,1-9,7631,28196.0,3849
2015,cook_ex_chicago,44,10-49,1921,35855.0,1416
2015,cook_ex_chicago,44,100-249,196,28994.0,159
2015,cook_ex_chicago,44,1000+,2,2000.0,2
2015,cook_ex_chicago,44,250-499,35,10067.0,31
2015,cook_ex_chicago,44,50-99,227,14520.0,197
2015,cook_ex_chicago,44,500-999,6,4192.0,6
2015,cook_ex_chicago,44,unknown,104,0.0,0
2015,cook_ex_chicago,45,1-9,2779,8907.0,1395
2015,cook_ex_chicago,45,10-49,613,12208.0,456
2015,cook_ex_chicago,45,100-249,89,14206.0,75
2015,cook_ex_chicago,45,1000+,1,1200.0,1
2015,cook_ex_chicago,45,250-499,41,12902.0,37
2015,cook_ex_chicago,45,50-99,91,5745.0,73
2015,cook_ex_chicago,45,500-999,3,1650.0,3
2015,cook_ex_chicago,45,unknown,107,0.0,0
2015,cook_ex_chicago,48,1-9,2386,8875.0,991
2015,cook_ex_chicago,48,10-49,497,8780.0,338
2015,cook_ex_chicago,48,100-249,55,8202.0,55
2015,cook_ex_chicago,48,1000+,2,4240.0,2
2015,cook_ex_chicago,48,250-499,12,3700.0,12
2015,cook_ex_chicago,48,50-99,74,4452.0,64
2015,cook_ex_chicago,48,500-999,3,1700.0,3
2015,cook_ex_chicago,48,unknown,1,0.0,0
2015,cook_ex_chicago,49,1-9,119,480.0,55
2015,cook_ex_chicago,49,10-49,41,898.0,34
2015,cook_ex_chicago,49,100-249,16,2212.0,16
2015,cook_ex_chicago,49,250-499,3,870.0,3
2015,cook_ex_chicago,49,50-99,19,1398.0,19
2015,cook_ex_chicago,51,1-9,1585,6236.0,590
2015,cook_ex_chicago,51,10-49,312,5682.0,216
2015,cook_ex_chicago,51,100-249,32,4503.0,29
2015,cook_ex_chicago,51,250-499,6,1920.0,6
2015,cook_ex_chicago,51,50-99,55,3271.0,45
2015,cook_ex_chicago,51,500-999,4,2050.0,4
2015,cook_ex_chicago,51,unknown,1,0.0,0
2015,cook_ex_chicago,52,1-9,6230,20562.0,2545
2015,cook_ex_chicago,52,10-49,985,17273.0,765
2015,cook_ex_chicago,52,100-249,42,6185.0,42
2015,cook_ex_chicago,52,1000+,6,31900.0,6
2015,cook_ex_chicago,52,250-499,11,3510.0,8
2015,cook_ex_chicago,52,50-99,100,6286.0,92
2015,cook_ex_chicago,52,500-999,1,600.0,1
2015,cook_ex_chicago,52,unknown,2531,0.0,0
2015,cook_ex_chicago,53,1-9,4032,13432.0,1573
2015,cook_ex_chicago,53,10-49,493,9320.0,399
2015,cook_ex_chicago,53,100-249,28,3276.0,28
2015,cook_ex_chicago,53,1000+,1,1200.0,1
2015,cook_ex_chicago,53,250-499,1,275.0,1
2015,cook_ex_chicago,53,50-99,82,5097.0,79
2015,cook_ex_chicago,53,500-999,1,600.0,1
2015,cook_ex_chicago,53,unknown,273,0.0,0
2015,cook_ex_chicago,54,1-9,10289,32018.0,4057
2015,cook_ex_chicago,54,10-49,1089,18720.0,958
2015,cook_ex_chicago,54,100-249,86,11903.0,85
2015,cook_ex_chicago,54,1000+,3,10000.0,3
2015,cook_ex_chicago,54,250-499,17,5715.0,17
2015,cook_ex_chicago,54,50-99,132,8066.0,123
2015,cook_ex_chicago,54,500-999,11,6650.0,11
2015,cook_ex_chicago,54,unknown,98,0.0,0
2015,cook_ex_chicago,55,1-9,73,243.0,18
2015,cook_ex_chicago,55,10-49,12,279.0,9
2015,cook_ex_chicago,55,100-249,4,438.0,4
2015,cook_ex_chicago,55,250-499,3,1125.0,3
2015,cook_ex_chicago,55,50-99,4,222.0,4
2015,cook_ex_chicago,56,1-9,3408,11613.0,1376
2015,cook_ex_chicago,56,10-49,602,10546.0,497
2015,cook_ex_chicago,56,100-249,48,6284.0,44
2015,cook_ex_chicago,56,1000+,7,20300.0,7
2015,cook_ex_chicago,56,250-499,10,3125.0,10
2015,cook_ex_chicago,56,50-99,94,5436.0,85
2015,cook_ex_chicago,56,500-999,3,1675.0,3
2015,cook_ex_chicago,56,unknown,2,0.0,0
2015,cook_ex_chicago,61,1-9,1010,3415.0,478
2015,cook_ex_chicago,61,10-49,1064,22604.0,593
2015,cook_ex_chicago,61,100-249,115,16140.0,115
2015,cook_ex_chicago,61,1000+,6,10600.0,6
2015,cook_ex_chicago,61,250-499,41,12726.0,41
2015,cook_ex_chicago,61,50-99,507,33869.0,439
2015,cook_ex_chicago,61,500-999,11,6960.0,11
2015,cook_ex_chicago,62,1-9,20678,69186.0,3081
2015,cook_ex_chicago,62,10-49,2519,41538.0,1542
2015,cook_ex_chicago,62,100-249,158,22063.0,146
2015,cook_ex_chicago,62,1000+,21,52700.0,21
2015,cook_ex_chicago,62,250-499,40,12745.0,38
2015,cook_ex_chicago,62,50-99,186,11674.0,163
2015,cook_ex_chicago,62,500-999,11,7958.0,11
2015,cook_ex_chicago,62,unknown,4,0.0,0
2015,cook_ex_chicago,71,1-9,1239,4352.0,477
2015,cook_ex_chicago,71,10-49,398,8046.0,290
2015,cook_ex_chicago,71,100-249,54,6819.0,50
2015,cook_ex_chicago,71,1000+,2,2201.0,2
2015,cook_ex_chicago,71,250-499,9,2701.0,7
2015,cook_ex_chicago,71,50-99,85,5163.0,82
2015,cook_ex_chicago,71,500-999,7,4245.0,7
2015,cook_ex_chicago,72,1-9,3676,18396.0,1916
2015,cook_ex_chicago,72,10-49,2533,47729.0,1739
2015,cook_ex_chicago,72,100-249,93,12780.0,79
2015,cook_ex_chicago,72,250-499,16,5114.0,15
2015,cook_ex_chicago,72,50-99,302,19395.0,255
2015,cook_ex_chicago,72,500-999,2,1330.0,2
2015,cook_ex_chicago,81,1-9,10551,32663.0,5982
2015,cook_ex_chicago,81,10-49,1401,22606.0,1301
2015,cook_ex_chicago,81,100-249,57,7925.0,56
2015,cook_ex_chicago,81,250-499,11,3826.0,11
2015,cook_ex_chicago,81,50-99,88,5334.0,87
2015,cook_ex_chicago,81,500-999,6,3949.0,6
2015,cook_ex_chicago,81,unknown,8,0.0,0
2015,cook_ex_chicago,92,1-9,838,3837.0,473
2015,cook_ex_chicago,92,10-49,520,11483.0,408
2015,cook_ex_chicago,92,100-249,80,10938.0,79
2015,cook_ex_chicago,92,1000+,1,1000.0,1
2015,cook_ex_chicago,92,250-499,15,5375.0,15
2015,cook_ex_chicago,92,50-99,134,8396.0,134
2015,cook_ex_chicago,92,500-999,6,3315.0,6
2015,cook_ex_chicago,99,1-9,1091,3292.0,88
2015,cook_ex_chicago,99,10-49,124,1623.0,31
2015,cook_ex_chicago,99,100-249,5,711.0,5
2015,cook_ex_chicago,99,250-499,2,717.0,2
2015,cook_ex_chicago,99,50-99,11,710.0,11
2015,cook_ex_chicago,99,unknown,3048,0.0,0
2015,cook_ex_chicago,,1-9,18,44.0,5
2015,cook_ex_chicago,,10-49,1,30.0,1
2015,cook_ex_chicago,,100-249,1,101.0,1
2015,cook_ex_chicago,,50-99,1,80.0,1
2015,cook_ex_chicago,,unknown,2,0.0,0
2015,il_ex_msa,11,1-9,3806,9117.0,2130
2015,il_ex_msa,11,10-49,165,2641.0,150
2015,il_ex_msa,11,100-249,8,1196.0,8
2015,il_ex_msa,11,250-499,1,250.0,1
2015,il_ex_msa,11,50-99,19,1135.0,19
2015,il_ex_msa,11,500-999,1,500.0,1
2015,il_ex_msa,21,1-9,260,1084.0,135
2015,il_ex_msa,21,10-49,65,1130.0,58
2015,il_ex_msa,21,100-249,8,1290.0,6
2015,il_ex_msa,21,250-499,3,1055.0,3
2015,il_ex_msa,21,50-99,2,140.0,2
2015,il_ex_msa,21,500-999,1,800.0,1
2015,il_ex_msa,22,1-9,539,2090.0,365
2015,il_ex_msa,22,10-49,107,2040.0,77
2015,il_ex_msa,22,100-249,5,694.0,5
2015,il_ex_msa,22,1000+,2,3932.0,2
2015,il_ex_msa,22,250-499,8,2735.0,3
2015,il_ex_msa,22,50-99,90,5450.0,24
2015,il_ex_msa,22,unknown,1,0.0,0
2015,il_ex_msa,23,1-9,12145,38809.0,6288
2015,il_ex_msa,23,10-49,1509,25382.0,1265
2015,il_ex_msa,23,100-249,66,8748.0,64
2015,il_ex_msa,23,250-499,12,3909.0,12
2015,il_ex_msa,23,50-99,142,8554.0,141
2015,il_ex_msa,23,500-999,5,2870.0,5
2015,il_ex_msa,31,1-9,605,2463.0,340
2015,il_ex_msa,31,10-49,202,3715.0,162
2015,il_ex_msa,31,100-249,22,2870.0,21
2015,il_ex_msa,31,1000+,3,6600.0,3
2015,il_ex_msa,31,250-499,13,4190.0,13
2015,il_ex_msa,31,50-99,47,3107.0,39
2015,il_ex_msa,31,500-999,4,2500.0,4
2015,il_ex_msa,32,1-9,951,3627.0,721
2015,il_ex_msa,32,10-49,368,7464.0,320
2015,il_ex_msa,32,100-249,69,9381.0,58
2015,il_ex_msa,32,1000+,4,4100.0,4
2015,il_ex_msa,32,250-499,17,5496.0,17
2015,il_ex_msa,32,50-99,89,5799.0,79
2015,il_ex_msa,32,500-999,14,9250.0,8
2015,il_ex_msa,33,1-9,2000,7707.0,1469
2015,il_ex_msa,33,10-49,800,15979.0,688
2015,il_ex_msa,33,100-249,150,21588.0,143
2015,il_ex_msa,33,1000+,9,16701.0,7
2015,il_ex_msa,33,250-499,49,15903.0,49
2015,il_ex_msa,33,50-99,195,12909.0,185
2015,il_ex_msa,33,500-999,22,13800.0,20
2015,il_ex_msa,33,unknown,3,0.0,0
2015,il_ex_msa,42,1-9,4585,18102.0,2956
2015,il_ex_msa,42,10-49,1404,26370.0,1250
2015,il_ex_msa,42,100-249,100,13130.0,99
2015,il_ex_msa,42,1000+,7,12001.0,7
2015,il_ex_msa,42,250-499,34,11095.0,30
2015,il_ex_msa,42,50-99,163,10434.0,159
2015,il_ex_msa,42,500-999,19,12805.0,17
2015,il_ex_msa,42,unknown,3,0.0,0
2015,il_ex_msa,44,1-9,12209,46625.0,8152
2015,il_ex_msa,44,10-49,3441,58930.0,2845
2015,il_ex_msa,44,100-249,232,32333.0,193
2015,il_ex_msa,44,1000+,2,4700.0,2
2015,il_ex_msa,44,250-499,33,9876.0,27
2015,il_ex_msa,44,50-99,321,21026.0,296
2015,il_ex_msa,44,500-999,4,2964.0,4
2015,il_ex_msa,44,unknown,87,0.0,0
2015,il_ex_msa,45,1-9,5771,17525.0,3662
2015,il_ex_msa,45,10-49,776,14651.0,627
2015,il_ex_msa,45,100-249,132,19207.0,117
2015,il_ex_msa,45,250-499,64,21545.0,52
2015,il_ex_msa,45,50-99,131,8563.0,112
2015,il_ex_msa,45,500-999,5,2799.0,5
2015,il_ex_msa,45,unknown,135,0.0,0
2015,il_ex_msa,48,1-9,3213,10015.0,1573
2015,il_ex_msa,48,10-49,717,13575.0,530
2015,il_ex_msa,48,100-249,60,8238.0,57
2015,il_ex_msa,48,1000+,1,2800.0,1
2015,il_ex_msa,48,250-499,12,3831.0,12
2015,il_ex_msa,48,50-99,108,6813.0,98
2015,il_ex_msa,48,500-999,8,4778.0,6
2015,il_ex_msa,48,unknown,1,0.0,0
2015,il_ex_msa,49,1-9,1426,5384.0,1199
2015,il_ex_msa,49,10-49,284,5120.0,273
2015,il_ex_msa,49,100-249,13,1944.0,13
2015,il_ex_msa,49,250-499,3,900.0,3
2015,il_ex_msa,49,50-99,29,1955.0,28
2015,il_ex_msa,49,500-999,3,2150.0,3
2015,il_ex_msa,51,1-9,2341,9530.0,1334
2015,il_ex_msa,51,10-49,734,12603.0,495
2015,il_ex_msa,51,100-249,42,5186.0,39
2015,il_ex_msa,51,1000+,2,8000.0,2
2015,il_ex_msa,51,250-499,12,3685.0,11
2015,il_ex_msa,51,50-99,121,7638.0,94
2015,il_ex_msa,51,500-999,4,2703.0,4
2015,il_ex_msa,51,unknown,1,0.0,0
2015,il_ex_msa,52,1-9,9930,31205.0,5368
2015,il_ex_msa,52,10-49,1261,21613.0,1124
2015,il_ex_msa,52,100-249,41,5844.0,41
2015,il_ex_msa,52,1000+,10,42704.0,10
2015,il_ex_msa,52,250-499,15,5120.0,14
2015,il_ex_msa,52,50-99,140,8368.0,126
2015,il_ex_msa,52,500-999,8,4818.0,8
2015,il_ex_msa,52,unknown,7343,0.0,0
2015,il_ex_msa,53,1-9,6571,18834.0,3567
2015,il_ex_msa,53,10-49,612,10327.0,525
2015,il_ex_msa,53,100-249,20,2649.0,20
2015,il_ex_msa,53,250-499,2,525.0,2
2015,il_ex_msa,53,50-99,41,2565.0,38
2015,il_ex_msa,53,unknown,591,0.0,0
2015,il_ex_msa,54,1-9,13797,39949.0,5244
2015,il_ex_msa,54,10-49,1326,23385.0,1237
2015,il_ex_msa,54,100-249,53,7594.0,50
2015,il_ex_msa,54,1000+,4,10500.0,4
2015,il_ex_msa,54,250-499,12,3814.0,12
2015,il_ex_msa,54,50-99,132,8130.0,118
2015,il_ex_msa,54,500-999,2,1450.0,2
2015,il_ex_msa,54,unknown,202,0.0,0
2015,il_ex_msa,55,1-9,109,345.0,44
2015,il_ex_msa,55,10-49,70,1727.0,64
2015,il_ex_msa,55,100-249,4,502.0,4
2015,il_ex_msa,55,250-499,1,350.0,1
2015,il_ex_msa,55,50-99,17,1035.0,17
2015,il_ex_msa,55,unknown,10,0.0,0
2015,il_ex_msa,56,1-9,5129,16047.0,2648
2015,il_ex_msa,56,10-49,741,13352.0,539
2015,il_ex_msa,56,100-249,39,5673.0,35
2015,il_ex_msa,56,1000+,1,1200.0,1
2015,il_ex_msa,56,250-499,13,4047.0,13
2015,il_ex_msa,56,50-99,72,4344.0,57
2015,il_ex_msa,56,500-999,2,1450.0,1
2015,il_ex_msa,56,unknown,1,0.0,0
2015,il_ex_msa,61,1-9,1555,5716.0,1057
2015,il_ex_msa,61,10-49,2236,53714.0,1629
2015,il_ex_msa,61,100-249,206,29205.0,205
2015,il_ex_msa,61,1000+,9,36859.0,9
2015,il_ex_msa,61,250-499,27,8166.0,27
2015,il_ex_msa,61,50-99,947,61332.0,781
2015,il_ex_msa,61,500-999,14,8471.0,14
2015,il_ex_msa,61,unknown,1,0.0,0
2015,il_ex_msa,62,1-9,25780,84421.0,4811
2015,il_ex_msa,62,10-49,4048,72067.0,2760
2015,il_ex_msa,62,100-249,388,52735.0,369
2015,il_ex_msa,62,1000+,41,92460.0,40
2015,il_ex_msa,62,250-499,73,23769.0,69
2015,il_ex_msa,62,50-99,531,34688.0,467
2015,il_ex_msa,62,500-999,32,21878.0,32
2015,il_ex_msa,62,unknown,4,0.0,0
2015,il_ex_msa,71,1-9,2520,8866.0,1488
2015,il_ex_msa,71,10-49,740,13650.0,526
2015,il_ex_msa,71,100-249,42,5689.0,40
2015,il_ex_msa,71,1000+,2,2100.0,2
2015,il_ex_msa,71,250-499,11,3758.0,9
2015,il_ex_msa,71,50-99,81,4856.0,77
2015,il_ex_msa,71,500-999,3,1750.0,3
2015,il_ex_msa,72,1-9,6446,29300.0,4060
2015,il_ex_msa,72,10-49,4625,89010.0,3566
2015,il_ex_msa,72,100-249,120,15086.0,112
2015,il_ex_msa,72,250-499,7,2095.0,7
2015,il_ex_msa,72,50-99,516,32381.0,476
2015,il_ex_msa,72,500-999,1,600.0,1
2015,il_ex_msa,81,1-9,23704,66710.0,16470
2015,il_ex_msa,81,10-49,1626,26852.0,1524
2015,il_ex_msa,81,100-249,63,8760.0,63
2015,il_ex_msa,81,1000+,2,4200.0,2
2015,il_ex_msa,81,250-499,13,4055.0,13
2015,il_ex_msa,81,50-99,143,8796.0,142
2015,il_ex_msa,81,500-999,3,1715.0,3
2015,il_ex_msa,81,unknown,18,0.0,0
2015,il_ex_msa,92,1-9,7213,28222.0,5037
2015,il_ex_msa,92,10-49,3088,58610.0,2076
2015,il_ex_msa,92,100-249,117,17832.0,110
2015,il_ex_msa,92,1000+,11,29580.0,10
2015,il_ex_msa,92,250-499,49,16269.0,49
2015,il_ex_msa,92,50-99,272,17215.0,270
2015,il_ex_msa,92,500-999,13,8109.0,13
2015,il_ex_msa,92,unknown,5,0.0,0
2015,il_ex_msa,99,1-9,1145,3501.0,139
2015,il_ex_msa,99,10-49,119,1547.0,33
2015,il_ex_msa,99,100-249,5,956.0,5
2015,il_ex_msa,99,50-99,7,445.0,7
2015,il_ex_msa,99,500-999,1,623.0,1
2015,il_ex_msa,99,unknown,3482,0.0,0
2015,il_ex_msa,,1-9,19,56.0,9
2015,il_ex_msa,,10-49,4,70.0,4
2015,il_ex_msa,,250-499,1,400.0,1
2015,il_ex_msa,,unknown,2,0.0,0
2015,msa_ex_cook,11,1-9,425,1154.0,212
2015,msa_ex_cook,11,10-49,39,701.0,35
2015,msa_ex_cook,11,100-249,2,360.0,2
2015,msa_ex_cook,11,50-99,5,315.0,5
2015,msa_ex_cook,21,1-9,48,235.0,19
2015,msa_ex_cook,21,10-49,14,217.0,9
2015,msa_ex_cook,21,50-99,1,65.0,1
2015,msa_ex_cook,22,1-9,119,549.0,52
2015,msa_ex_cook,22,10-49,53,1008.0,32
2015,msa_ex_cook,22,100-249,3,540.0,3
2015,msa_ex_cook,22,1000+,1,3000.0,1
2015,msa_ex_cook,22,250-499,6,2100.0,2
2015,msa_ex_cook,22,50-99,14,871.0,5
2015,msa_ex_cook,22,500-999,2,1400.0,2
2015,msa_ex_cook,23,1-9,11716,38083.0,4664
2015,msa_ex_cook,23,10-49,1607,27129.0,1368
2015,msa_ex_cook,23,100-249,50,7085.0,50
2015,msa_ex_cook,23,1000+,1,1000.0,1
2015,msa_ex_cook,23,250-499,14,4084.0,14
2015,msa_ex_cook,23,50-99,157,9314.0,149
2015,msa_ex_cook,23,500-999,4,2537.0,4
2015,msa_ex_cook,23,unknown,1,0.0,0
2015,msa_ex_cook,31,1-9,439,1786.0,212
2015,msa_ex_cook,31,10-49,156,2918.0,111
2015,msa_ex_cook,31,100-249,31,4382.0,30
2015,msa_ex_cook,31,1000+,1,1200.0,1
2015,msa_ex_cook,31,250-499,7,2605.0,7
2015,msa_ex_cook,31,50-99,37,2247.0,28
2015,msa_ex_cook,31,500-999,3,1750.0,2
2015,msa_ex_cook,31,unknown,2,0.0,0
2015,msa_ex_cook,32,1-9,1054,4437.0,704
2015,msa_ex_cook,32,10-49,463,9177.0,360
2015,msa_ex_cook,32,100-249,123,16950.0,110
2015,msa_ex_cook,32,1000+,5,18400.0,5
2015,msa_ex_cook,32,250-499,29,8907.0,27
2015,msa_ex_cook,32,50-99,132,8418.0,109
2015,msa_ex_cook,32,500-999,7,4210.0,6
2015,msa_ex_cook,32,unknown,2,0.0,0
2015,msa_ex_cook,33,1-9,2343,9834.0,1531
2015,msa_ex_cook,33,10-49,1345,26379.0,1051
2015,msa_ex_cook,33,100-249,237,31901.0,217
2015,msa_ex_cook,33,1000+,13,26802.0,10
2015,msa_ex_cook,33,250-499,50,16173.0,45
2015,msa_ex_cook,33,50-99,224,14215.0,213
2015,msa_ex_cook,33,500-999,19,11351.0,16
2015,msa_ex_cook,33,unknown,3,0.0,0
2015,msa_ex_cook,42,1-9,5055,20422.0,2585
2015,msa_ex_cook,42,10-49,1395,26153.0,1233
2015,msa_ex_cook,42,100-249,147,21067.0,138
2015,msa_ex_cook,42,1000+,8,17400.0,8
2015,msa_ex_cook,42,250-499,37,12201.0,35
2015,msa_ex_cook,42,50-99,204,12914.0,190
2015,msa_ex_cook,42,500-999,18,11835.0,16
2015,msa_ex_cook,42,unknown,3,0.0,0
2015,msa_ex_cook,44,1-9,9876,36351.0,5075
2015,msa_ex_cook,44,10-49,2797,50297.0,2095
2015,msa_ex_cook,44,100-249,268,38565.0,217
2015,msa_ex_cook,44,1000+,3,4800.0,3
2015,msa_ex_cook,44,250-499,59,17565.0,51
2015,msa_ex_cook,44,50-99,316,19973.0,267
2015,msa_ex_cook,44,500-999,15,9000.0,15
2015,msa_ex_cook,44,unknown,114,0.0,0
2015,msa_ex_cook,45,1-9,4231,12847.0,2180
2015,msa_ex_cook,45,10-49,834,16342.0,626
2015,msa_ex_cook,45,100-249,132,21277.0,109
2015,msa_ex_cook,45,1000+,3,3002.0,3
2015,msa_ex_cook,45,250-499,42,13274.0,35
2015,msa_ex_cook,45,50-99,113,7401.0,90
2015,msa_ex_cook,45,500-999,10,6300.0,10
2015,msa_ex_cook,45,unknown,142,0.0,0
2015,msa_ex_cook,48,1-9,3023,10859.0,1258
2015,msa_ex_cook,48,10-49,604,11414.0,434
2015,msa_ex_cook,48,100-249,62,9159.0,59
2015,msa_ex_cook,48,1000+,4,4300.0,4
2015,msa_ex_cook,48,250-499,12,3731.0,12
2015,msa_ex_cook,48,50-99,84,5329.0,78
2015,msa_ex_cook,48,500-999,3,2100.0,3
2015,msa_ex_cook,48,unknown,2,0.0,0
2015,msa_ex_cook,49,1-9,198,780.0,103
2015,msa_ex_cook,49,10-49,102,2239.0,88
2015,msa_ex_cook,49,100-249,18,2509.0,18
2015,msa_ex_cook,49,250-499,2,618.0,2
2015,msa_ex_cook,49,50-99,21,1445.0,20
2015,msa_ex_cook,51,1-9,2004,7861.0,771
2015,msa_ex_cook,51,10-49,427,7705.0,293
2015,msa_ex_cook,51,100-249,43,5519.0,35
2015,msa_ex_cook,51,1000+,1,1150.0,1
2015,msa_ex_cook,51,250-499,11,3421.0,10
2015,msa_ex_cook,51,50-99,81,5197.0,71
2015,msa_ex_cook,51,500-999,4,2740.0,4
2015,msa_ex_cook,51,unknown,4,0.0,0
2015,msa_ex_cook,52,1-9,8117,26681.0,3355
2015,msa_ex_cook,52,10-49,1274,21865.0,1010
2015,msa_ex_cook,52,100-249,69,9821.0,67
2015,msa_ex_cook,52,1000+,6,10820.0,6
2015,msa_ex_cook,52,250-499,12,4111.0,12
2015,msa_ex_cook,52,50-99,115,7484.0,102
2015,msa_ex_cook,52,500-999,12,7165.0,11
2015,msa_ex_cook,52,unknown,3621,0.0,0
2015,msa_ex_cook,53,1-9,5089,16020.0,2274
2015,msa_ex_cook,53,10-49,662,12265.0,544
2015,msa_ex_cook,53,100-249,36,4730.0,36
2015,msa_ex_cook,53,1000+,2,2000.0,2
2015,msa_ex_cook,53,250-499,5,1480.0,5
2015,msa_ex_cook,53,50-99,96,6079.0,86
2015,msa_ex_cook,53,500-999,2,1191.0,2
2015,msa_ex_cook,53,unknown,366,0.0,0
2015,msa_ex_cook,54,1-9,14806,45499.0,6050
2015,msa_ex_cook,54,10-49,1643,29026.0,1420
2015,msa_ex_cook,54,100-249,94,12381.0,93
2015,msa_ex_cook,54,1000+,3,6099.0,3
2015,msa_ex_cook,54,250-499,24,7679.0,21
2015,msa_ex_cook,54,50-99,166,10220.0,158
2015,msa_ex_cook,54,500-999,9,5444.0,9
2015,msa_ex_cook,54,unknown,162,0.0,0
2015,msa_ex_cook,55,1-9,91,319.0,17
2015,msa_ex_cook,55,10-49,17,381.0,15
2015,msa_ex_cook,55,100-249,6,864.0,6
2015,msa_ex_cook,55,1000+,1,3000.0,1
2015,msa_ex_cook,55,250-499,1,250.0,1
2015,msa_ex_cook,55,50-99,7,464.0,7
2015,msa_ex_cook,55,unknown,1,0.0,0
2015,msa_ex_cook,56,1-9,5599,18219.0,2496
2015,msa_ex_cook,56,10-49,841,15428.0,693
2015,msa_ex_cook,56,100-249,62,8862.0,57
2015,msa_ex_cook,56,1000+,2,6300.0,2
2015,msa_ex_cook,56,250-499,19,5828.0,19
2015,msa_ex_cook,56,50-99,104,6409.0,98
2015,msa_ex_cook,56,500-999,5,3225.0,4
2015,msa_ex_cook,61,1-9,1517,4970.0,722
2015,msa_ex_cook,61,10-49,1244,26672.0,729
2015,msa_ex_cook,61,100-249,188,24870.0,188
2015,msa_ex_cook,61,1000+,9,20899.0,9
2015,msa_ex_cook,61,250-499,43,13576.0,43
2015,msa_ex_cook,61,50-99,687,45839.0,596
2015,msa_ex_cook,61,500-999,12,6838.0,12
2015,msa_ex_cook,61,unknown,1,0.0,0
2015,msa_ex_cook,62,1-9,23239,78233.0,4094
2015,msa_ex_cook,62,10-49,3190,53567.0,2022
2015,msa_ex_cook,62,100-249,168,23854.0,162
2015,msa_ex_cook,62,1000+,24,47941.0,24
2015,msa_ex_cook,62,250-499,28,8431.0,27
2015,msa_ex_cook,62,50-99,239,15209.0,217
2015,msa_ex_cook,62,500-999,10,6351.0,10
2015,msa_ex_cook,62,unknown,9,0.0,0
2015,msa_ex_cook,71,1-9,1985,7088.0,873
2015,msa_ex_cook,71,10-49,579,11284.0,426
2015,msa_ex_cook,71,100-249,65,8804.0,57
2015,msa_ex_cook,71,1000+,5,9656.0,5
2015,msa_ex_cook,71,250-499,8,2594.0,6
2015,msa_ex_cook,71,50-99,109,6629.0,104
2015,msa_ex_cook,71,500-999,6,3200.0,6
2015,msa_ex_cook,72,1-9,4068,20165.0,2161
2015,msa_ex_cook,72,10-49,3319,65666.0,2414
2015,msa_ex_cook,72,100-249,127,17208.0,108
2015,msa_ex_cook,72,1000+,2,6800.0,1
2015,msa_ex_cook,72,250-499,11,3543.0,11
2015,msa_ex_cook,72,50-99,416,26089.0,366
2015,msa_ex_cook,72,500-999,4,2000.0,4
2015,msa_ex_cook,81,1-9,13378,41341.0,7774
2015,msa_ex_cook,81,10-49,2121,32419.0,2015
2015,msa_ex_cook,81,100-249,53,7317.0,53
2015,msa_ex_cook,81,1000+,1,2000.0,1
2015,msa_ex_cook,81,250-499,9,2890.0,9
2015,msa_ex_cook,81,50-99,106,6278.0,106
2015,msa_ex_cook,81,500-999,2,1100.0,2
2015,msa_ex_cook,81,unknown,12,0.0,0
2015,msa_ex_cook,92,1-9,1481,6723.0,912
2015,msa_ex_cook,92,10-49,815,16940.0,627
2015,msa_ex_cook,92,100-249,90,12305.0,87
2015,msa_ex_cook,92,1000+,6,12600.0,5
2015,msa_ex_cook,92,250-499,21,6751.0,21
2015,msa_ex_cook,92,50-99,223,14424.0,221
2015,msa_ex_cook,92,500-999,10,6778.0,10
2015,msa_ex_cook,92,unknown,1,0.0,0
2015,msa_ex_cook,99,1-9,1616,4795.0,189
2015,msa_ex_cook,99,10-49,164,2138.0,57
2015,msa_ex_cook,99,100-249,6,901.0,6
2015,msa_ex_cook,99,1000+,1,1600.0,1
2015,msa_ex_cook,99,250-499,1,320.0,1
2015,msa_ex_cook,99,50-99,19,1112.0,19
2015,msa_ex_cook,99,500-999,1,501.0,1
2015,msa_ex_cook,99,unknown,3978,0.0,0
2015,msa_ex_cook,,1-9,14,25.0,6
2015,msa_ex_cook,,10-49,3,71.0,3
2015,msa_ex_cook,,50-99,1,70.0,1
2016,chicago,11,1-9,31,92.0,12
2016,chicago,11,10-49,7,129.0,3
2016,chicago,11,100-249,1,100.0,1
2016,chicago,21,1-9,19,73.0,7
2016,chicago,21,10-49,8,146.0,4
2016,chicago,22,1-9,28,132.0,11
2016,chicago,22,10-49,9,135.0,5
2016,chicago,22,100-249,4,549.0,0
2016,chicago,22,1000+,2,6000.0,2
2016,chicago,22,50-99,2,120.0,1
2016,chicago,23,1-9,3940,15083.0,1269
2016,chicago,23,10-49,573,10111.0,447
2016,chicago,23,100-249,29,4601.0,29
2016,chicago,23,1000+,3,4800.0,3
2016,chicago,23,250-499,16,5155.0,16
2016,chicago,23,50-99,77,4437.0,61
2016,chicago,23,500-999,2,1200.0,2
2016,chicago,23,unknown,3,0.0,0
2016,chicago,31,1-9,444,1952.0,285
2016,chicago,31,10-49,219,5003.0,153
2016,chicago,31,100-249,21,2778.0,18
2016,chicago,31,1000+,2,2400.0,2
2016,chicago,31,250-499,12,3990.0,12
2016,chicago,31,50-99,33,2022.0,30
2016,chicago,31,500-999,14,9051.0,14
2016,chicago,32,1-9,441,1850.0,293
2016,chicago,32,10-49,221,4415.0,167
2016,chicago,32,100-249,30,4334.0,18
2016,chicago,32,1000+,2,17764.0,2
2016,chicago,32,250-499,6,2093.0,6
2016,chicago,32,50-99,45,2763.0,36
2016,chicago,32,500-999,4,2625.0,4
2016,chicago,32,unknown,2,0.0,0
2016,chicago,33,1-9,916,3992.0,608
2016,chicago,33,10-49,556,11092.0,411
2016,chicago,33,100-249,64,9072.0,62
2016,chicago,33,1000+,5,9063.0,5
2016,chicago,33,250-499,8,2748.0,8
2016,chicago,33,50-99,96,6010.0,89
2016,chicago,33,500-999,6,3500.0,6
2016,chicago,33,unknown,3,0.0,0
2016,chicago,42,1-9,1656,7597.0,785
2016,chicago,42,10-49,518,9390.0,351
2016,chicago,42,100-249,40,5068.0,37
2016,chicago,42,1000+,5,6601.0,5
2016,chicago,42,250-499,12,3908.0,12
2016,chicago,42,50-99,84,5106.0,76
2016,chicago,42,500-999,5,2720.0,5
2016,chicago,42,unknown,6,0.0,0
2016,chicago,44,1-9,7011,24736.0,3863
2016,chicago,44,10-49,1188,22233.0,864
2016,chicago,44,100-249,112,16204.0,84
2016,chicago,44,250-499,29,8881.0,29
2016,chicago,44,50-99,161,9848.0,125
2016,chicago,44,500-999,3,1600.0,3
2016,chicago,44,unknown,136,0.0,0
2016,chicago,45,1-9,2709,8349.0,1421
2016,chicago,45,10-49,431,8053.0,320
2016,chicago,45,100-249,41,6011.0,37
2016,chicago,45,1000+,2,3400.0,2
2016,chicago,45,250-499,14,4645.0,11
2016,chicago,45,50-99,62,3942.0,51
2016,chicago,45,500-999,6,3620.0,6
2016,chicago,45,unknown,70,0.0,0
2016,chicago,48,1-9,1165,4482.0,474
2016,chicago,48,10-49,422,6991.0,189
2016,chicago,48,100-249,39,5673.0,39
2016,chicago,48,1000+,7,15120.0,7
2016,chicago,48,250-499,12,3639.0,12
2016,chicago,48,50-99,83,5103.0,49
2016,chicago,48,500-999,7,4230.0,7
2016,chicago,49,1-9,91,395.0,37
2016,chicago,49,10-49,26,557.0,22
2016,chicago,49,100-249,14,1576.0,14
2016,chicago,49,1000+,1,1000.0,1
2016,chicago,49,250-499,1,300.0,1
2016,chicago,49,50-99,14,924.0,14
2016,chicago,49,500-999,1,500.0,1
2016,chicago,51,1-9,2081,8510.0,820
2016,chicago,51,10-49,523,8811.0,315
2016,chicago,51,100-249,57,7818.0,42
2016,chicago,51,1000+,5,10592.0,5
2016,chicago,51,250-499,14,4030.0,14
2016,chicago,51,50-99,88,5469.0,79
2016,chicago,51,500-999,3,1900.0,3
2016,chicago,51,unknown,9,0.0,0
2016,chicago,52,1-9,5352,19970.0,1874
2016,chicago,52,10-49,1217,20474.0,767
2016,chicago,52,100-249,105,14955.0,101
2016,chicago,52,1000+,15,32306.0,15
2016,chicago,52,250-499,23,7340.0,23
2016,chicago,52,50-99,168,10660.0,147
2016,chicago,52,500-999,13,8010.0,13
2016,chicago,52,unknown,2183,0.0,0
2016,chicago,53,1-9,4933,21358.0,1925
2016,chicago,53,10-49,772,12944.0,683
2016,chicago,53,100-249,42,6121.0,42
2016,chicago,53,250-499,17,5241.0,17
2016,chicago,53,50-99,81,4948.0,69
2016,chicago,53,500-999,7,3900.0,7
2016,chicago,53,unknown,415,0.0,0
2016,chicago,54,1-9,19393,54867.0,4698
2016,chicago,54,10-49,2030,36767.0,1653
2016,chicago,54,100-249,167,23241.0,152
2016,chicago,54,1000+,24,42991.0,24
2016,chicago,54,250-499,45,13945.0,45
2016,chicago,54,50-99,309,19454.0,288
2016,chicago,54,500-999,24,14401.0,24
2016,chicago,54,unknown,77,0.0,0
2016,chicago,55,1-9,84,245.0,18
2016,chicago,55,10-49,18,516.0,10
2016,chicago,55,100-249,1,125.0,1
2016,chicago,55,1000+,2,9000.0,2
2016,chicago,55,50-99,2,110.0,2
2016,chicago,55,500-999,1,600.0,1
2016,chicago,55,unknown,4,0.0,0
2016,chicago,56,1-9,2816,10264.0,1129
2016,chicago,56,10-49,530,9488.0,385
2016,chicago,56,100-249,52,7446.0,50
2016,chicago,56,1000+,4,5600.0,4
2016,chicago,56,250-499,8,2426.0,8
2016,chicago,56,50-99,59,3605.0,52
2016,chicago,56,500-999,5,2886.0,5
2016,chicago,56,unknown,3,0.0,0
2016,chicago,61,1-9,1032,3976.0,479
2016,chicago,61,10-49,1326,25683.0,621
2016,chicago,61,100-249,174,23117.0,172
2016,chicago,61,1000+,10,50251.0,10
2016,chicago,61,250-499,18,5574.0,18
2016,chicago,61,50-99,402,27035.0,371
2016,chicago,61,500-999,18,11626.0,18
2016,chicago,61,unknown,3,0.0,0
2016,chicago,62,1-9,22529,74281.0,2776
2016,chicago,62,10-49,1634,29954.0,1215
2016,chicago,62,100-249,148,19586.0,121
2016,chicago,62,1000+,20,73400.0,20
2016,chicago,62,250-499,27,8623.0,27
2016,chicago,62,50-99,155,10091.0,146
2016,chicago,62,500-999,19,12977.0,19
2016,chicago,62,unknown,11,0.0,0
2016,chicago,71,1-9,1300,4923.0,556
2016,chicago,71,10-49,390,6637.0,216
2016,chicago,71,100-249,34,4551.0,26
2016,chicago,71,1000+,4,5300.0,4
2016,chicago,71,250-499,8,2235.0,8
2016,chicago,71,50-99,52,3263.0,46
2016,chicago,71,500-999,6,3733.0,6
2016,chicago,71,unknown,1,0.0,0
2016,chicago,72,1-9,5551,26419.0,2637
2016,chicago,72,10-49,2222,42962.0,1723
2016,chicago,72,100-249,135,18774.0,123
2016,chicago,72,1000+,5,6000.0,5
2016,chicago,72,250-499,28,8801.0,27
2016,chicago,72,50-99,291,18319.0,256
2016,chicago,72,500-999,12,7152.0,12
2016,chicago,72,unknown,4,0.0,0
2016,chicago,81,1-9,10828,37321.0,6080
2016,chicago,81,10-49,1185,20210.0,1110
2016,chicago,81,100-249,58,7832.0,55
2016,chicago,81,1000+,1,1100.0,1
2016,chicago,81,250-499,19,5886.0,19
2016,chicago,81,50-99,105,6513.0,103
2016,chicago,81,500-999,4,2800.0,4
2016,chicago,81,unknown,3,0.0,0
2016,chicago,92,1-9,515,2842.0,266
2016,chicago,92,10-49,460,8963.0,265
2016,chicago,92,100-249,77,11563.0,77
2016,chicago,92,1000+,7,15177.0,7
2016,chicago,92,250-499,41,13014.0,41
2016,chicago,92,50-99,86,5265.0,67
2016,chicago,92,500-999,14,9097.0,14
2016,chicago,92,unknown,1,0.0,0
2016,chicago,99,1-9,121,314.0,120
2016,chicago,99,10-49,238,2824.0,54
2016,chicago,99,100-249,6,760.0,6
2016,chicago,99,1000+,1,1000.0,1
2016,chicago,99,250-499,1,400.0,1
2016,chicago,99,50-99,12,704.0,12
2016,chicago,99,500-999,3,1701.0,3
2016,chicago,99,unknown,6627,0.0,0
2016,chicago,,1-9,29,73.0,27
2016,chicago,,10-49,104,1971.0,18
2016,chicago,,50-99,3,175.0,3
2016,chicago,,unknown,8,0.0,0
2016,cook_ex_chicago,11,1-9,56,189.0,21
2016,cook_ex_chicago,11,10-49,23,455.0,8
2016,cook_ex_chicago,11,100-249,1,100.0,0
2016,cook_ex_chicago,11,50-99,4,212.0,3
2016,cook_ex_chicago,21,1-9,39,179.0,11
2016,cook_ex_chicago,21,10-49,5,66.0,3
2016,cook_ex_chicago,21,1000+,1,1001.0,1
2016,cook_ex_chicago,21,50-99,2,135.0,2
2016,cook_ex_chicago,21,unknown,1,0.0,0
2016,cook_ex_chicago,22,1-9,77,345.0,36
2016,cook_ex_chicago,22,10-49,24,556.0,20
2016,cook_ex_chicago,22,100-249,2,360.0,1
2016,cook_ex_chicago,22,250-499,1,250.0,1
2016,cook_ex_chicago,22,50-99,5,256.0,5
2016,cook_ex_chicago,23,1-9,6458,25212.0,2393
2016,cook_ex_chicago,23,10-49,1069,18786.0,866
2016,cook_ex_chicago,23,100-249,48,6584.0,48
2016,cook_ex_chicago,23,1000+,1,6000.0,1
2016,cook_ex_chicago,23,250-499,8,2535.0,8
2016,cook_ex_chicago,23,50-99,130,7575.0,114
2016,cook_ex_chicago,23,500-999,2,1400.0,2
2016,cook_ex_chicago,23,unknown,3,0.0,0
2016,cook_ex_chicago,31,1-9,290,1335.0,155
2016,cook_ex_chicago,31,10-49,161,3728.0,94
2016,cook_ex_chicago,31,100-249,18,2215.0,17
2016,cook_ex_chicago,31,1000+,1,1200.0,1
2016,cook_ex_chicago,31,250-499,8,2500.0,8
2016,cook_ex_chicago,31,50-99,37,2375.0,33
2016,cook_ex_chicago,31,500-999,5,3450.0,5
2016,cook_ex_chicago,31,unknown,1,0.0,0
2016,cook_ex_chicago,32,1-9,606,2597.0,431
2016,cook_ex_chicago,32,10-49,354,7348.0,264
2016,cook_ex_chicago,32,100-249,75,9934.0,69
2016,cook_ex_chicago,32,1000+,1,1000.0,1
2016,cook_ex_chicago,32,250-499,12,3625.0,12
2016,cook_ex_chicago,32,50-99,83,5395.0,62
2016,cook_ex_chicago,32,500-999,2,1470.0,2
2016,cook_ex_chicago,32,unknown,2,0.0,0
2016,cook_ex_chicago,33,1-9,1436,6681.0,980
2016,cook_ex_chicago,33,10-49,967,20087.0,734
2016,cook_ex_chicago,33,100-249,126,16925.0,118
2016,cook_ex_chicago,33,1000+,9,14200.0,9
2016,cook_ex_chicago,33,250-499,30,9678.0,30
2016,cook_ex_chicago,33,50-99,192,12388.0,175
2016,cook_ex_chicago,33,500-999,17,10003.0,17
2016,cook_ex_chicago,33,unknown,3,0.0,0
2016,cook_ex_chicago,42,1-9,3084,14351.0,1548
2016,cook_ex_chicago,42,10-49,1035,18110.0,740
2016,cook_ex_chicago,42,100-249,93,12420.0,84
2016,cook_ex_chicago,42,1000+,5,8300.0,5
2016,cook_ex_chicago,42,250-499,31,9548.0,31
2016,cook_ex_chicago,42,50-99,140,8366.0,124
2016,cook_ex_chicago,42,500-999,14,8779.0,14
2016,cook_ex_chicago,42,unknown,11,0.0,0
2016,cook_ex_chicago,44,1-9,6891,26538.0,3621
2016,cook_ex_chicago,44,10-49,1871,35321.0,1330
2016,cook_ex_chicago,44,100-249,198,28618.0,158
2016,cook_ex_chicago,44,1000+,1,1000.0,1
2016,cook_ex_chicago,44,250-499,34,9882.0,30
2016,cook_ex_chicago,44,50-99,231,14538.0,195
2016,cook_ex_chicago,44,500-999,3,1900.0,3
2016,cook_ex_chicago,44,unknown,119,0.0,0
2016,cook_ex_chicago,45,1-9,2587,8501.0,1323
2016,cook_ex_chicago,45,10-49,650,12550.0,439
2016,cook_ex_chicago,45,100-249,101,15954.0,79
2016,cook_ex_chicago,45,1000+,3,10140.0,3
2016,cook_ex_chicago,45,250-499,43,13479.0,37
2016,cook_ex_chicago,45,50-99,88,5466.0,70
2016,cook_ex_chicago,45,500-999,3,1650.0,3
2016,cook_ex_chicago,45,unknown,108,0.0,0
2016,cook_ex_chicago,48,1-9,2192,8322.0,946
2016,cook_ex_chicago,48,10-49,523,8846.0,339
2016,cook_ex_chicago,48,100-249,55,8165.0,54
2016,cook_ex_chicago,48,1000+,2,4240.0,2
2016,cook_ex_chicago,48,250-499,12,3700.0,12
2016,cook_ex_chicago,48,50-99,88,5224.0,61
2016,cook_ex_chicago,48,500-999,3,1700.0,3
2016,cook_ex_chicago,48,unknown,2,0.0,0
2016,cook_ex_chicago,49,1-9,122,487.0,59
2016,cook_ex_chicago,49,10-49,48,1055.0,39
2016,cook_ex_chicago,49,100-249,16,2212.0,16
2016,cook_ex_chicago,49,250-499,3,870.0,3
2016,cook_ex_chicago,49,50-99,18,1295.0,18
2016,cook_ex_chicago,51,1-9,1555,6598.0,593
2016,cook_ex_chicago,51,10-49,401,6636.0,271
2016,cook_ex_chicago,51,100-249,28,4049.0,22
2016,cook_ex_chicago,51,250-499,4,1235.0,4
2016,cook_ex_chicago,51,50-99,56,3250.0,43
2016,cook_ex_chicago,51,500-999,5,2551.0,5
2016,cook_ex_chicago,51,unknown,2,0.0,0
2016,cook_ex_chicago,52,1-9,6027,21514.0,2448
2016,cook_ex_chicago,52,10-49,1039,17683.0,716
2016,cook_ex_chicago,52,100-249,41,5860.0,41
2016,cook_ex_chicago,52,1000+,6,30801.0,6
2016,cook_ex_chicago,52,250-499,8,2290.0,8
2016,cook_ex_chicago,52,50-99,98,6152.0,88
2016,cook_ex_chicago,52,unknown,2618,0.0,0
2016,cook_ex_chicago,53,1-9,3846,15233.0,1523
2016,cook_ex_chicago,53,10-49,492,9121.0,388
2016,cook_ex_chicago,53,100-249,26,2996.0,26
2016,cook_ex_chicago,53,1000+,1,1200.0,1
2016,cook_ex_chicago,53,250-499,1,275.0,1
2016,cook_ex_chicago,53,50-99,82,5040.0,69
2016,cook_ex_chicago,53,500-999,2,1400.0,2
2016,cook_ex_chicago,53,unknown,277,0.0,0
2016,cook_ex_chicago,54,1-9,10259,34968.0,4146
2016,cook_ex_chicago,54,10-49,1308,21450.0,977
2016,cook_ex_chicago,54,100-249,84,11563.0,79
2016,cook_ex_chicago,54,1000+,2,3000.0,2
2016,cook_ex_chicago,54,250-499,14,4815.0,14
2016,cook_ex_chicago,54,50-99,141,8558.0,128
2016,cook_ex_chicago,54,500-999,11,6650.0,11
2016,cook_ex_chicago,54,unknown,110,0.0,0
2016,cook_ex_chicago,55,1-9,72,212.0,16
2016,cook_ex_chicago,55,10-49,15,444.0,7
2016,cook_ex_chicago,55,100-249,4,438.0,4
2016,cook_ex_chicago,55,250-499,2,825.0,2
2016,cook_ex_chicago,55,50-99,4,222.0,4
2016,cook_ex_chicago,55,unknown,4,0.0,0
2016,cook_ex_chicago,56,1-9,3313,12841.0,1335
2016,cook_ex_chicago,56,10-49,609,10619.0,463
2016,cook_ex_chicago,56,100-249,49,6253.0,44
2016,cook_ex_chicago,56,1000+,5,10800.0,5
2016,cook_ex_chicago,56,250-499,8,2625.0,8
2016,cook_ex_chicago,56,50-99,98,5763.0,84
2016,cook_ex_chicago,56,500-999,2,1175.0,2
2016,cook_ex_chicago,56,unknown,1,0.0,0
2016,cook_ex_chicago,61,1-9,1007,3908.0,477
2016,cook_ex_chicago,61,10-49,1287,25992.0,597
2016,cook_ex_chicago,61,100-249,119,16507.0,117
2016,cook_ex_chicago,61,1000+,6,10600.0,6
2016,cook_ex_chicago,61,250-499,42,13158.0,42
2016,cook_ex_chicago,61,50-99,518,34580.0,445
2016,cook_ex_chicago,61,500-999,12,7261.0,12
2016,cook_ex_chicago,61,unknown,1,0.0,0
2016,cook_ex_chicago,62,1-9,23981,80373.0,3061
2016,cook_ex_chicago,62,10-49,2131,39102.0,1564
2016,cook_ex_chicago,62,100-249,171,23321.0,141
2016,cook_ex_chicago,62,1000+,21,55700.0,21
2016,cook_ex_chicago,62,250-499,41,12809.0,41
2016,cook_ex_chicago,62,50-99,189,11405.0,158
2016,cook_ex_chicago,62,500-999,12,8458.0,12
2016,cook_ex_chicago,62,unknown,7,0.0,0
2016,cook_ex_chicago,71,1-9,1105,4264.0,460
2016,cook_ex_chicago,71,10-49,459,8818.0,282
2016,cook_ex_chicago,71,100-249,54,6644.0,49
2016,cook_ex_chicago,71,1000+,2,2201.0,2
2016,cook_ex_chicago,71,250-499,6,1683.0,6
2016,cook_ex_chicago,71,50-99,101,6022.0,78
2016,cook_ex_chicago,71,500-999,6,3745.0,6
2016,cook_ex_chicago,71,unknown,2,0.0,0
2016,cook_ex_chicago,72,1-9,3833,18524.0,1955
2016,cook_ex_chicago,72,10-49,2278,45373.0,1718
2016,cook_ex_chicago,72,100-249,95,13035.0,81
2016,cook_ex_chicago,72,1000+,1,1001.0,1
2016,cook_ex_chicago,72,250-499,14,4534.0,14
2016,cook_ex_chicago,72,50-99,309,19813.0,259
2016,cook_ex_chicago,72,500-999,2,1330.0,2
2016,cook_ex_chicago,72,unknown,1,0.0,0
2016,cook_ex_chicago,81,1-9,10147,35921.0,5843
2016,cook_ex_chicago,81,10-49,1411,22502.0,1321
2016,cook_ex_chicago,81,100-249,57,8085.0,53
2016,cook_ex_chicago,81,250-499,11,3826.0,11
2016,cook_ex_chicago,81,50-99,97,5968.0,96
2016,cook_ex_chicago,81,500-999,5,3049.0,5
2016,cook_ex_chicago,81,unknown,10,0.0,0
2016,cook_ex_chicago,92,1-9,752,3998.0,455
2016,cook_ex_chicago,92,10-49,575,12482.0,395
2016,cook_ex_chicago,92,100-249,76,10408.0,76
2016,cook_ex_chicago,92,1000+,1,1000.0,1
2016,cook_ex_chicago,92,250-499,15,5425.0,15
2016,cook_ex_chicago,92,50-99,150,9194.0,131
2016,cook_ex_chicago,92,500-999,6,3315.0,6
2016,cook_ex_chicago,99,1-9,98,291.0,95
2016,cook_ex_chicago,99,10-49,166,1907.0,32
2016,cook_ex_chicago,99,100-249,5,711.0,5
2016,cook_ex_chicago,99,50-99,10,659.0,10
2016,cook_ex_chicago,99,unknown,4691,0.0,0
2016,cook_ex_chicago,,1-9,29,103.0,25
2016,cook_ex_chicago,,10-49,70,1346.0,9
2016,cook_ex_chicago,,unknown,1,0.0,0
2016,il_ex_msa,11,1-9,3295,7920.0,1957
2016,il_ex_msa,11,10-49,160,2586.0,146
2016,il_ex_msa,11,100-249,7,1051.0,7
2016,il_ex_msa,11,250-499,1,250.0,1
2016,il_ex_msa,11,50-99,18,1075.0,18
2016,il_ex_msa,11,500-999,1,500.0,1
2016,il_ex_msa,21,1-9,241,1048.0,133
2016,il_ex_msa,21,10-49,94,1647.0,57
2016,il_ex_msa,21,100-249,8,1265.0,4
2016,il_ex_msa,21,250-499,3,1055.0,3
2016,il_ex_msa,21,50-99,5,324.0,5
2016,il_ex_msa,21,500-999,1,800.0,1
2016,il_ex_msa,22,1-9,480,1660.0,335
2016,il_ex_msa,22,10-49,173,3555.0,72
2016,il_ex_msa,22,100-249,6,817.0,5
2016,il_ex_msa,22,1000+,2,3932.0,2
2016,il_ex_msa,22,250-499,3,860.0,3
2016,il_ex_msa,22,50-99,21,1291.0,21
2016,il_ex_msa,23,1-9,11197,35719.0,5894
2016,il_ex_msa,23,10-49,1523,26422.0,1262
2016,il_ex_msa,23,100-249,64,8501.0,64
2016,il_ex_msa,23,250-499,12,3909.0,12
2016,il_ex_msa,23,50-99,151,8925.0,140
2016,il_ex_msa,23,500-999,4,2270.0,4
2016,il_ex_msa,23,unknown,1,0.0,0
2016,il_ex_msa,31,1-9,554,2339.0,326
2016,il_ex_msa,31,10-49,211,3740.0,155
2016,il_ex_msa,31,100-249,27,3644.0,22
2016,il_ex_msa,31,1000+,3,6600.0,3
2016,il_ex_msa,31,250-499,12,3910.0,12
2016,il_ex_msa,31,50-99,43,2862.0,39
2016,il_ex_msa,31,500-999,4,2500.0,4
2016,il_ex_msa,31,unknown,1,0.0,0
2016,il_ex_msa,32,1-9,943,3706.0,704
2016,il_ex_msa,32,10-49,387,8324.0,327
2016,il_ex_msa,32,100-249,62,8457.0,57
2016,il_ex_msa,32,1000+,4,4100.0,4
2016,il_ex_msa,32,250-499,19,6216.0,19
2016,il_ex_msa,32,50-99,94,6102.0,81
2016,il_ex_msa,32,500-999,8,5650.0,8
2016,il_ex_msa,33,1-9,1960,7768.0,1467
2016,il_ex_msa,33,10-49,898,18374.0,719
2016,il_ex_msa,33,100-249,155,21728.0,148
2016,il_ex_msa,33,1000+,8,17001.0,8
2016,il_ex_msa,33,250-499,46,15093.0,46
2016,il_ex_msa,33,50-99,209,13732.0,196
2016,il_ex_msa,33,500-999,21,13850.0,21
2016,il_ex_msa,33,unknown,4,0.0,0
2016,il_ex_msa,42,1-9,4228,17168.0,2876
2016,il_ex_msa,42,10-49,1564,28943.0,1245
2016,il_ex_msa,42,100-249,112,14578.0,107
2016,il_ex_msa,42,1000+,4,5500.0,4
2016,il_ex_msa,42,250-499,30,9745.0,30
2016,il_ex_msa,42,50-99,168,10802.0,156
2016,il_ex_msa,42,500-999,22,13483.0,17
2016,il_ex_msa,42,unknown,6,0.0,0
2016,il_ex_msa,44,1-9,11528,46526.0,7730
2016,il_ex_msa,44,10-49,3465,58577.0,2770
2016,il_ex_msa,44,100-249,237,32444.0,188
2016,il_ex_msa,44,1000+,2,3200.0,2
2016,il_ex_msa,44,250-499,25,7281.0,20
2016,il_ex_msa,44,50-99,316,20557.0,284
2016,il_ex_msa,44,500-999,6,4244.0,6
2016,il_ex_msa,44,unknown,104,0.0,0
2016,il_ex_msa,45,1-9,5435,17505.0,3518
2016,il_ex_msa,45,10-49,773,14498.0,610
2016,il_ex_msa,45,100-249,139,20494.0,117
2016,il_ex_msa,45,250-499,63,21065.0,51
2016,il_ex_msa,45,50-99,132,8727.0,105
2016,il_ex_msa,45,500-999,3,1699.0,3
2016,il_ex_msa,45,unknown,135,0.0,0
2016,il_ex_msa,48,1-9,2789,9199.0,1454
2016,il_ex_msa,48,10-49,753,14055.0,525
2016,il_ex_msa,48,100-249,63,8665.0,61
2016,il_ex_msa,48,1000+,1,2800.0,1
2016,il_ex_msa,48,250-499,12,3731.0,12
2016,il_ex_msa,48,50-99,129,8327.0,98
2016,il_ex_msa,48,500-999,6,3650.0,6
2016,il_ex_msa,49,1-9,1397,5092.0,1171
2016,il_ex_msa,49,10-49,265,4888.0,257
2016,il_ex_msa,49,100-249,12,1804.0,12
2016,il_ex_msa,49,250-499,3,900.0,3
2016,il_ex_msa,49,50-99,28,1841.0,27
2016,il_ex_msa,49,500-999,3,2150.0,3
2016,il_ex_msa,51,1-9,2377,9981.0,1351
2016,il_ex_msa,51,10-49,745,13520.0,532
2016,il_ex_msa,51,100-249,46,5701.0,36
2016,il_ex_msa,51,1000+,2,8000.0,2
2016,il_ex_msa,51,250-499,11,3432.0,11
2016,il_ex_msa,51,50-99,124,7632.0,93
2016,il_ex_msa,51,500-999,4,2703.0,4
2016,il_ex_msa,51,unknown,2,0.0,0
2016,il_ex_msa,52,1-9,10093,31730.0,5205
2016,il_ex_msa,52,10-49,1349,22811.0,1100
2016,il_ex_msa,52,100-249,43,5809.0,40
2016,il_ex_msa,52,1000+,11,43704.0,11
2016,il_ex_msa,52,250-499,13,4447.0,13
2016,il_ex_msa,52,50-99,149,9066.0,130
2016,il_ex_msa,52,500-999,10,6418.0,10
2016,il_ex_msa,52,unknown,7352,0.0,0
2016,il_ex_msa,53,1-9,6412,18833.0,3454
2016,il_ex_msa,53,10-49,657,11060.0,542
2016,il_ex_msa,53,100-249,21,2792.0,21
2016,il_ex_msa,53,250-499,2,525.0,2
2016,il_ex_msa,53,50-99,43,2637.0,38
2016,il_ex_msa,53,unknown,590,0.0,0
2016,il_ex_msa,54,1-9,13608,40892.0,5256
2016,il_ex_msa,54,10-49,1557,26564.0,1258
2016,il_ex_msa,54,100-249,66,9346.0,58
2016,il_ex_msa,54,1000+,4,9900.0,4
2016,il_ex_msa,54,250-499,18,5517.0,18
2016,il_ex_msa,54,50-99,151,9637.0,129
2016,il_ex_msa,54,500-999,2,1450.0,2
2016,il_ex_msa,54,unknown,208,0.0,0
2016,il_ex_msa,55,1-9,90,355.0,44
2016,il_ex_msa,55,10-49,95,2282.0,62
2016,il_ex_msa,55,100-249,4,502.0,4
2016,il_ex_msa,55,250-499,1,350.0,1
2016,il_ex_msa,55,50-99,20,1244.0,17
2016,il_ex_msa,55,unknown,14,0.0,0
2016,il_ex_msa,56,1-9,4878,15274.0,2520
2016,il_ex_msa,56,10-49,770,13766.0,523
2016,il_ex_msa,56,100-249,39,5661.0,34
2016,il_ex_msa,56,1000+,1,1200.0,1
2016,il_ex_msa,56,250-499,9,2912.0,9
2016,il_ex_msa,56,50-99,84,4980.0,59
2016,il_ex_msa,56,500-999,1,950.0,1
2016,il_ex_msa,56,unknown,1,0.0,0
2016,il_ex_msa,61,1-9,1625,6549.0,1017
2016,il_ex_msa,61,10-49,2358,56908.0,1599
2016,il_ex_msa,61,100-249,219,31102.0,218
2016,il_ex_msa,61,1000+,9,36859.0,9
2016,il_ex_msa,61,250-499,31,9537.0,31
2016,il_ex_msa,61,50-99,960,61839.0,786
2016,il_ex_msa,61,500-999,16,9421.0,16
2016,il_ex_msa,62,1-9,28074,88716.0,4665
2016,il_ex_msa,62,10-49,4242,77408.0,2708
2016,il_ex_msa,62,100-249,404,54502.0,373
2016,il_ex_msa,62,1000+,47,110451.0,45
2016,il_ex_msa,62,250-499,69,22205.0,66
2016,il_ex_msa,62,50-99,555,36384.0,480
2016,il_ex_msa,62,500-999,36,24206.0,35
2016,il_ex_msa,62,unknown,11,0.0,0
2016,il_ex_msa,71,1-9,2385,8017.0,1429
2016,il_ex_msa,71,10-49,766,14223.0,518
2016,il_ex_msa,71,100-249,41,5569.0,40
2016,il_ex_msa,71,1000+,15,16400.0,2
2016,il_ex_msa,71,250-499,9,3040.0,9
2016,il_ex_msa,71,50-99,76,4571.0,74
2016,il_ex_msa,71,500-999,4,2350.0,4
2016,il_ex_msa,72,1-9,5996,27781.0,3893
2016,il_ex_msa,72,10-49,4280,85133.0,3393
2016,il_ex_msa,72,100-249,122,15055.0,113
2016,il_ex_msa,72,250-499,6,1795.0,6
2016,il_ex_msa,72,50-99,509,31932.0,473
2016,il_ex_msa,81,1-9,22716,64236.0,15880
2016,il_ex_msa,81,10-49,1749,29020.0,1566
2016,il_ex_msa,81,100-249,60,8227.0,59
2016,il_ex_msa,81,1000+,2,4200.0,2
2016,il_ex_msa,81,250-499,12,3755.0,12
2016,il_ex_msa,81,50-99,147,9044.0,140
2016,il_ex_msa,81,500-999,3,1715.0,3
2016,il_ex_msa,81,unknown,18,0.0,0
2016,il_ex_msa,92,1-9,7126,26555.0,4868
2016,il_ex_msa,92,10-49,2885,58304.0,2012
2016,il_ex_msa,92,100-249,106,15881.0,106
2016,il_ex_msa,92,1000+,10,26580.0,10
2016,il_ex_msa,92,250-499,50,16771.0,50
2016,il_ex_msa,92,50-99,270,17022.0,269
2016,il_ex_msa,92,500-999,13,8079.0,13
2016,il_ex_msa,92,unknown,3,0.0,0
2016,il_ex_msa,99,1-9,268,1088.0,117
2016,il_ex_msa,99,10-49,43,713.0,30
2016,il_ex_msa,99,100-249,5,922.0,5
2016,il_ex_msa,99,50-99,7,398.0,7
2016,il_ex_msa,99,500-999,1,500.0,1
2016,il_ex_msa,99,unknown,4855,0.0,0
2016,il_ex_msa,,1-9,11,33.0,10
2016,il_ex_msa,,10-49,24,366.0,6
2016,il_ex_msa,,100-249,1,220.0,1
2016,il_ex_msa,,50-99,3,162.0,3
2016,msa_ex_cook,11,1-9,375,1152.0,191
2016,msa_ex_cook,11,10-49,41,696.0,33
2016,msa_ex_cook,11,100-249,2,330.0,2
2016,msa_ex_cook,11,50-99,5,315.0,5
2016,msa_ex_cook,21,1-9,56,281.0,16
2016,msa_ex_cook,21,10-49,24,390.0,13
2016,msa_ex_cook,21,50-99,1,65.0,1
2016,msa_ex_cook,21,500-999,1,800.0,1
2016,msa_ex_cook,22,1-9,115,505.0,49
2016,msa_ex_cook,22,10-49,50,910.0,29
2016,msa_ex_cook,22,100-249,7,1003.0,3
2016,msa_ex_cook,22,1000+,1,3000.0,1
2016,msa_ex_cook,22,250-499,2,600.0,2
2016,msa_ex_cook,22,50-99,5,295.0,5
2016,msa_ex_cook,22,500-999,1,700.0,1
2016,msa_ex_cook,22,unknown,1,0.0,0
2016,msa_ex_cook,23,1-9,10894,37677.0,4576
2016,msa_ex_cook,23,10-49,1741,29170.0,1341
2016,msa_ex_cook,23,100-249,55,7621.0,55
2016,msa_ex_cook,23,1000+,2,2600.0,2
2016,msa_ex_cook,23,250-499,15,4514.0,15
2016,msa_ex_cook,23,50-99,153,9154.0,135
2016,msa_ex_cook,23,500-999,3,1600.0,3
2016,msa_ex_cook,23,unknown,5,0.0,0
2016,msa_ex_cook,31,1-9,401,1737.0,205
2016,msa_ex_cook,31,10-49,171,3263.0,109
2016,msa_ex_cook,31,100-249,34,4878.0,32
2016,msa_ex_cook,31,1000+,1,1200.0,1
2016,msa_ex_cook,31,250-499,6,2305.0,6
2016,msa_ex_cook,31,50-99,34,2046.0,29
2016,msa_ex_cook,31,500-999,3,1700.0,3
2016,msa_ex_cook,31,unknown,1,0.0,0
2016,msa_ex_cook,32,1-9,955,3996.0,669
2016,msa_ex_cook,32,10-49,531,11205.0,375
2016,msa_ex_cook,32,100-249,105,14456.0,99
2016,msa_ex_cook,32,1000+,4,15400.0,4
2016,msa_ex_cook,32,250-499,23,6985.0,23
2016,msa_ex_cook,32,50-99,159,10149.0,110
2016,msa_ex_cook,32,500-999,8,4930.0,8
2016,msa_ex_cook,32,unknown,5,0.0,0
2016,msa_ex_cook,33,1-9,2114,9032.0,1508
2016,msa_ex_cook,33,10-49,1573,31145.0,1100
2016,msa_ex_cook,33,100-249,247,33474.0,222
2016,msa_ex_cook,33,1000+,13,42703.0,13
2016,msa_ex_cook,33,250-499,47,15215.0,47
2016,msa_ex_cook,33,50-99,248,15853.0,220
2016,msa_ex_cook,33,500-999,15,9232.0,15
2016,msa_ex_cook,33,unknown,5,0.0,0
2016,msa_ex_cook,42,1-9,4327,19252.0,2464
2016,msa_ex_cook,42,10-49,1733,31637.0,1210
2016,msa_ex_cook,42,100-249,144,20249.0,130
2016,msa_ex_cook,42,1000+,7,15400.0,7
2016,msa_ex_cook,42,250-499,30,9801.0,30
2016,msa_ex_cook,42,50-99,211,13432.0,195
2016,msa_ex_cook,42,500-999,18,11764.0,18
2016,msa_ex_cook,42,unknown,17,0.0,0
2016,msa_ex_cook,44,1-9,8570,33872.0,4771
2016,msa_ex_cook,44,10-49,2816,50373.0,1955
2016,msa_ex_cook,44,100-249,269,38502.0,212
2016,msa_ex_cook,44,1000+,3,9900.0,3
2016,msa_ex_cook,44,250-499,54,16091.0,46
2016,msa_ex_cook,44,50-99,299,18782.0,236
2016,msa_ex_cook,44,500-999,12,6950.0,12
2016,msa_ex_cook,44,unknown,133,0.0,0
2016,msa_ex_cook,45,1-9,3909,12585.0,2078
2016,msa_ex_cook,45,10-49,878,16740.0,627
2016,msa_ex_cook,45,100-249,137,21962.0,110
2016,msa_ex_cook,45,1000+,3,3002.0,3
2016,msa_ex_cook,45,250-499,42,13149.0,36
2016,msa_ex_cook,45,50-99,115,7367.0,93
2016,msa_ex_cook,45,500-999,8,4850.0,8
2016,msa_ex_cook,45,unknown,141,0.0,0
2016,msa_ex_cook,48,1-9,2709,10316.0,1170
2016,msa_ex_cook,48,10-49,616,11182.0,436
2016,msa_ex_cook,48,100-249,60,8669.0,60
2016,msa_ex_cook,48,1000+,4,4300.0,4
2016,msa_ex_cook,48,250-499,11,3481.0,11
2016,msa_ex_cook,48,50-99,90,5680.0,75
2016,msa_ex_cook,48,500-999,2,1600.0,2
2016,msa_ex_cook,48,unknown,3,0.0,0
2016,msa_ex_cook,49,1-9,204,703.0,118
2016,msa_ex_cook,49,10-49,122,2574.0,87
2016,msa_ex_cook,49,100-249,17,2405.0,17
2016,msa_ex_cook,49,250-499,2,618.0,2
2016,msa_ex_cook,49,50-99,20,1386.0,20
2016,msa_ex_cook,51,1-9,1957,7929.0,777
2016,msa_ex_cook,51,10-49,489,8715.0,328
2016,msa_ex_cook,51,100-249,43,5598.0,31
2016,msa_ex_cook,51,1000+,1,1150.0,1
2016,msa_ex_cook,51,250-499,9,2655.0,9
2016,msa_ex_cook,51,50-99,83,5278.0,68
2016,msa_ex_cook,51,500-999,4,2740.0,4
2016,msa_ex_cook,51,unknown,7,0.0,0
2016,msa_ex_cook,52,1-9,7942,25735.0,3237
2016,msa_ex_cook,52,10-49,1413,23175.0,959
2016,msa_ex_cook,52,100-249,76,10626.0,68
2016,msa_ex_cook,52,1000+,6,11901.0,6
2016,msa_ex_cook,52,250-499,10,3310.0,10
2016,msa_ex_cook,52,50-99,125,8175.0,101
2016,msa_ex_cook,52,500-999,11,6400.0,11
2016,msa_ex_cook,52,unknown,3700,0.0,0
2016,msa_ex_cook,53,1-9,4946,16018.0,2213
2016,msa_ex_cook,53,10-49,675,12350.0,518
2016,msa_ex_cook,53,100-249,35,4585.0,35
2016,msa_ex_cook,53,1000+,1,1000.0,1
2016,msa_ex_cook,53,250-499,6,1830.0,6
2016,msa_ex_cook,53,50-99,104,6481.0,97
2016,msa_ex_cook,53,500-999,2,1191.0,2
2016,msa_ex_cook,53,unknown,372,0.0,0
2016,msa_ex_cook,54,1-9,14846,47423.0,6122
2016,msa_ex_cook,54,10-49,1841,32278.0,1503
2016,msa_ex_cook,54,100-249,108,14260.0,103
2016,msa_ex_cook,54,1000+,4,8751.0,4
2016,msa_ex_cook,54,250-499,25,8059.0,25
2016,msa_ex_cook,54,50-99,189,11885.0,173
2016,msa_ex_cook,54,500-999,8,4745.0,8
2016,msa_ex_cook,54,unknown,166,0.0,0
2016,msa_ex_cook,55,1-9,115,583.0,19
2016,msa_ex_cook,55,10-49,22,567.0,13
2016,msa_ex_cook,55,100-249,5,764.0,5
2016,msa_ex_cook,55,1000+,1,3000.0,1
2016,msa_ex_cook,55,250-499,1,250.0,1
2016,msa_ex_cook,55,50-99,9,505.0,5
2016,msa_ex_cook,55,unknown,1,0.0,0
2016,msa_ex_cook,56,1-9,5436,19446.0,2422
2016,msa_ex_cook,56,10-49,895,16049.0,678
2016,msa_ex_cook,56,100-249,62,8780.0,60
2016,msa_ex_cook,56,1000+,3,7301.0,3
2016,msa_ex_cook,56,250-499,19,6010.0,19
2016,msa_ex_cook,56,50-99,127,7555.0,90
2016,msa_ex_cook,56,500-999,6,3526.0,6
2016,msa_ex_cook,56,unknown,3,0.0,0
2016,msa_ex_cook,61,1-9,1506,5459.0,720
2016,msa_ex_cook,61,10-49,1378,30023.0,699
2016,msa_ex_cook,61,100-249,201,26199.0,186
2016,msa_ex_cook,61,1000+,10,22199.0,10
2016,msa_ex_cook,61,250-499,46,14496.0,46
2016,msa_ex_cook,61,50-99,738,48658.0,597
2016,msa_ex_cook,61,500-999,11,6338.0,11
2016,msa_ex_cook,62,1-9,26357,85628.0,4084
2016,msa_ex_cook,62,10-49,3208,55823.0,2052
2016,msa_ex_cook,62,100-249,186,25848.0,164
2016,msa_ex_cook,62,1000+,22,37841.0,22
2016,msa_ex_cook,62,250-499,24,6815.0,24
2016,msa_ex_cook,62,50-99,268,16846.0,217
2016,msa_ex_cook,62,500-999,41,22111.0,11
2016,msa_ex_cook,62,unknown,11,0.0,0
2016,msa_ex_cook,71,1-9,1747,5798.0,864
2016,msa_ex_cook,71,10-49,778,15138.0,425
2016,msa_ex_cook,71,100-249,56,7874.0,54
2016,msa_ex_cook,71,1000+,10,15156.0,5
2016,msa_ex_cook,71,250-499,5,1450.0,5
2016,msa_ex_cook,71,50-99,109,6564.0,99
2016,msa_ex_cook,71,500-999,5,2700.0,5
2016,msa_ex_cook,71,unknown,1,0.0,0
2016,msa_ex_cook,72,1-9,4033,20746.0,2128
2016,msa_ex_cook,72,10-49,3073,63210.0,2399
2016,msa_ex_cook,72,100-249,124,16820.0,105
2016,msa_ex_cook,72,1000+,1,3000.0,1
2016,msa_ex_cook,72,250-499,10,3318.0,10
2016,msa_ex_cook,72,50-99,408,25759.0,355
2016,msa_ex_cook,72,500-999,5,2500.0,5
2016,msa_ex_cook,72,unknown,4,0.0,0
2016,msa_ex_cook,81,1-9,12885,44244.0,7665
2016,msa_ex_cook,81,10-49,2222,34035.0,2029
2016,msa_ex_cook,81,100-249,53,7166.0,53
2016,msa_ex_cook,81,1000+,2,3000.0,2
2016,msa_ex_cook,81,250-499,10,3360.0,10
2016,msa_ex_cook,81,50-99,113,6665.0,107
2016,msa_ex_cook,81,500-999,1,500.0,1
2016,msa_ex_cook,81,unknown,12,0.0,0
2016,msa_ex_cook,92,1-9,1422,6856.0,895
2016,msa_ex_cook,92,10-49,837,18197.0,611
2016,msa_ex_cook,92,100-249,85,11693.0,85
2016,msa_ex_cook,92,1000+,4,7500.0,4
2016,msa_ex_cook,92,250-499,21,6751.0,21
2016,msa_ex_cook,92,50-99,259,16194.0,219
2016,msa_ex_cook,92,500-999,9,5710.0,8
2016,msa_ex_cook,92,unknown,1,0.0,0
2016,msa_ex_cook,99,1-9,235,861.0,141
2016,msa_ex_cook,99,10-49,155,2218.0,58
2016,msa_ex_cook,99,100-249,3,450.0,3
2016,msa_ex_cook,99,1000+,1,3000.0,1
2016,msa_ex_cook,99,50-99,18,1073.0,18
2016,msa_ex_cook,99,unknown,6501,0.0,0
2016,msa_ex_cook,,1-9,115,534.0,54
2016,msa_ex_cook,,10-49,89,1458.0,20
2016,msa_ex_cook,,50-99,7,434.0,7
2016,msa_ex_cook,,unknown,1,0.0,0
2017,chicago,11,1-9,36,108.0,13
2017,chicago,11,10-49,3,43.0,1
2017,chicago,11,100-249,1,100.0,1
2017,chicago,11,250-499,1,400.0,1
2017,chicago,21,1-9,15,66.0,5
2017,chicago,21,10-49,6,116.0,4
2017,chicago,22,1-9,17,66.0,11
2017,chicago,22,10-49,11,185.0,6
2017,chicago,22,100-249,3,426.0,0
2017,chicago,22,1000+,3,8000.0,3
2017,chicago,22,50-99,1,78.0,0
2017,chicago,22,unknown,1,0.0,0
2017,chicago,23,1-9,3119,11901.0,1107
2017,chicago,23,10-49,536,9363.0,424
2017,chicago,23,100-249,26,3951.0,26
2017,chicago,23,1000+,2,2800.0,2
2017,chicago,23,250-499,15,4855.0,15
2017,chicago,23,50-99,72,4137.0,61
2017,chicago,23,500-999,2,1200.0,2
2017,chicago,23,unknown,1,0.0,0
2017,chicago,31,1-9,390,1699.0,264
2017,chicago,31,10-49,215,5084.0,151
2017,chicago,31,100-249,23,3078.0,20
2017,chicago,31,1000+,4,5401.0,4
2017,chicago,31,250-499,11,3690.0,11
2017,chicago,31,50-99,32,1975.0,30
2017,chicago,31,500-999,15,9652.0,15
2017,chicago,31,unknown,1,0.0,0
2017,chicago,32,1-9,364,1534.0,264
2017,chicago,32,10-49,202,3972.0,163
2017,chicago,32,100-249,25,3581.0,16
2017,chicago,32,1000+,1,1700.0,1
2017,chicago,32,250-499,6,2093.0,6
2017,chicago,32,50-99,37,2267.0,32
2017,chicago,32,500-999,3,2125.0,3
2017,chicago,32,unknown,1,0.0,0
2017,chicago,33,1-9,813,3576.0,562
2017,chicago,33,10-49,515,10425.0,400
2017,chicago,33,100-249,63,8793.0,62
2017,chicago,33,1000+,5,9063.0,5
2017,chicago,33,250-499,7,2498.0,7
2017,chicago,33,50-99,98,6078.0,87
2017,chicago,33,500-999,8,4801.0,8
2017,chicago,33,unknown,2,0.0,0
2017,chicago,42,1-9,1380,6259.0,732
2017,chicago,42,10-49,465,8476.0,328
2017,chicago,42,100-249,39,5003.0,36
2017,chicago,42,1000+,4,5600.0,4
2017,chicago,42,250-499,10,3308.0,10
2017,chicago,42,50-99,79,4742.0,73
2017,chicago,42,500-999,4,2200.0,4
2017,chicago,42,unknown,5,0.0,0
2017,chicago,44,1-9,5986,21342.0,3492
2017,chicago,44,10-49,1122,21065.0,823
2017,chicago,44,100-249,108,15551.0,81
2017,chicago,44,1000+,2,11000.0,2
2017,chicago,44,250-499,30,9191.0,30
2017,chicago,44,50-99,152,9338.0,122
2017,chicago,44,500-999,2,1000.0,2
2017,chicago,44,unknown,142,0.0,0
2017,chicago,45,1-9,2321,7276.0,1273
2017,chicago,45,10-49,404,7699.0,296
2017,chicago,45,100-249,44,6366.0,35
2017,chicago,45,1000+,1,1500.0,1
2017,chicago,45,250-499,14,4645.0,11
2017,chicago,45,50-99,64,4117.0,50
2017,chicago,45,500-999,5,3120.0,5
2017,chicago,45,unknown,71,0.0,0
2017,chicago,48,1-9,961,3687.0,429
2017,chicago,48,10-49,349,5641.0,163
2017,chicago,48,100-249,34,5014.0,34
2017,chicago,48,1000+,5,11501.0,5
2017,chicago,48,250-499,11,3389.0,11
2017,chicago,48,50-99,74,4567.0,42
2017,chicago,48,500-999,6,3630.0,6
2017,chicago,48,unknown,1,0.0,0
2017,chicago,49,1-9,81,361.0,32
2017,chicago,49,10-49,25,526.0,21
2017,chicago,49,100-249,13,1476.0,13
2017,chicago,49,250-499,1,300.0,1
2017,chicago,49,50-99,13,833.0,13
2017,chicago,49,500-999,3,1700.0,3
2017,chicago,51,1-9,1889,7631.0,830
2017,chicago,51,10-49,671,11714.0,327
2017,chicago,51,100-249,62,8360.0,48
2017,chicago,51,1000+,5,10592.0,5
2017,chicago,51,250-499,18,5212.0,18
2017,chicago,51,50-99,91,5641.0,82
2017,chicago,51,500-999,5,3200.0,5
2017,chicago,51,unknown,12,0.0,0
2017,chicago,52,1-9,4749,17502.0,1758
2017,chicago,52,10-49,1129,19366.0,739
2017,chicago,52,100-249,96,13736.0,91
2017,chicago,52,1000+,16,39306.0,16
2017,chicago,52,250-499,21,6840.0,21
2017,chicago,52,50-99,167,10539.0,146
2017,chicago,52,500-999,16,9910.0,16
2017,chicago,52,unknown,2242,0.0,0
2017,chicago,53,1-9,4259,18534.0,1783
2017,chicago,53,10-49,726,12235.0,636
2017,chicago,53,100-249,38,5767.0,38
2017,chicago,53,250-499,17,5446.0,17
2017,chicago,53,50-99,74,4472.0,62
2017,chicago,53,500-999,6,3400.0,6
2017,chicago,53,unknown,404,0.0,0
2017,chicago,54,1-9,14405,43107.0,4352
2017,chicago,54,10-49,1873,33954.0,1585
2017,chicago,54,100-249,153,21363.0,143
2017,chicago,54,1000+,22,39991.0,22
2017,chicago,54,250-499,45,14077.0,45
2017,chicago,54,50-99,306,19404.0,285
2017,chicago,54,500-999,25,15051.0,25
2017,chicago,54,unknown,89,0.0,0
2017,chicago,55,1-9,86,249.0,15
2017,chicago,55,10-49,15,426.0,10
2017,chicago,55,100-249,1,125.0,1
2017,chicago,55,1000+,3,11000.0,3
2017,chicago,55,250-499,1,300.0,1
2017,chicago,55,50-99,2,110.0,2
2017,chicago,55,500-999,1,600.0,1
2017,chicago,55,unknown,3,0.0,0
2017,chicago,56,1-9,2411,8799.0,1005
2017,chicago,56,10-49,474,8576.0,359
2017,chicago,56,100-249,49,7080.0,48
2017,chicago,56,1000+,4,5600.0,4
2017,chicago,56,250-499,10,3076.0,10
2017,chicago,56,50-99,55,3287.0,49
2017,chicago,56,500-999,6,3686.0,6
2017,chicago,56,unknown,7,0.0,0
2017,chicago,61,1-9,937,3671.0,445
2017,chicago,61,10-49,1162,23150.0,606
2017,chicago,61,100-249,174,22935.0,170
2017,chicago,61,1000+,10,50251.0,10
2017,chicago,61,250-499,17,5274.0,17
2017,chicago,61,50-99,398,26666.0,362
2017,chicago,61,500-999,15,9484.0,15
2017,chicago,61,unknown,3,0.0,0
2017,chicago,62,1-9,22424,70422.0,2600
2017,chicago,62,10-49,1517,27176.0,1172
2017,chicago,62,100-249,159,20677.0,118
2017,chicago,62,1000+,22,80707.0,22
2017,chicago,62,250-499,32,10446.0,31
2017,chicago,62,50-99,150,9784.0,144
2017,chicago,62,500-999,18,12313.0,18
2017,chicago,62,unknown,1,0.0,0
2017,chicago,71,1-9,1155,4469.0,532
2017,chicago,71,10-49,393,6726.0,229
2017,chicago,71,100-249,29,3709.0,21
2017,chicago,71,1000+,4,6100.0,4
2017,chicago,71,250-499,9,2962.0,9
2017,chicago,71,50-99,48,3064.0,45
2017,chicago,71,500-999,6,3800.0,6
2017,chicago,71,unknown,1,0.0,0
2017,chicago,72,1-9,5266,25105.0,2483
2017,chicago,72,10-49,2106,41079.0,1646
2017,chicago,72,100-249,129,18091.0,118
2017,chicago,72,1000+,6,7920.0,6
2017,chicago,72,250-499,29,9101.0,28
2017,chicago,72,50-99,264,16529.0,240
2017,chicago,72,500-999,10,5751.0,10
2017,chicago,72,unknown,10,0.0,0
2017,chicago,81,1-9,9683,33831.0,5623
2017,chicago,81,10-49,1156,19643.0,1078
2017,chicago,81,100-249,65,9071.0,61
2017,chicago,81,1000+,2,2100.0,2
2017,chicago,81,250-499,16,4976.0,16
2017,chicago,81,50-99,105,6448.0,104
2017,chicago,81,500-999,3,2100.0,3
2017,chicago,81,unknown,4,0.0,0
2017,chicago,92,1-9,476,2690.0,245
2017,chicago,92,10-49,411,7861.0,243
2017,chicago,92,100-249,68,10146.0,68
2017,chicago,92,1000+,8,16177.0,8
2017,chicago,92,250-499,38,12154.0,38
2017,chicago,92,50-99,78,4803.0,60
2017,chicago,92,500-999,14,9097.0,14
2017,chicago,92,unknown,1,0.0,0
2017,chicago,99,1-9,100,234.0,98
2017,chicago,99,10-49,154,1761.0,37
2017,chicago,99,100-249,4,560.0,4
2017,chicago,99,1000+,1,1000.0,1
2017,chicago,99,50-99,8,487.0,8
2017,chicago,99,500-999,3,1601.0,3
2017,chicago,99,unknown,6130,0.0,0
2017,cook_ex_chicago,11,1-9,54,172.0,18
2017,cook_ex_chicago,11,10-49,19,381.0,7
2017,cook_ex_chicago,11,100-249,1,100.0,0
2017,cook_ex_chicago,11,50-99,3,162.0,2
2017,cook_ex_chicago,21,1-9,36,172.0,11
2017,cook_ex_chicago,21,10-49,4,51.0,3
2017,cook_ex_chicago,21,100-249,1,120.0,1
2017,cook_ex_chicago,21,50-99,2,135.0,2
2017,cook_ex_chicago,21,unknown,1,0.0,0
2017,cook_ex_chicago,22,1-9,63,270.0,33
2017,cook_ex_chicago,22,10-49,21,485.0,19
2017,cook_ex_chicago,22,100-249,2,360.0,1
2017,cook_ex_chicago,22,50-99,5,256.0,5
2017,cook_ex_chicago,23,1-9,5645,22114.0,2168
2017,cook_ex_chicago,23,10-49,1031,17845.0,827
2017,cook_ex_chicago,23,100-249,40,5403.0,40
2017,cook_ex_chicago,23,1000+,1,6000.0,1
2017,cook_ex_chicago,23,250-499,6,1860.0,6
2017,cook_ex_chicago,23,50-99,121,7024.0,109
2017,cook_ex_chicago,23,500-999,2,1400.0,2
2017,cook_ex_chicago,23,unknown,3,0.0,0
2017,cook_ex_chicago,31,1-9,268,1256.0,142
2017,cook_ex_chicago,31,10-49,155,3537.0,89
2017,cook_ex_chicago,31,100-249,16,1975.0,15
2017,cook_ex_chicago,31,1000+,1,1200.0,1
2017,cook_ex_chicago,31,250-499,7,2200.0,7
2017,cook_ex_chicago,31,50-99,31,1958.0,28
2017,cook_ex_chicago,31,500-999,3,2200.0,3
2017,cook_ex_chicago,31,unknown,3,0.0,0
2017,cook_ex_chicago,32,1-9,553,2405.0,400
2017,cook_ex_chicago,32,10-49,334,7014.0,257
2017,cook_ex_chicago,32,100-249,73,9567.0,64
2017,cook_ex_chicago,32,1000+,1,1000.0,1
2017,cook_ex_chicago,32,250-499,10,3074.0,10
2017,cook_ex_chicago,32,50-99,73,4755.0,59
2017,cook_ex_chicago,32,500-999,2,1470.0,2
2017,cook_ex_chicago,32,unknown,1,0.0,0
2017,cook_ex_chicago,33,1-9,1340,6296.0,938
2017,cook_ex_chicago,33,10-49,920,19162.0,715
2017,cook_ex_chicago,33,100-249,124,16696.0,113
2017,cook_ex_chicago,33,1000+,8,12901.0,8
2017,cook_ex_chicago,33,250-499,30,9528.0,30
2017,cook_ex_chicago,33,50-99,188,12107.0,174
2017,cook_ex_chicago,33,500-999,15,8703.0,15
2017,cook_ex_chicago,33,unknown,3,0.0,0
2017,cook_ex_chicago,42,1-9,2614,12222.0,1448
2017,cook_ex_chicago,42,10-49,952,16831.0,714
2017,cook_ex_chicago,42,100-249,89,11783.0,82
2017,cook_ex_chicago,42,1000+,7,10800.0,7
2017,cook_ex_chicago,42,250-499,31,9838.0,31
2017,cook_ex_chicago,42,50-99,140,8225.0,126
2017,cook_ex_chicago,42,500-999,11,7279.0,11
2017,cook_ex_chicago,42,unknown,6,0.0,0
2017,cook_ex_chicago,44,1-9,6201,24221.0,3432
2017,cook_ex_chicago,44,10-49,1795,33500.0,1339
2017,cook_ex_chicago,44,100-249,190,27388.0,151
2017,cook_ex_chicago,44,1000+,3,3800.0,3
2017,cook_ex_chicago,44,250-499,32,9282.0,28
2017,cook_ex_chicago,44,50-99,217,13558.0,185
2017,cook_ex_chicago,44,500-999,3,1900.0,3
2017,cook_ex_chicago,44,unknown,125,0.0,0
2017,cook_ex_chicago,45,1-9,2300,7640.0,1217
2017,cook_ex_chicago,45,10-49,614,11801.0,428
2017,cook_ex_chicago,45,100-249,97,15449.0,81
2017,cook_ex_chicago,45,1000+,2,7200.0,2
2017,cook_ex_chicago,45,250-499,41,12968.0,39
2017,cook_ex_chicago,45,50-99,86,5330.0,69
2017,cook_ex_chicago,45,500-999,4,2250.0,4
2017,cook_ex_chicago,45,unknown,117,0.0,0
2017,cook_ex_chicago,48,1-9,1854,7017.0,844
2017,cook_ex_chicago,48,10-49,493,8278.0,320
2017,cook_ex_chicago,48,100-249,49,7260.0,48
2017,cook_ex_chicago,48,1000+,1,1600.0,1
2017,cook_ex_chicago,48,250-499,13,4100.0,13
2017,cook_ex_chicago,48,50-99,86,5109.0,59
2017,cook_ex_chicago,48,500-999,3,1700.0,3
2017,cook_ex_chicago,48,unknown,1,0.0,0
2017,cook_ex_chicago,49,1-9,110,443.0,57
2017,cook_ex_chicago,49,10-49,47,1045.0,38
2017,cook_ex_chicago,49,100-249,16,2182.0,16
2017,cook_ex_chicago,49,250-499,3,870.0,3
2017,cook_ex_chicago,49,50-99,18,1295.0,18
2017,cook_ex_chicago,51,1-9,1432,6008.0,636
2017,cook_ex_chicago,51,10-49,534,9569.0,254
2017,cook_ex_chicago,51,100-249,26,3719.0,24
2017,cook_ex_chicago,51,1000+,1,5001.0,1
2017,cook_ex_chicago,51,250-499,3,835.0,3
2017,cook_ex_chicago,51,50-99,61,3629.0,48
2017,cook_ex_chicago,51,500-999,6,3051.0,6
2017,cook_ex_chicago,51,unknown,4,0.0,0
2017,cook_ex_chicago,52,1-9,5638,19757.0,2368
2017,cook_ex_chicago,52,10-49,946,15993.0,661
2017,cook_ex_chicago,52,100-249,39,5540.0,39
2017,cook_ex_chicago,52,1000+,6,31001.0,6
2017,cook_ex_chicago,52,250-499,7,2060.0,7
2017,cook_ex_chicago,52,50-99,84,5324.0,81
2017,cook_ex_chicago,52,500-999,4,2100.0,4
2017,cook_ex_chicago,52,unknown,2643,0.0,0
2017,cook_ex_chicago,53,1-9,3398,13380.0,1408
2017,cook_ex_chicago,53,10-49,445,8441.0,365
2017,cook_ex_chicago,53,100-249,24,2716.0,24
2017,cook_ex_chicago,53,1000+,1,1200.0,1
2017,cook_ex_chicago,53,250-499,2,774.0,2
2017,cook_ex_chicago,53,50-99,77,4761.0,66
2017,cook_ex_chicago,53,500-999,2,1101.0,2
2017,cook_ex_chicago,53,unknown,278,0.0,0
2017,cook_ex_chicago,54,1-9,8975,30631.0,3825
2017,cook_ex_chicago,54,10-49,1163,19112.0,938
2017,cook_ex_chicago,54,100-249,75,10085.0,71
2017,cook_ex_chicago,54,1000+,3,9055.0,3
2017,cook_ex_chicago,54,250-499,15,4991.0,15
2017,cook_ex_chicago,54,50-99,141,8604.0,132
2017,cook_ex_chicago,54,500-999,10,6300.0,10
2017,cook_ex_chicago,54,unknown,134,0.0,0
2017,cook_ex_chicago,55,1-9,63,185.0,16
2017,cook_ex_chicago,55,10-49,17,494.0,7
2017,cook_ex_chicago,55,100-249,4,438.0,4
2017,cook_ex_chicago,55,250-499,2,825.0,2
2017,cook_ex_chicago,55,50-99,3,172.0,3
2017,cook_ex_chicago,55,unknown,3,0.0,0
2017,cook_ex_chicago,56,1-9,2977,11664.0,1239
2017,cook_ex_chicago,56,10-49,553,9789.0,439
2017,cook_ex_chicago,56,100-249,43,5306.0,40
2017,cook_ex_chicago,56,1000+,5,10800.0,5
2017,cook_ex_chicago,56,250-499,7,2275.0,7
2017,cook_ex_chicago,56,50-99,90,5309.0,83
2017,cook_ex_chicago,56,500-999,2,1175.0,2
2017,cook_ex_chicago,56,unknown,4,0.0,0
2017,cook_ex_chicago,61,1-9,940,3673.0,445
2017,cook_ex_chicago,61,10-49,1108,23136.0,595
2017,cook_ex_chicago,61,100-249,122,16965.0,119
2017,cook_ex_chicago,61,1000+,6,11100.0,6
2017,cook_ex_chicago,61,250-499,44,13808.0,44
2017,cook_ex_chicago,61,50-99,506,33750.0,442
2017,cook_ex_chicago,61,500-999,11,6561.0,11
2017,cook_ex_chicago,62,1-9,23686,76488.0,3003
2017,cook_ex_chicago,62,10-49,2051,36152.0,1513
2017,cook_ex_chicago,62,100-249,163,22195.0,136
2017,cook_ex_chicago,62,1000+,21,53469.0,21
2017,cook_ex_chicago,62,250-499,40,12301.0,40
2017,cook_ex_chicago,62,50-99,173,10296.0,148
2017,cook_ex_chicago,62,500-999,15,10974.0,15
2017,cook_ex_chicago,62,unknown,4,0.0,0
2017,cook_ex_chicago,71,1-9,1054,4166.0,430
2017,cook_ex_chicago,71,10-49,448,8529.0,283
2017,cook_ex_chicago,71,100-249,51,6339.0,47
2017,cook_ex_chicago,71,250-499,6,1683.0,6
2017,cook_ex_chicago,71,50-99,98,5942.0,77
2017,cook_ex_chicago,71,500-999,6,3745.0,6
2017,cook_ex_chicago,71,unknown,3,0.0,0
2017,cook_ex_chicago,72,1-9,3708,17935.0,1908
2017,cook_ex_chicago,72,10-49,2229,44636.0,1699
2017,cook_ex_chicago,72,100-249,91,12893.0,76
2017,cook_ex_chicago,72,1000+,1,1001.0,1
2017,cook_ex_chicago,72,250-499,11,3554.0,11
2017,cook_ex_chicago,72,50-99,290,18631.0,251
2017,cook_ex_chicago,72,500-999,2,1330.0,2
2017,cook_ex_chicago,72,unknown,4,0.0,0
2017,cook_ex_chicago,81,1-9,9523,33901.0,5615
2017,cook_ex_chicago,81,10-49,1383,22127.0,1298
2017,cook_ex_chicago,81,100-249,55,7240.0,51
2017,cook_ex_chicago,81,1000+,1,1350.0,1
2017,cook_ex_chicago,81,250-499,12,3976.0,12
2017,cook_ex_chicago,81,50-99,91,5552.0,90
2017,cook_ex_chicago,81,500-999,4,2150.0,4
2017,cook_ex_chicago,81,unknown,24,0.0,0
2017,cook_ex_chicago,92,1-9,692,3707.0,430
2017,cook_ex_chicago,92,10-49,549,12031.0,391
2017,cook_ex_chicago,92,100-249,75,10248.0,75
2017,cook_ex_chicago,92,250-499,15,5425.0,15
2017,cook_ex_chicago,92,50-99,149,9097.0,132
2017,cook_ex_chicago,92,500-999,6,3315.0,6
2017,cook_ex_chicago,99,1-9,75,209.0,72
2017,cook_ex_chicago,99,10-49,110,1199.0,23
2017,cook_ex_chicago,99,100-249,3,401.0,3
2017,cook_ex_chicago,99,50-99,8,539.0,8
2017,cook_ex_chicago,99,unknown,3821,0.0,0
2017,il_ex_msa,11,1-9,2856,6987.0,1754
2017,il_ex_msa,11,10-49,168,2729.0,151
2017,il_ex_msa,11,100-249,6,875.0,6
2017,il_ex_msa,11,50-99,17,1005.0,17
2017,il_ex_msa,11,500-999,1,500.0,1
2017,il_ex_msa,21,1-9,225,971.0,128
2017,il_ex_msa,21,10-49,82,1415.0,51
2017,il_ex_msa,21,100-249,7,965.0,4
2017,il_ex_msa,21,250-499,4,1355.0,4
2017,il_ex_msa,21,50-99,5,324.0,5
2017,il_ex_msa,21,unknown,2,0.0,0
2017,il_ex_msa,22,1-9,449,1572.0,329
2017,il_ex_msa,22,10-49,147,2925.0,76
2017,il_ex_msa,22,100-249,6,793.0,5
2017,il_ex_msa,22,1000+,2,3932.0,2
2017,il_ex_msa,22,250-499,3,860.0,3
2017,il_ex_msa,22,50-99,19,1148.0,19
2017,il_ex_msa,23,1-9,10045,32495.0,5423
2017,il_ex_msa,23,10-49,1451,24866.0,1217
2017,il_ex_msa,23,100-249,62,7863.0,61
2017,il_ex_msa,23,250-499,13,4259.0,13
2017,il_ex_msa,23,50-99,139,8295.0,134
2017,il_ex_msa,23,500-999,4,2270.0,4
2017,il_ex_msa,23,unknown,3,0.0,0
2017,il_ex_msa,31,1-9,520,2208.0,316
2017,il_ex_msa,31,10-49,198,3487.0,146
2017,il_ex_msa,31,100-249,30,4245.0,24
2017,il_ex_msa,31,1000+,5,10600.0,5
2017,il_ex_msa,31,250-499,13,4160.0,13
2017,il_ex_msa,31,50-99,43,2886.0,39
2017,il_ex_msa,31,500-999,3,1700.0,3
2017,il_ex_msa,31,unknown,1,0.0,0
2017,il_ex_msa,32,1-9,859,3391.0,662
2017,il_ex_msa,32,10-49,365,7840.0,312
2017,il_ex_msa,32,100-249,60,8105.0,53
2017,il_ex_msa,32,1000+,3,3000.0,3
2017,il_ex_msa,32,250-499,18,5946.0,18
2017,il_ex_msa,32,50-99,94,6104.0,81
2017,il_ex_msa,32,500-999,8,5650.0,8
2017,il_ex_msa,32,unknown,1,0.0,0
2017,il_ex_msa,33,1-9,1869,7507.0,1413
2017,il_ex_msa,33,10-49,871,17884.0,708
2017,il_ex_msa,33,100-249,154,21438.0,146
2017,il_ex_msa,33,1000+,8,17101.0,8
2017,il_ex_msa,33,250-499,42,13758.0,42
2017,il_ex_msa,33,50-99,205,13409.0,193
2017,il_ex_msa,33,500-999,18,11800.0,18
2017,il_ex_msa,33,unknown,2,0.0,0
2017,il_ex_msa,42,1-9,3808,15524.0,2714
2017,il_ex_msa,42,10-49,1506,28275.0,1208
2017,il_ex_msa,42,100-249,114,14965.0,109
2017,il_ex_msa,42,1000+,4,5500.0,4
2017,il_ex_msa,42,250-499,30,9745.0,30
2017,il_ex_msa,42,50-99,163,10500.0,154
2017,il_ex_msa,42,500-999,25,15883.0,20
2017,il_ex_msa,42,unknown,8,0.0,0
2017,il_ex_msa,44,1-9,10791,44256.0,7426
2017,il_ex_msa,44,10-49,3409,57342.0,2797
2017,il_ex_msa,44,100-249,226,30895.0,182
2017,il_ex_msa,44,1000+,2,3200.0,2
2017,il_ex_msa,44,250-499,25,7506.0,21
2017,il_ex_msa,44,50-99,309,20227.0,279
2017,il_ex_msa,44,500-999,6,4470.0,6
2017,il_ex_msa,44,unknown,121,0.0,0
2017,il_ex_msa,45,1-9,5046,16763.0,3346
2017,il_ex_msa,45,10-49,757,14269.0,602
2017,il_ex_msa,45,100-249,127,18551.0,111
2017,il_ex_msa,45,1000+,1,3912.0,1
2017,il_ex_msa,45,250-499,57,19095.0,49
2017,il_ex_msa,45,50-99,125,8146.0,100
2017,il_ex_msa,45,500-999,4,2249.0,4
2017,il_ex_msa,45,unknown,153,0.0,0
2017,il_ex_msa,48,1-9,2337,7891.0,1333
2017,il_ex_msa,48,10-49,711,13281.0,520
2017,il_ex_msa,48,100-249,61,8530.0,60
2017,il_ex_msa,48,1000+,1,2800.0,1
2017,il_ex_msa,48,250-499,12,3508.0,12
2017,il_ex_msa,48,50-99,125,7972.0,100
2017,il_ex_msa,48,500-999,4,2500.0,4
2017,il_ex_msa,48,unknown,5,0.0,0
2017,il_ex_msa,49,1-9,1358,4985.0,1144
2017,il_ex_msa,49,10-49,259,4725.0,251
2017,il_ex_msa,49,100-249,14,2055.0,14
2017,il_ex_msa,49,250-499,3,900.0,3
2017,il_ex_msa,49,50-99,26,1641.0,25
2017,il_ex_msa,49,500-999,3,2150.0,3
2017,il_ex_msa,49,unknown,1,0.0,0
2017,il_ex_msa,51,1-9,2272,9501.0,1355
2017,il_ex_msa,51,10-49,715,13362.0,495
2017,il_ex_msa,51,100-249,49,6597.0,42
2017,il_ex_msa,51,1000+,2,8000.0,2
2017,il_ex_msa,51,250-499,10,3132.0,10
2017,il_ex_msa,51,50-99,132,8052.0,93
2017,il_ex_msa,51,500-999,5,3203.0,5
2017,il_ex_msa,51,unknown,2,0.0,0
2017,il_ex_msa,52,1-9,9763,30868.0,5152
2017,il_ex_msa,52,10-49,1305,22217.0,1079
2017,il_ex_msa,52,100-249,41,5521.0,38
2017,il_ex_msa,52,1000+,11,43704.0,11
2017,il_ex_msa,52,250-499,13,4447.0,13
2017,il_ex_msa,52,50-99,143,8586.0,125
2017,il_ex_msa,52,500-999,8,5018.0,8
2017,il_ex_msa,52,unknown,7398,0.0,0
2017,il_ex_msa,53,1-9,5776,17064.0,3260
2017,il_ex_msa,53,10-49,615,10477.0,520
2017,il_ex_msa,53,100-249,23,2946.0,23
2017,il_ex_msa,53,250-499,1,250.0,1
2017,il_ex_msa,53,50-99,42,2572.0,37
2017,il_ex_msa,53,unknown,585,0.0,0
2017,il_ex_msa,54,1-9,12162,37040.0,5017
2017,il_ex_msa,54,10-49,1445,24739.0,1214
2017,il_ex_msa,54,100-249,62,8577.0,58
2017,il_ex_msa,54,1000+,3,6900.0,3
2017,il_ex_msa,54,250-499,17,5233.0,17
2017,il_ex_msa,54,50-99,147,9438.0,128
2017,il_ex_msa,54,500-999,2,1450.0,2
2017,il_ex_msa,54,unknown,222,0.0,0
2017,il_ex_msa,55,1-9,79,307.0,41
2017,il_ex_msa,55,10-49,84,2007.0,60
2017,il_ex_msa,55,100-249,4,502.0,4
2017,il_ex_msa,55,250-499,1,350.0,1
2017,il_ex_msa,55,50-99,19,1181.0,17
2017,il_ex_msa,55,unknown,18,0.0,0
2017,il_ex_msa,56,1-9,4462,14026.0,2367
2017,il_ex_msa,56,10-49,699,12452.0,504
2017,il_ex_msa,56,100-249,32,4759.0,27
2017,il_ex_msa,56,1000+,1,1200.0,1
2017,il_ex_msa,56,250-499,10,3312.0,10
2017,il_ex_msa,56,50-99,75,4465.0,62
2017,il_ex_msa,56,500-999,1,950.0,1
2017,il_ex_msa,56,unknown,5,0.0,0
2017,il_ex_msa,61,1-9,1480,5804.0,968
2017,il_ex_msa,61,10-49,2130,52768.0,1586
2017,il_ex_msa,61,100-249,212,30300.0,212
2017,il_ex_msa,61,1000+,9,34807.0,9
2017,il_ex_msa,61,250-499,32,9669.0,32
2017,il_ex_msa,61,50-99,945,60764.0,787
2017,il_ex_msa,61,500-999,16,9387.0,16
2017,il_ex_msa,61,unknown,1,0.0,0
2017,il_ex_msa,62,1-9,27814,85654.0,4548
2017,il_ex_msa,62,10-49,3994,72639.0,2675
2017,il_ex_msa,62,100-249,405,55988.0,377
2017,il_ex_msa,62,1000+,41,100470.0,41
2017,il_ex_msa,62,250-499,60,19992.0,58
2017,il_ex_msa,62,50-99,546,35718.0,484
2017,il_ex_msa,62,500-999,41,27689.0,40
2017,il_ex_msa,62,unknown,1,0.0,0
2017,il_ex_msa,71,1-9,2266,7685.0,1356
2017,il_ex_msa,71,10-49,751,13861.0,515
2017,il_ex_msa,71,100-249,43,5970.0,42
2017,il_ex_msa,71,1000+,16,17500.0,2
2017,il_ex_msa,71,250-499,10,3340.0,10
2017,il_ex_msa,71,50-99,71,4238.0,69
2017,il_ex_msa,71,500-999,4,2350.0,4
2017,il_ex_msa,72,1-9,5686,26466.0,3779
2017,il_ex_msa,72,10-49,4284,84644.0,3407
2017,il_ex_msa,72,100-249,118,14673.0,109
2017,il_ex_msa,72,250-499,7,2045.0,7
2017,il_ex_msa,72,50-99,505,31722.0,467
2017,il_ex_msa,72,unknown,1,0.0,0
2017,il_ex_msa,81,1-9,21341,61011.0,15258
2017,il_ex_msa,81,10-49,1724,28796.0,1572
2017,il_ex_msa,81,100-249,58,7896.0,57
2017,il_ex_msa,81,1000+,2,4200.0,2
2017,il_ex_msa,81,250-499,10,3084.0,10
2017,il_ex_msa,81,50-99,146,9029.0,140
2017,il_ex_msa,81,500-999,2,1201.0,2
2017,il_ex_msa,81,unknown,41,0.0,0
2017,il_ex_msa,92,1-9,6715,25125.0,4614
2017,il_ex_msa,92,10-49,2723,54997.0,1939
2017,il_ex_msa,92,100-249,103,15549.0,103
2017,il_ex_msa,92,1000+,9,23780.0,9
2017,il_ex_msa,92,250-499,49,16321.0,49
2017,il_ex_msa,92,50-99,263,16605.0,263
2017,il_ex_msa,92,500-999,13,8079.0,13
2017,il_ex_msa,99,1-9,191,797.0,97
2017,il_ex_msa,99,10-49,27,501.0,19
2017,il_ex_msa,99,100-249,3,522.0,3
2017,il_ex_msa,99,50-99,4,213.0,4
2017,il_ex_msa,99,500-999,1,500.0,1
2017,il_ex_msa,99,unknown,3282,0.0,0
2017,msa_ex_cook,11,1-9,336,1017.0,168
2017,msa_ex_cook,11,10-49,37,643.0,31
2017,msa_ex_cook,11,100-249,2,330.0,2
2017,msa_ex_cook,11,50-99,5,315.0,5
2017,msa_ex_cook,21,1-9,58,287.0,21
2017,msa_ex_cook,21,10-49,24,411.0,14
2017,msa_ex_cook,21,50-99,1,65.0,1
2017,msa_ex_cook,21,500-999,1,800.0,1
2017,msa_ex_cook,22,1-9,103,457.0,45
2017,msa_ex_cook,22,10-49,44,767.0,30
2017,msa_ex_cook,22,100-249,8,1153.0,4
2017,msa_ex_cook,22,1000+,1,3000.0,1
2017,msa_ex_cook,22,250-499,2,600.0,2
2017,msa_ex_cook,22,50-99,5,295.0,5
2017,msa_ex_cook,22,500-999,1,700.0,1
2017,msa_ex_cook,22,unknown,1,0.0,0
2017,msa_ex_cook,23,1-9,9856,34203.0,4260
2017,msa_ex_cook,23,10-49,1689,28393.0,1308
2017,msa_ex_cook,23,100-249,60,8247.0,60
2017,msa_ex_cook,23,1000+,2,3200.0,2
2017,msa_ex_cook,23,250-499,12,3530.0,12
2017,msa_ex_cook,23,50-99,133,8107.0,124
2017,msa_ex_cook,23,500-999,3,1600.0,3
2017,msa_ex_cook,23,unknown,8,0.0,0
2017,msa_ex_cook,31,1-9,389,1690.0,208
2017,msa_ex_cook,31,10-49,168,3097.0,113
2017,msa_ex_cook,31,100-249,30,4392.0,30
2017,msa_ex_cook,31,1000+,1,1200.0,1
2017,msa_ex_cook,31,250-499,5,1955.0,5
2017,msa_ex_cook,31,50-99,36,2196.0,28
2017,msa_ex_cook,31,500-999,3,1700.0,3
2017,msa_ex_cook,31,unknown,1,0.0,0
2017,msa_ex_cook,32,1-9,865,3677.0,613
2017,msa_ex_cook,32,10-49,491,10353.0,358
2017,msa_ex_cook,32,100-249,107,14588.0,95
2017,msa_ex_cook,32,1000+,3,3400.0,3
2017,msa_ex_cook,32,250-499,24,7496.0,24
2017,msa_ex_cook,32,50-99,142,8969.0,105
2017,msa_ex_cook,32,500-999,5,2930.0,5
2017,msa_ex_cook,32,unknown,6,0.0,0
2017,msa_ex_cook,33,1-9,1952,8372.0,1428
2017,msa_ex_cook,33,10-49,1509,29749.0,1078
2017,msa_ex_cook,33,100-249,227,31143.0,209
2017,msa_ex_cook,33,1000+,11,38403.0,11
2017,msa_ex_cook,33,250-499,45,14665.0,45
2017,msa_ex_cook,33,50-99,251,15928.0,226
2017,msa_ex_cook,33,500-999,17,10632.0,17
2017,msa_ex_cook,33,unknown,17,0.0,0
2017,msa_ex_cook,42,1-9,3824,17156.0,2310
2017,msa_ex_cook,42,10-49,1649,29951.0,1191
2017,msa_ex_cook,42,100-249,135,18999.0,124
2017,msa_ex_cook,42,1000+,13,36400.0,13
2017,msa_ex_cook,42,250-499,31,10131.0,31
2017,msa_ex_cook,42,50-99,206,13050.0,196
2017,msa_ex_cook,42,500-999,16,11099.0,16
2017,msa_ex_cook,42,unknown,12,0.0,0
2017,msa_ex_cook,44,1-9,7977,31919.0,4517
2017,msa_ex_cook,44,10-49,2745,48638.0,1981
2017,msa_ex_cook,44,100-249,267,38122.0,211
2017,msa_ex_cook,44,1000+,3,9900.0,3
2017,msa_ex_cook,44,250-499,52,15567.0,43
2017,msa_ex_cook,44,50-99,280,17602.0,227
2017,msa_ex_cook,44,500-999,13,7701.0,13
2017,msa_ex_cook,44,unknown,146,0.0,0
2017,msa_ex_cook,45,1-9,3526,11451.0,1923
2017,msa_ex_cook,45,10-49,842,16283.0,606
2017,msa_ex_cook,45,100-249,131,21017.0,110
2017,msa_ex_cook,45,1000+,2,2001.0,2
2017,msa_ex_cook,45,250-499,36,11549.0,30
2017,msa_ex_cook,45,50-99,114,7300.0,90
2017,msa_ex_cook,45,500-999,7,4150.0,7
2017,msa_ex_cook,45,unknown,166,0.0,0
2017,msa_ex_cook,48,1-9,2321,8895.0,1115
2017,msa_ex_cook,48,10-49,587,10700.0,439
2017,msa_ex_cook,48,100-249,62,9062.0,62
2017,msa_ex_cook,48,1000+,4,4300.0,4
2017,msa_ex_cook,48,250-499,12,3776.0,12
2017,msa_ex_cook,48,50-99,87,5302.0,74
2017,msa_ex_cook,48,500-999,1,800.0,1
2017,msa_ex_cook,48,unknown,3,0.0,0
2017,msa_ex_cook,49,1-9,195,678.0,122
2017,msa_ex_cook,49,10-49,122,2557.0,87
2017,msa_ex_cook,49,100-249,15,2165.0,15
2017,msa_ex_cook,49,250-499,1,268.0,1
2017,msa_ex_cook,49,50-99,19,1284.0,19
2017,msa_ex_cook,51,1-9,1979,8328.0,852
2017,msa_ex_cook,51,10-49,629,11418.0,364
2017,msa_ex_cook,51,100-249,43,5951.0,38
2017,msa_ex_cook,51,1000+,2,2150.0,2
2017,msa_ex_cook,51,250-499,10,2980.0,10
2017,msa_ex_cook,51,50-99,96,5887.0,83
2017,msa_ex_cook,51,500-999,5,3405.0,5
2017,msa_ex_cook,51,unknown,3,0.0,0
2017,msa_ex_cook,52,1-9,7472,24016.0,3152
2017,msa_ex_cook,52,10-49,1277,21091.0,884
2017,msa_ex_cook,52,100-249,64,8814.0,59
2017,msa_ex_cook,52,1000+,4,8401.0,4
2017,msa_ex_cook,52,250-499,8,2500.0,8
2017,msa_ex_cook,52,50-99,116,7468.0,96
2017,msa_ex_cook,52,500-999,8,5001.0,8
2017,msa_ex_cook,52,unknown,3765,0.0,0
2017,msa_ex_cook,53,1-9,4438,14419.0,2037
2017,msa_ex_cook,53,10-49,624,11596.0,489
2017,msa_ex_cook,53,100-249,31,3972.0,31
2017,msa_ex_cook,53,1000+,1,1000.0,1
2017,msa_ex_cook,53,250-499,6,1730.0,6
2017,msa_ex_cook,53,50-99,104,6578.0,96
2017,msa_ex_cook,53,unknown,373,0.0,0
2017,msa_ex_cook,54,1-9,13248,42532.0,5757
2017,msa_ex_cook,54,10-49,1654,28692.0,1422
2017,msa_ex_cook,54,100-249,92,12083.0,90
2017,msa_ex_cook,54,1000+,3,7751.0,3
2017,msa_ex_cook,54,250-499,26,8419.0,26
2017,msa_ex_cook,54,50-99,171,10566.0,153
2017,msa_ex_cook,54,500-999,10,5945.0,10
2017,msa_ex_cook,54,unknown,173,0.0,0
2017,msa_ex_cook,55,1-9,97,500.0,18
2017,msa_ex_cook,55,10-49,21,515.0,11
2017,msa_ex_cook,55,100-249,4,639.0,4
2017,msa_ex_cook,55,1000+,1,3000.0,1
2017,msa_ex_cook,55,250-499,1,250.0,1
2017,msa_ex_cook,55,50-99,11,625.0,6
2017,msa_ex_cook,55,unknown,2,0.0,0
2017,msa_ex_cook,56,1-9,4975,18020.0,2226
2017,msa_ex_cook,56,10-49,841,15119.0,663
2017,msa_ex_cook,56,100-249,62,8907.0,59
2017,msa_ex_cook,56,1000+,5,10401.0,5
2017,msa_ex_cook,56,250-499,17,5301.0,17
2017,msa_ex_cook,56,50-99,125,7488.0,92
2017,msa_ex_cook,56,500-999,5,2826.0,5
2017,msa_ex_cook,56,unknown,1,0.0,0
2017,msa_ex_cook,61,1-9,1398,5016.0,674
2017,msa_ex_cook,61,10-49,1246,27291.0,699
2017,msa_ex_cook,61,100-249,210,27296.0,191
2017,msa_ex_cook,61,1000+,9,19199.0,9
2017,msa_ex_cook,61,250-499,45,14196.0,45
2017,msa_ex_cook,61,50-99,727,48198.0,609
2017,msa_ex_cook,61,500-999,9,5220.0,9
2017,msa_ex_cook,61,unknown,3,0.0,0
2017,msa_ex_cook,62,1-9,26585,83172.0,3964
2017,msa_ex_cook,62,10-49,3027,52020.0,2055
2017,msa_ex_cook,62,100-249,193,26471.0,167
2017,msa_ex_cook,62,1000+,23,39517.0,23
2017,msa_ex_cook,62,250-499,25,7249.0,25
2017,msa_ex_cook,62,50-99,262,16511.0,216
2017,msa_ex_cook,62,500-999,20,13103.0,17
2017,msa_ex_cook,62,unknown,1,0.0,0
2017,msa_ex_cook,71,1-9,1702,5714.0,832
2017,msa_ex_cook,71,10-49,788,15186.0,435
2017,msa_ex_cook,71,100-249,56,7839.0,54
2017,msa_ex_cook,71,1000+,12,17356.0,5
2017,msa_ex_cook,71,250-499,6,1700.0,6
2017,msa_ex_cook,71,50-99,105,6247.0,96
2017,msa_ex_cook,71,500-999,5,2500.0,5
2017,msa_ex_cook,72,1-9,3926,20402.0,2094
2017,msa_ex_cook,72,10-49,3050,62324.0,2393
2017,msa_ex_cook,72,100-249,109,14732.0,96
2017,msa_ex_cook,72,1000+,1,3000.0,1
2017,msa_ex_cook,72,250-499,8,2593.0,8
2017,msa_ex_cook,72,50-99,397,24970.0,349
2017,msa_ex_cook,72,500-999,4,2000.0,4
2017,msa_ex_cook,72,unknown,3,0.0,0
2017,msa_ex_cook,81,1-9,12248,42267.0,7420
2017,msa_ex_cook,81,10-49,2149,33015.0,1995
2017,msa_ex_cook,81,100-249,53,7194.0,52
2017,msa_ex_cook,81,1000+,2,3000.0,2
2017,msa_ex_cook,81,250-499,9,3010.0,9
2017,msa_ex_cook,81,50-99,114,6772.0,110
2017,msa_ex_cook,81,500-999,2,1000.0,2
2017,msa_ex_cook,81,unknown,27,0.0,0
2017,msa_ex_cook,92,1-9,1345,6518.0,846
2017,msa_ex_cook,92,10-49,811,17863.0,600
2017,msa_ex_cook,92,100-249,86,11923.0,86
2017,msa_ex_cook,92,1000+,4,7500.0,4
2017,msa_ex_cook,92,250-499,20,6386.0,20
2017,msa_ex_cook,92,50-99,258,16134.0,220
2017,msa_ex_cook,92,500-999,8,5178.0,8
2017,msa_ex_cook,99,1-9,170,614.0,106
2017,msa_ex_cook,99,10-49,92,1289.0,41
2017,msa_ex_cook,99,100-249,2,350.0,2
2017,msa_ex_cook,99,1000+,1,3000.0,1
2017,msa_ex_cook,99,50-99,10,598.0,10
2017,msa_ex_cook,99,unknown,5326,0.0,0
2017,msa_ex_cook,,1-9,1,4.0,0
2018,chicago,11,1-9,26,70.0,7
2018,chicago,11,10-49,9,169.0,3
2018,chicago,11,100-249,1,100.0,1
2018,chicago,11,250-499,1,400.0,1
2018,chicago,21,1-9,13,51.0,5
2018,chicago,21,10-49,7,129.0,5
2018,chicago,22,1-9,10,45.0,6
2018,chicago,22,10-49,7,151.0,6
2018,chicago,22,100-249,1,180.0,0
2018,chicago,22,1000+,2,6000.0,2
2018,chicago,22,unknown,2,0.0,0
2018,chicago,23,1-9,2843,11090.0,1037
2018,chicago,23,10-49,509,8918.0,417
2018,chicago,23,100-249,30,4536.0,30
2018,chicago,23,1000+,4,4800.0,4
2018,chicago,23,250-499,16,5305.0,16
2018,chicago,23,50-99,72,4216.0,62
2018,chicago,23,500-999,1,700.0,1
2018,chicago,23,unknown,6,0.0,0
2018,chicago,31,1-9,304,1383.0,195
2018,chicago,31,10-49,212,5265.0,136
2018,chicago,31,100-249,21,2788.0,18
2018,chicago,31,1000+,3,3401.0,3
2018,chicago,31,250-499,10,3140.0,10
2018,chicago,31,50-99,30,1835.0,28
2018,chicago,31,500-999,17,10652.0,17
2018,chicago,31,unknown,1,0.0,0
2018,chicago,32,1-9,325,1398.0,229
2018,chicago,32,10-49,183,3652.0,153
2018,chicago,32,100-249,16,2220.0,10
2018,chicago,32,1000+,1,1700.0,1
2018,chicago,32,250-499,4,1369.0,4
2018,chicago,32,50-99,33,1977.0,28
2018,chicago,32,500-999,3,2125.0,3
2018,chicago,32,unknown,4,0.0,0
2018,chicago,33,1-9,708,3267.0,478
2018,chicago,33,10-49,455,9418.0,358
2018,chicago,33,100-249,55,7529.0,52
2018,chicago,33,1000+,6,10863.0,6
2018,chicago,33,250-499,7,2498.0,7
2018,chicago,33,50-99,95,5893.0,85
2018,chicago,33,500-999,10,6101.0,10
2018,chicago,33,unknown,6,0.0,0
2018,chicago,42,1-9,1109,5054.0,621
2018,chicago,42,10-49,407,7547.0,306
2018,chicago,42,100-249,34,4719.0,34
2018,chicago,42,1000+,3,4600.0,3
2018,chicago,42,250-499,12,4083.0,12
2018,chicago,42,50-99,72,4408.0,66
2018,chicago,42,500-999,3,1900.0,3
2018,chicago,42,unknown,11,0.0,0
2018,chicago,44,1-9,4919,17988.0,2845
2018,chicago,44,10-49,1034,19318.0,772
2018,chicago,44,100-249,108,15356.0,82
2018,chicago,44,1000+,2,11000.0,2
2018,chicago,44,250-499,28,8631.0,28
2018,chicago,44,50-99,137,8478.0,114
2018,chicago,44,500-999,3,1600.0,3
2018,chicago,44,unknown,119,0.0,0
2018,chicago,45,1-9,1966,6339.0,1056
2018,chicago,45,10-49,384,7353.0,282
2018,chicago,45,100-249,46,6681.0,37
2018,chicago,45,1000+,3,4201.0,3
2018,chicago,45,250-499,12,4010.0,11
2018,chicago,45,50-99,54,3459.0,44
2018,chicago,45,500-999,6,4020.0,6
2018,chicago,45,unknown,66,0.0,0
2018,chicago,48,1-9,764,2991.0,329
2018,chicago,48,10-49,261,4405.0,156
2018,chicago,48,100-249,35,5225.0,35
2018,chicago,48,1000+,5,12001.0,5
2018,chicago,48,250-499,10,3129.0,10
2018,chicago,48,50-99,58,3549.0,35
2018,chicago,48,500-999,6,3430.0,6
2018,chicago,48,unknown,3,0.0,0
2018,chicago,49,1-9,71,307.0,30
2018,chicago,49,10-49,21,450.0,17
2018,chicago,49,100-249,12,1366.0,12
2018,chicago,49,250-499,1,300.0,1
2018,chicago,49,50-99,14,878.0,14
2018,chicago,49,500-999,1,600.0,1
2018,chicago,51,1-9,1671,6824.0,779
2018,chicago,51,10-49,616,10841.0,306
2018,chicago,51,100-249,54,7135.0,48
2018,chicago,51,1000+,5,10592.0,5
2018,chicago,51,250-499,14,4019.0,14
2018,chicago,51,50-99,77,4823.0,71
2018,chicago,51,500-999,5,2900.0,5
2018,chicago,51,unknown,20,0.0,0
2018,chicago,52,1-9,4131,15684.0,1604
2018,chicago,52,10-49,988,17142.0,660
2018,chicago,52,100-249,85,12090.0,85
2018,chicago,52,1000+,14,36206.0,14
2018,chicago,52,250-499,16,5190.0,16
2018,chicago,52,50-99,149,9338.0,131
2018,chicago,52,500-999,13,8010.0,13
2018,chicago,52,unknown,1922,0.0,0
2018,chicago,53,1-9,3165,13453.0,1412
2018,chicago,53,10-49,603,10392.0,539
2018,chicago,53,100-249,41,6114.0,41
2018,chicago,53,250-499,17,5515.0,17
2018,chicago,53,50-99,65,3988.0,58
2018,chicago,53,500-999,7,3900.0,7
2018,chicago,53,unknown,14,0.0,0
2018,chicago,54,1-9,11989,37062.0,3996
2018,chicago,54,10-49,1787,32086.0,1521
2018,chicago,54,100-249,145,20168.0,131
2018,chicago,54,1000+,22,35491.0,22
2018,chicago,54,250-499,43,13129.0,43
2018,chicago,54,50-99,279,17643.0,258
2018,chicago,54,500-999,23,14001.0,23
2018,chicago,54,unknown,87,0.0,0
2018,chicago,55,1-9,95,277.0,12
2018,chicago,55,10-49,14,396.0,10
2018,chicago,55,100-249,2,295.0,2
2018,chicago,55,1000+,3,11000.0,3
2018,chicago,55,250-499,1,300.0,1
2018,chicago,55,50-99,2,110.0,2
2018,chicago,55,500-999,1,600.0,1
2018,chicago,55,unknown,2,0.0,0
2018,chicago,56,1-9,2144,7895.0,886
2018,chicago,56,10-49,431,7933.0,341
2018,chicago,56,100-249,34,4871.0,34
2018,chicago,56,1000+,6,11601.0,6
2018,chicago,56,250-499,10,3000.0,10
2018,chicago,56,50-99,50,2984.0,49
2018,chicago,56,500-999,4,2086.0,4
2018,chicago,56,unknown,38,0.0,0
2018,chicago,61,1-9,866,3470.0,390
2018,chicago,61,10-49,1042,20791.0,545
2018,chicago,61,100-249,165,21485.0,156
2018,chicago,61,1000+,6,57550.0,6
2018,chicago,61,250-499,15,4644.0,14
2018,chicago,61,50-99,375,25165.0,331
2018,chicago,61,500-999,16,9962.0,16
2018,chicago,61,unknown,2,0.0,0
2018,chicago,62,1-9,23826,72762.0,2441
2018,chicago,62,10-49,1572,28004.0,1102
2018,chicago,62,100-249,130,17333.0,112
2018,chicago,62,1000+,23,83707.0,23
2018,chicago,62,250-499,30,9640.0,29
2018,chicago,62,50-99,146,9529.0,142
2018,chicago,62,500-999,16,11013.0,16
2018,chicago,62,unknown,30,0.0,0
2018,chicago,71,1-9,1172,4772.0,499
2018,chicago,71,10-49,415,7195.0,231
2018,chicago,71,100-249,30,3868.0,23
2018,chicago,71,1000+,3,4000.0,3
2018,chicago,71,250-499,8,2671.0,8
2018,chicago,71,50-99,45,2893.0,42
2018,chicago,71,500-999,4,2558.0,4
2018,chicago,71,unknown,4,0.0,0
2018,chicago,72,1-9,5353,25556.0,2427
2018,chicago,72,10-49,2006,39279.0,1593
2018,chicago,72,100-249,143,19935.0,123
2018,chicago,72,1000+,6,9620.0,6
2018,chicago,72,250-499,25,8050.0,24
2018,chicago,72,50-99,256,16068.0,226
2018,chicago,72,500-999,8,5150.0,8
2018,chicago,72,unknown,16,0.0,0
2018,chicago,81,1-9,9024,32141.0,4952
2018,chicago,81,10-49,1064,18432.0,997
2018,chicago,81,100-249,58,7838.0,55
2018,chicago,81,1000+,2,2100.0,2
2018,chicago,81,250-499,16,5003.0,16
2018,chicago,81,50-99,97,5842.0,95
2018,chicago,81,500-999,3,1701.0,3
2018,chicago,81,unknown,10,0.0,0
2018,chicago,92,1-9,426,2441.0,220
2018,chicago,92,10-49,383,7141.0,211
2018,chicago,92,100-249,70,10540.0,70
2018,chicago,92,1000+,8,17877.0,8
2018,chicago,92,250-499,35,11074.0,35
2018,chicago,92,50-99,77,4643.0,54
2018,chicago,92,500-999,12,7735.0,12
2018,chicago,92,unknown,3,0.0,0
2018,chicago,99,1-9,101,248.0,100
2018,chicago,99,10-49,383,4081.0,37
2018,chicago,99,100-249,3,460.0,3
2018,chicago,99,1000+,1,1000.0,1
2018,chicago,99,50-99,10,618.0,10
2018,chicago,99,500-999,2,1100.0,2
2018,chicago,99,unknown,7486,0.0,0
2018,chicago,,1-9,13,56.0,13
2018,chicago,,10-49,97,1691.0,22
2018,chicago,,100-249,9,1290.0,9
2018,chicago,,1000+,3,8700.0,3
2018,chicago,,250-499,1,300.0,1
2018,chicago,,50-99,8,448.0,8
2018,cook_ex_chicago,11,1-9,44,149.0,13
2018,cook_ex_chicago,11,10-49,23,449.0,7
2018,cook_ex_chicago,11,100-249,2,200.0,1
2018,cook_ex_chicago,11,50-99,2,102.0,2
2018,cook_ex_chicago,21,1-9,35,173.0,13
2018,cook_ex_chicago,21,10-49,3,41.0,2
2018,cook_ex_chicago,21,100-249,2,220.0,2
2018,cook_ex_chicago,21,50-99,3,185.0,3
2018,cook_ex_chicago,21,unknown,1,0.0,0
2018,cook_ex_chicago,22,1-9,48,221.0,27
2018,cook_ex_chicago,22,10-49,17,387.0,16
2018,cook_ex_chicago,22,100-249,2,405.0,1
2018,cook_ex_chicago,22,50-99,5,256.0,5
2018,cook_ex_chicago,23,1-9,5251,20777.0,2069
2018,cook_ex_chicago,23,10-49,1017,17759.0,819
2018,cook_ex_chicago,23,100-249,39,5269.0,39
2018,cook_ex_chicago,23,1000+,1,6000.0,1
2018,cook_ex_chicago,23,250-499,7,2135.0,7
2018,cook_ex_chicago,23,50-99,116,6825.0,104
2018,cook_ex_chicago,23,500-999,3,1900.0,3
2018,cook_ex_chicago,23,unknown,5,0.0,0
2018,cook_ex_chicago,31,1-9,261,1309.0,131
2018,cook_ex_chicago,31,10-49,157,3639.0,88
2018,cook_ex_chicago,31,100-249,17,2120.0,17
2018,cook_ex_chicago,31,1000+,1,1200.0,1
2018,cook_ex_chicago,31,250-499,7,2203.0,7
2018,cook_ex_chicago,31,50-99,29,1831.0,26
2018,cook_ex_chicago,31,500-999,4,2700.0,4
2018,cook_ex_chicago,31,unknown,5,0.0,0
2018,cook_ex_chicago,32,1-9,521,2296.0,372
2018,cook_ex_chicago,32,10-49,309,6506.0,243
2018,cook_ex_chicago,32,100-249,66,8606.0,61
2018,cook_ex_chicago,32,1000+,1,1000.0,1
2018,cook_ex_chicago,32,250-499,11,3424.0,11
2018,cook_ex_chicago,32,50-99,75,4795.0,58
2018,cook_ex_chicago,32,500-999,1,600.0,1
2018,cook_ex_chicago,32,unknown,3,0.0,0
2018,cook_ex_chicago,33,1-9,1258,6044.0,863
2018,cook_ex_chicago,33,10-49,905,18663.0,691
2018,cook_ex_chicago,33,100-249,118,15591.0,107
2018,cook_ex_chicago,33,1000+,5,6701.0,5
2018,cook_ex_chicago,33,250-499,29,9105.0,29
2018,cook_ex_chicago,33,50-99,181,11459.0,171
2018,cook_ex_chicago,33,500-999,14,8103.0,14
2018,cook_ex_chicago,33,unknown,9,0.0,0
2018,cook_ex_chicago,42,1-9,2270,10640.0,1330
2018,cook_ex_chicago,42,10-49,890,15811.0,677
2018,cook_ex_chicago,42,100-249,80,10727.0,75
2018,cook_ex_chicago,42,1000+,7,15940.0,7
2018,cook_ex_chicago,42,250-499,29,9410.0,29
2018,cook_ex_chicago,42,50-99,135,7916.0,124
2018,cook_ex_chicago,42,500-999,10,6779.0,10
2018,cook_ex_chicago,42,unknown,17,0.0,0
2018,cook_ex_chicago,44,1-9,5560,22071.0,3070
2018,cook_ex_chicago,44,10-49,1660,31380.0,1235
2018,cook_ex_chicago,44,100-249,199,27619.0,154
2018,cook_ex_chicago,44,1000+,3,3500.0,3
2018,cook_ex_chicago,44,250-499,31,9032.0,28
2018,cook_ex_chicago,44,50-99,209,13067.0,178
2018,cook_ex_chicago,44,500-999,4,2770.0,4
2018,cook_ex_chicago,44,unknown,120,0.0,0
2018,cook_ex_chicago,45,1-9,2139,7236.0,1109
2018,cook_ex_chicago,45,10-49,598,11275.0,423
2018,cook_ex_chicago,45,100-249,83,12982.0,71
2018,cook_ex_chicago,45,1000+,2,7200.0,2
2018,cook_ex_chicago,45,250-499,41,13118.0,38
2018,cook_ex_chicago,45,50-99,73,4393.0,63
2018,cook_ex_chicago,45,500-999,2,1150.0,2
2018,cook_ex_chicago,45,unknown,111,0.0,0
2018,cook_ex_chicago,48,1-9,1683,6534.0,739
2018,cook_ex_chicago,48,10-49,406,7052.0,296
2018,cook_ex_chicago,48,100-249,44,6515.0,43
2018,cook_ex_chicago,48,1000+,1,1600.0,1
2018,cook_ex_chicago,48,250-499,13,4000.0,13
2018,cook_ex_chicago,48,50-99,77,4589.0,58
2018,cook_ex_chicago,48,500-999,2,1000.0,2
2018,cook_ex_chicago,48,unknown,1,0.0,0
2018,cook_ex_chicago,49,1-9,101,419.0,50
2018,cook_ex_chicago,49,10-49,44,1021.0,36
2018,cook_ex_chicago,49,100-249,15,2042.0,15
2018,cook_ex_chicago,49,250-499,2,600.0,2
2018,cook_ex_chicago,49,50-99,17,1220.0,17
2018,cook_ex_chicago,51,1-9,1317,5438.0,597
2018,cook_ex_chicago,51,10-49,495,8988.0,241
2018,cook_ex_chicago,51,100-249,27,3725.0,25
2018,cook_ex_chicago,51,1000+,1,5001.0,1
2018,cook_ex_chicago,51,250-499,4,1386.0,4
2018,cook_ex_chicago,51,50-99,54,3202.0,40
2018,cook_ex_chicago,51,500-999,6,3051.0,6
2018,cook_ex_chicago,51,unknown,4,0.0,0
2018,cook_ex_chicago,52,1-9,5214,18510.0,2240
2018,cook_ex_chicago,52,10-49,864,14495.0,604
2018,cook_ex_chicago,52,100-249,34,4942.0,34
2018,cook_ex_chicago,52,1000+,6,31001.0,6
2018,cook_ex_chicago,52,250-499,7,2060.0,7
2018,cook_ex_chicago,52,50-99,83,5135.0,78
2018,cook_ex_chicago,52,500-999,3,1500.0,3
2018,cook_ex_chicago,52,unknown,2346,0.0,0
2018,cook_ex_chicago,53,1-9,2911,11344.0,1252
2018,cook_ex_chicago,53,10-49,434,8190.0,347
2018,cook_ex_chicago,53,100-249,21,2401.0,21
2018,cook_ex_chicago,53,250-499,2,774.0,2
2018,cook_ex_chicago,53,50-99,71,4314.0,59
2018,cook_ex_chicago,53,500-999,2,1101.0,2
2018,cook_ex_chicago,53,unknown,6,0.0,0
2018,cook_ex_chicago,54,1-9,8033,27789.0,3577
2018,cook_ex_chicago,54,10-49,1082,17624.0,873
2018,cook_ex_chicago,54,100-249,65,8949.0,62
2018,cook_ex_chicago,54,1000+,4,13055.0,4
2018,cook_ex_chicago,54,250-499,15,4891.0,15
2018,cook_ex_chicago,54,50-99,122,7568.0,117
2018,cook_ex_chicago,54,500-999,8,5099.0,8
2018,cook_ex_chicago,54,unknown,115,0.0,0
2018,cook_ex_chicago,55,1-9,62,185.0,11
2018,cook_ex_chicago,55,10-49,17,468.0,10
2018,cook_ex_chicago,55,100-249,4,438.0,4
2018,cook_ex_chicago,55,250-499,1,450.0,1
2018,cook_ex_chicago,55,50-99,2,122.0,2
2018,cook_ex_chicago,55,unknown,2,0.0,0
2018,cook_ex_chicago,56,1-9,2723,10601.0,1176
2018,cook_ex_chicago,56,10-49,495,8814.0,416
2018,cook_ex_chicago,56,100-249,40,5000.0,36
2018,cook_ex_chicago,56,1000+,5,10800.0,5
2018,cook_ex_chicago,56,250-499,5,1500.0,5
2018,cook_ex_chicago,56,50-99,80,4664.0,77
2018,cook_ex_chicago,56,500-999,2,1175.0,2
2018,cook_ex_chicago,56,unknown,37,0.0,0
2018,cook_ex_chicago,61,1-9,888,3534.0,404
2018,cook_ex_chicago,61,10-49,1070,23090.0,553
2018,cook_ex_chicago,61,100-249,111,15478.0,108
2018,cook_ex_chicago,61,1000+,6,11100.0,6
2018,cook_ex_chicago,61,250-499,46,14508.0,46
2018,cook_ex_chicago,61,50-99,492,32833.0,432
2018,cook_ex_chicago,61,500-999,10,6201.0,10
2018,cook_ex_chicago,61,unknown,3,0.0,0
2018,cook_ex_chicago,62,1-9,24602,77243.0,2883
2018,cook_ex_chicago,62,10-49,2351,41175.0,1478
2018,cook_ex_chicago,62,100-249,167,22316.0,139
2018,cook_ex_chicago,62,1000+,21,53469.0,21
2018,cook_ex_chicago,62,250-499,34,10491.0,34
2018,cook_ex_chicago,62,50-99,178,10573.0,156
2018,cook_ex_chicago,62,500-999,14,10474.0,14
2018,cook_ex_chicago,62,unknown,20,0.0,0
2018,cook_ex_chicago,71,1-9,1078,4497.0,428
2018,cook_ex_chicago,71,10-49,468,8907.0,282
2018,cook_ex_chicago,71,100-249,56,7141.0,48
2018,cook_ex_chicago,71,250-499,6,1733.0,6
2018,cook_ex_chicago,71,50-99,87,5217.0,71
2018,cook_ex_chicago,71,500-999,7,4245.0,7
2018,cook_ex_chicago,71,unknown,2,0.0,0
2018,cook_ex_chicago,72,1-9,3756,18159.0,1872
2018,cook_ex_chicago,72,10-49,2195,44002.0,1687
2018,cook_ex_chicago,72,100-249,94,13251.0,75
2018,cook_ex_chicago,72,250-499,14,4574.0,14
2018,cook_ex_chicago,72,50-99,281,18050.0,245
2018,cook_ex_chicago,72,500-999,2,1330.0,2
2018,cook_ex_chicago,72,unknown,4,0.0,0
2018,cook_ex_chicago,81,1-9,9276,33536.0,5327
2018,cook_ex_chicago,81,10-49,1375,21781.0,1293
2018,cook_ex_chicago,81,100-249,44,5615.0,43
2018,cook_ex_chicago,81,1000+,1,1350.0,1
2018,cook_ex_chicago,81,250-499,11,3376.0,11
2018,cook_ex_chicago,81,50-99,92,5534.0,92
2018,cook_ex_chicago,81,500-999,5,2950.0,5
2018,cook_ex_chicago,81,unknown,32,0.0,0
2018,cook_ex_chicago,92,1-9,669,3636.0,415
2018,cook_ex_chicago,92,10-49,517,11435.0,374
2018,cook_ex_chicago,92,100-249,72,9783.0,72
2018,cook_ex_chicago,92,250-499,16,5675.0,16
2018,cook_ex_chicago,92,50-99,143,8631.0,121
2018,cook_ex_chicago,92,500-999,7,3815.0,7
2018,cook_ex_chicago,99,1-9,75,214.0,73
2018,cook_ex_chicago,99,10-49,270,2867.0,33
2018,cook_ex_chicago,99,100-249,5,681.0,5
2018,cook_ex_chicago,99,50-99,8,530.0,8
2018,cook_ex_chicago,99,unknown,4936,0.0,0
2018,cook_ex_chicago,,1-9,5,18.0,5
2018,cook_ex_chicago,,10-49,74,1194.0,9
2018,cook_ex_chicago,,100-249,1,100.0,1
2018,cook_ex_chicago,,50-99,3,230.0,3
2018,cook_ex_chicago,,500-999,1,500.0,1
2018,il_ex_msa,11,1-9,2252,5811.0,1391
2018,il_ex_msa,11,10-49,171,2785.0,149
2018,il_ex_msa,11,100-249,8,1100.0,8
2018,il_ex_msa,11,250-499,1,290.0,1
2018,il_ex_msa,11,50-99,16,933.0,16
2018,il_ex_msa,11,500-999,1,500.0,1
2018,il_ex_msa,21,1-9,211,907.0,124
2018,il_ex_msa,21,10-49,80,1392.0,53
2018,il_ex_msa,21,100-249,5,765.0,4
2018,il_ex_msa,21,250-499,3,1055.0,3
2018,il_ex_msa,21,50-99,4,240.0,4
2018,il_ex_msa,21,500-999,1,800.0,1
2018,il_ex_msa,21,unknown,2,0.0,0
2018,il_ex_msa,22,1-9,380,1351.0,309
2018,il_ex_msa,22,10-49,125,2528.0,72
2018,il_ex_msa,22,100-249,10,1437.0,8
2018,il_ex_msa,22,1000+,2,3932.0,2
2018,il_ex_msa,22,250-499,5,1510.0,5
2018,il_ex_msa,22,50-99,17,1018.0,17
2018,il_ex_msa,23,1-9,9680,31478.0,5196
2018,il_ex_msa,23,10-49,1444,24634.0,1222
2018,il_ex_msa,23,100-249,59,7470.0,59
2018,il_ex_msa,23,1000+,1,2000.0,1
2018,il_ex_msa,23,250-499,12,3912.0,12
2018,il_ex_msa,23,50-99,139,8300.0,136
2018,il_ex_msa,23,500-999,4,2270.0,4
2018,il_ex_msa,23,unknown,5,0.0,0
2018,il_ex_msa,31,1-9,558,2568.0,317
2018,il_ex_msa,31,10-49,213,3785.0,156
2018,il_ex_msa,31,100-249,28,4206.0,24
2018,il_ex_msa,31,1000+,4,9400.0,4
2018,il_ex_msa,31,250-499,10,3210.0,10
2018,il_ex_msa,31,50-99,41,2753.0,37
2018,il_ex_msa,31,500-999,4,2400.0,4
2018,il_ex_msa,32,1-9,813,3273.0,612
2018,il_ex_msa,32,10-49,348,7237.0,294
2018,il_ex_msa,32,100-249,54,7468.0,49
2018,il_ex_msa,32,1000+,3,3000.0,3
2018,il_ex_msa,32,250-499,14,4573.0,14
2018,il_ex_msa,32,50-99,96,6306.0,80
2018,il_ex_msa,32,500-999,8,5650.0,8
2018,il_ex_msa,32,unknown,3,0.0,0
2018,il_ex_msa,33,1-9,1783,7319.0,1294
2018,il_ex_msa,33,10-49,888,17721.0,715
2018,il_ex_msa,33,100-249,154,21449.0,142
2018,il_ex_msa,33,1000+,5,10801.0,5
2018,il_ex_msa,33,250-499,44,14339.0,44
2018,il_ex_msa,33,50-99,190,12525.0,178
2018,il_ex_msa,33,500-999,21,13700.0,21
2018,il_ex_msa,33,unknown,7,0.0,0
2018,il_ex_msa,42,1-9,3479,14263.0,2459
2018,il_ex_msa,42,10-49,1404,26086.0,1134
2018,il_ex_msa,42,100-249,98,12894.0,91
2018,il_ex_msa,42,1000+,1,1600.0,1
2018,il_ex_msa,42,250-499,26,8322.0,26
2018,il_ex_msa,42,50-99,156,10032.0,150
2018,il_ex_msa,42,500-999,21,13453.0,16
2018,il_ex_msa,42,unknown,12,0.0,0
2018,il_ex_msa,44,1-9,10095,41711.0,6847
2018,il_ex_msa,44,10-49,3278,56097.0,2676
2018,il_ex_msa,44,100-249,220,30336.0,171
2018,il_ex_msa,44,1000+,4,6000.0,4
2018,il_ex_msa,44,250-499,28,8266.0,24
2018,il_ex_msa,44,50-99,295,19123.0,263
2018,il_ex_msa,44,500-999,5,3880.0,5
2018,il_ex_msa,44,unknown,117,0.0,0
2018,il_ex_msa,45,1-9,4712,15978.0,3094
2018,il_ex_msa,45,10-49,737,13798.0,594
2018,il_ex_msa,45,100-249,121,17759.0,108
2018,il_ex_msa,45,250-499,56,18796.0,48
2018,il_ex_msa,45,50-99,103,6783.0,89
2018,il_ex_msa,45,500-999,5,2849.0,5
2018,il_ex_msa,45,unknown,150,0.0,0
2018,il_ex_msa,48,1-9,1917,6929.0,1175
2018,il_ex_msa,48,10-49,663,12561.0,501
2018,il_ex_msa,48,100-249,57,7927.0,54
2018,il_ex_msa,48,250-499,12,3558.0,12
2018,il_ex_msa,48,50-99,110,7087.0,90
2018,il_ex_msa,48,500-999,4,2500.0,4
2018,il_ex_msa,48,unknown,8,0.0,0
2018,il_ex_msa,49,1-9,1260,4652.0,1076
2018,il_ex_msa,49,10-49,251,4598.0,242
2018,il_ex_msa,49,100-249,16,2306.0,16
2018,il_ex_msa,49,250-499,2,650.0,2
2018,il_ex_msa,49,50-99,24,1523.0,23
2018,il_ex_msa,49,500-999,2,1350.0,2
2018,il_ex_msa,49,unknown,1,0.0,0
2018,il_ex_msa,51,1-9,2225,9190.0,1309
2018,il_ex_msa,51,10-49,644,11976.0,460
2018,il_ex_msa,51,100-249,40,5375.0,36
2018,il_ex_msa,51,1000+,2,8000.0,2
2018,il_ex_msa,51,250-499,10,3107.0,10
2018,il_ex_msa,51,50-99,127,7775.0,94
2018,il_ex_msa,51,500-999,4,2303.0,4
2018,il_ex_msa,51,unknown,6,0.0,0
2018,il_ex_msa,52,1-9,9262,29760.0,4966
2018,il_ex_msa,52,10-49,1258,21317.0,1044
2018,il_ex_msa,52,100-249,33,4598.0,33
2018,il_ex_msa,52,1000+,11,43704.0,11
2018,il_ex_msa,52,250-499,10,3361.0,10
2018,il_ex_msa,52,50-99,130,7868.0,111
2018,il_ex_msa,52,500-999,8,5018.0,8
2018,il_ex_msa,52,unknown,6293,0.0,0
2018,il_ex_msa,53,1-9,5288,15848.0,3022
2018,il_ex_msa,53,10-49,579,9785.0,487
2018,il_ex_msa,53,100-249,27,3509.0,27
2018,il_ex_msa,53,250-499,1,250.0,1
2018,il_ex_msa,53,50-99,44,2649.0,36
2018,il_ex_msa,53,unknown,4,0.0,0
2018,il_ex_msa,54,1-9,10675,33536.0,4735
2018,il_ex_msa,54,10-49,1411,23889.0,1182
2018,il_ex_msa,54,100-249,56,7548.0,52
2018,il_ex_msa,54,1000+,3,6900.0,3
2018,il_ex_msa,54,250-499,14,4394.0,14
2018,il_ex_msa,54,50-99,122,7819.0,117
2018,il_ex_msa,54,500-999,2,1100.0,2
2018,il_ex_msa,54,unknown,170,0.0,0
2018,il_ex_msa,55,1-9,88,343.0,37
2018,il_ex_msa,55,10-49,84,2070.0,64
2018,il_ex_msa,55,100-249,3,402.0,3
2018,il_ex_msa,55,250-499,1,350.0,1
2018,il_ex_msa,55,50-99,16,983.0,15
2018,il_ex_msa,55,unknown,20,0.0,0
2018,il_ex_msa,56,1-9,4219,13459.0,2192
2018,il_ex_msa,56,10-49,653,11595.0,488
2018,il_ex_msa,56,100-249,30,4374.0,25
2018,il_ex_msa,56,1000+,1,1200.0,1
2018,il_ex_msa,56,250-499,9,3000.0,9
2018,il_ex_msa,56,50-99,60,3557.0,50
2018,il_ex_msa,56,500-999,1,950.0,1
2018,il_ex_msa,56,unknown,53,0.0,0
2018,il_ex_msa,61,1-9,1322,5079.0,822
2018,il_ex_msa,61,10-49,2022,50395.0,1459
2018,il_ex_msa,61,100-249,187,26395.0,187
2018,il_ex_msa,61,1000+,5,19407.0,5
2018,il_ex_msa,61,250-499,27,8094.0,26
2018,il_ex_msa,61,50-99,897,57524.0,749
2018,il_ex_msa,61,500-999,10,5711.0,10
2018,il_ex_msa,61,unknown,1,0.0,0
2018,il_ex_msa,62,1-9,29687,89141.0,4434
2018,il_ex_msa,62,10-49,4053,74282.0,2649
2018,il_ex_msa,62,100-249,405,56107.0,377
2018,il_ex_msa,62,1000+,39,93538.0,38
2018,il_ex_msa,62,250-499,59,19848.0,55
2018,il_ex_msa,62,50-99,537,34986.0,466
2018,il_ex_msa,62,500-999,37,24715.0,36
2018,il_ex_msa,62,unknown,14,0.0,0
2018,il_ex_msa,71,1-9,2418,8302.0,1370
2018,il_ex_msa,71,10-49,926,17011.0,536
2018,il_ex_msa,71,100-249,41,5664.0,41
2018,il_ex_msa,71,1000+,13,14200.0,2
2018,il_ex_msa,71,250-499,8,2565.0,8
2018,il_ex_msa,71,50-99,70,4194.0,69
2018,il_ex_msa,71,500-999,3,1750.0,3
2018,il_ex_msa,71,unknown,1,0.0,0
2018,il_ex_msa,72,1-9,5755,27249.0,3731
2018,il_ex_msa,72,10-49,4279,83768.0,3369
2018,il_ex_msa,72,100-249,122,15237.0,109
2018,il_ex_msa,72,250-499,6,1745.0,6
2018,il_ex_msa,72,50-99,501,31629.0,456
2018,il_ex_msa,72,500-999,1,600.0,1
2018,il_ex_msa,72,unknown,3,0.0,0
2018,il_ex_msa,81,1-9,21046,61164.0,14530
2018,il_ex_msa,81,10-49,1871,30253.0,1556
2018,il_ex_msa,81,100-249,57,7887.0,57
2018,il_ex_msa,81,1000+,2,4200.0,2
2018,il_ex_msa,81,250-499,13,4085.0,13
2018,il_ex_msa,81,50-99,133,8204.0,127
2018,il_ex_msa,81,500-999,2,1201.0,2
2018,il_ex_msa,81,unknown,39,0.0,0
2018,il_ex_msa,92,1-9,6125,23292.0,4229
2018,il_ex_msa,92,10-49,2476,49201.0,1806
2018,il_ex_msa,92,100-249,93,13961.0,93
2018,il_ex_msa,92,1000+,10,26080.0,10
2018,il_ex_msa,92,250-499,46,15149.0,45
2018,il_ex_msa,92,50-99,248,15685.0,247
2018,il_ex_msa,92,500-999,11,6929.0,11
2018,il_ex_msa,92,unknown,3,0.0,0
2018,il_ex_msa,99,1-9,358,1602.0,98
2018,il_ex_msa,99,10-49,42,708.0,22
2018,il_ex_msa,99,100-249,3,521.0,3
2018,il_ex_msa,99,50-99,6,317.0,6
2018,il_ex_msa,99,500-999,1,500.0,1
2018,il_ex_msa,99,unknown,4431,0.0,0
2018,il_ex_msa,,1-9,87,402.0,81
2018,il_ex_msa,,10-49,220,3775.0,78
2018,il_ex_msa,,100-249,10,1330.0,10
2018,il_ex_msa,,1000+,4,15400.0,4
2018,il_ex_msa,,250-499,4,1300.0,4
2018,il_ex_msa,,50-99,13,804.0,13
2018,il_ex_msa,,unknown,38,0.0,0
2018,msa_ex_cook,11,1-9,306,964.0,143
2018,msa_ex_cook,11,10-49,36,656.0,31
2018,msa_ex_cook,11,100-249,3,522.0,3
2018,msa_ex_cook,11,250-499,1,250.0,1
2018,msa_ex_cook,11,50-99,5,290.0,5
2018,msa_ex_cook,21,1-9,64,302.0,22
2018,msa_ex_cook,21,10-49,24,416.0,14
2018,msa_ex_cook,21,50-99,1,65.0,1
2018,msa_ex_cook,21,500-999,1,800.0,1
2018,msa_ex_cook,21,unknown,1,0.0,0
2018,msa_ex_cook,22,1-9,87,392.0,42
2018,msa_ex_cook,22,10-49,46,818.0,36
2018,msa_ex_cook,22,100-249,4,575.0,3
2018,msa_ex_cook,22,1000+,1,3000.0,1
2018,msa_ex_cook,22,250-499,2,600.0,2
2018,msa_ex_cook,22,50-99,4,245.0,4
2018,msa_ex_cook,22,500-999,1,700.0,1
2018,msa_ex_cook,22,unknown,1,0.0,0
2018,msa_ex_cook,23,1-9,9353,32476.0,4081
2018,msa_ex_cook,23,10-49,1699,28512.0,1316
2018,msa_ex_cook,23,100-249,57,7821.0,57
2018,msa_ex_cook,23,1000+,3,4200.0,3
2018,msa_ex_cook,23,250-499,13,4130.0,13
2018,msa_ex_cook,23,50-99,125,7526.0,119
2018,msa_ex_cook,23,500-999,2,1100.0,2
2018,msa_ex_cook,23,unknown,5,0.0,0
2018,msa_ex_cook,31,1-9,402,1861.0,198
2018,msa_ex_cook,31,10-49,182,3260.0,118
2018,msa_ex_cook,31,100-249,27,4032.0,27
2018,msa_ex_cook,31,1000+,3,7200.0,3
2018,msa_ex_cook,31,250-499,7,2640.0,7
2018,msa_ex_cook,31,50-99,33,2022.0,27
2018,msa_ex_cook,31,500-999,2,1100.0,2
2018,msa_ex_cook,31,unknown,2,0.0,0
2018,msa_ex_cook,32,1-9,813,3511.0,559
2018,msa_ex_cook,32,10-49,479,10195.0,358
2018,msa_ex_cook,32,100-249,106,14448.0,89
2018,msa_ex_cook,32,1000+,4,4401.0,4
2018,msa_ex_cook,32,250-499,22,6946.0,22
2018,msa_ex_cook,32,50-99,135,8537.0,100
2018,msa_ex_cook,32,500-999,8,4630.0,8
2018,msa_ex_cook,32,unknown,6,0.0,0
2018,msa_ex_cook,33,1-9,1857,8061.0,1308
2018,msa_ex_cook,33,10-49,1484,29029.0,1049
2018,msa_ex_cook,33,100-249,204,27649.0,188
2018,msa_ex_cook,33,1000+,10,34003.0,10
2018,msa_ex_cook,33,250-499,45,14746.0,45
2018,msa_ex_cook,33,50-99,259,16565.0,236
2018,msa_ex_cook,33,500-999,17,11332.0,17
2018,msa_ex_cook,33,unknown,17,0.0,0
2018,msa_ex_cook,42,1-9,3380,15262.0,2103
2018,msa_ex_cook,42,10-49,1542,28353.0,1121
2018,msa_ex_cook,42,100-249,120,16968.0,114
2018,msa_ex_cook,42,1000+,13,32400.0,13
2018,msa_ex_cook,42,250-499,36,11761.0,36
2018,msa_ex_cook,42,50-99,192,12205.0,181
2018,msa_ex_cook,42,500-999,13,9399.0,13
2018,msa_ex_cook,42,unknown,16,0.0,0
2018,msa_ex_cook,44,1-9,7530,30388.0,4228
2018,msa_ex_cook,44,10-49,2557,45944.0,1839
2018,msa_ex_cook,44,100-249,253,35980.0,199
2018,msa_ex_cook,44,1000+,3,9900.0,3
2018,msa_ex_cook,44,250-499,52,15707.0,43
2018,msa_ex_cook,44,50-99,266,16492.0,219
2018,msa_ex_cook,44,500-999,11,6601.0,11
2018,msa_ex_cook,44,unknown,134,0.0,0
2018,msa_ex_cook,45,1-9,3402,11266.0,1832
2018,msa_ex_cook,45,10-49,808,15594.0,612
2018,msa_ex_cook,45,100-249,118,18536.0,103
2018,msa_ex_cook,45,1000+,3,12001.0,3
2018,msa_ex_cook,45,250-499,35,11289.0,30
2018,msa_ex_cook,45,50-99,111,6926.0,97
2018,msa_ex_cook,45,500-999,4,2200.0,4
2018,msa_ex_cook,45,unknown,165,0.0,0
2018,msa_ex_cook,48,1-9,2013,7604.0,1003
2018,msa_ex_cook,48,10-49,517,9574.0,385
2018,msa_ex_cook,48,100-249,63,9203.0,63
2018,msa_ex_cook,48,1000+,2,2100.0,2
2018,msa_ex_cook,48,250-499,12,3826.0,12
2018,msa_ex_cook,48,50-99,84,5152.0,77
2018,msa_ex_cook,48,500-999,3,1900.0,3
2018,msa_ex_cook,48,unknown,5,0.0,0
2018,msa_ex_cook,49,1-9,187,656.0,117
2018,msa_ex_cook,49,10-49,114,2478.0,82
2018,msa_ex_cook,49,100-249,13,1915.0,13
2018,msa_ex_cook,49,250-499,1,350.0,1
2018,msa_ex_cook,49,50-99,18,1194.0,18
2018,msa_ex_cook,51,1-9,1843,7588.0,837
2018,msa_ex_cook,51,10-49,610,11184.0,369
2018,msa_ex_cook,51,100-249,35,5034.0,33
2018,msa_ex_cook,51,1000+,1,1150.0,1
2018,msa_ex_cook,51,250-499,11,3230.0,11
2018,msa_ex_cook,51,50-99,85,5167.0,73
2018,msa_ex_cook,51,500-999,5,3405.0,5
2018,msa_ex_cook,51,unknown,7,0.0,0
2018,msa_ex_cook,52,1-9,7043,23101.0,3053
2018,msa_ex_cook,52,10-49,1214,19706.0,829
2018,msa_ex_cook,52,100-249,60,8223.0,56
2018,msa_ex_cook,52,1000+,6,9701.0,6
2018,msa_ex_cook,52,250-499,6,1800.0,6
2018,msa_ex_cook,52,50-99,102,6658.0,82
2018,msa_ex_cook,52,500-999,7,4101.0,7
2018,msa_ex_cook,52,unknown,3401,0.0,0
2018,msa_ex_cook,53,1-9,4049,13156.0,1924
2018,msa_ex_cook,53,10-49,597,11084.0,472
2018,msa_ex_cook,53,100-249,31,4242.0,31
2018,msa_ex_cook,53,1000+,2,3000.0,2
2018,msa_ex_cook,53,250-499,6,1700.0,6
2018,msa_ex_cook,53,50-99,94,5919.0,82
2018,msa_ex_cook,53,500-999,1,690.0,1
2018,msa_ex_cook,53,unknown,14,0.0,0
2018,msa_ex_cook,54,1-9,12241,39818.0,5339
2018,msa_ex_cook,54,10-49,1582,27288.0,1378
2018,msa_ex_cook,54,100-249,87,11883.0,85
2018,msa_ex_cook,54,1000+,3,7751.0,3
2018,msa_ex_cook,54,250-499,19,6141.0,19
2018,msa_ex_cook,54,50-99,156,9548.0,145
2018,msa_ex_cook,54,500-999,6,3345.0,6
2018,msa_ex_cook,54,unknown,140,0.0,0
2018,msa_ex_cook,55,1-9,116,605.0,15
2018,msa_ex_cook,55,10-49,18,454.0,11
2018,msa_ex_cook,55,100-249,3,469.0,3
2018,msa_ex_cook,55,1000+,1,3000.0,1
2018,msa_ex_cook,55,250-499,1,250.0,1
2018,msa_ex_cook,55,50-99,7,405.0,5
2018,msa_ex_cook,55,unknown,3,0.0,0
2018,msa_ex_cook,56,1-9,4735,17233.0,2103
2018,msa_ex_cook,56,10-49,804,14476.0,647
2018,msa_ex_cook,56,100-249,61,8826.0,58
2018,msa_ex_cook,56,1000+,3,7400.0,3
2018,msa_ex_cook,56,250-499,19,5819.0,19
2018,msa_ex_cook,56,50-99,101,6118.0,87
2018,msa_ex_cook,56,500-999,5,2826.0,5
2018,msa_ex_cook,56,unknown,46,0.0,0
2018,msa_ex_cook,61,1-9,1329,4774.0,645
2018,msa_ex_cook,61,10-49,1244,28089.0,691
2018,msa_ex_cook,61,100-249,212,27368.0,179
2018,msa_ex_cook,61,1000+,8,16199.0,8
2018,msa_ex_cook,61,250-499,41,13146.0,41
2018,msa_ex_cook,61,50-99,699,46329.0,587
2018,msa_ex_cook,61,500-999,6,4014.0,6
2018,msa_ex_cook,61,unknown,4,0.0,0
2018,msa_ex_cook,62,1-9,28372,87715.0,3894
2018,msa_ex_cook,62,10-49,3536,60134.0,2004
2018,msa_ex_cook,62,100-249,191,26311.0,164
2018,msa_ex_cook,62,1000+,22,39817.0,22
2018,msa_ex_cook,62,250-499,26,7709.0,26
2018,msa_ex_cook,62,50-99,285,17971.0,225
2018,msa_ex_cook,62,500-999,25,15315.0,16
2018,msa_ex_cook,62,unknown,22,0.0,0
2018,msa_ex_cook,71,1-9,1739,5982.0,815
2018,msa_ex_cook,71,10-49,869,16622.0,420
2018,msa_ex_cook,71,100-249,53,7224.0,50
2018,msa_ex_cook,71,1000+,13,17800.0,4
2018,msa_ex_cook,71,250-499,6,1880.0,5
2018,msa_ex_cook,71,50-99,111,6582.0,101
2018,msa_ex_cook,71,500-999,5,2700.0,5
2018,msa_ex_cook,71,unknown,1,0.0,0
2018,msa_ex_cook,72,1-9,4119,21542.0,2111
2018,msa_ex_cook,72,10-49,3022,61642.0,2367
2018,msa_ex_cook,72,100-249,106,14244.0,93
2018,msa_ex_cook,72,250-499,9,2793.0,9
2018,msa_ex_cook,72,50-99,394,24872.0,347
2018,msa_ex_cook,72,500-999,2,1000.0,2
2018,msa_ex_cook,72,unknown,2,0.0,0
2018,msa_ex_cook,81,1-9,12252,42614.0,7068
2018,msa_ex_cook,81,10-49,2193,33672.0,2007
2018,msa_ex_cook,81,100-249,45,6213.0,44
2018,msa_ex_cook,81,1000+,2,3000.0,2
2018,msa_ex_cook,81,250-499,9,2960.0,9
2018,msa_ex_cook,81,50-99,115,6802.0,112
2018,msa_ex_cook,81,500-999,2,1000.0,2
2018,msa_ex_cook,81,unknown,23,0.0,0
2018,msa_ex_cook,92,1-9,1309,6430.0,798
2018,msa_ex_cook,92,10-49,793,17499.0,580
2018,msa_ex_cook,92,100-249,83,11553.0,83
2018,msa_ex_cook,92,1000+,4,7500.0,4
2018,msa_ex_cook,92,250-499,19,6369.0,19
2018,msa_ex_cook,92,50-99,253,15760.0,214
2018,msa_ex_cook,92,500-999,7,4278.0,7
2018,msa_ex_cook,99,1-9,270,1110.0,116
2018,msa_ex_cook,99,10-49,205,2797.0,54
2018,msa_ex_cook,99,100-249,3,384.0,3
2018,msa_ex_cook,99,1000+,1,3000.0,1
2018,msa_ex_cook,99,50-99,11,633.0,11
2018,msa_ex_cook,99,unknown,6837,0.0,0
2018,msa_ex_cook,,1-9,19,62.0,9
2018,msa_ex_cook,,10-49,56,962.0,8
2018,msa_ex_cook,,unknown,4,0.0,0
2019,chicago,11,1-9,47,132.0,10
2019,chicago,11,10-49,13,269.0,3
2019,chicago,11,100-249,2,201.0,2
2019,chicago,11,250-499,1,400.0,1
2019,chicago,21,1-9,15,60.0,5
2019,chicago,21,10-49,7,129.0,5
2019,chicago,21,100-249,1,200.0,1
2019,chicago,22,1-9,8,38.0,4
2019,chicago,22,10-49,6,151.0,4
2019,chicago,22,1000+,2,6000.0,2
2019,chicago,22,unknown,2,0.0,0
2019,chicago,23,1-9,3101,12091.0,989
2019,chicago,23,10-49,512,8788.0,397
2019,chicago,23,100-249,29,4458.0,29
2019,chicago,23,1000+,4,4800.0,4
2019,chicago,23,250-499,14,4505.0,14
2019,chicago,23,50-99,67,3886.0,55
2019,chicago,23,500-999,1,700.0,1
2019,chicago,23,unknown,5,0.0,0
2019,chicago,31,1-9,361,1634.0,224
2019,chicago,31,10-49,222,5445.0,137
2019,chicago,31,100-249,19,2548.0,16
2019,chicago,31,1000+,2,2400.0,2
2019,chicago,31,250-499,10,3240.0,10
2019,chicago,31,50-99,30,1810.0,27
2019,chicago,31,500-999,15,9252.0,15
2019,chicago,32,1-9,343,1424.0,237
2019,chicago,32,10-49,199,3967.0,151
2019,chicago,32,100-249,18,2512.0,11
2019,chicago,32,1000+,1,1700.0,1
2019,chicago,32,250-499,5,1670.0,5
2019,chicago,32,50-99,30,1807.0,26
2019,chicago,32,500-999,3,2125.0,3
2019,chicago,32,unknown,3,0.0,0
2019,chicago,33,1-9,750,3450.0,482
2019,chicago,33,10-49,464,9400.0,348
2019,chicago,33,100-249,55,7363.0,49
2019,chicago,33,1000+,6,10863.0,6
2019,chicago,33,250-499,6,2198.0,6
2019,chicago,33,50-99,90,5493.0,80
2019,chicago,33,500-999,9,5801.0,9
2019,chicago,33,unknown,3,0.0,0
2019,chicago,42,1-9,1248,5809.0,636
2019,chicago,42,10-49,434,8049.0,300
2019,chicago,42,100-249,34,4615.0,34
2019,chicago,42,1000+,3,4600.0,3
2019,chicago,42,250-499,15,5163.0,15
2019,chicago,42,50-99,73,4500.0,63
2019,chicago,42,500-999,5,3100.0,5
2019,chicago,42,unknown,5,0.0,0
2019,chicago,44,1-9,5552,20010.0,3035
2019,chicago,44,10-49,1054,19702.0,774
2019,chicago,44,100-249,108,16042.0,81
2019,chicago,44,1000+,2,11000.0,2
2019,chicago,44,250-499,27,8231.0,27
2019,chicago,44,50-99,131,8092.0,112
2019,chicago,44,500-999,2,1000.0,2
2019,chicago,44,unknown,116,0.0,0
2019,chicago,45,1-9,2285,7326.0,1134
2019,chicago,45,10-49,384,7329.0,272
2019,chicago,45,100-249,44,6311.0,36
2019,chicago,45,1000+,1,1500.0,1
2019,chicago,45,250-499,12,4095.0,10
2019,chicago,45,50-99,53,3386.0,43
2019,chicago,45,500-999,4,2820.0,4
2019,chicago,45,unknown,64,0.0,0
2019,chicago,48,1-9,905,3643.0,338
2019,chicago,48,10-49,270,4363.0,155
2019,chicago,48,100-249,26,3555.0,26
2019,chicago,48,1000+,8,17001.0,8
2019,chicago,48,250-499,9,2879.0,9
2019,chicago,48,50-99,58,3585.0,37
2019,chicago,48,500-999,8,4730.0,8
2019,chicago,48,unknown,1,0.0,0
2019,chicago,49,1-9,70,327.0,25
2019,chicago,49,10-49,17,377.0,15
2019,chicago,49,100-249,12,1326.0,12
2019,chicago,49,250-499,1,300.0,1
2019,chicago,49,50-99,13,822.0,13
2019,chicago,49,500-999,1,600.0,1
2019,chicago,51,1-9,1762,7182.0,754
2019,chicago,51,10-49,630,11073.0,294
2019,chicago,51,100-249,58,7783.0,52
2019,chicago,51,1000+,5,10592.0,5
2019,chicago,51,250-499,13,3819.0,13
2019,chicago,51,50-99,81,5079.0,71
2019,chicago,51,500-999,5,2950.0,5
2019,chicago,51,unknown,8,0.0,0
2019,chicago,52,1-9,4411,16602.0,1609
2019,chicago,52,10-49,1032,17858.0,666
2019,chicago,52,100-249,87,12669.0,85
2019,chicago,52,1000+,14,36306.0,14
2019,chicago,52,250-499,17,5440.0,17
2019,chicago,52,50-99,146,9136.0,129
2019,chicago,52,500-999,13,8310.0,13
2019,chicago,52,unknown,1829,0.0,0
2019,chicago,53,1-9,4104,18056.0,1583
2019,chicago,53,10-49,636,10708.0,557
2019,chicago,53,100-249,29,4442.0,29
2019,chicago,53,250-499,16,5415.0,16
2019,chicago,53,50-99,63,3922.0,58
2019,chicago,53,500-999,8,4500.0,8
2019,chicago,53,unknown,168,0.0,0
2019,chicago,54,1-9,12096,38357.0,3906
2019,chicago,54,10-49,1798,32176.0,1491
2019,chicago,54,100-249,151,21268.0,136
2019,chicago,54,1000+,22,40791.0,22
2019,chicago,54,250-499,44,13824.0,44
2019,chicago,54,50-99,287,18131.0,256
2019,chicago,54,500-999,21,12901.0,21
2019,chicago,54,unknown,71,0.0,0
2019,chicago,55,1-9,151,444.0,12
2019,chicago,55,10-49,11,306.0,7
2019,chicago,55,100-249,2,295.0,2
2019,chicago,55,1000+,3,11000.0,3
2019,chicago,55,50-99,2,110.0,2
2019,chicago,55,500-999,1,600.0,1
2019,chicago,55,unknown,2,0.0,0
2019,chicago,56,1-9,2330,8570.0,889
2019,chicago,56,10-49,419,7735.0,323
2019,chicago,56,100-249,36,5291.0,36
2019,chicago,56,1000+,5,10600.0,5
2019,chicago,56,250-499,8,2400.0,8
2019,chicago,56,50-99,54,3199.0,52
2019,chicago,56,500-999,3,1536.0,3
2019,chicago,56,unknown,79,0.0,0
2019,chicago,61,1-9,905,3713.0,381
2019,chicago,61,10-49,982,19467.0,508
2019,chicago,61,100-249,166,21618.0,156
2019,chicago,61,1000+,3,32516.0,3
2019,chicago,61,250-499,13,4134.0,13
2019,chicago,61,50-99,370,24841.0,328
2019,chicago,61,500-999,13,8362.0,13
2019,chicago,61,unknown,1,0.0,0
2019,chicago,62,1-9,24517,75538.0,2401
2019,chicago,62,10-49,1602,28804.0,1107
2019,chicago,62,100-249,131,17370.0,107
2019,chicago,62,1000+,25,89707.0,25
2019,chicago,62,250-499,31,10190.0,29
2019,chicago,62,50-99,149,9628.0,146
2019,chicago,62,500-999,14,9913.0,14
2019,chicago,62,unknown,27,0.0,0
2019,chicago,71,1-9,1256,5043.0,483
2019,chicago,71,10-49,435,7606.0,235
2019,chicago,71,100-249,25,3385.0,21
2019,chicago,71,1000+,3,4000.0,3
2019,chicago,71,250-499,6,1878.0,6
2019,chicago,71,50-99,43,2734.0,40
2019,chicago,71,500-999,3,1700.0,3
2019,chicago,71,unknown,2,0.0,0
2019,chicago,72,1-9,5551,26722.0,2446
2019,chicago,72,10-49,2070,39978.0,1628
2019,chicago,72,100-249,136,18955.0,122
2019,chicago,72,1000+,5,7700.0,5
2019,chicago,72,250-499,25,8050.0,24
2019,chicago,72,50-99,258,16261.0,235
2019,chicago,72,500-999,9,5650.0,9
2019,chicago,72,unknown,7,0.0,0
2019,chicago,81,1-9,9949,35764.0,5137
2019,chicago,81,10-49,1117,19118.0,1034
2019,chicago,81,100-249,60,8183.0,55
2019,chicago,81,1000+,3,3100.0,3
2019,chicago,81,250-499,13,3953.0,13
2019,chicago,81,50-99,111,6673.0,109
2019,chicago,81,500-999,4,2201.0,4
2019,chicago,81,unknown,5,0.0,0
2019,chicago,92,1-9,382,2175.0,186
2019,chicago,92,10-49,358,6655.0,186
2019,chicago,92,100-249,57,8627.0,57
2019,chicago,92,1000+,8,17877.0,8
2019,chicago,92,250-499,33,10217.0,33
2019,chicago,92,50-99,73,4306.0,50
2019,chicago,92,500-999,10,6300.0,10
2019,chicago,92,unknown,1,0.0,0
2019,chicago,99,1-9,97,268.0,96
2019,chicago,99,10-49,714,7387.0,36
2019,chicago,99,100-249,2,360.0,2
2019,chicago,99,250-499,1,300.0,1
2019,chicago,99,50-99,7,431.0,7
2019,chicago,99,500-999,2,1100.0,2
2019,chicago,99,unknown,8156,0.0,0
2019,chicago,,1-9,9,45.0,7
2019,chicago,,10-49,62,1067.0,15
2019,chicago,,100-249,11,1365.0,6
2019,chicago,,1000+,2,9734.0,2
2019,chicago,,50-99,3,150.0,3
2019,cook_ex_chicago,11,1-9,50,164.0,12
2019,cook_ex_chicago,11,10-49,23,456.0,8
2019,cook_ex_chicago,11,100-249,2,200.0,1
2019,cook_ex_chicago,11,50-99,1,52.0,1
2019,cook_ex_chicago,21,1-9,34,174.0,14
2019,cook_ex_chicago,21,10-49,6,96.0,5
2019,cook_ex_chicago,21,100-249,1,100.0,1
2019,cook_ex_chicago,21,50-99,3,185.0,3
2019,cook_ex_chicago,21,unknown,1,0.0,0
2019,cook_ex_chicago,22,1-9,50,222.0,28
2019,cook_ex_chicago,22,10-49,19,456.0,16
2019,cook_ex_chicago,22,100-249,2,405.0,1
2019,cook_ex_chicago,22,50-99,5,256.0,5
2019,cook_ex_chicago,23,1-9,5229,20635.0,1955
2019,cook_ex_chicago,23,10-49,980,17199.0,782
2019,cook_ex_chicago,23,100-249,43,5739.0,43
2019,cook_ex_chicago,23,1000+,1,6000.0,1
2019,cook_ex_chicago,23,250-499,4,1254.0,4
2019,cook_ex_chicago,23,50-99,113,6561.0,93
2019,cook_ex_chicago,23,500-999,3,1900.0,3
2019,cook_ex_chicago,23,unknown,2,0.0,0
2019,cook_ex_chicago,31,1-9,280,1416.0,133
2019,cook_ex_chicago,31,10-49,148,3482.0,88
2019,cook_ex_chicago,31,100-249,16,1990.0,15
2019,cook_ex_chicago,31,1000+,1,1200.0,1
2019,cook_ex_chicago,31,250-499,8,2503.0,8
2019,cook_ex_chicago,31,50-99,27,1665.0,25
2019,cook_ex_chicago,31,500-999,4,2700.0,4
2019,cook_ex_chicago,31,unknown,3,0.0,0
2019,cook_ex_chicago,32,1-9,486,2187.0,335
2019,cook_ex_chicago,32,10-49,282,5909.0,223
2019,cook_ex_chicago,32,100-249,62,8143.0,61
2019,cook_ex_chicago,32,1000+,1,1000.0,1
2019,cook_ex_chicago,32,250-499,13,3925.0,13
2019,cook_ex_chicago,32,50-99,74,4752.0,60
2019,cook_ex_chicago,32,500-999,1,600.0,1
2019,cook_ex_chicago,32,unknown,3,0.0,0
2019,cook_ex_chicago,33,1-9,1244,6119.0,823
2019,cook_ex_chicago,33,10-49,848,17224.0,656
2019,cook_ex_chicago,33,100-249,110,14813.0,100
2019,cook_ex_chicago,33,1000+,5,5801.0,5
2019,cook_ex_chicago,33,250-499,24,7655.0,24
2019,cook_ex_chicago,33,50-99,177,11257.0,162
2019,cook_ex_chicago,33,500-999,13,7351.0,13
2019,cook_ex_chicago,33,unknown,3,0.0,0
2019,cook_ex_chicago,42,1-9,2162,10289.0,1232
2019,cook_ex_chicago,42,10-49,846,15039.0,648
2019,cook_ex_chicago,42,100-249,79,10760.0,71
2019,cook_ex_chicago,42,1000+,7,15940.0,7
2019,cook_ex_chicago,42,250-499,26,8275.0,26
2019,cook_ex_chicago,42,50-99,137,8012.0,130
2019,cook_ex_chicago,42,500-999,11,7279.0,11
2019,cook_ex_chicago,42,unknown,11,0.0,0
2019,cook_ex_chicago,44,1-9,5644,22343.0,3036
2019,cook_ex_chicago,44,10-49,1650,31239.0,1194
2019,cook_ex_chicago,44,100-249,204,28921.0,164
2019,cook_ex_chicago,44,1000+,5,6300.0,5
2019,cook_ex_chicago,44,250-499,32,9232.0,29
2019,cook_ex_chicago,44,50-99,203,12629.0,172
2019,cook_ex_chicago,44,500-999,7,4521.0,7
2019,cook_ex_chicago,44,unknown,127,0.0,0
2019,cook_ex_chicago,45,1-9,2166,7359.0,1077
2019,cook_ex_chicago,45,10-49,598,11584.0,408
2019,cook_ex_chicago,45,100-249,76,11901.0,68
2019,cook_ex_chicago,45,1000+,2,7200.0,2
2019,cook_ex_chicago,45,250-499,34,10834.0,30
2019,cook_ex_chicago,45,50-99,75,4557.0,64
2019,cook_ex_chicago,45,500-999,4,2150.0,4
2019,cook_ex_chicago,45,unknown,108,0.0,0
2019,cook_ex_chicago,48,1-9,1658,6527.0,695
2019,cook_ex_chicago,48,10-49,401,6830.0,277
2019,cook_ex_chicago,48,100-249,41,5947.0,41
2019,cook_ex_chicago,48,1000+,1,1600.0,1
2019,cook_ex_chicago,48,250-499,14,4250.0,14
2019,cook_ex_chicago,48,50-99,81,4766.0,53
2019,cook_ex_chicago,48,unknown,1,0.0,0
2019,cook_ex_chicago,49,1-9,98,407.0,44
2019,cook_ex_chicago,49,10-49,45,1011.0,38
2019,cook_ex_chicago,49,100-249,13,1762.0,13
2019,cook_ex_chicago,49,250-499,2,600.0,2
2019,cook_ex_chicago,49,50-99,14,1041.0,14
2019,cook_ex_chicago,51,1-9,1303,5205.0,592
2019,cook_ex_chicago,51,10-49,463,8411.0,231
2019,cook_ex_chicago,51,100-249,28,3836.0,27
2019,cook_ex_chicago,51,1000+,1,5001.0,1
2019,cook_ex_chicago,51,250-499,3,936.0,3
2019,cook_ex_chicago,51,50-99,52,3057.0,40
2019,cook_ex_chicago,51,500-999,6,3051.0,6
2019,cook_ex_chicago,51,unknown,3,0.0,0
2019,cook_ex_chicago,52,1-9,5187,18294.0,2178
2019,cook_ex_chicago,52,10-49,871,14378.0,600
2019,cook_ex_chicago,52,100-249,33,4792.0,33
2019,cook_ex_chicago,52,1000+,8,46001.0,8
2019,cook_ex_chicago,52,250-499,8,2310.0,8
2019,cook_ex_chicago,52,50-99,83,5182.0,75
2019,cook_ex_chicago,52,500-999,3,1500.0,3
2019,cook_ex_chicago,52,unknown,2254,0.0,0
2019,cook_ex_chicago,53,1-9,2925,11662.0,1194
2019,cook_ex_chicago,53,10-49,400,7389.0,325
2019,cook_ex_chicago,53,100-249,19,2240.0,19
2019,cook_ex_chicago,53,250-499,3,1074.0,3
2019,cook_ex_chicago,53,50-99,72,4360.0,66
2019,cook_ex_chicago,53,500-999,1,600.0,1
2019,cook_ex_chicago,53,unknown,176,0.0,0
2019,cook_ex_chicago,54,1-9,7778,27284.0,3357
2019,cook_ex_chicago,54,10-49,1122,18139.0,858
2019,cook_ex_chicago,54,100-249,65,8800.0,61
2019,cook_ex_chicago,54,1000+,5,16100.0,5
2019,cook_ex_chicago,54,250-499,14,4705.0,14
2019,cook_ex_chicago,54,50-99,123,7615.0,108
2019,cook_ex_chicago,54,500-999,5,3499.0,5
2019,cook_ex_chicago,54,unknown,111,0.0,0
2019,cook_ex_chicago,55,1-9,84,262.0,13
2019,cook_ex_chicago,55,10-49,17,468.0,10
2019,cook_ex_chicago,55,100-249,3,338.0,3
2019,cook_ex_chicago,55,250-499,1,450.0,1
2019,cook_ex_chicago,55,50-99,2,122.0,2
2019,cook_ex_chicago,56,1-9,2565,10091.0,1071
2019,cook_ex_chicago,56,10-49,471,8555.0,378
2019,cook_ex_chicago,56,100-249,35,4525.0,33
2019,cook_ex_chicago,56,1000+,5,10800.0,5
2019,cook_ex_chicago,56,250-499,7,2000.0,7
2019,cook_ex_chicago,56,50-99,70,4074.0,69
2019,cook_ex_chicago,56,500-999,2,1176.0,2
2019,cook_ex_chicago,56,unknown,47,0.0,0
2019,cook_ex_chicago,61,1-9,887,3532.0,386
2019,cook_ex_chicago,61,10-49,1015,22083.0,519
2019,cook_ex_chicago,61,100-249,113,15558.0,108
2019,cook_ex_chicago,61,1000+,5,6600.0,5
2019,cook_ex_chicago,61,250-499,40,12383.0,40
2019,cook_ex_chicago,61,50-99,476,31774.0,417
2019,cook_ex_chicago,61,500-999,9,5601.0,9
2019,cook_ex_chicago,61,unknown,1,0.0,0
2019,cook_ex_chicago,62,1-9,24430,76975.0,2771
2019,cook_ex_chicago,62,10-49,2328,41484.0,1398
2019,cook_ex_chicago,62,100-249,161,21729.0,134
2019,cook_ex_chicago,62,1000+,19,57024.0,19
2019,cook_ex_chicago,62,250-499,34,10507.0,34
2019,cook_ex_chicago,62,50-99,168,10009.0,145
2019,cook_ex_chicago,62,500-999,13,9374.0,13
2019,cook_ex_chicago,62,unknown,16,0.0,0
2019,cook_ex_chicago,71,1-9,1041,4387.0,406
2019,cook_ex_chicago,71,10-49,504,9512.0,288
2019,cook_ex_chicago,71,100-249,54,6670.0,47
2019,cook_ex_chicago,71,250-499,6,1733.0,6
2019,cook_ex_chicago,71,50-99,97,5932.0,75
2019,cook_ex_chicago,71,500-999,6,3745.0,6
2019,cook_ex_chicago,71,unknown,1,0.0,0
2019,cook_ex_chicago,72,1-9,3732,18185.0,1873
2019,cook_ex_chicago,72,10-49,2217,44331.0,1723
2019,cook_ex_chicago,72,100-249,95,13003.0,78
2019,cook_ex_chicago,72,250-499,14,4574.0,14
2019,cook_ex_chicago,72,50-99,265,17019.0,241
2019,cook_ex_chicago,72,500-999,2,1330.0,2
2019,cook_ex_chicago,72,unknown,1,0.0,0
2019,cook_ex_chicago,81,1-9,9248,33855.0,5147
2019,cook_ex_chicago,81,10-49,1394,22469.0,1292
2019,cook_ex_chicago,81,100-249,47,6190.0,44
2019,cook_ex_chicago,81,1000+,1,1350.0,1
2019,cook_ex_chicago,81,250-499,8,2554.0,8
2019,cook_ex_chicago,81,50-99,98,5943.0,98
2019,cook_ex_chicago,81,500-999,6,3650.0,6
2019,cook_ex_chicago,81,unknown,36,0.0,0
2019,cook_ex_chicago,92,1-9,629,3399.0,395
2019,cook_ex_chicago,92,10-49,503,11198.0,360
2019,cook_ex_chicago,92,100-249,70,9574.0,70
2019,cook_ex_chicago,92,250-499,15,5375.0,15
2019,cook_ex_chicago,92,50-99,137,8288.0,117
2019,cook_ex_chicago,92,500-999,7,3815.0,7
2019,cook_ex_chicago,92,unknown,1,0.0,0
2019,cook_ex_chicago,99,1-9,98,302.0,93
2019,cook_ex_chicago,99,10-49,457,4816.0,37
2019,cook_ex_chicago,99,100-249,4,480.0,4
2019,cook_ex_chicago,99,250-499,1,300.0,1
2019,cook_ex_chicago,99,50-99,7,479.0,7
2019,cook_ex_chicago,99,unknown,5438,0.0,0
2019,cook_ex_chicago,,1-9,10,51.0,6
2019,cook_ex_chicago,,10-49,44,700.0,10
2019,cook_ex_chicago,,100-249,11,1250.0,1
2019,cook_ex_chicago,,1000+,1,5000.0,1
2019,cook_ex_chicago,,250-499,1,300.0,1
2019,cook_ex_chicago,,50-99,3,215.0,3
2019,il_ex_msa,11,1-9,2253,5825.0,1311
2019,il_ex_msa,11,10-49,165,2670.0,145
2019,il_ex_msa,11,100-249,8,1100.0,8
2019,il_ex_msa,11,250-499,3,865.0,3
2019,il_ex_msa,11,50-99,20,1150.0,19
2019,il_ex_msa,11,500-999,1,500.0,1
2019,il_ex_msa,21,1-9,202,902.0,113
2019,il_ex_msa,21,10-49,77,1349.0,51
2019,il_ex_msa,21,100-249,6,1045.0,3
2019,il_ex_msa,21,250-499,3,1055.0,3
2019,il_ex_msa,21,50-99,2,130.0,2
2019,il_ex_msa,21,unknown,2,0.0,0
2019,il_ex_msa,22,1-9,376,1367.0,302
2019,il_ex_msa,22,10-49,136,2754.0,66
2019,il_ex_msa,22,100-249,9,1313.0,7
2019,il_ex_msa,22,1000+,2,3932.0,2
2019,il_ex_msa,22,250-499,5,1510.0,5
2019,il_ex_msa,22,50-99,20,1202.0,20
2019,il_ex_msa,23,1-9,9632,31337.0,5088
2019,il_ex_msa,23,10-49,1420,24248.0,1198
2019,il_ex_msa,23,100-249,56,7195.0,55
2019,il_ex_msa,23,1000+,1,2000.0,1
2019,il_ex_msa,23,250-499,13,4259.0,13
2019,il_ex_msa,23,50-99,133,7899.0,126
2019,il_ex_msa,23,500-999,4,2270.0,4
2019,il_ex_msa,23,unknown,4,0.0,0
2019,il_ex_msa,31,1-9,576,2639.0,321
2019,il_ex_msa,31,10-49,222,3790.0,157
2019,il_ex_msa,31,100-249,28,4101.0,24
2019,il_ex_msa,31,1000+,5,10600.0,5
2019,il_ex_msa,31,250-499,10,3235.0,10
2019,il_ex_msa,31,50-99,37,2477.0,34
2019,il_ex_msa,31,500-999,4,2600.0,4
2019,il_ex_msa,32,1-9,793,3200.0,583
2019,il_ex_msa,32,10-49,326,6857.0,272
2019,il_ex_msa,32,100-249,56,7628.0,49
2019,il_ex_msa,32,1000+,2,2000.0,2
2019,il_ex_msa,32,250-499,17,5643.0,17
2019,il_ex_msa,32,50-99,90,5885.0,74
2019,il_ex_msa,32,500-999,8,5900.0,8
2019,il_ex_msa,32,unknown,1,0.0,0
2019,il_ex_msa,33,1-9,1789,7390.0,1259
2019,il_ex_msa,33,10-49,877,17482.0,680
2019,il_ex_msa,33,100-249,140,19737.0,133
2019,il_ex_msa,33,1000+,5,10801.0,5
2019,il_ex_msa,33,250-499,44,14569.0,44
2019,il_ex_msa,33,50-99,183,12043.0,171
2019,il_ex_msa,33,500-999,22,14810.0,22
2019,il_ex_msa,33,unknown,3,0.0,0
2019,il_ex_msa,42,1-9,3572,14750.0,2496
2019,il_ex_msa,42,10-49,1411,26200.0,1126
2019,il_ex_msa,42,100-249,96,12728.0,88
2019,il_ex_msa,42,1000+,1,1600.0,1
2019,il_ex_msa,42,250-499,27,8747.0,27
2019,il_ex_msa,42,50-99,150,9536.0,145
2019,il_ex_msa,42,500-999,20,12803.0,16
2019,il_ex_msa,42,unknown,6,0.0,0
2019,il_ex_msa,44,1-9,10097,41561.0,6799
2019,il_ex_msa,44,10-49,3307,56817.0,2688
2019,il_ex_msa,44,100-249,217,29810.0,171
2019,il_ex_msa,44,1000+,2,2600.0,2
2019,il_ex_msa,44,250-499,28,8455.0,23
2019,il_ex_msa,44,50-99,308,19936.0,265
2019,il_ex_msa,44,500-999,5,3880.0,5
2019,il_ex_msa,44,unknown,133,0.0,0
2019,il_ex_msa,45,1-9,4770,16032.0,3053
2019,il_ex_msa,45,10-49,740,13932.0,593
2019,il_ex_msa,45,100-249,106,15956.0,93
2019,il_ex_msa,45,250-499,57,18811.0,50
2019,il_ex_msa,45,50-99,95,6204.0,81
2019,il_ex_msa,45,500-999,4,2199.0,4
2019,il_ex_msa,45,unknown,147,0.0,0
2019,il_ex_msa,48,1-9,1958,7153.0,1164
2019,il_ex_msa,48,10-49,670,12741.0,497
2019,il_ex_msa,48,100-249,55,7541.0,53
2019,il_ex_msa,48,1000+,1,2800.0,1
2019,il_ex_msa,48,250-499,10,2960.0,10
2019,il_ex_msa,48,50-99,107,6747.0,90
2019,il_ex_msa,48,500-999,4,2500.0,4
2019,il_ex_msa,48,unknown,6,0.0,0
2019,il_ex_msa,49,1-9,1334,4868.0,1123
2019,il_ex_msa,49,10-49,250,4624.0,242
2019,il_ex_msa,49,100-249,12,1705.0,12
2019,il_ex_msa,49,250-499,1,300.0,1
2019,il_ex_msa,49,50-99,23,1454.0,23
2019,il_ex_msa,49,500-999,2,1350.0,2
2019,il_ex_msa,51,1-9,2227,9202.0,1294
2019,il_ex_msa,51,10-49,645,12019.0,460
2019,il_ex_msa,51,100-249,38,5159.0,34
2019,il_ex_msa,51,1000+,3,9000.0,3
2019,il_ex_msa,51,250-499,8,2400.0,8
2019,il_ex_msa,51,50-99,121,7387.0,88
2019,il_ex_msa,51,500-999,5,2837.0,5
2019,il_ex_msa,51,unknown,6,0.0,0
2019,il_ex_msa,52,1-9,9260,29915.0,4949
2019,il_ex_msa,52,10-49,1282,21527.0,1046
2019,il_ex_msa,52,100-249,37,5000.0,36
2019,il_ex_msa,52,1000+,10,41704.0,10
2019,il_ex_msa,52,250-499,10,3483.0,10
2019,il_ex_msa,52,50-99,126,7596.0,104
2019,il_ex_msa,52,500-999,9,5618.0,9
2019,il_ex_msa,52,unknown,6361,0.0,0
2019,il_ex_msa,53,1-9,5127,15441.0,2904
2019,il_ex_msa,53,10-49,560,9444.0,475
2019,il_ex_msa,53,100-249,26,3395.0,26
2019,il_ex_msa,53,250-499,1,250.0,1
2019,il_ex_msa,53,50-99,42,2526.0,34
2019,il_ex_msa,53,unknown,459,0.0,0
2019,il_ex_msa,54,1-9,10248,32824.0,4670
2019,il_ex_msa,54,10-49,1426,24276.0,1186
2019,il_ex_msa,54,100-249,60,8364.0,55
2019,il_ex_msa,54,1000+,2,3900.0,2
2019,il_ex_msa,54,250-499,13,4154.0,13
2019,il_ex_msa,54,50-99,128,8169.0,107
2019,il_ex_msa,54,500-999,4,2100.0,4
2019,il_ex_msa,54,unknown,184,0.0,0
2019,il_ex_msa,55,1-9,94,363.0,35
2019,il_ex_msa,55,10-49,82,2033.0,60
2019,il_ex_msa,55,100-249,2,230.0,2
2019,il_ex_msa,55,250-499,1,350.0,1
2019,il_ex_msa,55,50-99,15,933.0,14
2019,il_ex_msa,55,500-999,1,900.0,1
2019,il_ex_msa,55,unknown,19,0.0,0
2019,il_ex_msa,56,1-9,4247,13407.0,2185
2019,il_ex_msa,56,10-49,665,11762.0,483
2019,il_ex_msa,56,100-249,28,3956.0,24
2019,il_ex_msa,56,1000+,2,2200.0,2
2019,il_ex_msa,56,250-499,7,2200.0,7
2019,il_ex_msa,56,50-99,58,3540.0,50
2019,il_ex_msa,56,unknown,52,0.0,0
2019,il_ex_msa,61,1-9,1323,5002.0,821
2019,il_ex_msa,61,10-49,2058,50765.0,1429
2019,il_ex_msa,61,100-249,193,27122.0,192
2019,il_ex_msa,61,1000+,3,14547.0,3
2019,il_ex_msa,61,250-499,26,7496.0,26
2019,il_ex_msa,61,50-99,878,56239.0,738
2019,il_ex_msa,61,500-999,9,5111.0,9
2019,il_ex_msa,61,unknown,1,0.0,0
2019,il_ex_msa,62,1-9,29671,89142.0,4364
2019,il_ex_msa,62,10-49,4137,75887.0,2683
2019,il_ex_msa,62,100-249,395,54689.0,368
2019,il_ex_msa,62,1000+,38,90838.0,37
2019,il_ex_msa,62,250-499,57,19081.0,54
2019,il_ex_msa,62,50-99,547,35643.0,480
2019,il_ex_msa,62,500-999,37,23945.0,36
2019,il_ex_msa,62,unknown,12,0.0,0
2019,il_ex_msa,71,1-9,2371,8151.0,1310
2019,il_ex_msa,71,10-49,967,17861.0,549
2019,il_ex_msa,71,100-249,38,5234.0,38
2019,il_ex_msa,71,1000+,18,19700.0,2
2019,il_ex_msa,71,250-499,7,2265.0,7
2019,il_ex_msa,71,50-99,65,3884.0,64
2019,il_ex_msa,71,500-999,4,2250.0,4
2019,il_ex_msa,72,1-9,5729,27324.0,3709
2019,il_ex_msa,72,10-49,4332,84692.0,3399
2019,il_ex_msa,72,100-249,121,15145.0,110
2019,il_ex_msa,72,250-499,4,1245.0,4
2019,il_ex_msa,72,50-99,495,31071.0,457
2019,il_ex_msa,72,500-999,1,600.0,1
2019,il_ex_msa,72,unknown,1,0.0,0
2019,il_ex_msa,81,1-9,21203,62080.0,14455
2019,il_ex_msa,81,10-49,1904,30751.0,1532
2019,il_ex_msa,81,100-249,66,9204.0,65
2019,il_ex_msa,81,1000+,2,4200.0,2
2019,il_ex_msa,81,250-499,12,3684.0,12
2019,il_ex_msa,81,50-99,131,8150.0,125
2019,il_ex_msa,81,500-999,2,1201.0,2
2019,il_ex_msa,81,unknown,52,0.0,0
2019,il_ex_msa,92,1-9,5750,21707.0,3921
2019,il_ex_msa,92,10-49,2360,47774.0,1693
2019,il_ex_msa,92,100-249,88,13302.0,87
2019,il_ex_msa,92,1000+,10,26080.0,10
2019,il_ex_msa,92,250-499,49,16276.0,46
2019,il_ex_msa,92,50-99,235,14897.0,233
2019,il_ex_msa,92,500-999,11,6929.0,11
2019,il_ex_msa,99,1-9,656,3009.0,119
2019,il_ex_msa,99,10-49,62,926.0,22
2019,il_ex_msa,99,100-249,2,321.0,2
2019,il_ex_msa,99,50-99,8,467.0,8
2019,il_ex_msa,99,500-999,1,500.0,1
2019,il_ex_msa,99,unknown,4700,0.0,0
2019,il_ex_msa,,1-9,72,334.0,39
2019,il_ex_msa,,10-49,145,2984.0,55
2019,il_ex_msa,,100-249,3,445.0,3
2019,il_ex_msa,,1000+,2,3400.0,2
2019,il_ex_msa,,250-499,3,975.0,3
2019,il_ex_msa,,50-99,7,435.0,7
2019,il_ex_msa,,500-999,1,600.0,1
2019,il_ex_msa,,unknown,38,0.0,0
2019,msa_ex_cook,11,1-9,331,1013.0,141
2019,msa_ex_cook,11,10-49,34,572.0,28
2019,msa_ex_cook,11,100-249,2,392.0,2
2019,msa_ex_cook,11,250-499,1,250.0,1
2019,msa_ex_cook,11,50-99,4,210.0,4
2019,msa_ex_cook,21,1-9,61,293.0,23
2019,msa_ex_cook,21,10-49,23,438.0,14
2019,msa_ex_cook,21,50-99,1,65.0,1
2019,msa_ex_cook,21,unknown,1,0.0,0
2019,msa_ex_cook,22,1-9,80,363.0,39
2019,msa_ex_cook,22,10-49,41,713.0,30
2019,msa_ex_cook,22,100-249,5,710.0,3
2019,msa_ex_cook,22,250-499,2,600.0,2
2019,msa_ex_cook,22,50-99,5,295.0,5
2019,msa_ex_cook,22,500-999,1,700.0,1
2019,msa_ex_cook,22,unknown,1,0.0,0
2019,msa_ex_cook,23,1-9,9168,31847.0,3854
2019,msa_ex_cook,23,10-49,1686,28203.0,1288
2019,msa_ex_cook,23,100-249,53,7266.0,53
2019,msa_ex_cook,23,1000+,3,5000.0,3
2019,msa_ex_cook,23,250-499,13,4130.0,13
2019,msa_ex_cook,23,50-99,124,7400.0,115
2019,msa_ex_cook,23,500-999,4,2101.0,4
2019,msa_ex_cook,23,unknown,3,0.0,0
2019,msa_ex_cook,31,1-9,409,1904.0,200
2019,msa_ex_cook,31,10-49,175,3088.0,108
2019,msa_ex_cook,31,100-249,29,4327.0,27
2019,msa_ex_cook,31,1000+,2,6200.0,2
2019,msa_ex_cook,31,250-499,6,2355.0,6
2019,msa_ex_cook,31,50-99,28,1707.0,25
2019,msa_ex_cook,31,500-999,2,1100.0,2
2019,msa_ex_cook,31,unknown,1,0.0,0
2019,msa_ex_cook,32,1-9,784,3384.0,534
2019,msa_ex_cook,32,10-49,465,9913.0,338
2019,msa_ex_cook,32,100-249,100,13396.0,82
2019,msa_ex_cook,32,1000+,3,3401.0,3
2019,msa_ex_cook,32,250-499,23,7396.0,23
2019,msa_ex_cook,32,50-99,129,8187.0,99
2019,msa_ex_cook,32,500-999,8,4931.0,8
2019,msa_ex_cook,32,unknown,2,0.0,0
2019,msa_ex_cook,33,1-9,1822,8059.0,1250
2019,msa_ex_cook,33,10-49,1457,28319.0,1014
2019,msa_ex_cook,33,100-249,201,27179.0,181
2019,msa_ex_cook,33,1000+,9,17003.0,9
2019,msa_ex_cook,33,250-499,44,14551.0,44
2019,msa_ex_cook,33,50-99,250,16019.0,228
2019,msa_ex_cook,33,500-999,18,11832.0,18
2019,msa_ex_cook,33,unknown,8,0.0,0
2019,msa_ex_cook,42,1-9,3291,14921.0,2003
2019,msa_ex_cook,42,10-49,1514,27845.0,1091
2019,msa_ex_cook,42,100-249,123,17073.0,112
2019,msa_ex_cook,42,1000+,13,37700.0,13
2019,msa_ex_cook,42,250-499,32,10431.0,32
2019,msa_ex_cook,42,50-99,192,12298.0,180
2019,msa_ex_cook,42,500-999,13,9149.0,12
2019,msa_ex_cook,42,unknown,5,0.0,0
2019,msa_ex_cook,44,1-9,7562,30643.0,4105
2019,msa_ex_cook,44,10-49,2576,45968.0,1846
2019,msa_ex_cook,44,100-249,278,39443.0,216
2019,msa_ex_cook,44,1000+,2,8100.0,2
2019,msa_ex_cook,44,250-499,46,13919.0,38
2019,msa_ex_cook,44,50-99,273,16900.0,214
2019,msa_ex_cook,44,500-999,12,7101.0,12
2019,msa_ex_cook,44,unknown,143,0.0,0
2019,msa_ex_cook,45,1-9,3484,11409.0,1805
2019,msa_ex_cook,45,10-49,795,15710.0,611
2019,msa_ex_cook,45,100-249,110,17181.0,96
2019,msa_ex_cook,45,1000+,4,14001.0,4
2019,msa_ex_cook,45,250-499,33,10696.0,28
2019,msa_ex_cook,45,50-99,111,6972.0,95
2019,msa_ex_cook,45,500-999,5,2700.0,5
2019,msa_ex_cook,45,unknown,165,0.0,0
2019,msa_ex_cook,48,1-9,2001,7684.0,954
2019,msa_ex_cook,48,10-49,522,9577.0,378
2019,msa_ex_cook,48,100-249,63,9340.0,63
2019,msa_ex_cook,48,1000+,2,2100.0,2
2019,msa_ex_cook,48,250-499,11,3576.0,11
2019,msa_ex_cook,48,50-99,81,4935.0,73
2019,msa_ex_cook,48,500-999,4,2400.0,4
2019,msa_ex_cook,48,unknown,1,0.0,0
2019,msa_ex_cook,49,1-9,169,592.0,103
2019,msa_ex_cook,49,10-49,120,2530.0,80
2019,msa_ex_cook,49,100-249,12,1655.0,12
2019,msa_ex_cook,49,250-499,1,350.0,1
2019,msa_ex_cook,49,50-99,17,1153.0,17
2019,msa_ex_cook,51,1-9,1823,7440.0,808
2019,msa_ex_cook,51,10-49,602,11079.0,364
2019,msa_ex_cook,51,100-249,32,4727.0,29
2019,msa_ex_cook,51,1000+,1,1150.0,1
2019,msa_ex_cook,51,250-499,11,3130.0,11
2019,msa_ex_cook,51,50-99,78,4779.0,67
2019,msa_ex_cook,51,500-999,4,2905.0,4
2019,msa_ex_cook,51,unknown,1,0.0,0
2019,msa_ex_cook,52,1-9,6972,22945.0,2953
2019,msa_ex_cook,52,10-49,1214,19643.0,805
2019,msa_ex_cook,52,100-249,58,8118.0,55
2019,msa_ex_cook,52,1000+,5,8701.0,5
2019,msa_ex_cook,52,250-499,6,1800.0,6
2019,msa_ex_cook,52,50-99,109,7048.0,80
2019,msa_ex_cook,52,500-999,6,3501.0,6
2019,msa_ex_cook,52,unknown,3311,0.0,0
2019,msa_ex_cook,53,1-9,3999,13122.0,1881
2019,msa_ex_cook,53,10-49,571,10503.0,442
2019,msa_ex_cook,53,100-249,24,3445.0,24
2019,msa_ex_cook,53,1000+,2,3000.0,2
2019,msa_ex_cook,53,250-499,6,1800.0,6
2019,msa_ex_cook,53,50-99,84,5215.0,72
2019,msa_ex_cook,53,unknown,271,0.0,0
2019,msa_ex_cook,54,1-9,11730,38771.0,5026
2019,msa_ex_cook,54,10-49,1599,27613.0,1350
2019,msa_ex_cook,54,100-249,92,12707.0,88
2019,msa_ex_cook,54,1000+,6,12841.0,6
2019,msa_ex_cook,54,250-499,21,6953.0,21
2019,msa_ex_cook,54,50-99,163,10067.0,139
2019,msa_ex_cook,54,500-999,7,3945.0,7
2019,msa_ex_cook,54,unknown,143,0.0,0
2019,msa_ex_cook,55,1-9,131,686.0,15
2019,msa_ex_cook,55,10-49,18,483.0,11
2019,msa_ex_cook,55,100-249,2,269.0,2
2019,msa_ex_cook,55,1000+,1,3000.0,1
2019,msa_ex_cook,55,250-499,1,250.0,1
2019,msa_ex_cook,55,50-99,6,335.0,4
2019,msa_ex_cook,55,unknown,3,0.0,0
2019,msa_ex_cook,56,1-9,4484,16354.0,1928
2019,msa_ex_cook,56,10-49,763,13879.0,606
2019,msa_ex_cook,56,100-249,52,7603.0,51
2019,msa_ex_cook,56,1000+,3,7400.0,3
2019,msa_ex_cook,56,250-499,15,4469.0,15
2019,msa_ex_cook,56,50-99,95,5689.0,82
2019,msa_ex_cook,56,500-999,3,1825.0,3
2019,msa_ex_cook,56,unknown,44,0.0,0
2019,msa_ex_cook,61,1-9,1360,4986.0,624
2019,msa_ex_cook,61,10-49,1163,26707.0,654
2019,msa_ex_cook,61,100-249,231,29549.0,182
2019,msa_ex_cook,61,1000+,6,11799.0,6
2019,msa_ex_cook,61,250-499,41,13196.0,41
2019,msa_ex_cook,61,50-99,689,45689.0,590
2019,msa_ex_cook,61,500-999,7,4514.0,7
2019,msa_ex_cook,61,unknown,1,0.0,0
2019,msa_ex_cook,62,1-9,28023,86207.0,3751
2019,msa_ex_cook,62,10-49,3263,55887.0,1935
2019,msa_ex_cook,62,100-249,194,26586.0,164
2019,msa_ex_cook,62,1000+,22,41817.0,22
2019,msa_ex_cook,62,250-499,25,7276.0,25
2019,msa_ex_cook,62,50-99,298,18630.0,237
2019,msa_ex_cook,62,500-999,29,16691.0,15
2019,msa_ex_cook,62,unknown,5,0.0,0
2019,msa_ex_cook,71,1-9,1724,5879.0,778
2019,msa_ex_cook,71,10-49,862,16143.0,411
2019,msa_ex_cook,71,100-249,53,7262.0,50
2019,msa_ex_cook,71,1000+,11,15600.0,4
2019,msa_ex_cook,71,250-499,6,1880.0,5
2019,msa_ex_cook,71,50-99,103,6088.0,95
2019,msa_ex_cook,71,500-999,5,2700.0,5
2019,msa_ex_cook,72,1-9,4130,21798.0,2106
2019,msa_ex_cook,72,10-49,3078,62390.0,2418
2019,msa_ex_cook,72,100-249,110,14890.0,102
2019,msa_ex_cook,72,250-499,9,2683.0,9
2019,msa_ex_cook,72,50-99,395,24873.0,349
2019,msa_ex_cook,72,500-999,2,1000.0,2
2019,msa_ex_cook,72,unknown,1,0.0,0
2019,msa_ex_cook,81,1-9,12393,43258.0,6948
2019,msa_ex_cook,81,10-49,2206,34512.0,1998
2019,msa_ex_cook,81,100-249,49,6742.0,49
2019,msa_ex_cook,81,250-499,11,3520.0,11
2019,msa_ex_cook,81,50-99,105,6206.0,101
2019,msa_ex_cook,81,500-999,2,1000.0,2
2019,msa_ex_cook,81,unknown,19,0.0,0
2019,msa_ex_cook,92,1-9,1240,6130.0,753
2019,msa_ex_cook,92,10-49,752,16639.0,560
2019,msa_ex_cook,92,100-249,76,10386.0,76
2019,msa_ex_cook,92,1000+,4,7500.0,4
2019,msa_ex_cook,92,250-499,19,6369.0,19
2019,msa_ex_cook,92,50-99,248,15506.0,213
2019,msa_ex_cook,92,500-999,5,3174.0,5
2019,msa_ex_cook,99,1-9,386,1649.0,123
2019,msa_ex_cook,99,10-49,346,4492.0,61
2019,msa_ex_cook,99,100-249,4,584.0,4
2019,msa_ex_cook,99,1000+,1,3000.0,1
2019,msa_ex_cook,99,50-99,9,556.0,9
2019,msa_ex_cook,99,unknown,7534,0.0,0
2019,msa_ex_cook,,1-9,25,74.0,8
2019,msa_ex_cook,,10-49,57,1351.0,13
2019,msa_ex_cook,,100-249,1,120.0,1
2019,msa_ex_cook,,250-499,1,300.0,1
2019,msa_ex_cook,,unknown,4,0.0,0
2020,chicago,11,1-9,44,123.0,10
2020,chicago,11,10-49,14,293.0,3
2020,chicago,11,100-249,2,201.0,2
2020,chicago,11,250-499,1,400.0,1
2020,chicago,21,1-9,15,60.0,6
2020,chicago,21,10-49,9,163.0,4
2020,chicago,21,100-249,1,200.0,1
2020,chicago,22,1-9,9,43.0,5
2020,chicago,22,10-49,8,176.0,5
2020,chicago,22,1000+,2,6000.0,2
2020,chicago,22,unknown,2,0.0,0
2020,chicago,23,1-9,2980,11762.0,927
2020,chicago,23,10-49,500,8665.0,388
2020,chicago,23,100-249,32,4858.0,32
2020,chicago,23,1000+,4,4800.0,4
2020,chicago,23,250-499,14,4505.0,14
2020,chicago,23,50-99,66,3901.0,58
2020,chicago,23,500-999,1,700.0,1
2020,chicago,23,unknown,3,0.0,0
2020,chicago,31,1-9,347,1592.0,212
2020,chicago,31,10-49,231,5555.0,131
2020,chicago,31,100-249,19,2633.0,16
2020,chicago,31,1000+,2,2400.0,2
2020,chicago,31,250-499,10,3240.0,10
2020,chicago,31,50-99,26,1525.0,24
2020,chicago,31,500-999,14,8751.0,14
2020,chicago,32,1-9,326,1342.0,221
2020,chicago,32,10-49,187,3730.0,141
2020,chicago,32,100-249,16,2298.0,11
2020,chicago,32,1000+,1,1700.0,1
2020,chicago,32,250-499,5,1670.0,5
2020,chicago,32,50-99,30,1745.0,26
2020,chicago,32,500-999,3,2125.0,3
2020,chicago,32,unknown,1,0.0,0
2020,chicago,33,1-9,695,3249.0,451
2020,chicago,33,10-49,452,8929.0,342
2020,chicago,33,100-249,52,6903.0,47
2020,chicago,33,1000+,5,9063.0,5
2020,chicago,33,250-499,6,2198.0,6
2020,chicago,33,50-99,86,5198.0,77
2020,chicago,33,500-999,10,6301.0,10
2020,chicago,33,unknown,3,0.0,0
2020,chicago,42,1-9,1206,5678.0,611
2020,chicago,42,10-49,438,8209.0,306
2020,chicago,42,100-249,33,4516.0,33
2020,chicago,42,1000+,3,4600.0,3
2020,chicago,42,250-499,15,5163.0,15
2020,chicago,42,50-99,71,4395.0,63
2020,chicago,42,500-999,4,2500.0,4
2020,chicago,42,unknown,1,0.0,0
2020,chicago,44,1-9,5315,19105.0,2882
2020,chicago,44,10-49,1014,18854.0,749
2020,chicago,44,100-249,103,15282.0,78
2020,chicago,44,1000+,2,11000.0,2
2020,chicago,44,250-499,27,8281.0,27
2020,chicago,44,50-99,125,7656.0,109
2020,chicago,44,500-999,2,1000.0,2
2020,chicago,44,unknown,121,0.0,0
2020,chicago,45,1-9,2132,6820.0,1053
2020,chicago,45,10-49,377,7123.0,263
2020,chicago,45,100-249,44,6358.0,36
2020,chicago,45,1000+,1,1500.0,1
2020,chicago,45,250-499,11,3795.0,9
2020,chicago,45,50-99,51,3224.0,39
2020,chicago,45,500-999,3,1920.0,3
2020,chicago,45,unknown,261,0.0,0
2020,chicago,48,1-9,880,3590.0,321
2020,chicago,48,10-49,254,4258.0,148
2020,chicago,48,100-249,27,3863.0,26
2020,chicago,48,1000+,7,16001.0,7
2020,chicago,48,250-499,7,2079.0,7
2020,chicago,48,50-99,61,3779.0,38
2020,chicago,48,500-999,6,3530.0,6
2020,chicago,49,1-9,72,317.0,29
2020,chicago,49,10-49,18,390.0,16
2020,chicago,49,100-249,11,1226.0,11
2020,chicago,49,250-499,1,300.0,1
2020,chicago,49,50-99,11,722.0,11
2020,chicago,51,1-9,1635,6680.0,705
2020,chicago,51,10-49,733,13267.0,291
2020,chicago,51,100-249,48,6397.0,44
2020,chicago,51,1000+,5,10592.0,5
2020,chicago,51,250-499,10,2969.0,10
2020,chicago,51,50-99,80,4987.0,70
2020,chicago,51,500-999,6,3850.0,6
2020,chicago,51,unknown,3,0.0,0
2020,chicago,52,1-9,4372,16185.0,1544
2020,chicago,52,10-49,1010,17655.0,644
2020,chicago,52,100-249,76,11057.0,73
2020,chicago,52,1000+,14,37006.0,14
2020,chicago,52,250-499,18,5715.0,18
2020,chicago,52,50-99,136,8518.0,121
2020,chicago,52,500-999,12,8210.0,12
2020,chicago,52,unknown,1905,0.0,0
2020,chicago,53,1-9,4093,18177.0,1530
2020,chicago,53,10-49,617,10248.0,551
2020,chicago,53,100-249,29,4462.0,29
2020,chicago,53,250-499,16,5415.0,16
2020,chicago,53,50-99,62,3819.0,55
2020,chicago,53,500-999,8,4500.0,8
2020,chicago,53,unknown,169,0.0,0
2020,chicago,54,1-9,10846,35877.0,3701
2020,chicago,54,10-49,1735,31193.0,1418
2020,chicago,54,100-249,149,21243.0,138
2020,chicago,54,1000+,20,38659.0,20
2020,chicago,54,250-499,41,13264.0,41
2020,chicago,54,50-99,301,18954.0,254
2020,chicago,54,500-999,22,13401.0,22
2020,chicago,54,unknown,96,0.0,0
2020,chicago,55,1-9,139,415.0,7
2020,chicago,55,10-49,9,252.0,6
2020,chicago,55,100-249,2,295.0,2
2020,chicago,55,1000+,2,9000.0,2
2020,chicago,55,50-99,2,110.0,2
2020,chicago,55,500-999,1,600.0,1
2020,chicago,55,unknown,1,0.0,0
2020,chicago,56,1-9,2216,8253.0,843
2020,chicago,56,10-49,411,7573.0,309
2020,chicago,56,100-249,36,5249.0,36
2020,chicago,56,1000+,5,10600.0,5
2020,chicago,56,250-499,7,2100.0,7
2020,chicago,56,50-99,53,3173.0,51
2020,chicago,56,500-999,3,1536.0,3
2020,chicago,56,unknown,99,0.0,0
2020,chicago,61,1-9,880,3597.0,344
2020,chicago,61,10-49,852,17761.0,485
2020,chicago,61,100-249,156,20408.0,144
2020,chicago,61,1000+,3,14516.0,3
2020,chicago,61,250-499,12,3754.0,12
2020,chicago,61,50-99,367,24572.0,320
2020,chicago,61,500-999,13,8662.0,13
2020,chicago,61,unknown,1,0.0,0
2020,chicago,62,1-9,27241,82409.0,2337
2020,chicago,62,10-49,1601,29378.0,1083
2020,chicago,62,100-249,138,18286.0,110
2020,chicago,62,1000+,23,83707.0,23
2020,chicago,62,250-499,30,10185.0,28
2020,chicago,62,50-99,145,9506.0,141
2020,chicago,62,500-999,14,9913.0,14
2020,chicago,62,unknown,24,0.0,0
2020,chicago,71,1-9,1238,5012.0,477
2020,chicago,71,10-49,444,7736.0,235
2020,chicago,71,100-249,25,3230.0,21
2020,chicago,71,1000+,3,4000.0,3
2020,chicago,71,250-499,6,1878.0,6
2020,chicago,71,50-99,43,2741.0,40
2020,chicago,71,500-999,3,1700.0,3
2020,chicago,71,unknown,2,0.0,0
2020,chicago,72,1-9,5405,26167.0,2319
2020,chicago,72,10-49,2063,39905.0,1569
2020,chicago,72,100-249,122,17163.0,113
2020,chicago,72,1000+,5,7700.0,5
2020,chicago,72,250-499,25,8050.0,24
2020,chicago,72,50-99,256,16165.0,224
2020,chicago,72,500-999,9,5750.0,9
2020,chicago,72,unknown,3,0.0,0
2020,chicago,81,1-9,9820,35753.0,4932
2020,chicago,81,10-49,1092,18801.0,1020
2020,chicago,81,100-249,63,8633.0,56
2020,chicago,81,1000+,3,3100.0,3
2020,chicago,81,250-499,14,4303.0,14
2020,chicago,81,50-99,112,6745.0,110
2020,chicago,81,500-999,4,2201.0,4
2020,chicago,81,unknown,2,0.0,0
2020,chicago,92,1-9,389,2202.0,194
2020,chicago,92,10-49,379,6982.0,191
2020,chicago,92,100-249,57,8527.0,57
2020,chicago,92,1000+,9,18877.0,9
2020,chicago,92,250-499,32,9902.0,32
2020,chicago,92,50-99,70,4071.0,46
2020,chicago,92,500-999,8,5100.0,8
2020,chicago,92,unknown,1,0.0,0
2020,chicago,99,1-9,89,274.0,88
2020,chicago,99,10-49,890,9225.0,41
2020,chicago,99,100-249,2,360.0,2
2020,chicago,99,250-499,2,550.0,2
2020,chicago,99,50-99,8,541.0,8
2020,chicago,99,500-999,2,1100.0,2
2020,chicago,99,unknown,6765,0.0,0
2020,chicago,,1-9,21,115.0,14
2020,chicago,,10-49,82,1362.0,17
2020,chicago,,100-249,11,1295.0,6
2020,chicago,,1000+,2,9734.0,2
2020,chicago,,250-499,1,380.0,1
2020,chicago,,50-99,4,235.0,4
2020,cook_ex_chicago,11,1-9,48,160.0,10
2020,cook_ex_chicago,11,10-49,25,486.0,11
2020,cook_ex_chicago,11,100-249,2,200.0,1
2020,cook_ex_chicago,11,50-99,1,52.0,1
2020,cook_ex_chicago,21,1-9,32,167.0,12
2020,cook_ex_chicago,21,10-49,6,96.0,4
2020,cook_ex_chicago,21,100-249,1,100.0,1
2020,cook_ex_chicago,21,50-99,3,185.0,3
2020,cook_ex_chicago,21,unknown,1,0.0,0
2020,cook_ex_chicago,22,1-9,46,204.0,28
2020,cook_ex_chicago,22,10-49,20,461.0,17
2020,cook_ex_chicago,22,100-249,3,585.0,1
2020,cook_ex_chicago,22,50-99,4,206.0,4
2020,cook_ex_chicago,23,1-9,4986,19982.0,1823
2020,cook_ex_chicago,23,10-49,999,17624.0,800
2020,cook_ex_chicago,23,100-249,41,5611.0,41
2020,cook_ex_chicago,23,1000+,1,6000.0,1
2020,cook_ex_chicago,23,250-499,3,854.0,3
2020,cook_ex_chicago,23,50-99,109,6369.0,91
2020,cook_ex_chicago,23,500-999,4,2400.0,4
2020,cook_ex_chicago,31,1-9,281,1410.0,133
2020,cook_ex_chicago,31,10-49,162,3775.0,92
2020,cook_ex_chicago,31,100-249,17,2090.0,15
2020,cook_ex_chicago,31,1000+,1,1200.0,1
2020,cook_ex_chicago,31,250-499,8,2503.0,8
2020,cook_ex_chicago,31,50-99,26,1590.0,21
2020,cook_ex_chicago,31,500-999,3,1900.0,3
2020,cook_ex_chicago,32,1-9,471,2146.0,324
2020,cook_ex_chicago,32,10-49,281,5833.0,213
2020,cook_ex_chicago,32,100-249,60,7758.0,58
2020,cook_ex_chicago,32,1000+,1,1000.0,1
2020,cook_ex_chicago,32,250-499,11,3174.0,11
2020,cook_ex_chicago,32,50-99,75,4810.0,60
2020,cook_ex_chicago,32,500-999,1,600.0,1
2020,cook_ex_chicago,33,1-9,1179,5840.0,785
2020,cook_ex_chicago,33,10-49,821,16891.0,627
2020,cook_ex_chicago,33,100-249,105,14001.0,94
2020,cook_ex_chicago,33,1000+,4,4801.0,4
2020,cook_ex_chicago,33,250-499,21,6655.0,21
2020,cook_ex_chicago,33,50-99,171,10944.0,159
2020,cook_ex_chicago,33,500-999,9,5151.0,9
2020,cook_ex_chicago,33,unknown,3,0.0,0
2020,cook_ex_chicago,42,1-9,2071,9921.0,1180
2020,cook_ex_chicago,42,10-49,855,15038.0,649
2020,cook_ex_chicago,42,100-249,80,10966.0,73
2020,cook_ex_chicago,42,1000+,7,15940.0,7
2020,cook_ex_chicago,42,250-499,27,8575.0,27
2020,cook_ex_chicago,42,50-99,129,7610.0,125
2020,cook_ex_chicago,42,500-999,10,6679.0,10
2020,cook_ex_chicago,42,unknown,5,0.0,0
2020,cook_ex_chicago,44,1-9,5474,21682.0,2958
2020,cook_ex_chicago,44,10-49,1585,30395.0,1135
2020,cook_ex_chicago,44,100-249,201,28581.0,163
2020,cook_ex_chicago,44,1000+,4,5000.0,4
2020,cook_ex_chicago,44,250-499,32,9232.0,29
2020,cook_ex_chicago,44,50-99,202,12521.0,172
2020,cook_ex_chicago,44,500-999,7,4521.0,7
2020,cook_ex_chicago,44,unknown,132,0.0,0
2020,cook_ex_chicago,45,1-9,2068,7075.0,1041
2020,cook_ex_chicago,45,10-49,596,11584.0,403
2020,cook_ex_chicago,45,100-249,72,11369.0,63
2020,cook_ex_chicago,45,1000+,2,7800.0,2
2020,cook_ex_chicago,45,250-499,34,10834.0,30
2020,cook_ex_chicago,45,50-99,74,4507.0,60
2020,cook_ex_chicago,45,500-999,4,2150.0,4
2020,cook_ex_chicago,45,unknown,464,0.0,0
2020,cook_ex_chicago,48,1-9,1552,6103.0,635
2020,cook_ex_chicago,48,10-49,381,6492.0,265
2020,cook_ex_chicago,48,100-249,40,5753.0,38
2020,cook_ex_chicago,48,1000+,1,1600.0,1
2020,cook_ex_chicago,48,250-499,15,4500.0,15
2020,cook_ex_chicago,48,50-99,80,4710.0,51
2020,cook_ex_chicago,49,1-9,83,330.0,37
2020,cook_ex_chicago,49,10-49,42,947.0,35
2020,cook_ex_chicago,49,100-249,13,1762.0,13
2020,cook_ex_chicago,49,250-499,2,600.0,2
2020,cook_ex_chicago,49,50-99,13,971.0,13
2020,cook_ex_chicago,51,1-9,1231,4916.0,542
2020,cook_ex_chicago,51,10-49,586,10833.0,242
2020,cook_ex_chicago,51,100-249,25,3469.0,24
2020,cook_ex_chicago,51,1000+,1,5001.0,1
2020,cook_ex_chicago,51,250-499,5,1636.0,5
2020,cook_ex_chicago,51,50-99,56,3274.0,45
2020,cook_ex_chicago,51,500-999,5,2551.0,5
2020,cook_ex_chicago,51,unknown,3,0.0,0
2020,cook_ex_chicago,52,1-9,5122,17874.0,2137
2020,cook_ex_chicago,52,10-49,842,13919.0,572
2020,cook_ex_chicago,52,100-249,33,4758.0,33
2020,cook_ex_chicago,52,1000+,8,35001.0,8
2020,cook_ex_chicago,52,250-499,9,2610.0,9
2020,cook_ex_chicago,52,50-99,77,4883.0,72
2020,cook_ex_chicago,52,500-999,3,1500.0,3
2020,cook_ex_chicago,52,unknown,2335,0.0,0
2020,cook_ex_chicago,53,1-9,2900,11810.0,1161
2020,cook_ex_chicago,53,10-49,372,6705.0,313
2020,cook_ex_chicago,53,100-249,17,2010.0,17
2020,cook_ex_chicago,53,250-499,2,575.0,2
2020,cook_ex_chicago,53,50-99,72,4252.0,65
2020,cook_ex_chicago,53,unknown,180,0.0,0
2020,cook_ex_chicago,54,1-9,7508,26664.0,3193
2020,cook_ex_chicago,54,10-49,1154,18448.0,847
2020,cook_ex_chicago,54,100-249,65,8900.0,63
2020,cook_ex_chicago,54,1000+,6,17100.0,6
2020,cook_ex_chicago,54,250-499,13,4145.0,13
2020,cook_ex_chicago,54,50-99,121,7565.0,103
2020,cook_ex_chicago,54,500-999,7,4699.0,7
2020,cook_ex_chicago,54,unknown,146,0.0,0
2020,cook_ex_chicago,55,1-9,74,241.0,14
2020,cook_ex_chicago,55,10-49,13,372.0,8
2020,cook_ex_chicago,55,100-249,3,338.0,3
2020,cook_ex_chicago,55,50-99,2,122.0,2
2020,cook_ex_chicago,55,unknown,1,0.0,0
2020,cook_ex_chicago,56,1-9,2408,9444.0,1002
2020,cook_ex_chicago,56,10-49,466,8485.0,373
2020,cook_ex_chicago,56,100-249,35,4443.0,33
2020,cook_ex_chicago,56,1000+,2,2000.0,2
2020,cook_ex_chicago,56,250-499,8,2300.0,8
2020,cook_ex_chicago,56,50-99,72,4186.0,71
2020,cook_ex_chicago,56,500-999,2,1176.0,2
2020,cook_ex_chicago,56,unknown,94,0.0,0
2020,cook_ex_chicago,61,1-9,847,3357.0,357
2020,cook_ex_chicago,61,10-49,924,20819.0,488
2020,cook_ex_chicago,61,100-249,101,13983.0,97
2020,cook_ex_chicago,61,1000+,5,6600.0,5
2020,cook_ex_chicago,61,250-499,41,12783.0,41
2020,cook_ex_chicago,61,50-99,466,31023.0,412
2020,cook_ex_chicago,61,500-999,9,5343.0,9
2020,cook_ex_chicago,61,unknown,1,0.0,0
2020,cook_ex_chicago,62,1-9,28615,88226.0,2747
2020,cook_ex_chicago,62,10-49,2517,45705.0,1436
2020,cook_ex_chicago,62,100-249,161,21553.0,132
2020,cook_ex_chicago,62,1000+,19,57024.0,19
2020,cook_ex_chicago,62,250-499,34,10707.0,34
2020,cook_ex_chicago,62,50-99,182,10859.0,158
2020,cook_ex_chicago,62,500-999,12,8079.0,12
2020,cook_ex_chicago,62,unknown,13,0.0,0
2020,cook_ex_chicago,71,1-9,1052,4515.0,398
2020,cook_ex_chicago,71,10-49,501,9407.0,286
2020,cook_ex_chicago,71,100-249,58,7180.0,48
2020,cook_ex_chicago,71,1000+,2,2500.0,2
2020,cook_ex_chicago,71,250-499,5,1483.0,5
2020,cook_ex_chicago,71,50-99,88,5413.0,69
2020,cook_ex_chicago,71,500-999,6,3745.0,6
2020,cook_ex_chicago,71,unknown,1,0.0,0
2020,cook_ex_chicago,72,1-9,3773,18467.0,1834
2020,cook_ex_chicago,72,10-49,2221,44462.0,1693
2020,cook_ex_chicago,72,100-249,91,12428.0,75
2020,cook_ex_chicago,72,250-499,14,4574.0,14
2020,cook_ex_chicago,72,50-99,262,16830.0,240
2020,cook_ex_chicago,72,500-999,2,1330.0,2
2020,cook_ex_chicago,81,1-9,9235,34167.0,5058
2020,cook_ex_chicago,81,10-49,1299,21398.0,1209
2020,cook_ex_chicago,81,100-249,48,6399.0,44
2020,cook_ex_chicago,81,1000+,1,1350.0,1
2020,cook_ex_chicago,81,250-499,5,1504.0,5
2020,cook_ex_chicago,81,50-99,92,5703.0,91
2020,cook_ex_chicago,81,500-999,5,3150.0,5
2020,cook_ex_chicago,81,unknown,41,0.0,0
2020,cook_ex_chicago,92,1-9,639,3437.0,390
2020,cook_ex_chicago,92,10-49,483,11047.0,350
2020,cook_ex_chicago,92,100-249,71,9749.0,71
2020,cook_ex_chicago,92,250-499,15,5375.0,15
2020,cook_ex_chicago,92,50-99,136,8243.0,117
2020,cook_ex_chicago,92,500-999,6,3315.0,6
2020,cook_ex_chicago,92,unknown,1,0.0,0
2020,cook_ex_chicago,99,1-9,81,234.0,75
2020,cook_ex_chicago,99,10-49,557,5826.0,34
2020,cook_ex_chicago,99,100-249,4,481.0,4
2020,cook_ex_chicago,99,250-499,1,300.0,1
2020,cook_ex_chicago,99,50-99,7,489.0,7
2020,cook_ex_chicago,99,unknown,4567,0.0,0
2020,cook_ex_chicago,,1-9,17,88.0,9
2020,cook_ex_chicago,,10-49,55,867.0,11
2020,cook_ex_chicago,,100-249,11,1250.0,1
2020,cook_ex_chicago,,1000+,1,5000.0,1
2020,cook_ex_chicago,,250-499,1,300.0,1
2020,cook_ex_chicago,,50-99,3,215.0,3
2020,il_ex_msa,11,1-9,1828,4883.0,1021
2020,il_ex_msa,11,10-49,140,2349.0,126
2020,il_ex_msa,11,100-249,10,1300.0,10
2020,il_ex_msa,11,250-499,2,540.0,2
2020,il_ex_msa,11,50-99,17,1000.0,16
2020,il_ex_msa,11,500-999,1,500.0,1
2020,il_ex_msa,21,1-9,190,865.0,106
2020,il_ex_msa,21,10-49,75,1300.0,51
2020,il_ex_msa,21,100-249,6,1065.0,3
2020,il_ex_msa,21,250-499,3,1055.0,3
2020,il_ex_msa,21,50-99,3,210.0,3
2020,il_ex_msa,22,1-9,354,1277.0,287
2020,il_ex_msa,22,10-49,133,2743.0,67
2020,il_ex_msa,22,100-249,8,1143.0,6
2020,il_ex_msa,22,1000+,2,3932.0,2
2020,il_ex_msa,22,250-499,5,1510.0,5
2020,il_ex_msa,22,50-99,17,992.0,17
2020,il_ex_msa,23,1-9,9013,29565.0,4734
2020,il_ex_msa,23,10-49,1405,24046.0,1190
2020,il_ex_msa,23,100-249,55,7215.0,54
2020,il_ex_msa,23,250-499,17,5805.0,17
2020,il_ex_msa,23,50-99,132,7872.0,126
2020,il_ex_msa,23,500-999,5,2830.0,5
2020,il_ex_msa,23,unknown,3,0.0,0
2020,il_ex_msa,31,1-9,540,2533.0,306
2020,il_ex_msa,31,10-49,225,3889.0,147
2020,il_ex_msa,31,100-249,26,3631.0,22
2020,il_ex_msa,31,1000+,4,9400.0,4
2020,il_ex_msa,31,250-499,10,3315.0,10
2020,il_ex_msa,31,50-99,32,2154.0,29
2020,il_ex_msa,31,500-999,4,2850.0,4
2020,il_ex_msa,32,1-9,728,2991.0,536
2020,il_ex_msa,32,10-49,307,6383.0,251
2020,il_ex_msa,32,100-249,46,6340.0,42
2020,il_ex_msa,32,1000+,2,2000.0,2
2020,il_ex_msa,32,250-499,17,5643.0,17
2020,il_ex_msa,32,50-99,81,5380.0,73
2020,il_ex_msa,32,500-999,6,4250.0,6
2020,il_ex_msa,33,1-9,1680,7042.0,1201
2020,il_ex_msa,33,10-49,852,17111.0,666
2020,il_ex_msa,33,100-249,140,19825.0,133
2020,il_ex_msa,33,1000+,4,7801.0,4
2020,il_ex_msa,33,250-499,37,12319.0,37
2020,il_ex_msa,33,50-99,182,11981.0,168
2020,il_ex_msa,33,500-999,21,14210.0,21
2020,il_ex_msa,33,unknown,2,0.0,0
2020,il_ex_msa,42,1-9,3346,13947.0,2329
2020,il_ex_msa,42,10-49,1378,25556.0,1098
2020,il_ex_msa,42,100-249,90,12073.0,82
2020,il_ex_msa,42,1000+,2,3200.0,2
2020,il_ex_msa,42,250-499,29,9357.0,29
2020,il_ex_msa,42,50-99,147,9388.0,145
2020,il_ex_msa,42,500-999,20,12803.0,16
2020,il_ex_msa,42,unknown,4,0.0,0
2020,il_ex_msa,44,1-9,9726,40294.0,6515
2020,il_ex_msa,44,10-49,3241,56219.0,2610
2020,il_ex_msa,44,100-249,225,30440.0,166
2020,il_ex_msa,44,1000+,1,1700.0,1
2020,il_ex_msa,44,250-499,28,8540.0,23
2020,il_ex_msa,44,50-99,290,18668.0,253
2020,il_ex_msa,44,500-999,5,3580.0,5
2020,il_ex_msa,44,unknown,132,0.0,0
2020,il_ex_msa,45,1-9,4527,15378.0,2902
2020,il_ex_msa,45,10-49,727,13809.0,577
2020,il_ex_msa,45,100-249,95,14061.0,88
2020,il_ex_msa,45,250-499,56,18491.0,50
2020,il_ex_msa,45,50-99,80,5272.0,68
2020,il_ex_msa,45,500-999,5,2849.0,5
2020,il_ex_msa,45,unknown,1426,0.0,0
2020,il_ex_msa,48,1-9,1801,6660.0,1071
2020,il_ex_msa,48,10-49,653,12399.0,492
2020,il_ex_msa,48,100-249,52,7138.0,50
2020,il_ex_msa,48,1000+,1,2800.0,1
2020,il_ex_msa,48,250-499,10,3010.0,10
2020,il_ex_msa,48,50-99,104,6511.0,89
2020,il_ex_msa,48,500-999,4,2500.0,4
2020,il_ex_msa,48,unknown,2,0.0,0
2020,il_ex_msa,49,1-9,1313,4780.0,1109
2020,il_ex_msa,49,10-49,240,4470.0,233
2020,il_ex_msa,49,100-249,10,1430.0,10
2020,il_ex_msa,49,250-499,1,300.0,1
2020,il_ex_msa,49,50-99,21,1334.0,21
2020,il_ex_msa,49,500-999,2,1350.0,2
2020,il_ex_msa,51,1-9,2143,8885.0,1253
2020,il_ex_msa,51,10-49,750,13364.0,499
2020,il_ex_msa,51,100-249,36,4909.0,32
2020,il_ex_msa,51,1000+,3,9000.0,3
2020,il_ex_msa,51,250-499,9,2650.0,9
2020,il_ex_msa,51,50-99,111,6761.0,82
2020,il_ex_msa,51,500-999,4,2037.0,4
2020,il_ex_msa,51,unknown,4,0.0,0
2020,il_ex_msa,52,1-9,9288,30576.0,4856
2020,il_ex_msa,52,10-49,1269,21357.0,1025
2020,il_ex_msa,52,100-249,34,4390.0,33
2020,il_ex_msa,52,1000+,11,47454.0,11
2020,il_ex_msa,52,250-499,11,3883.0,11
2020,il_ex_msa,52,50-99,127,7672.0,106
2020,il_ex_msa,52,500-999,9,5618.0,9
2020,il_ex_msa,52,unknown,6495,0.0,0
2020,il_ex_msa,53,1-9,4919,14998.0,2777
2020,il_ex_msa,53,10-49,515,8614.0,435
2020,il_ex_msa,53,100-249,24,3239.0,24
2020,il_ex_msa,53,250-499,1,250.0,1
2020,il_ex_msa,53,50-99,39,2425.0,32
2020,il_ex_msa,53,unknown,505,0.0,0
2020,il_ex_msa,54,1-9,9505,31348.0,4471
2020,il_ex_msa,54,10-49,1438,24266.0,1153
2020,il_ex_msa,54,100-249,58,8078.0,53
2020,il_ex_msa,54,1000+,2,3900.0,2
2020,il_ex_msa,54,250-499,13,4154.0,13
2020,il_ex_msa,54,50-99,128,8148.0,108
2020,il_ex_msa,54,500-999,4,2500.0,4
2020,il_ex_msa,54,unknown,243,0.0,0
2020,il_ex_msa,55,1-9,88,348.0,33
2020,il_ex_msa,55,10-49,96,2263.0,55
2020,il_ex_msa,55,100-249,1,130.0,1
2020,il_ex_msa,55,250-499,1,350.0,1
2020,il_ex_msa,55,50-99,15,933.0,14
2020,il_ex_msa,55,500-999,1,900.0,1
2020,il_ex_msa,55,unknown,13,0.0,0
2020,il_ex_msa,56,1-9,4007,12704.0,2072
2020,il_ex_msa,56,10-49,651,11556.0,467
2020,il_ex_msa,56,100-249,25,3556.0,24
2020,il_ex_msa,56,1000+,2,2200.0,2
2020,il_ex_msa,56,250-499,7,2200.0,7
2020,il_ex_msa,56,50-99,63,3821.0,57
2020,il_ex_msa,56,unknown,141,0.0,0
2020,il_ex_msa,61,1-9,1213,4520.0,729
2020,il_ex_msa,61,10-49,1849,47233.0,1345
2020,il_ex_msa,61,100-249,192,26881.0,191
2020,il_ex_msa,61,1000+,3,14247.0,3
2020,il_ex_msa,61,250-499,24,7186.0,24
2020,il_ex_msa,61,50-99,869,55644.0,735
2020,il_ex_msa,61,500-999,8,4561.0,8
2020,il_ex_msa,62,1-9,31680,93202.0,4235
2020,il_ex_msa,62,10-49,4234,77521.0,2660
2020,il_ex_msa,62,100-249,378,52692.0,350
2020,il_ex_msa,62,1000+,39,89768.0,39
2020,il_ex_msa,62,250-499,55,18533.0,50
2020,il_ex_msa,62,50-99,537,34928.0,469
2020,il_ex_msa,62,500-999,36,22996.0,36
2020,il_ex_msa,62,unknown,10,0.0,0
2020,il_ex_msa,71,1-9,2306,7898.0,1218
2020,il_ex_msa,71,10-49,968,17759.0,552
2020,il_ex_msa,71,100-249,37,5134.0,37
2020,il_ex_msa,71,1000+,16,17500.0,2
2020,il_ex_msa,71,250-499,6,1905.0,6
2020,il_ex_msa,71,50-99,68,4119.0,67
2020,il_ex_msa,71,500-999,3,1650.0,3
2020,il_ex_msa,72,1-9,5588,26879.0,3604
2020,il_ex_msa,72,10-49,4330,84548.0,3298
2020,il_ex_msa,72,100-249,112,13920.0,102
2020,il_ex_msa,72,250-499,3,960.0,3
2020,il_ex_msa,72,50-99,491,30832.0,451
2020,il_ex_msa,72,500-999,2,1200.0,2
2020,il_ex_msa,81,1-9,20522,60902.0,13902
2020,il_ex_msa,81,10-49,1842,30388.0,1477
2020,il_ex_msa,81,100-249,61,8441.0,60
2020,il_ex_msa,81,1000+,2,4200.0,2
2020,il_ex_msa,81,250-499,14,4244.0,14
2020,il_ex_msa,81,50-99,130,8120.0,122
2020,il_ex_msa,81,500-999,2,1201.0,2
2020,il_ex_msa,81,unknown,82,0.0,0
2020,il_ex_msa,92,1-9,5905,22345.0,3943
2020,il_ex_msa,92,10-49,2393,48805.0,1703
2020,il_ex_msa,92,100-249,89,13374.0,88
2020,il_ex_msa,92,1000+,10,27080.0,10
2020,il_ex_msa,92,250-499,47,15530.0,44
2020,il_ex_msa,92,50-99,235,14866.0,234
2020,il_ex_msa,92,500-999,11,6869.0,11
2020,il_ex_msa,99,1-9,770,3616.0,113
2020,il_ex_msa,99,10-49,83,1264.0,32
2020,il_ex_msa,99,100-249,3,481.0,3
2020,il_ex_msa,99,50-99,11,674.0,11
2020,il_ex_msa,99,500-999,1,500.0,1
2020,il_ex_msa,99,unknown,3810,0.0,0
2020,il_ex_msa,,1-9,124,522.0,61
2020,il_ex_msa,,10-49,175,3497.0,72
2020,il_ex_msa,,100-249,4,645.0,4
2020,il_ex_msa,,1000+,2,3400.0,2
2020,il_ex_msa,,250-499,4,1375.0,4
2020,il_ex_msa,,50-99,7,435.0,7
2020,il_ex_msa,,500-999,1,600.0,1
2020,il_ex_msa,,unknown,38,0.0,0
2020,msa_ex_cook,11,1-9,308,939.0,125
2020,msa_ex_cook,11,10-49,34,573.0,29
2020,msa_ex_cook,11,100-249,2,392.0,2
2020,msa_ex_cook,11,250-499,1,250.0,1
2020,msa_ex_cook,11,50-99,4,210.0,4
2020,msa_ex_cook,21,1-9,61,298.0,22
2020,msa_ex_cook,21,10-49,24,442.0,16
2020,msa_ex_cook,21,50-99,1,65.0,1
2020,msa_ex_cook,21,unknown,1,0.0,0
2020,msa_ex_cook,22,1-9,78,361.0,36
2020,msa_ex_cook,22,10-49,40,703.0,28
2020,msa_ex_cook,22,100-249,4,470.0,2
2020,msa_ex_cook,22,250-499,2,600.0,2
2020,msa_ex_cook,22,50-99,5,295.0,5
2020,msa_ex_cook,22,500-999,1,700.0,1
2020,msa_ex_cook,23,1-9,8698,30599.0,3629
2020,msa_ex_cook,23,10-49,1658,27898.0,1288
2020,msa_ex_cook,23,100-249,56,7597.0,56
2020,msa_ex_cook,23,1000+,3,5000.0,3
2020,msa_ex_cook,23,250-499,13,4030.0,13
2020,msa_ex_cook,23,50-99,125,7579.0,113
2020,msa_ex_cook,23,500-999,5,3001.0,5
2020,msa_ex_cook,31,1-9,396,1824.0,200
2020,msa_ex_cook,31,10-49,187,3322.0,106
2020,msa_ex_cook,31,100-249,31,4627.0,29
2020,msa_ex_cook,31,1000+,1,5000.0,1
2020,msa_ex_cook,31,250-499,6,2230.0,6
2020,msa_ex_cook,31,50-99,26,1556.0,23
2020,msa_ex_cook,31,500-999,1,500.0,1
2020,msa_ex_cook,32,1-9,735,3197.0,495
2020,msa_ex_cook,32,10-49,441,9398.0,315
2020,msa_ex_cook,32,100-249,94,12928.0,80
2020,msa_ex_cook,32,1000+,4,4101.0,4
2020,msa_ex_cook,32,250-499,23,7406.0,23
2020,msa_ex_cook,32,50-99,124,7867.0,97
2020,msa_ex_cook,32,500-999,6,3631.0,6
2020,msa_ex_cook,32,unknown,2,0.0,0
2020,msa_ex_cook,33,1-9,1713,7657.0,1169
2020,msa_ex_cook,33,10-49,1454,28626.0,1008
2020,msa_ex_cook,33,100-249,200,27224.0,180
2020,msa_ex_cook,33,1000+,10,34003.0,10
2020,msa_ex_cook,33,250-499,44,14551.0,44
2020,msa_ex_cook,33,50-99,233,14942.0,216
2020,msa_ex_cook,33,500-999,17,11332.0,17
2020,msa_ex_cook,33,unknown,5,0.0,0
2020,msa_ex_cook,42,1-9,3086,14266.0,1890
2020,msa_ex_cook,42,10-49,1504,27915.0,1099
2020,msa_ex_cook,42,100-249,117,16155.0,107
2020,msa_ex_cook,42,1000+,13,37700.0,13
2020,msa_ex_cook,42,250-499,28,9130.0,28
2020,msa_ex_cook,42,50-99,191,12311.0,182
2020,msa_ex_cook,42,500-999,15,9999.0,13
2020,msa_ex_cook,42,unknown,4,0.0,0
2020,msa_ex_cook,44,1-9,7382,30145.0,3992
2020,msa_ex_cook,44,10-49,2462,44283.0,1753
2020,msa_ex_cook,44,100-249,268,38078.0,210
2020,msa_ex_cook,44,1000+,2,8100.0,2
2020,msa_ex_cook,44,250-499,47,14139.0,39
2020,msa_ex_cook,44,50-99,261,16247.0,214
2020,msa_ex_cook,44,500-999,11,6501.0,11
2020,msa_ex_cook,44,unknown,162,0.0,0
2020,msa_ex_cook,45,1-9,3250,10663.0,1659
2020,msa_ex_cook,45,10-49,763,15084.0,588
2020,msa_ex_cook,45,100-249,106,16481.0,93
2020,msa_ex_cook,45,1000+,5,15501.0,5
2020,msa_ex_cook,45,250-499,31,10096.0,28
2020,msa_ex_cook,45,50-99,105,6531.0,92
2020,msa_ex_cook,45,500-999,5,2700.0,5
2020,msa_ex_cook,45,unknown,751,0.0,0
2020,msa_ex_cook,48,1-9,1888,7303.0,874
2020,msa_ex_cook,48,10-49,489,8929.0,358
2020,msa_ex_cook,48,100-249,62,9044.0,62
2020,msa_ex_cook,48,1000+,2,2100.0,2
2020,msa_ex_cook,48,250-499,12,3826.0,12
2020,msa_ex_cook,48,50-99,81,4927.0,73
2020,msa_ex_cook,48,500-999,4,2400.0,4
2020,msa_ex_cook,49,1-9,165,581.0,96
2020,msa_ex_cook,49,10-49,125,2587.0,82
2020,msa_ex_cook,49,100-249,12,1725.0,12
2020,msa_ex_cook,49,250-499,1,350.0,1
2020,msa_ex_cook,49,50-99,19,1278.0,19
2020,msa_ex_cook,51,1-9,1760,7451.0,749
2020,msa_ex_cook,51,10-49,699,12584.0,377
2020,msa_ex_cook,51,100-249,34,4797.0,31
2020,msa_ex_cook,51,1000+,1,1150.0,1
2020,msa_ex_cook,51,250-499,11,3130.0,11
2020,msa_ex_cook,51,50-99,76,4661.0,65
2020,msa_ex_cook,51,500-999,3,2105.0,3
2020,msa_ex_cook,51,unknown,2,0.0,0
2020,msa_ex_cook,52,1-9,6854,22640.0,2859
2020,msa_ex_cook,52,10-49,1166,19024.0,775
2020,msa_ex_cook,52,100-249,59,8164.0,56
2020,msa_ex_cook,52,1000+,6,12701.0,6
2020,msa_ex_cook,52,250-499,6,1800.0,6
2020,msa_ex_cook,52,50-99,111,7385.0,79
2020,msa_ex_cook,52,500-999,4,2400.0,4
2020,msa_ex_cook,52,unknown,3455,0.0,0
2020,msa_ex_cook,53,1-9,3920,13054.0,1816
2020,msa_ex_cook,53,10-49,548,10178.0,434
2020,msa_ex_cook,53,100-249,26,3649.0,26
2020,msa_ex_cook,53,1000+,2,3000.0,2
2020,msa_ex_cook,53,250-499,5,1500.0,5
2020,msa_ex_cook,53,50-99,83,5095.0,74
2020,msa_ex_cook,53,500-999,2,1190.0,2
2020,msa_ex_cook,53,unknown,298,0.0,0
2020,msa_ex_cook,54,1-9,11197,37682.0,4705
2020,msa_ex_cook,54,10-49,1645,28076.0,1351
2020,msa_ex_cook,54,100-249,81,11482.0,79
2020,msa_ex_cook,54,1000+,5,11341.0,5
2020,msa_ex_cook,54,250-499,20,6493.0,20
2020,msa_ex_cook,54,50-99,163,10072.0,138
2020,msa_ex_cook,54,500-999,9,5445.0,9
2020,msa_ex_cook,54,unknown,190,0.0,0
2020,msa_ex_cook,55,1-9,120,628.0,14
2020,msa_ex_cook,55,10-49,14,359.0,10
2020,msa_ex_cook,55,100-249,2,269.0,2
2020,msa_ex_cook,55,1000+,1,3000.0,1
2020,msa_ex_cook,55,250-499,1,250.0,1
2020,msa_ex_cook,55,50-99,5,285.0,4
2020,msa_ex_cook,55,unknown,3,0.0,0
2020,msa_ex_cook,56,1-9,4149,15395.0,1774
2020,msa_ex_cook,56,10-49,743,13519.0,583
2020,msa_ex_cook,56,100-249,53,7668.0,52
2020,msa_ex_cook,56,1000+,2,6300.0,2
2020,msa_ex_cook,56,250-499,15,4469.0,15
2020,msa_ex_cook,56,50-99,91,5509.0,78
2020,msa_ex_cook,56,500-999,3,1825.0,3
2020,msa_ex_cook,56,unknown,108,0.0,0
2020,msa_ex_cook,61,1-9,1336,4900.0,586
2020,msa_ex_cook,61,10-49,997,23347.0,611
2020,msa_ex_cook,61,100-249,221,28055.0,173
2020,msa_ex_cook,61,1000+,5,8799.0,5
2020,msa_ex_cook,61,250-499,41,13246.0,41
2020,msa_ex_cook,61,50-99,685,45284.0,593
2020,msa_ex_cook,61,500-999,8,5314.0,8
2020,msa_ex_cook,62,1-9,31814,95911.0,3677
2020,msa_ex_cook,62,10-49,3397,58776.0,1927
2020,msa_ex_cook,62,100-249,194,26883.0,168
2020,msa_ex_cook,62,1000+,21,38317.0,21
2020,msa_ex_cook,62,250-499,25,7296.0,25
2020,msa_ex_cook,62,50-99,283,17726.0,226
2020,msa_ex_cook,62,500-999,36,20201.0,17
2020,msa_ex_cook,62,unknown,3,0.0,0
2020,msa_ex_cook,71,1-9,1692,5853.0,732
2020,msa_ex_cook,71,10-49,873,16556.0,406
2020,msa_ex_cook,71,100-249,56,7772.0,53
2020,msa_ex_cook,71,1000+,6,9600.0,3
2020,msa_ex_cook,71,250-499,6,1880.0,5
2020,msa_ex_cook,71,50-99,99,5848.0,91
2020,msa_ex_cook,71,500-999,7,4325.0,6
2020,msa_ex_cook,72,1-9,4212,22417.0,2067
2020,msa_ex_cook,72,10-49,3101,62875.0,2391
2020,msa_ex_cook,72,100-249,106,14381.0,97
2020,msa_ex_cook,72,250-499,9,2683.0,9
2020,msa_ex_cook,72,50-99,387,24167.0,344
2020,msa_ex_cook,72,500-999,1,500.0,1
2020,msa_ex_cook,72,unknown,1,0.0,0
2020,msa_ex_cook,81,1-9,12337,43419.0,6803
2020,msa_ex_cook,81,10-49,1991,31884.0,1805
2020,msa_ex_cook,81,100-249,47,6262.0,47
2020,msa_ex_cook,81,1000+,1,2000.0,1
2020,msa_ex_cook,81,250-499,10,3220.0,10
2020,msa_ex_cook,81,50-99,104,6123.0,100
2020,msa_ex_cook,81,500-999,2,1000.0,2
2020,msa_ex_cook,81,unknown,37,0.0,0
2020,msa_ex_cook,92,1-9,1232,6023.0,747
2020,msa_ex_cook,92,10-49,732,16418.0,551
2020,msa_ex_cook,92,100-249,75,10236.0,75
2020,msa_ex_cook,92,1000+,4,7500.0,4
2020,msa_ex_cook,92,250-499,19,6334.0,18
2020,msa_ex_cook,92,50-99,251,15696.0,215
2020,msa_ex_cook,92,500-999,5,3174.0,5
2020,msa_ex_cook,99,1-9,439,1934.0,108
2020,msa_ex_cook,99,10-49,411,5143.0,54
2020,msa_ex_cook,99,100-249,4,584.0,4
2020,msa_ex_cook,99,1000+,1,3000.0,1
2020,msa_ex_cook,99,50-99,11,692.0,11
2020,msa_ex_cook,99,unknown,6289,0.0,0
2020,msa_ex_cook,,1-9,48,156.0,21
2020,msa_ex_cook,,10-49,68,1548.0,14
2020,msa_ex_cook,,100-249,1,120.0,1
2020,msa_ex_cook,,250-499,1,300.0,1
2020,msa_ex_cook,,unknown,4,0.0,0
2021,chicago,11,1-9,46,125.0,8
2021,chicago,11,10-49,17,366.0,4
2021,chicago,11,100-249,2,201.0,2
2021,chicago,11,250-499,1,400.0,1
2021,chicago,21,1-9,14,57.0,6
2021,chicago,21,10-49,14,234.0,5
2021,chicago,21,100-249,1,200.0,1
2021,chicago,21,unknown,1,0.0,0
2021,chicago,22,1-9,9,48.0,4
2021,chicago,22,10-49,6,152.0,4
2021,chicago,22,100-249,1,123.0,0
2021,chicago,22,1000+,2,6000.0,2
2021,chicago,22,unknown,1,0.0,0
2021,chicago,23,1-9,3072,12211.0,925
2021,chicago,23,10-49,506,8814.0,382
2021,chicago,23,100-249,29,4362.0,29
2021,chicago,23,1000+,3,3800.0,3
2021,chicago,23,250-499,12,3630.0,12
2021,chicago,23,50-99,67,3977.0,58
2021,chicago,23,unknown,3,0.0,0
2021,chicago,31,1-9,364,1656.0,217
2021,chicago,31,10-49,228,5491.0,125
2021,chicago,31,100-249,18,2483.0,15
2021,chicago,31,1000+,3,3900.0,3
2021,chicago,31,250-499,10,3240.0,10
2021,chicago,31,50-99,28,1653.0,23
2021,chicago,31,500-999,14,8551.0,14
2021,chicago,32,1-9,342,1420.0,228
2021,chicago,32,10-49,184,3650.0,136
2021,chicago,32,100-249,17,2418.0,12
2021,chicago,32,1000+,1,1700.0,1
2021,chicago,32,250-499,5,1670.0,5
2021,chicago,32,50-99,27,1560.0,22
2021,chicago,32,500-999,3,2125.0,3
2021,chicago,32,unknown,1,0.0,0
2021,chicago,33,1-9,708,3374.0,435
2021,chicago,33,10-49,456,9015.0,324
2021,chicago,33,100-249,52,7048.0,47
2021,chicago,33,1000+,4,4113.0,4
2021,chicago,33,250-499,6,2198.0,6
2021,chicago,33,50-99,89,5398.0,79
2021,chicago,33,500-999,11,7051.0,11
2021,chicago,33,unknown,3,0.0,0
2021,chicago,42,1-9,1237,5884.0,604
2021,chicago,42,10-49,429,8089.0,300
2021,chicago,42,100-249,32,4531.0,32
2021,chicago,42,1000+,2,3100.0,2
2021,chicago,42,250-499,17,5763.0,17
2021,chicago,42,50-99,65,4073.0,62
2021,chicago,42,500-999,4,2700.0,4
2021,chicago,44,1-9,5359,19197.0,2833
2021,chicago,44,10-49,989,18346.0,721
2021,chicago,44,100-249,105,15392.0,79
2021,chicago,44,1000+,2,11000.0,2
2021,chicago,44,250-499,25,7581.0,24
2021,chicago,44,50-99,122,7510.0,103
2021,chicago,44,500-999,2,1000.0,2
2021,chicago,44,unknown,149,0.0,0
2021,chicago,45,1-9,2138,6842.0,1044
2021,chicago,45,10-49,376,7069.0,261
2021,chicago,45,100-249,45,6688.0,34
2021,chicago,45,1000+,1,1500.0,1
2021,chicago,45,250-499,11,3795.0,9
2021,chicago,45,50-99,50,3110.0,38
2021,chicago,45,500-999,3,1920.0,3
2021,chicago,45,unknown,260,0.0,0
2021,chicago,48,1-9,910,3704.0,323
2021,chicago,48,10-49,265,4341.0,150
2021,chicago,48,100-249,29,4068.0,28
2021,chicago,48,1000+,7,16001.0,7
2021,chicago,48,250-499,7,2079.0,7
2021,chicago,48,50-99,64,3950.0,36
2021,chicago,48,500-999,5,3030.0,5
2021,chicago,49,1-9,84,361.0,33
2021,chicago,49,10-49,19,462.0,17
2021,chicago,49,100-249,16,1917.0,16
2021,chicago,49,1000+,1,1000.0,1
2021,chicago,49,50-99,14,938.0,14
2021,chicago,49,500-999,2,1100.0,2
2021,chicago,51,1-9,1579,6409.0,690
2021,chicago,51,10-49,768,13934.0,293
2021,chicago,51,100-249,47,6365.0,43
2021,chicago,51,1000+,5,10592.0,5
2021,chicago,51,250-499,13,3819.0,13
2021,chicago,51,50-99,80,4964.0,70
2021,chicago,51,500-999,7,4639.0,7
2021,chicago,51,unknown,3,0.0,0
2021,chicago,52,1-9,4354,16298.0,1529
2021,chicago,52,10-49,1016,17727.0,636
2021,chicago,52,100-249,78,11402.0,75
2021,chicago,52,1000+,14,37006.0,14
2021,chicago,52,250-499,19,6015.0,19
2021,chicago,52,50-99,137,8539.0,123
2021,chicago,52,500-999,11,7710.0,11
2021,chicago,52,unknown,1854,0.0,0
2021,chicago,53,1-9,4148,18440.0,1529
2021,chicago,53,10-49,633,10523.0,566
2021,chicago,53,100-249,27,3961.0,27
2021,chicago,53,250-499,16,5450.0,16
2021,chicago,53,50-99,64,3962.0,58
2021,chicago,53,500-999,8,4500.0,8
2021,chicago,53,unknown,171,0.0,0
2021,chicago,54,1-9,11116,37153.0,3698
2021,chicago,54,10-49,1848,32796.0,1428
2021,chicago,54,100-249,154,21739.0,139
2021,chicago,54,1000+,20,34259.0,20
2021,chicago,54,250-499,40,12931.0,40
2021,chicago,54,50-99,294,18438.0,255
2021,chicago,54,500-999,21,12601.0,21
2021,chicago,54,unknown,102,0.0,0
2021,chicago,55,1-9,138,418.0,7
2021,chicago,55,10-49,11,295.0,5
2021,chicago,55,100-249,1,170.0,1
2021,chicago,55,1000+,2,9000.0,2
2021,chicago,55,50-99,2,110.0,2
2021,chicago,55,500-999,1,600.0,1
2021,chicago,56,1-9,2267,8500.0,832
2021,chicago,56,10-49,397,7220.0,300
2021,chicago,56,100-249,39,5781.0,39
2021,chicago,56,1000+,5,10600.0,5
2021,chicago,56,250-499,6,1850.0,6
2021,chicago,56,50-99,52,3087.0,50
2021,chicago,56,500-999,3,1536.0,3
2021,chicago,56,unknown,95,0.0,0
2021,chicago,61,1-9,898,3685.0,346
2021,chicago,61,10-49,922,18776.0,493
2021,chicago,61,100-249,163,21342.0,153
2021,chicago,61,1000+,3,14516.0,3
2021,chicago,61,250-499,12,3754.0,12
2021,chicago,61,50-99,366,24374.0,321
2021,chicago,61,500-999,14,9162.0,14
2021,chicago,61,unknown,2,0.0,0
2021,chicago,62,1-9,30049,89570.0,2354
2021,chicago,62,10-49,1731,31768.0,1102
2021,chicago,62,100-249,137,18172.0,111
2021,chicago,62,1000+,23,83707.0,23
2021,chicago,62,250-499,28,9335.0,26
2021,chicago,62,50-99,153,9890.0,145
2021,chicago,62,500-999,14,9913.0,14
2021,chicago,62,unknown,20,0.0,0
2021,chicago,71,1-9,1321,5522.0,470
2021,chicago,71,10-49,466,7978.0,226
2021,chicago,71,100-249,23,2974.0,18
2021,chicago,71,1000+,4,5200.0,4
2021,chicago,71,250-499,6,1878.0,6
2021,chicago,71,50-99,45,2882.0,39
2021,chicago,71,500-999,3,1700.0,3
2021,chicago,72,1-9,5421,26322.0,2299
2021,chicago,72,10-49,2057,39844.0,1530
2021,chicago,72,100-249,118,16683.0,107
2021,chicago,72,1000+,5,7700.0,5
2021,chicago,72,250-499,21,6625.0,20
2021,chicago,72,50-99,250,15874.0,213
2021,chicago,72,500-999,10,6250.0,10
2021,chicago,81,1-9,9978,36256.0,4929
2021,chicago,81,10-49,1079,18737.0,1007
2021,chicago,81,100-249,65,9032.0,56
2021,chicago,81,1000+,3,3100.0,3
2021,chicago,81,250-499,14,4635.0,14
2021,chicago,81,50-99,110,6702.0,108
2021,chicago,81,500-999,3,1701.0,3
2021,chicago,81,unknown,3,0.0,0
2021,chicago,92,1-9,417,2458.0,201
2021,chicago,92,10-49,407,7433.0,195
2021,chicago,92,100-249,61,9218.0,61
2021,chicago,92,1000+,7,14877.0,7
2021,chicago,92,250-499,32,10002.0,32
2021,chicago,92,50-99,72,4182.0,45
2021,chicago,92,500-999,8,5100.0,8
2021,chicago,92,unknown,1,0.0,0
2021,chicago,99,1-9,80,241.0,78
2021,chicago,99,10-49,1039,10712.0,40
2021,chicago,99,100-249,2,360.0,2
2021,chicago,99,250-499,1,250.0,1
2021,chicago,99,50-99,9,606.0,9
2021,chicago,99,500-999,2,1100.0,2
2021,chicago,99,unknown,6965,0.0,0
2021,chicago,,1-9,27,148.0,18
2021,chicago,,10-49,102,1700.0,17
2021,chicago,,100-249,11,1295.0,6
2021,chicago,,1000+,1,8534.0,1
2021,chicago,,250-499,1,380.0,1
2021,chicago,,50-99,4,235.0,4
2021,cook_ex_chicago,11,1-9,50,170.0,11
2021,cook_ex_chicago,11,10-49,26,509.0,11
2021,cook_ex_chicago,11,100-249,2,200.0,1
2021,cook_ex_chicago,11,50-99,1,52.0,1
2021,cook_ex_chicago,21,1-9,32,161.0,9
2021,cook_ex_chicago,21,10-49,5,81.0,4
2021,cook_ex_chicago,21,100-249,1,100.0,1
2021,cook_ex_chicago,21,50-99,4,275.0,4
2021,cook_ex_chicago,21,unknown,1,0.0,0
2021,cook_ex_chicago,22,1-9,43,185.0,28
2021,cook_ex_chicago,22,10-49,19,411.0,18
2021,cook_ex_chicago,22,100-249,1,225.0,1
2021,cook_ex_chicago,22,50-99,4,206.0,4
2021,cook_ex_chicago,23,1-9,5157,20853.0,1761
2021,cook_ex_chicago,23,10-49,969,17196.0,778
2021,cook_ex_chicago,23,100-249,38,5150.0,38
2021,cook_ex_chicago,23,1000+,1,6000.0,1
2021,cook_ex_chicago,23,250-499,2,550.0,2
2021,cook_ex_chicago,23,50-99,112,6496.0,91
2021,cook_ex_chicago,23,500-999,4,2400.0,4
2021,cook_ex_chicago,31,1-9,292,1461.0,130
2021,cook_ex_chicago,31,10-49,163,3874.0,92
2021,cook_ex_chicago,31,100-249,20,2466.0,17
2021,cook_ex_chicago,31,1000+,2,3300.0,2
2021,cook_ex_chicago,31,250-499,6,1903.0,6
2021,cook_ex_chicago,31,50-99,29,1760.0,24
2021,cook_ex_chicago,31,500-999,3,1900.0,3
2021,cook_ex_chicago,32,1-9,474,2176.0,319
2021,cook_ex_chicago,32,10-49,290,5858.0,207
2021,cook_ex_chicago,32,100-249,56,7488.0,55
2021,cook_ex_chicago,32,1000+,1,1000.0,1
2021,cook_ex_chicago,32,250-499,11,3174.0,11
2021,cook_ex_chicago,32,50-99,77,5016.0,61
2021,cook_ex_chicago,32,500-999,1,600.0,1
2021,cook_ex_chicago,33,1-9,1198,6012.0,762
2021,cook_ex_chicago,33,10-49,839,17205.0,616
2021,cook_ex_chicago,33,100-249,110,14709.0,97
2021,cook_ex_chicago,33,1000+,3,3300.0,3
2021,cook_ex_chicago,33,250-499,21,6609.0,21
2021,cook_ex_chicago,33,50-99,160,10218.0,150
2021,cook_ex_chicago,33,500-999,10,5652.0,10
2021,cook_ex_chicago,33,unknown,2,0.0,0
2021,cook_ex_chicago,42,1-9,2106,10251.0,1152
2021,cook_ex_chicago,42,10-49,867,15155.0,643
2021,cook_ex_chicago,42,100-249,78,10671.0,71
2021,cook_ex_chicago,42,1000+,5,11200.0,5
2021,cook_ex_chicago,42,250-499,23,7285.0,23
2021,cook_ex_chicago,42,50-99,125,7434.0,120
2021,cook_ex_chicago,42,500-999,10,6679.0,10
2021,cook_ex_chicago,42,unknown,3,0.0,0
2021,cook_ex_chicago,44,1-9,5593,22201.0,2948
2021,cook_ex_chicago,44,10-49,1546,29460.0,1094
2021,cook_ex_chicago,44,100-249,194,27655.0,158
2021,cook_ex_chicago,44,1000+,3,3500.0,3
2021,cook_ex_chicago,44,250-499,32,9232.0,29
2021,cook_ex_chicago,44,50-99,189,11701.0,159
2021,cook_ex_chicago,44,500-999,6,3651.0,6
2021,cook_ex_chicago,44,unknown,154,0.0,0
2021,cook_ex_chicago,45,1-9,2118,7125.0,1024
2021,cook_ex_chicago,45,10-49,579,11169.0,384
2021,cook_ex_chicago,45,100-249,68,10714.0,58
2021,cook_ex_chicago,45,1000+,2,7800.0,2
2021,cook_ex_chicago,45,250-499,34,10834.0,30
2021,cook_ex_chicago,45,50-99,78,4718.0,65
2021,cook_ex_chicago,45,500-999,4,2150.0,4
2021,cook_ex_chicago,45,unknown,463,0.0,0
2021,cook_ex_chicago,48,1-9,1587,6305.0,642
2021,cook_ex_chicago,48,10-49,412,6812.0,263
2021,cook_ex_chicago,48,100-249,43,6176.0,40
2021,cook_ex_chicago,48,1000+,1,1600.0,1
2021,cook_ex_chicago,48,250-499,16,4950.0,16
2021,cook_ex_chicago,48,50-99,74,4350.0,44
2021,cook_ex_chicago,49,1-9,91,359.0,39
2021,cook_ex_chicago,49,10-49,44,1005.0,39
2021,cook_ex_chicago,49,100-249,16,2182.0,16
2021,cook_ex_chicago,49,250-499,3,870.0,3
2021,cook_ex_chicago,49,50-99,20,1375.0,18
2021,cook_ex_chicago,51,1-9,1219,4884.0,536
2021,cook_ex_chicago,51,10-49,587,10853.0,234
2021,cook_ex_chicago,51,100-249,26,3683.0,24
2021,cook_ex_chicago,51,1000+,1,5001.0,1
2021,cook_ex_chicago,51,250-499,5,1636.0,5
2021,cook_ex_chicago,51,50-99,52,3010.0,42
2021,cook_ex_chicago,51,500-999,5,2551.0,5
2021,cook_ex_chicago,51,unknown,4,0.0,0
2021,cook_ex_chicago,52,1-9,5053,17975.0,2100
2021,cook_ex_chicago,52,10-49,834,13826.0,561
2021,cook_ex_chicago,52,100-249,32,4504.0,32
2021,cook_ex_chicago,52,1000+,8,35001.0,8
2021,cook_ex_chicago,52,250-499,9,2610.0,9
2021,cook_ex_chicago,52,50-99,75,4814.0,70
2021,cook_ex_chicago,52,500-999,3,1500.0,3
2021,cook_ex_chicago,52,unknown,2311,0.0,0
2021,cook_ex_chicago,53,1-9,2986,12303.0,1136
2021,cook_ex_chicago,53,10-49,373,6873.0,311
2021,cook_ex_chicago,53,100-249,16,1831.0,16
2021,cook_ex_chicago,53,1000+,1,1200.0,1
2021,cook_ex_chicago,53,250-499,2,575.0,2
2021,cook_ex_chicago,53,50-99,68,4072.0,60
2021,cook_ex_chicago,53,unknown,180,0.0,0
2021,cook_ex_chicago,54,1-9,7777,27556.0,3169
2021,cook_ex_chicago,54,10-49,1241,19560.0,854
2021,cook_ex_chicago,54,100-249,67,9076.0,65
2021,cook_ex_chicago,54,1000+,6,17100.0,6
2021,cook_ex_chicago,54,250-499,14,4445.0,14
2021,cook_ex_chicago,54,50-99,121,7605.0,102
2021,cook_ex_chicago,54,500-999,7,4699.0,7
2021,cook_ex_chicago,54,unknown,128,0.0,0
2021,cook_ex_chicago,55,1-9,85,271.0,12
2021,cook_ex_chicago,55,10-49,15,424.0,6
2021,cook_ex_chicago,55,100-249,2,230.0,2
2021,cook_ex_chicago,55,50-99,4,232.0,4
2021,cook_ex_chicago,56,1-9,2475,9765.0,1002
2021,cook_ex_chicago,56,10-49,469,8606.0,373
2021,cook_ex_chicago,56,100-249,38,4875.0,37
2021,cook_ex_chicago,56,1000+,2,2000.0,2
2021,cook_ex_chicago,56,250-499,6,1650.0,6
2021,cook_ex_chicago,56,50-99,67,3983.0,66
2021,cook_ex_chicago,56,500-999,3,1676.0,3
2021,cook_ex_chicago,56,unknown,90,0.0,0
2021,cook_ex_chicago,61,1-9,865,3456.0,346
2021,cook_ex_chicago,61,10-49,993,21885.0,474
2021,cook_ex_chicago,61,100-249,103,14228.0,98
2021,cook_ex_chicago,61,1000+,6,7900.0,6
2021,cook_ex_chicago,61,250-499,42,13180.0,42
2021,cook_ex_chicago,61,50-99,471,31313.0,413
2021,cook_ex_chicago,61,500-999,10,6043.0,10
2021,cook_ex_chicago,61,unknown,1,0.0,0
2021,cook_ex_chicago,62,1-9,30589,93199.0,2769
2021,cook_ex_chicago,62,10-49,2617,47667.0,1426
2021,cook_ex_chicago,62,100-249,163,21653.0,133
2021,cook_ex_chicago,62,1000+,18,47024.0,18
2021,cook_ex_chicago,62,250-499,33,10437.0,33
2021,cook_ex_chicago,62,50-99,204,12038.0,166
2021,cook_ex_chicago,62,500-999,13,8879.0,13
2021,cook_ex_chicago,62,unknown,12,0.0,0
2021,cook_ex_chicago,71,1-9,1117,4939.0,409
2021,cook_ex_chicago,71,10-49,515,9539.0,293
2021,cook_ex_chicago,71,100-249,55,6772.0,45
2021,cook_ex_chicago,71,1000+,2,2500.0,2
2021,cook_ex_chicago,71,250-499,5,1483.0,5
2021,cook_ex_chicago,71,50-99,87,5326.0,67
2021,cook_ex_chicago,71,500-999,8,4940.0,7
2021,cook_ex_chicago,72,1-9,3795,18624.0,1832
2021,cook_ex_chicago,72,10-49,2210,44224.0,1669
2021,cook_ex_chicago,72,100-249,87,11812.0,73
2021,cook_ex_chicago,72,250-499,15,4924.0,15
2021,cook_ex_chicago,72,50-99,249,16064.0,227
2021,cook_ex_chicago,72,500-999,2,1330.0,2
2021,cook_ex_chicago,81,1-9,9371,34623.0,5005
2021,cook_ex_chicago,81,10-49,1297,21444.0,1211
2021,cook_ex_chicago,81,100-249,52,6890.0,48
2021,cook_ex_chicago,81,1000+,1,1350.0,1
2021,cook_ex_chicago,81,250-499,5,1400.0,5
2021,cook_ex_chicago,81,50-99,86,5307.0,85
2021,cook_ex_chicago,81,500-999,6,4020.0,6
2021,cook_ex_chicago,81,unknown,40,0.0,0
2021,cook_ex_chicago,92,1-9,673,3728.0,386
2021,cook_ex_chicago,92,10-49,506,11639.0,355
2021,cook_ex_chicago,92,100-249,73,10039.0,73
2021,cook_ex_chicago,92,250-499,15,5375.0,15
2021,cook_ex_chicago,92,50-99,137,8205.0,116
2021,cook_ex_chicago,92,500-999,6,3465.0,6
2021,cook_ex_chicago,99,1-9,76,203.0,67
2021,cook_ex_chicago,99,10-49,635,6620.0,32
2021,cook_ex_chicago,99,100-249,4,485.0,3
2021,cook_ex_chicago,99,50-99,8,539.0,8
2021,cook_ex_chicago,99,unknown,4493,0.0,0
2021,cook_ex_chicago,,1-9,18,91.0,10
2021,cook_ex_chicago,,10-49,62,975.0,13
2021,cook_ex_chicago,,100-249,10,1140.0,2
2021,cook_ex_chicago,,1000+,1,5000.0,1
2021,cook_ex_chicago,,50-99,3,215.0,3
2021,il_ex_msa,11,1-9,1843,4966.0,1025
2021,il_ex_msa,11,10-49,146,2463.0,133
2021,il_ex_msa,11,100-249,9,1200.0,9
2021,il_ex_msa,11,250-499,2,540.0,2
2021,il_ex_msa,11,50-99,17,999.0,16
2021,il_ex_msa,11,500-999,1,500.0,1
2021,il_ex_msa,21,1-9,200,890.0,111
2021,il_ex_msa,21,10-49,73,1275.0,53
2021,il_ex_msa,21,100-249,6,1035.0,3
2021,il_ex_msa,21,250-499,3,1055.0,3
2021,il_ex_msa,21,50-99,3,210.0,3
2021,il_ex_msa,22,1-9,360,1310.0,284
2021,il_ex_msa,22,10-49,131,2740.0,65
2021,il_ex_msa,22,100-249,7,923.0,6
2021,il_ex_msa,22,1000+,2,3932.0,2
2021,il_ex_msa,22,250-499,5,1510.0,5
2021,il_ex_msa,22,50-99,17,981.0,17
2021,il_ex_msa,22,500-999,1,500.0,1
2021,il_ex_msa,23,1-9,8995,29732.0,4627
2021,il_ex_msa,23,10-49,1399,24004.0,1176
2021,il_ex_msa,23,100-249,54,7085.0,53
2021,il_ex_msa,23,250-499,14,4706.0,14
2021,il_ex_msa,23,50-99,132,7863.0,126
2021,il_ex_msa,23,500-999,6,3330.0,6
2021,il_ex_msa,23,unknown,3,0.0,0
2021,il_ex_msa,31,1-9,555,2571.0,309
2021,il_ex_msa,31,10-49,233,4060.0,142
2021,il_ex_msa,31,100-249,31,4101.0,28
2021,il_ex_msa,31,1000+,4,9400.0,4
2021,il_ex_msa,31,250-499,12,4016.0,12
2021,il_ex_msa,31,50-99,35,2302.0,32
2021,il_ex_msa,31,500-999,5,3800.0,5
2021,il_ex_msa,32,1-9,735,3034.0,526
2021,il_ex_msa,32,10-49,311,6519.0,243
2021,il_ex_msa,32,100-249,46,6403.0,43
2021,il_ex_msa,32,1000+,2,2000.0,2
2021,il_ex_msa,32,250-499,16,5293.0,16
2021,il_ex_msa,32,50-99,76,4980.0,70
2021,il_ex_msa,32,500-999,5,3450.0,5
2021,il_ex_msa,32,unknown,2,0.0,0
2021,il_ex_msa,33,1-9,1689,7083.0,1186
2021,il_ex_msa,33,10-49,844,16985.0,644
2021,il_ex_msa,33,100-249,135,19039.0,128
2021,il_ex_msa,33,1000+,5,9801.0,5
2021,il_ex_msa,33,250-499,38,12769.0,38
2021,il_ex_msa,33,50-99,186,12250.0,172
2021,il_ex_msa,33,500-999,19,13110.0,19
2021,il_ex_msa,42,1-9,3428,14335.0,2334
2021,il_ex_msa,42,10-49,1404,25961.0,1108
2021,il_ex_msa,42,100-249,88,11947.0,80
2021,il_ex_msa,42,1000+,2,2600.0,2
2021,il_ex_msa,42,250-499,28,8936.0,28
2021,il_ex_msa,42,50-99,141,8937.0,139
2021,il_ex_msa,42,500-999,23,13953.0,17
2021,il_ex_msa,42,unknown,4,0.0,0
2021,il_ex_msa,44,1-9,9777,40432.0,6424
2021,il_ex_msa,44,10-49,3225,56697.0,2567
2021,il_ex_msa,44,100-249,225,30413.0,168
2021,il_ex_msa,44,1000+,1,1700.0,1
2021,il_ex_msa,44,250-499,25,7610.0,20
2021,il_ex_msa,44,50-99,295,18846.0,246
2021,il_ex_msa,44,500-999,5,3580.0,5
2021,il_ex_msa,44,unknown,182,0.0,0
2021,il_ex_msa,45,1-9,4538,15295.0,2877
2021,il_ex_msa,45,10-49,729,13762.0,575
2021,il_ex_msa,45,100-249,96,14384.0,86
2021,il_ex_msa,45,250-499,56,18491.0,50
2021,il_ex_msa,45,50-99,80,5276.0,65
2021,il_ex_msa,45,500-999,5,2849.0,5
2021,il_ex_msa,45,unknown,1467,0.0,0
2021,il_ex_msa,48,1-9,1862,6906.0,1081
2021,il_ex_msa,48,10-49,669,12726.0,504
2021,il_ex_msa,48,100-249,53,7244.0,51
2021,il_ex_msa,48,1000+,1,2800.0,1
2021,il_ex_msa,48,250-499,10,3010.0,10
2021,il_ex_msa,48,50-99,100,6306.0,87
2021,il_ex_msa,48,500-999,4,2500.0,4
2021,il_ex_msa,48,unknown,1,0.0,0
2021,il_ex_msa,49,1-9,1368,4938.0,1150
2021,il_ex_msa,49,10-49,248,4656.0,241
2021,il_ex_msa,49,100-249,13,1911.0,13
2021,il_ex_msa,49,250-499,2,650.0,2
2021,il_ex_msa,49,50-99,24,1514.0,22
2021,il_ex_msa,49,500-999,3,2150.0,3
2021,il_ex_msa,49,unknown,1,0.0,0
2021,il_ex_msa,51,1-9,2143,8929.0,1249
2021,il_ex_msa,51,10-49,765,13493.0,487
2021,il_ex_msa,51,100-249,35,4652.0,31
2021,il_ex_msa,51,1000+,3,9000.0,3
2021,il_ex_msa,51,250-499,8,2350.0,8
2021,il_ex_msa,51,50-99,108,6650.0,81
2021,il_ex_msa,51,500-999,3,1534.0,3
2021,il_ex_msa,51,unknown,3,0.0,0
2021,il_ex_msa,52,1-9,9090,29971.0,4791
2021,il_ex_msa,52,10-49,1259,20917.0,987
2021,il_ex_msa,52,100-249,34,4252.0,34
2021,il_ex_msa,52,1000+,10,46454.0,10
2021,il_ex_msa,52,250-499,10,3482.0,10
2021,il_ex_msa,52,50-99,123,7394.0,105
2021,il_ex_msa,52,500-999,9,5618.0,9
2021,il_ex_msa,52,unknown,6473,0.0,0
2021,il_ex_msa,53,1-9,4914,14833.0,2717
2021,il_ex_msa,53,10-49,514,8784.0,432
2021,il_ex_msa,53,100-249,24,3196.0,24
2021,il_ex_msa,53,50-99,39,2481.0,34
2021,il_ex_msa,53,unknown,504,0.0,0
2021,il_ex_msa,54,1-9,9563,31736.0,4412
2021,il_ex_msa,54,10-49,1553,25919.0,1162
2021,il_ex_msa,54,100-249,58,8007.0,53
2021,il_ex_msa,54,1000+,3,5500.0,3
2021,il_ex_msa,54,250-499,11,3454.0,11
2021,il_ex_msa,54,50-99,128,8094.0,109
2021,il_ex_msa,54,500-999,3,2000.0,3
2021,il_ex_msa,54,unknown,216,0.0,0
2021,il_ex_msa,55,1-9,96,379.0,33
2021,il_ex_msa,55,10-49,113,2596.0,54
2021,il_ex_msa,55,100-249,1,130.0,1
2021,il_ex_msa,55,250-499,1,350.0,1
2021,il_ex_msa,55,50-99,16,989.0,13
2021,il_ex_msa,55,500-999,1,900.0,1
2021,il_ex_msa,55,unknown,1,0.0,0
2021,il_ex_msa,56,1-9,4025,12845.0,2054
2021,il_ex_msa,56,10-49,630,11230.0,448
2021,il_ex_msa,56,100-249,25,3481.0,24
2021,il_ex_msa,56,1000+,1,1000.0,1
2021,il_ex_msa,56,250-499,6,1850.0,6
2021,il_ex_msa,56,50-99,62,3743.0,56
2021,il_ex_msa,56,unknown,171,0.0,0
2021,il_ex_msa,61,1-9,1232,4600.0,724
2021,il_ex_msa,61,10-49,1964,49416.0,1347
2021,il_ex_msa,61,100-249,192,26805.0,192
2021,il_ex_msa,61,1000+,4,15247.0,4
2021,il_ex_msa,61,250-499,28,8460.0,28
2021,il_ex_msa,61,50-99,894,57206.0,740
2021,il_ex_msa,61,500-999,8,4561.0,8
2021,il_ex_msa,62,1-9,34114,98673.0,4266
2021,il_ex_msa,62,10-49,4509,82272.0,2687
2021,il_ex_msa,62,100-249,382,53332.0,353
2021,il_ex_msa,62,1000+,42,102368.0,42
2021,il_ex_msa,62,250-499,63,21090.0,56
2021,il_ex_msa,62,50-99,554,35912.0,464
2021,il_ex_msa,62,500-999,36,23495.0,36
2021,il_ex_msa,62,unknown,13,0.0,0
2021,il_ex_msa,71,1-9,2315,7997.0,1201
2021,il_ex_msa,71,10-49,979,18002.0,536
2021,il_ex_msa,71,100-249,36,4999.0,36
2021,il_ex_msa,71,1000+,20,21900.0,2
2021,il_ex_msa,71,250-499,6,1905.0,6
2021,il_ex_msa,71,50-99,67,4019.0,65
2021,il_ex_msa,71,500-999,3,1650.0,3
2021,il_ex_msa,71,unknown,1,0.0,0
2021,il_ex_msa,72,1-9,5611,27045.0,3588
2021,il_ex_msa,72,10-49,4306,83861.0,3251
2021,il_ex_msa,72,100-249,111,13783.0,101
2021,il_ex_msa,72,250-499,3,960.0,3
2021,il_ex_msa,72,50-99,474,29681.0,441
2021,il_ex_msa,72,500-999,2,1200.0,2
2021,il_ex_msa,81,1-9,20602,61271.0,13798
2021,il_ex_msa,81,10-49,1865,30666.0,1483
2021,il_ex_msa,81,100-249,60,8347.0,59
2021,il_ex_msa,81,1000+,2,4200.0,2
2021,il_ex_msa,81,250-499,13,3984.0,13
2021,il_ex_msa,81,50-99,129,7956.0,120
2021,il_ex_msa,81,500-999,2,1201.0,2
2021,il_ex_msa,81,unknown,84,0.0,0
2021,il_ex_msa,92,1-9,6126,23287.0,4103
2021,il_ex_msa,92,10-49,2540,52138.0,1755
2021,il_ex_msa,92,100-249,87,12988.0,86
2021,il_ex_msa,92,1000+,9,24780.0,9
2021,il_ex_msa,92,250-499,50,16564.0,46
2021,il_ex_msa,92,50-99,239,15160.0,232
2021,il_ex_msa,92,500-999,12,7369.0,12
2021,il_ex_msa,99,1-9,895,4218.0,100
2021,il_ex_msa,99,10-49,83,1219.0,29
2021,il_ex_msa,99,100-249,2,321.0,2
2021,il_ex_msa,99,50-99,9,549.0,9
2021,il_ex_msa,99,500-999,1,500.0,1
2021,il_ex_msa,99,unknown,3634,0.0,0
2021,il_ex_msa,,1-9,118,502.0,56
2021,il_ex_msa,,10-49,196,3825.0,76
2021,il_ex_msa,,100-249,4,645.0,4
2021,il_ex_msa,,1000+,1,2400.0,1
2021,il_ex_msa,,250-499,3,950.0,3
2021,il_ex_msa,,50-99,8,485.0,8
2021,il_ex_msa,,500-999,1,600.0,1
2021,il_ex_msa,,unknown,36,0.0,0
2021,msa_ex_cook,11,1-9,316,983.0,123
2021,msa_ex_cook,11,10-49,40,723.0,32
2021,msa_ex_cook,11,250-499,1,250.0,1
2021,msa_ex_cook,11,50-99,4,210.0,4
2021,msa_ex_cook,21,1-9,57,293.0,18
2021,msa_ex_cook,21,10-49,29,530.0,16
2021,msa_ex_cook,21,50-99,1,65.0,1
2021,msa_ex_cook,21,unknown,1,0.0,0
2021,msa_ex_cook,22,1-9,83,393.0,36
2021,msa_ex_cook,22,10-49,34,579.0,22
2021,msa_ex_cook,22,100-249,4,470.0,2
2021,msa_ex_cook,22,250-499,2,600.0,2
2021,msa_ex_cook,22,50-99,4,230.0,4
2021,msa_ex_cook,22,500-999,1,700.0,1
2021,msa_ex_cook,23,1-9,8811,31247.0,3546
2021,msa_ex_cook,23,10-49,1661,27913.0,1292
2021,msa_ex_cook,23,100-249,55,7354.0,55
2021,msa_ex_cook,23,1000+,3,5000.0,3
2021,msa_ex_cook,23,250-499,13,3930.0,13
2021,msa_ex_cook,23,50-99,134,8111.0,122
2021,msa_ex_cook,23,500-999,5,3001.0,5
2021,msa_ex_cook,23,unknown,1,0.0,0
2021,msa_ex_cook,31,1-9,406,1839.0,201
2021,msa_ex_cook,31,10-49,198,3547.0,106
2021,msa_ex_cook,31,100-249,29,4414.0,26
2021,msa_ex_cook,31,250-499,9,3310.0,9
2021,msa_ex_cook,31,50-99,25,1506.0,21
2021,msa_ex_cook,31,500-999,1,600.0,1
2021,msa_ex_cook,32,1-9,754,3286.0,485
2021,msa_ex_cook,32,10-49,455,9493.0,320
2021,msa_ex_cook,32,100-249,94,12863.0,79
2021,msa_ex_cook,32,1000+,4,4101.0,4
2021,msa_ex_cook,32,250-499,23,7356.0,23
2021,msa_ex_cook,32,50-99,130,8230.0,101
2021,msa_ex_cook,32,500-999,6,3631.0,6
2021,msa_ex_cook,32,unknown,1,0.0,0
2021,msa_ex_cook,33,1-9,1743,7889.0,1161
2021,msa_ex_cook,33,10-49,1487,29224.0,983
2021,msa_ex_cook,33,100-249,195,26890.0,177
2021,msa_ex_cook,33,1000+,10,34003.0,10
2021,msa_ex_cook,33,250-499,42,13931.0,42
2021,msa_ex_cook,33,50-99,220,14146.0,204
2021,msa_ex_cook,33,500-999,17,11332.0,17
2021,msa_ex_cook,33,unknown,1,0.0,0
2021,msa_ex_cook,42,1-9,3170,14728.0,1874
2021,msa_ex_cook,42,10-49,1512,28030.0,1089
2021,msa_ex_cook,42,100-249,118,16289.0,108
2021,msa_ex_cook,42,1000+,13,42700.0,13
2021,msa_ex_cook,42,250-499,26,8530.0,26
2021,msa_ex_cook,42,50-99,185,11879.0,176
2021,msa_ex_cook,42,500-999,13,8649.0,11
2021,msa_ex_cook,42,unknown,3,0.0,0
2021,msa_ex_cook,44,1-9,7514,30824.0,3960
2021,msa_ex_cook,44,10-49,2436,43478.0,1727
2021,msa_ex_cook,44,100-249,260,36689.0,203
2021,msa_ex_cook,44,1000+,1,6100.0,1
2021,msa_ex_cook,44,250-499,46,13789.0,38
2021,msa_ex_cook,44,50-99,241,14964.0,203
2021,msa_ex_cook,44,500-999,11,6501.0,11
2021,msa_ex_cook,44,unknown,210,0.0,0
2021,msa_ex_cook,45,1-9,3263,10619.0,1629
2021,msa_ex_cook,45,10-49,751,14747.0,579
2021,msa_ex_cook,45,100-249,109,16911.0,95
2021,msa_ex_cook,45,1000+,4,5501.0,4
2021,msa_ex_cook,45,250-499,33,10921.0,29
2021,msa_ex_cook,45,50-99,96,5979.0,86
2021,msa_ex_cook,45,500-999,5,2600.0,5
2021,msa_ex_cook,45,unknown,755,0.0,0
2021,msa_ex_cook,48,1-9,1976,7770.0,863
2021,msa_ex_cook,48,10-49,527,9659.0,370
2021,msa_ex_cook,48,100-249,68,9855.0,68
2021,msa_ex_cook,48,1000+,1,1100.0,1
2021,msa_ex_cook,48,250-499,13,4226.0,13
2021,msa_ex_cook,48,50-99,83,5041.0,74
2021,msa_ex_cook,48,500-999,3,1800.0,3
2021,msa_ex_cook,48,unknown,1,0.0,0
2021,msa_ex_cook,49,1-9,179,645.0,103
2021,msa_ex_cook,49,10-49,130,2717.0,86
2021,msa_ex_cook,49,100-249,16,2255.0,16
2021,msa_ex_cook,49,250-499,2,618.0,2
2021,msa_ex_cook,49,50-99,24,1647.0,22
2021,msa_ex_cook,51,1-9,1743,7474.0,719
2021,msa_ex_cook,51,10-49,722,12969.0,368
2021,msa_ex_cook,51,100-249,34,4796.0,31
2021,msa_ex_cook,51,1000+,1,1150.0,1
2021,msa_ex_cook,51,250-499,11,3130.0,11
2021,msa_ex_cook,51,50-99,77,4767.0,66
2021,msa_ex_cook,51,500-999,3,2105.0,3
2021,msa_ex_cook,52,1-9,6781,22531.0,2833
2021,msa_ex_cook,52,10-49,1148,18711.0,755
2021,msa_ex_cook,52,100-249,57,7921.0,55
2021,msa_ex_cook,52,1000+,5,10701.0,5
2021,msa_ex_cook,52,250-499,7,2100.0,7
2021,msa_ex_cook,52,50-99,113,7499.0,79
2021,msa_ex_cook,52,500-999,4,2400.0,4
2021,msa_ex_cook,52,unknown,3443,0.0,0
2021,msa_ex_cook,53,1-9,4012,13400.0,1811
2021,msa_ex_cook,53,10-49,574,10842.0,449
2021,msa_ex_cook,53,100-249,31,4324.0,31
2021,msa_ex_cook,53,1000+,2,3000.0,2
2021,msa_ex_cook,53,250-499,5,1500.0,5
2021,msa_ex_cook,53,50-99,88,5375.0,78
2021,msa_ex_cook,53,500-999,2,1190.0,2
2021,msa_ex_cook,53,unknown,298,0.0,0
2021,msa_ex_cook,54,1-9,11391,38527.0,4661
2021,msa_ex_cook,54,10-49,1747,29426.0,1357
2021,msa_ex_cook,54,100-249,82,11642.0,80
2021,msa_ex_cook,54,1000+,6,21341.0,6
2021,msa_ex_cook,54,250-499,21,6793.0,21
2021,msa_ex_cook,54,50-99,168,10240.0,142
2021,msa_ex_cook,54,500-999,9,5445.0,9
2021,msa_ex_cook,54,unknown,163,0.0,0
2021,msa_ex_cook,55,1-9,124,663.0,12
2021,msa_ex_cook,55,10-49,17,472.0,10
2021,msa_ex_cook,55,100-249,2,269.0,2
2021,msa_ex_cook,55,1000+,1,3000.0,1
2021,msa_ex_cook,55,250-499,1,250.0,1
2021,msa_ex_cook,55,50-99,6,320.0,3
2021,msa_ex_cook,56,1-9,4179,15615.0,1762
2021,msa_ex_cook,56,10-49,769,13975.0,578
2021,msa_ex_cook,56,100-249,48,6900.0,48
2021,msa_ex_cook,56,1000+,2,6300.0,2
2021,msa_ex_cook,56,250-499,14,4219.0,14
2021,msa_ex_cook,56,50-99,87,5214.0,75
2021,msa_ex_cook,56,500-999,4,2325.0,4
2021,msa_ex_cook,56,unknown,117,0.0,0
2021,msa_ex_cook,61,1-9,1369,5047.0,585
2021,msa_ex_cook,61,10-49,1044,24172.0,592
2021,msa_ex_cook,61,100-249,239,30362.0,181
2021,msa_ex_cook,61,1000+,6,9799.0,6
2021,msa_ex_cook,61,250-499,41,13246.0,41
2021,msa_ex_cook,61,50-99,708,46649.0,600
2021,msa_ex_cook,61,500-999,8,5514.0,8
2021,msa_ex_cook,62,1-9,34138,101087.0,3671
2021,msa_ex_cook,62,10-49,3543,61383.0,1930
2021,msa_ex_cook,62,100-249,208,28534.0,178
2021,msa_ex_cook,62,1000+,21,38317.0,21
2021,msa_ex_cook,62,250-499,27,8055.0,26
2021,msa_ex_cook,62,50-99,297,18560.0,231
2021,msa_ex_cook,62,500-999,39,21709.0,16
2021,msa_ex_cook,62,unknown,1,0.0,0
2021,msa_ex_cook,71,1-9,1738,6003.0,743
2021,msa_ex_cook,71,10-49,941,17701.0,403
2021,msa_ex_cook,71,100-249,53,7272.0,50
2021,msa_ex_cook,71,1000+,8,11800.0,3
2021,msa_ex_cook,71,250-499,7,2130.0,6
2021,msa_ex_cook,71,50-99,100,5924.0,89
2021,msa_ex_cook,71,500-999,6,3925.0,5
2021,msa_ex_cook,72,1-9,4255,22543.0,2042
2021,msa_ex_cook,72,10-49,3134,63161.0,2383
2021,msa_ex_cook,72,100-249,105,14316.0,95
2021,msa_ex_cook,72,250-499,8,2433.0,8
2021,msa_ex_cook,72,50-99,386,24100.0,346
2021,msa_ex_cook,72,500-999,2,1001.0,2
2021,msa_ex_cook,81,1-9,12466,43955.0,6730
2021,msa_ex_cook,81,10-49,2030,32513.0,1843
2021,msa_ex_cook,81,100-249,48,6416.0,48
2021,msa_ex_cook,81,1000+,1,2000.0,1
2021,msa_ex_cook,81,250-499,10,3070.0,10
2021,msa_ex_cook,81,50-99,106,6211.0,99
2021,msa_ex_cook,81,500-999,3,1500.0,3
2021,msa_ex_cook,81,unknown,36,0.0,0
2021,msa_ex_cook,92,1-9,1289,6354.0,752
2021,msa_ex_cook,92,10-49,772,17316.0,559
2021,msa_ex_cook,92,100-249,76,10176.0,76
2021,msa_ex_cook,92,1000+,4,7500.0,4
2021,msa_ex_cook,92,250-499,21,6919.0,19
2021,msa_ex_cook,92,50-99,253,15584.0,205
2021,msa_ex_cook,92,500-999,5,3174.0,5
2021,msa_ex_cook,99,1-9,476,2122.0,101
2021,msa_ex_cook,99,10-49,462,5681.0,52
2021,msa_ex_cook,99,100-249,2,304.0,2
2021,msa_ex_cook,99,1000+,1,3000.0,1
2021,msa_ex_cook,99,50-99,10,631.0,10
2021,msa_ex_cook,99,unknown,6151,0.0,0
2021,msa_ex_cook,,1-9,49,157.0,18
2021,msa_ex_cook,,10-49,74,1704.0,13
2021,msa_ex_cook,,100-249,1,120.0,1
2021,msa_ex_cook,,250-499,1,300.0,1
2021,msa_ex_cook,,unknown,4,0.0,0
2022,chicago,11,1-9,43,118.0,8
2022,chicago,11,10-49,15,301.0,3
2022,chicago,11,100-249,3,401.0,3
2022,chicago,11,250-499,1,400.0,1
2022,chicago,11,unknown,1,0.0,0
2022,chicago,21,1-9,13,53.0,6
2022,chicago,21,10-49,15,247.0,6
2022,chicago,21,100-249,1,200.0,1
2022,chicago,21,unknown,1,0.0,0
2022,chicago,22,1-9,9,43.0,5
2022,chicago,22,10-49,6,152.0,4
2022,chicago,22,100-249,2,273.0,1
2022,chicago,22,1000+,2,6000.0,2
2022,chicago,22,unknown,1,0.0,0
2022,chicago,23,1-9,2976,11809.0,908
2022,chicago,23,10-49,510,8822.0,386
2022,chicago,23,100-249,30,4357.0,30
2022,chicago,23,1000+,4,7300.0,4
2022,chicago,23,250-499,12,3630.0,12
2022,chicago,23,50-99,64,3757.0,55
2022,chicago,23,500-999,1,600.0,1
2022,chicago,23,unknown,43,0.0,0
2022,chicago,31,1-9,378,1718.0,216
2022,chicago,31,10-49,223,5401.0,127
2022,chicago,31,100-249,19,2733.0,16
2022,chicago,31,1000+,3,3900.0,3
2022,chicago,31,250-499,10,3240.0,10
2022,chicago,31,50-99,29,1693.0,24
2022,chicago,31,500-999,13,7850.0,13
2022,chicago,31,unknown,21,0.0,0
2022,chicago,32,1-9,333,1396.0,223
2022,chicago,32,10-49,177,3496.0,131
2022,chicago,32,100-249,19,2618.0,14
2022,chicago,32,1000+,1,1700.0,1
2022,chicago,32,250-499,5,1670.0,5
2022,chicago,32,50-99,23,1355.0,19
2022,chicago,32,500-999,3,2125.0,3
2022,chicago,32,unknown,9,0.0,0
2022,chicago,33,1-9,698,3294.0,434
2022,chicago,33,10-49,445,8849.0,316
2022,chicago,33,100-249,48,6548.0,44
2022,chicago,33,1000+,5,5213.0,5
2022,chicago,33,250-499,8,2898.0,8
2022,chicago,33,50-99,83,5080.0,77
2022,chicago,33,500-999,10,6451.0,10
2022,chicago,33,unknown,13,0.0,0
2022,chicago,42,1-9,1214,5730.0,590
2022,chicago,42,10-49,430,8146.0,301
2022,chicago,42,100-249,31,4531.0,31
2022,chicago,42,1000+,1,3000.0,1
2022,chicago,42,250-499,18,6013.0,18
2022,chicago,42,50-99,68,4249.0,67
2022,chicago,42,500-999,3,1900.0,3
2022,chicago,42,unknown,22,0.0,0
2022,chicago,44,1-9,5200,18693.0,2788
2022,chicago,44,10-49,971,17945.0,713
2022,chicago,44,100-249,104,15247.0,79
2022,chicago,44,1000+,2,11000.0,2
2022,chicago,44,250-499,27,8231.0,26
2022,chicago,44,50-99,121,7551.0,103
2022,chicago,44,500-999,2,1000.0,2
2022,chicago,44,unknown,376,0.0,0
2022,chicago,45,1-9,2053,6533.0,1016
2022,chicago,45,10-49,354,6698.0,252
2022,chicago,45,100-249,42,6288.0,31
2022,chicago,45,250-499,10,3345.0,8
2022,chicago,45,50-99,46,2865.0,36
2022,chicago,45,500-999,2,1220.0,2
2022,chicago,45,unknown,320,0.0,0
2022,chicago,48,1-9,908,3699.0,326
2022,chicago,48,10-49,261,4355.0,153
2022,chicago,48,100-249,25,3500.0,25
2022,chicago,48,1000+,7,16001.0,7
2022,chicago,48,250-499,8,2479.0,8
2022,chicago,48,50-99,62,3795.0,33
2022,chicago,48,500-999,6,3530.0,6
2022,chicago,48,unknown,33,0.0,0
2022,chicago,49,1-9,85,365.0,34
2022,chicago,49,10-49,20,472.0,18
2022,chicago,49,100-249,16,1917.0,16
2022,chicago,49,1000+,1,1000.0,1
2022,chicago,49,50-99,13,888.0,13
2022,chicago,49,500-999,2,1100.0,2
2022,chicago,49,unknown,1,0.0,0
2022,chicago,51,1-9,1551,6143.0,675
2022,chicago,51,10-49,723,13090.0,286
2022,chicago,51,100-249,49,6765.0,45
2022,chicago,51,1000+,3,5192.0,3
2022,chicago,51,250-499,12,3662.0,12
2022,chicago,51,50-99,74,4580.0,65
2022,chicago,51,500-999,7,4639.0,7
2022,chicago,51,unknown,87,0.0,0
2022,chicago,52,1-9,4177,15652.0,1509
2022,chicago,52,10-49,972,17077.0,626
2022,chicago,52,100-249,79,11480.0,77
2022,chicago,52,1000+,14,37006.0,14
2022,chicago,52,250-499,19,6015.0,19
2022,chicago,52,50-99,138,8613.0,124
2022,chicago,52,500-999,10,7210.0,10
2022,chicago,52,unknown,2007,0.0,0
2022,chicago,53,1-9,4013,17802.0,1534
2022,chicago,53,10-49,636,10656.0,574
2022,chicago,53,100-249,29,4326.0,29
2022,chicago,53,250-499,18,5950.0,18
2022,chicago,53,50-99,68,4236.0,62
2022,chicago,53,500-999,7,4000.0,7
2022,chicago,53,unknown,226,0.0,0
2022,chicago,54,1-9,10580,35646.0,3625
2022,chicago,54,10-49,1849,32723.0,1431
2022,chicago,54,100-249,149,21240.0,136
2022,chicago,54,1000+,19,32159.0,19
2022,chicago,54,250-499,38,12331.0,38
2022,chicago,54,50-99,288,18105.0,255
2022,chicago,54,500-999,22,13201.0,22
2022,chicago,54,unknown,2913,0.0,0
2022,chicago,55,1-9,127,391.0,7
2022,chicago,55,10-49,11,308.0,4
2022,chicago,55,100-249,1,115.0,1
2022,chicago,55,1000+,2,9000.0,2
2022,chicago,55,50-99,3,185.0,3
2022,chicago,55,500-999,1,600.0,1
2022,chicago,55,unknown,5,0.0,0
2022,chicago,56,1-9,2218,8275.0,831
2022,chicago,56,10-49,393,7139.0,297
2022,chicago,56,100-249,35,5221.0,35
2022,chicago,56,1000+,5,10600.0,5
2022,chicago,56,250-499,6,1850.0,6
2022,chicago,56,50-99,52,3062.0,50
2022,chicago,56,500-999,3,1536.0,3
2022,chicago,56,unknown,88,0.0,0
2022,chicago,61,1-9,892,3622.0,342
2022,chicago,61,10-49,952,19081.0,489
2022,chicago,61,100-249,167,21723.0,158
2022,chicago,61,1000+,3,14516.0,3
2022,chicago,61,250-499,10,3054.0,10
2022,chicago,61,50-99,372,24810.0,333
2022,chicago,61,500-999,14,9162.0,14
2022,chicago,61,unknown,20,0.0,0
2022,chicago,62,1-9,29349,87172.0,2347
2022,chicago,62,10-49,1735,31730.0,1119
2022,chicago,62,100-249,135,17777.0,109
2022,chicago,62,1000+,23,83707.0,23
2022,chicago,62,250-499,28,9259.0,26
2022,chicago,62,50-99,158,10119.0,151
2022,chicago,62,500-999,13,9113.0,13
2022,chicago,62,unknown,5320,0.0,0
2022,chicago,71,1-9,1321,5600.0,485
2022,chicago,71,10-49,469,7970.0,231
2022,chicago,71,100-249,24,3173.0,17
2022,chicago,71,1000+,4,5200.0,4
2022,chicago,71,250-499,6,1878.0,6
2022,chicago,71,50-99,48,3070.0,40
2022,chicago,71,500-999,3,1700.0,3
2022,chicago,71,unknown,28,0.0,0
2022,chicago,72,1-9,5201,25145.0,2293
2022,chicago,72,10-49,2038,39362.0,1537
2022,chicago,72,100-249,116,16383.0,107
2022,chicago,72,1000+,5,7700.0,5
2022,chicago,72,250-499,23,7225.0,22
2022,chicago,72,50-99,249,15787.0,213
2022,chicago,72,500-999,9,5700.0,9
2022,chicago,72,unknown,349,0.0,0
2022,chicago,81,1-9,9750,35766.0,4894
2022,chicago,81,10-49,1221,20313.0,1016
2022,chicago,81,100-249,68,9363.0,59
2022,chicago,81,1000+,4,4100.0,4
2022,chicago,81,250-499,14,4595.0,14
2022,chicago,81,50-99,115,7016.0,113
2022,chicago,81,500-999,3,1701.0,3
2022,chicago,81,unknown,111,0.0,0
2022,chicago,92,1-9,444,2707.0,190
2022,chicago,92,10-49,427,7942.0,197
2022,chicago,92,100-249,60,9045.0,60
2022,chicago,92,1000+,6,11377.0,6
2022,chicago,92,250-499,33,10372.0,33
2022,chicago,92,50-99,70,4057.0,43
2022,chicago,92,500-999,9,5900.0,9
2022,chicago,92,unknown,57,0.0,0
2022,chicago,99,1-9,77,241.0,69
2022,chicago,99,10-49,1637,16652.0,36
2022,chicago,99,100-249,4,660.0,4
2022,chicago,99,50-99,6,406.0,6
2022,chicago,99,500-999,2,1100.0,2
2022,chicago,99,unknown,6809,0.0,0
2022,chicago,,1-9,41,196.0,20
2022,chicago,,10-49,109,1772.0,21
2022,chicago,,100-249,10,1190.0,6
2022,chicago,,1000+,1,8534.0,1
2022,chicago,,250-499,1,380.0,1
2022,chicago,,50-99,4,235.0,4
2022,chicago,,unknown,20,0.0,0
2022,cook_ex_chicago,11,1-9,49,161.0,10
2022,cook_ex_chicago,11,10-49,23,436.0,10
2022,cook_ex_chicago,11,100-249,2,200.0,1
2022,cook_ex_chicago,11,50-99,1,52.0,1
2022,cook_ex_chicago,11,unknown,4,0.0,0
2022,cook_ex_chicago,21,1-9,32,158.0,8
2022,cook_ex_chicago,21,10-49,5,81.0,4
2022,cook_ex_chicago,21,100-249,1,100.0,1
2022,cook_ex_chicago,21,50-99,4,275.0,4
2022,cook_ex_chicago,21,unknown,3,0.0,0
2022,cook_ex_chicago,22,1-9,41,186.0,25
2022,cook_ex_chicago,22,10-49,20,437.0,20
2022,cook_ex_chicago,22,100-249,1,225.0,1
2022,cook_ex_chicago,22,50-99,4,206.0,4
2022,cook_ex_chicago,22,unknown,2,0.0,0
2022,cook_ex_chicago,23,1-9,5145,20892.0,1765
2022,cook_ex_chicago,23,10-49,950,16704.0,762
2022,cook_ex_chicago,23,100-249,37,5050.0,37
2022,cook_ex_chicago,23,1000+,1,6000.0,1
2022,cook_ex_chicago,23,250-499,4,1125.0,4
2022,cook_ex_chicago,23,50-99,111,6341.0,89
2022,cook_ex_chicago,23,500-999,2,1400.0,2
2022,cook_ex_chicago,23,unknown,76,0.0,0
2022,cook_ex_chicago,31,1-9,303,1528.0,126
2022,cook_ex_chicago,31,10-49,159,3860.0,91
2022,cook_ex_chicago,31,100-249,22,2716.0,19
2022,cook_ex_chicago,31,1000+,2,3300.0,2
2022,cook_ex_chicago,31,250-499,6,1903.0,6
2022,cook_ex_chicago,31,50-99,29,1809.0,25
2022,cook_ex_chicago,31,500-999,1,500.0,1
2022,cook_ex_chicago,31,unknown,24,0.0,0
2022,cook_ex_chicago,32,1-9,487,2209.0,324
2022,cook_ex_chicago,32,10-49,308,6225.0,215
2022,cook_ex_chicago,32,100-249,57,7643.0,57
2022,cook_ex_chicago,32,1000+,1,1000.0,1
2022,cook_ex_chicago,32,250-499,11,3224.0,11
2022,cook_ex_chicago,32,50-99,79,5073.0,62
2022,cook_ex_chicago,32,unknown,14,0.0,0
2022,cook_ex_chicago,33,1-9,1220,6108.0,767
2022,cook_ex_chicago,33,10-49,848,17390.0,612
2022,cook_ex_chicago,33,100-249,110,14362.0,99
2022,cook_ex_chicago,33,1000+,4,6300.0,4
2022,cook_ex_chicago,33,250-499,21,6609.0,21
2022,cook_ex_chicago,33,50-99,161,10240.0,147
2022,cook_ex_chicago,33,500-999,11,6552.0,11
2022,cook_ex_chicago,33,unknown,27,0.0,0
2022,cook_ex_chicago,42,1-9,2103,10208.0,1129
2022,cook_ex_chicago,42,10-49,858,14849.0,633
2022,cook_ex_chicago,42,100-249,77,10681.0,70
2022,cook_ex_chicago,42,1000+,5,11200.0,5
2022,cook_ex_chicago,42,250-499,24,7535.0,24
2022,cook_ex_chicago,42,50-99,132,7924.0,125
2022,cook_ex_chicago,42,500-999,9,5879.0,9
2022,cook_ex_chicago,42,unknown,83,0.0,0
2022,cook_ex_chicago,44,1-9,5633,22385.0,2970
2022,cook_ex_chicago,44,10-49,1501,28519.0,1076
2022,cook_ex_chicago,44,100-249,196,27980.0,158
2022,cook_ex_chicago,44,1000+,3,3500.0,3
2022,cook_ex_chicago,44,250-499,33,9532.0,30
2022,cook_ex_chicago,44,50-99,182,11297.0,161
2022,cook_ex_chicago,44,500-999,6,3901.0,6
2022,cook_ex_chicago,44,unknown,431,0.0,0
2022,cook_ex_chicago,45,1-9,2130,7182.0,1041
2022,cook_ex_chicago,45,10-49,561,11090.0,387
2022,cook_ex_chicago,45,100-249,66,10484.0,56
2022,cook_ex_chicago,45,1000+,3,8800.0,3
2022,cook_ex_chicago,45,250-499,31,9994.0,27
2022,cook_ex_chicago,45,50-99,73,4371.0,60
2022,cook_ex_chicago,45,500-999,3,1650.0,3
2022,cook_ex_chicago,45,unknown,528,0.0,0
2022,cook_ex_chicago,48,1-9,1667,6592.0,660
2022,cook_ex_chicago,48,10-49,375,6369.0,258
2022,cook_ex_chicago,48,100-249,45,6401.0,42
2022,cook_ex_chicago,48,1000+,1,1600.0,1
2022,cook_ex_chicago,48,250-499,16,4850.0,16
2022,cook_ex_chicago,48,50-99,78,4591.0,47
2022,cook_ex_chicago,48,500-999,1,500.0,1
2022,cook_ex_chicago,48,unknown,59,0.0,0
2022,cook_ex_chicago,49,1-9,89,351.0,41
2022,cook_ex_chicago,49,10-49,47,1107.0,40
2022,cook_ex_chicago,49,100-249,16,2182.0,16
2022,cook_ex_chicago,49,250-499,3,870.0,3
2022,cook_ex_chicago,49,50-99,20,1375.0,18
2022,cook_ex_chicago,49,unknown,5,0.0,0
2022,cook_ex_chicago,51,1-9,1227,4890.0,525
2022,cook_ex_chicago,51,10-49,582,10752.0,238
2022,cook_ex_chicago,51,100-249,27,3793.0,25
2022,cook_ex_chicago,51,1000+,1,5001.0,1
2022,cook_ex_chicago,51,250-499,5,1636.0,5
2022,cook_ex_chicago,51,50-99,49,2833.0,37
2022,cook_ex_chicago,51,500-999,6,3051.0,6
2022,cook_ex_chicago,51,unknown,51,0.0,0
2022,cook_ex_chicago,52,1-9,5001,17826.0,2092
2022,cook_ex_chicago,52,10-49,799,13316.0,554
2022,cook_ex_chicago,52,100-249,29,3979.0,29
2022,cook_ex_chicago,52,1000+,8,35001.0,8
2022,cook_ex_chicago,52,250-499,8,2360.0,8
2022,cook_ex_chicago,52,50-99,70,4452.0,69
2022,cook_ex_chicago,52,500-999,3,1500.0,3
2022,cook_ex_chicago,52,unknown,2468,0.0,0
2022,cook_ex_chicago,53,1-9,3020,12423.0,1174
2022,cook_ex_chicago,53,10-49,374,6836.0,306
2022,cook_ex_chicago,53,100-249,19,2206.0,18
2022,cook_ex_chicago,53,1000+,1,1200.0,1
2022,cook_ex_chicago,53,250-499,3,915.0,3
2022,cook_ex_chicago,53,50-99,63,3753.0,55
2022,cook_ex_chicago,53,unknown,271,0.0,0
2022,cook_ex_chicago,54,1-9,7894,27977.0,3197
2022,cook_ex_chicago,54,10-49,1271,20016.0,873
2022,cook_ex_chicago,54,100-249,65,8845.0,63
2022,cook_ex_chicago,54,1000+,6,17100.0,6
2022,cook_ex_chicago,54,250-499,13,4245.0,13
2022,cook_ex_chicago,54,50-99,120,7560.0,103
2022,cook_ex_chicago,54,500-999,7,4500.0,7
2022,cook_ex_chicago,54,unknown,2675,0.0,0
2022,cook_ex_chicago,55,1-9,83,266.0,11
2022,cook_ex_chicago,55,10-49,16,434.0,6
2022,cook_ex_chicago,55,100-249,2,230.0,2
2022,cook_ex_chicago,55,50-99,4,232.0,4
2022,cook_ex_chicago,55,unknown,2,0.0,0
2022,cook_ex_chicago,56,1-9,2524,9965.0,1006
2022,cook_ex_chicago,56,10-49,469,8606.0,372
2022,cook_ex_chicago,56,100-249,42,5343.0,40
2022,cook_ex_chicago,56,1000+,3,4000.0,3
2022,cook_ex_chicago,56,250-499,7,2050.0,7
2022,cook_ex_chicago,56,50-99,64,3767.0,63
2022,cook_ex_chicago,56,500-999,3,1676.0,3
2022,cook_ex_chicago,56,unknown,121,0.0,0
2022,cook_ex_chicago,61,1-9,878,3491.0,347
2022,cook_ex_chicago,61,10-49,1009,21996.0,473
2022,cook_ex_chicago,61,100-249,105,14622.0,100
2022,cook_ex_chicago,61,1000+,6,7900.0,6
2022,cook_ex_chicago,61,250-499,44,13915.0,44
2022,cook_ex_chicago,61,50-99,478,31878.0,419
2022,cook_ex_chicago,61,500-999,8,4693.0,8
2022,cook_ex_chicago,61,unknown,24,0.0,0
2022,cook_ex_chicago,62,1-9,30604,92982.0,2800
2022,cook_ex_chicago,62,10-49,2633,47808.0,1451
2022,cook_ex_chicago,62,100-249,165,21652.0,130
2022,cook_ex_chicago,62,1000+,18,47024.0,18
2022,cook_ex_chicago,62,250-499,32,10137.0,32
2022,cook_ex_chicago,62,50-99,206,12216.0,167
2022,cook_ex_chicago,62,500-999,15,10029.0,15
2022,cook_ex_chicago,62,unknown,3927,0.0,0
2022,cook_ex_chicago,71,1-9,1163,5237.0,416
2022,cook_ex_chicago,71,10-49,520,9626.0,294
2022,cook_ex_chicago,71,100-249,42,5237.0,31
2022,cook_ex_chicago,71,1000+,2,2500.0,2
2022,cook_ex_chicago,71,250-499,6,1750.0,6
2022,cook_ex_chicago,71,50-99,76,4725.0,60
2022,cook_ex_chicago,71,500-999,7,4440.0,6
2022,cook_ex_chicago,71,unknown,106,0.0,0
2022,cook_ex_chicago,72,1-9,3814,18684.0,1892
2022,cook_ex_chicago,72,10-49,2188,43608.0,1674
2022,cook_ex_chicago,72,100-249,85,11502.0,72
2022,cook_ex_chicago,72,250-499,15,4924.0,15
2022,cook_ex_chicago,72,50-99,247,15864.0,226
2022,cook_ex_chicago,72,500-999,2,1330.0,2
2022,cook_ex_chicago,72,unknown,262,0.0,0
2022,cook_ex_chicago,81,1-9,9462,35370.0,5027
2022,cook_ex_chicago,81,10-49,1391,22619.0,1258
2022,cook_ex_chicago,81,100-249,65,8275.0,61
2022,cook_ex_chicago,81,1000+,1,1350.0,1
2022,cook_ex_chicago,81,250-499,6,1833.0,6
2022,cook_ex_chicago,81,50-99,99,6005.0,94
2022,cook_ex_chicago,81,500-999,6,4020.0,6
2022,cook_ex_chicago,81,unknown,185,0.0,0
2022,cook_ex_chicago,92,1-9,650,3676.0,353
2022,cook_ex_chicago,92,10-49,534,12129.0,369
2022,cook_ex_chicago,92,100-249,77,10549.0,77
2022,cook_ex_chicago,92,250-499,15,5225.0,15
2022,cook_ex_chicago,92,50-99,135,8221.0,119
2022,cook_ex_chicago,92,500-999,7,3965.0,7
2022,cook_ex_chicago,92,unknown,50,0.0,0
2022,cook_ex_chicago,99,1-9,80,253.0,60
2022,cook_ex_chicago,99,10-49,909,9321.0,28
2022,cook_ex_chicago,99,100-249,4,485.0,3
2022,cook_ex_chicago,99,50-99,4,250.0,4
2022,cook_ex_chicago,99,unknown,4587,0.0,0
2022,cook_ex_chicago,,1-9,37,156.0,15
2022,cook_ex_chicago,,10-49,68,1068.0,14
2022,cook_ex_chicago,,100-249,8,930.0,2
2022,cook_ex_chicago,,1000+,1,5000.0,1
2022,cook_ex_chicago,,50-99,4,300.0,4
2022,cook_ex_chicago,,unknown,7,0.0,0
2022,il_ex_msa,11,1-9,1857,5047.0,1050
2022,il_ex_msa,11,10-49,153,2502.0,137
2022,il_ex_msa,11,100-249,9,1200.0,9
2022,il_ex_msa,11,250-499,2,540.0,2
2022,il_ex_msa,11,50-99,15,893.0,15
2022,il_ex_msa,11,500-999,1,500.0,1
2022,il_ex_msa,11,unknown,6,0.0,0
2022,il_ex_msa,21,1-9,204,910.0,115
2022,il_ex_msa,21,10-49,70,1259.0,52
2022,il_ex_msa,21,100-249,8,1235.0,5
2022,il_ex_msa,21,250-499,3,1055.0,3
2022,il_ex_msa,21,50-99,3,210.0,3
2022,il_ex_msa,22,1-9,366,1332.0,287
2022,il_ex_msa,22,10-49,130,2732.0,67
2022,il_ex_msa,22,100-249,8,1037.0,7
2022,il_ex_msa,22,1000+,2,3932.0,2
2022,il_ex_msa,22,250-499,6,1760.0,6
2022,il_ex_msa,22,50-99,16,950.0,16
2022,il_ex_msa,22,unknown,4,0.0,0
2022,il_ex_msa,23,1-9,9033,29894.0,4711
2022,il_ex_msa,23,10-49,1411,24309.0,1194
2022,il_ex_msa,23,100-249,52,6815.0,51
2022,il_ex_msa,23,250-499,14,4709.0,14
2022,il_ex_msa,23,50-99,131,7718.0,126
2022,il_ex_msa,23,500-999,5,2770.0,5
2022,il_ex_msa,23,unknown,76,0.0,0
2022,il_ex_msa,31,1-9,575,2650.0,314
2022,il_ex_msa,31,10-49,231,3994.0,140
2022,il_ex_msa,31,100-249,29,3861.0,27
2022,il_ex_msa,31,1000+,3,6400.0,3
2022,il_ex_msa,31,250-499,14,4566.0,14
2022,il_ex_msa,31,50-99,37,2422.0,34
2022,il_ex_msa,31,500-999,5,3800.0,5
2022,il_ex_msa,31,unknown,37,0.0,0
2022,il_ex_msa,32,1-9,738,3054.0,536
2022,il_ex_msa,32,10-49,303,6377.0,241
2022,il_ex_msa,32,100-249,49,6818.0,47
2022,il_ex_msa,32,1000+,2,2000.0,2
2022,il_ex_msa,32,250-499,16,5293.0,16
2022,il_ex_msa,32,50-99,78,5065.0,72
2022,il_ex_msa,32,500-999,7,5150.0,7
2022,il_ex_msa,32,unknown,9,0.0,0
2022,il_ex_msa,33,1-9,1666,6989.0,1170
2022,il_ex_msa,33,10-49,815,16329.0,631
2022,il_ex_msa,33,100-249,135,19191.0,129
2022,il_ex_msa,33,1000+,5,9801.0,5
2022,il_ex_msa,33,250-499,37,12379.0,37
2022,il_ex_msa,33,50-99,175,11487.0,160
2022,il_ex_msa,33,500-999,19,13010.0,19
2022,il_ex_msa,33,unknown,28,0.0,0
2022,il_ex_msa,42,1-9,3409,14243.0,2339
2022,il_ex_msa,42,10-49,1354,25156.0,1079
2022,il_ex_msa,42,100-249,89,12012.0,81
2022,il_ex_msa,42,1000+,2,2600.0,2
2022,il_ex_msa,42,250-499,30,9686.0,30
2022,il_ex_msa,42,50-99,136,8607.0,135
2022,il_ex_msa,42,500-999,24,14753.0,18
2022,il_ex_msa,42,unknown,41,0.0,0
2022,il_ex_msa,44,1-9,9563,39643.0,6388
2022,il_ex_msa,44,10-49,3156,55032.0,2542
2022,il_ex_msa,44,100-249,224,30118.0,169
2022,il_ex_msa,44,1000+,1,1700.0,1
2022,il_ex_msa,44,250-499,23,6954.0,18
2022,il_ex_msa,44,50-99,298,19103.0,248
2022,il_ex_msa,44,500-999,5,3580.0,5
2022,il_ex_msa,44,unknown,438,0.0,0
2022,il_ex_msa,45,1-9,4442,15059.0,2861
2022,il_ex_msa,45,10-49,719,13414.0,577
2022,il_ex_msa,45,100-249,93,13885.0,85
2022,il_ex_msa,45,250-499,56,18491.0,50
2022,il_ex_msa,45,50-99,83,5429.0,68
2022,il_ex_msa,45,500-999,5,2849.0,5
2022,il_ex_msa,45,unknown,2067,0.0,0
2022,il_ex_msa,48,1-9,1854,6826.0,1076
2022,il_ex_msa,48,10-49,665,12544.0,502
2022,il_ex_msa,48,100-249,54,7393.0,52
2022,il_ex_msa,48,1000+,1,2800.0,1
2022,il_ex_msa,48,250-499,11,3266.0,11
2022,il_ex_msa,48,50-99,99,6276.0,87
2022,il_ex_msa,48,500-999,4,2500.0,4
2022,il_ex_msa,48,unknown,21,0.0,0
2022,il_ex_msa,49,1-9,1364,4914.0,1153
2022,il_ex_msa,49,10-49,253,4705.0,246
2022,il_ex_msa,49,100-249,13,1911.0,13
2022,il_ex_msa,49,250-499,2,650.0,2
2022,il_ex_msa,49,50-99,24,1514.0,22
2022,il_ex_msa,49,500-999,3,2150.0,3
2022,il_ex_msa,49,unknown,11,0.0,0
2022,il_ex_msa,51,1-9,2148,8913.0,1257
2022,il_ex_msa,51,10-49,736,13047.0,483
2022,il_ex_msa,51,100-249,35,4662.0,31
2022,il_ex_msa,51,1000+,3,9000.0,3
2022,il_ex_msa,51,250-499,7,2050.0,7
2022,il_ex_msa,51,50-99,106,6558.0,82
2022,il_ex_msa,51,500-999,3,1534.0,3
2022,il_ex_msa,51,unknown,51,0.0,0
2022,il_ex_msa,52,1-9,8688,28919.0,4681
2022,il_ex_msa,52,10-49,1210,20174.0,970
2022,il_ex_msa,52,100-249,34,4287.0,34
2022,il_ex_msa,52,1000+,9,44750.0,9
2022,il_ex_msa,52,250-499,10,3482.0,10
2022,il_ex_msa,52,50-99,120,7219.0,102
2022,il_ex_msa,52,500-999,8,5000.0,8
2022,il_ex_msa,52,unknown,6610,0.0,0
2022,il_ex_msa,53,1-9,4910,14748.0,2753
2022,il_ex_msa,53,10-49,522,8812.0,444
2022,il_ex_msa,53,100-249,23,3231.0,23
2022,il_ex_msa,53,50-99,32,1988.0,29
2022,il_ex_msa,53,unknown,555,0.0,0
2022,il_ex_msa,54,1-9,9365,31143.0,4400
2022,il_ex_msa,54,10-49,1572,26472.0,1185
2022,il_ex_msa,54,100-249,50,7026.0,47
2022,il_ex_msa,54,1000+,2,4000.0,2
2022,il_ex_msa,54,250-499,12,3754.0,12
2022,il_ex_msa,54,50-99,124,7861.0,106
2022,il_ex_msa,54,500-999,2,1100.0,2
2022,il_ex_msa,54,unknown,3199,0.0,0
2022,il_ex_msa,55,1-9,93,364.0,32
2022,il_ex_msa,55,10-49,112,2579.0,53
2022,il_ex_msa,55,100-249,1,130.0,1
2022,il_ex_msa,55,250-499,1,350.0,1
2022,il_ex_msa,55,50-99,16,989.0,13
2022,il_ex_msa,55,unknown,8,0.0,0
2022,il_ex_msa,56,1-9,3999,12788.0,2045
2022,il_ex_msa,56,10-49,627,11140.0,455
2022,il_ex_msa,56,100-249,26,3630.0,25
2022,il_ex_msa,56,1000+,2,4000.0,2
2022,il_ex_msa,56,250-499,5,1550.0,5
2022,il_ex_msa,56,50-99,59,3548.0,55
2022,il_ex_msa,56,unknown,199,0.0,0
2022,il_ex_msa,61,1-9,1248,4655.0,730
2022,il_ex_msa,61,10-49,1982,50093.0,1354
2022,il_ex_msa,61,100-249,197,27273.0,197
2022,il_ex_msa,61,1000+,4,15247.0,4
2022,il_ex_msa,61,250-499,29,8960.0,29
2022,il_ex_msa,61,50-99,902,57760.0,754
2022,il_ex_msa,61,500-999,9,5061.0,9
2022,il_ex_msa,61,unknown,29,0.0,0
2022,il_ex_msa,62,1-9,33848,97325.0,4292
2022,il_ex_msa,62,10-49,4464,81160.0,2711
2022,il_ex_msa,62,100-249,376,52896.0,351
2022,il_ex_msa,62,1000+,39,97368.0,39
2022,il_ex_msa,62,250-499,63,21143.0,55
2022,il_ex_msa,62,50-99,553,35832.0,460
2022,il_ex_msa,62,500-999,36,23495.0,36
2022,il_ex_msa,62,unknown,3823,0.0,0
2022,il_ex_msa,71,1-9,2315,7969.0,1195
2022,il_ex_msa,71,10-49,901,16364.0,481
2022,il_ex_msa,71,100-249,34,4833.0,34
2022,il_ex_msa,71,1000+,21,23000.0,2
2022,il_ex_msa,71,250-499,6,1905.0,6
2022,il_ex_msa,71,50-99,59,3521.0,57
2022,il_ex_msa,71,500-999,3,1650.0,3
2022,il_ex_msa,71,unknown,200,0.0,0
2022,il_ex_msa,72,1-9,5545,26482.0,3642
2022,il_ex_msa,72,10-49,4296,83279.0,3326
2022,il_ex_msa,72,100-249,108,13469.0,99
2022,il_ex_msa,72,250-499,3,960.0,3
2022,il_ex_msa,72,50-99,474,29664.0,442
2022,il_ex_msa,72,500-999,2,1200.0,2
2022,il_ex_msa,72,unknown,409,0.0,0
2022,il_ex_msa,81,1-9,20384,60831.0,13785
2022,il_ex_msa,81,10-49,1857,31302.0,1545
2022,il_ex_msa,81,100-249,70,9523.0,69
2022,il_ex_msa,81,1000+,2,4200.0,2
2022,il_ex_msa,81,250-499,13,3984.0,13
2022,il_ex_msa,81,50-99,136,8495.0,125
2022,il_ex_msa,81,500-999,2,1201.0,2
2022,il_ex_msa,81,unknown,251,0.0,0
2022,il_ex_msa,92,1-9,6111,23566.0,4021
2022,il_ex_msa,92,10-49,2570,52808.0,1778
2022,il_ex_msa,92,100-249,92,13733.0,91
2022,il_ex_msa,92,1000+,8,22780.0,8
2022,il_ex_msa,92,250-499,51,16856.0,46
2022,il_ex_msa,92,50-99,238,15065.0,230
2022,il_ex_msa,92,500-999,14,8429.0,14
2022,il_ex_msa,92,unknown,80,0.0,0
2022,il_ex_msa,99,1-9,1175,5500.0,93
2022,il_ex_msa,99,10-49,119,1620.0,33
2022,il_ex_msa,99,100-249,4,586.0,4
2022,il_ex_msa,99,50-99,7,423.0,7
2022,il_ex_msa,99,unknown,3649,0.0,0
2022,il_ex_msa,,1-9,144,573.0,76
2022,il_ex_msa,,10-49,218,4265.0,88
2022,il_ex_msa,,100-249,6,945.0,6
2022,il_ex_msa,,1000+,1,2400.0,1
2022,il_ex_msa,,250-499,3,950.0,3
2022,il_ex_msa,,50-99,9,542.0,9
2022,il_ex_msa,,500-999,1,600.0,1
2022,il_ex_msa,,unknown,74,0.0,0
2022,msa_ex_cook,11,1-9,319,1006.0,128
2022,msa_ex_cook,11,10-49,39,674.0,31
2022,msa_ex_cook,11,250-499,1,250.0,1
2022,msa_ex_cook,11,50-99,4,210.0,4
2022,msa_ex_cook,11,unknown,7,0.0,0
2022,msa_ex_cook,21,1-9,55,271.0,19
2022,msa_ex_cook,21,10-49,30,550.0,16
2022,msa_ex_cook,21,50-99,1,65.0,1
2022,msa_ex_cook,21,unknown,3,0.0,0
2022,msa_ex_cook,22,1-9,81,375.0,35
2022,msa_ex_cook,22,10-49,32,552.0,22
2022,msa_ex_cook,22,100-249,6,705.0,3
2022,msa_ex_cook,22,250-499,2,600.0,2
2022,msa_ex_cook,22,50-99,4,230.0,4
2022,msa_ex_cook,22,500-999,1,700.0,1
2022,msa_ex_cook,22,unknown,2,0.0,0
2022,msa_ex_cook,23,1-9,8639,30629.0,3512
2022,msa_ex_cook,23,10-49,1661,27857.0,1307
2022,msa_ex_cook,23,100-249,54,6904.0,54
2022,msa_ex_cook,23,1000+,3,5000.0,3
2022,msa_ex_cook,23,250-499,13,3830.0,13
2022,msa_ex_cook,23,50-99,134,8022.0,126
2022,msa_ex_cook,23,500-999,4,2401.0,4
2022,msa_ex_cook,23,unknown,148,0.0,0
2022,msa_ex_cook,31,1-9,423,1912.0,208
2022,msa_ex_cook,31,10-49,203,3708.0,110
2022,msa_ex_cook,31,100-249,30,4635.0,27
2022,msa_ex_cook,31,250-499,9,3310.0,9
2022,msa_ex_cook,31,50-99,24,1476.0,22
2022,msa_ex_cook,31,500-999,1,600.0,1
2022,msa_ex_cook,31,unknown,46,0.0,0
2022,msa_ex_cook,32,1-9,757,3327.0,486
2022,msa_ex_cook,32,10-49,457,9564.0,322
2022,msa_ex_cook,32,100-249,92,12533.0,80
2022,msa_ex_cook,32,1000+,4,4101.0,4
2022,msa_ex_cook,32,250-499,21,6856.0,21
2022,msa_ex_cook,32,50-99,133,8445.0,104
2022,msa_ex_cook,32,500-999,5,3130.0,5
2022,msa_ex_cook,32,unknown,21,0.0,0
2022,msa_ex_cook,33,1-9,1771,8031.0,1171
2022,msa_ex_cook,33,10-49,1489,29061.0,965
2022,msa_ex_cook,33,100-249,186,25405.0,172
2022,msa_ex_cook,33,1000+,9,17003.0,9
2022,msa_ex_cook,33,250-499,43,14331.0,43
2022,msa_ex_cook,33,50-99,223,14335.0,208
2022,msa_ex_cook,33,500-999,18,11032.0,18
2022,msa_ex_cook,33,unknown,57,0.0,0
2022,msa_ex_cook,42,1-9,3189,14741.0,1876
2022,msa_ex_cook,42,10-49,1525,28009.0,1090
2022,msa_ex_cook,42,100-249,122,17004.0,113
2022,msa_ex_cook,42,1000+,12,85700.0,12
2022,msa_ex_cook,42,250-499,27,8780.0,27
2022,msa_ex_cook,42,50-99,179,11348.0,170
2022,msa_ex_cook,42,500-999,12,7849.0,10
2022,msa_ex_cook,42,unknown,112,0.0,0
2022,msa_ex_cook,44,1-9,7436,30456.0,3974
2022,msa_ex_cook,44,10-49,2388,42343.0,1710
2022,msa_ex_cook,44,100-249,260,36985.0,203
2022,msa_ex_cook,44,1000+,2,8100.0,2
2022,msa_ex_cook,44,250-499,47,14039.0,39
2022,msa_ex_cook,44,50-99,234,14608.0,201
2022,msa_ex_cook,44,500-999,9,5501.0,9
2022,msa_ex_cook,44,unknown,548,0.0,0
2022,msa_ex_cook,45,1-9,3217,10500.0,1602
2022,msa_ex_cook,45,10-49,740,14474.0,577
2022,msa_ex_cook,45,100-249,105,16229.0,92
2022,msa_ex_cook,45,1000+,3,4001.0,3
2022,msa_ex_cook,45,250-499,31,10171.0,28
2022,msa_ex_cook,45,50-99,97,6107.0,86
2022,msa_ex_cook,45,500-999,5,2600.0,5
2022,msa_ex_cook,45,unknown,910,0.0,0
2022,msa_ex_cook,48,1-9,1955,7584.0,854
2022,msa_ex_cook,48,10-49,519,9505.0,367
2022,msa_ex_cook,48,100-249,66,9506.0,65
2022,msa_ex_cook,48,1000+,1,1100.0,1
2022,msa_ex_cook,48,250-499,12,3926.0,12
2022,msa_ex_cook,48,50-99,80,4898.0,69
2022,msa_ex_cook,48,500-999,3,1800.0,3
2022,msa_ex_cook,48,unknown,51,0.0,0
2022,msa_ex_cook,49,1-9,174,622.0,103
2022,msa_ex_cook,49,10-49,125,2634.0,84
2022,msa_ex_cook,49,100-249,16,2255.0,16
2022,msa_ex_cook,49,250-499,2,618.0,2
2022,msa_ex_cook,49,50-99,24,1647.0,22
2022,msa_ex_cook,49,500-999,1,500.0,1
2022,msa_ex_cook,49,unknown,3,0.0,0
2022,msa_ex_cook,51,1-9,1730,7464.0,680
2022,msa_ex_cook,51,10-49,687,12267.0,367
2022,msa_ex_cook,51,100-249,33,4571.0,30
2022,msa_ex_cook,51,1000+,2,2150.0,2
2022,msa_ex_cook,51,250-499,10,2830.0,10
2022,msa_ex_cook,51,50-99,81,4941.0,70
2022,msa_ex_cook,51,500-999,3,2105.0,3
2022,msa_ex_cook,51,unknown,47,0.0,0
2022,msa_ex_cook,52,1-9,6642,22149.0,2843
2022,msa_ex_cook,52,10-49,1128,18387.0,750
2022,msa_ex_cook,52,100-249,58,7970.0,56
2022,msa_ex_cook,52,1000+,6,11701.0,6
2022,msa_ex_cook,52,250-499,6,1850.0,6
2022,msa_ex_cook,52,50-99,114,7556.0,79
2022,msa_ex_cook,52,500-999,3,1600.0,3
2022,msa_ex_cook,52,unknown,3622,0.0,0
2022,msa_ex_cook,53,1-9,4051,13551.0,1825
2022,msa_ex_cook,53,10-49,576,10794.0,461
2022,msa_ex_cook,53,100-249,32,4415.0,32
2022,msa_ex_cook,53,1000+,2,3000.0,2
2022,msa_ex_cook,53,250-499,4,1200.0,4
2022,msa_ex_cook,53,50-99,89,5485.0,80
2022,msa_ex_cook,53,500-999,4,2391.0,4
2022,msa_ex_cook,53,unknown,399,0.0,0
2022,msa_ex_cook,54,1-9,11374,38616.0,4678
2022,msa_ex_cook,54,10-49,1739,29283.0,1350
2022,msa_ex_cook,54,100-249,88,12361.0,86
2022,msa_ex_cook,54,1000+,6,21341.0,6
2022,msa_ex_cook,54,250-499,18,5718.0,18
2022,msa_ex_cook,54,50-99,171,10448.0,145
2022,msa_ex_cook,54,500-999,10,6245.0,10
2022,msa_ex_cook,54,unknown,2886,0.0,0
2022,msa_ex_cook,55,1-9,139,737.0,12
2022,msa_ex_cook,55,10-49,18,492.0,10
2022,msa_ex_cook,55,100-249,2,269.0,2
2022,msa_ex_cook,55,1000+,1,3000.0,1
2022,msa_ex_cook,55,250-499,2,500.0,2
2022,msa_ex_cook,55,50-99,6,365.0,3
2022,msa_ex_cook,55,unknown,5,0.0,0
2022,msa_ex_cook,56,1-9,4184,15638.0,1762
2022,msa_ex_cook,56,10-49,781,14072.0,570
2022,msa_ex_cook,56,100-249,52,7506.0,52
2022,msa_ex_cook,56,1000+,2,6300.0,2
2022,msa_ex_cook,56,250-499,14,4219.0,14
2022,msa_ex_cook,56,50-99,87,5194.0,76
2022,msa_ex_cook,56,500-999,3,1525.0,3
2022,msa_ex_cook,56,unknown,188,0.0,0
2022,msa_ex_cook,61,1-9,1388,5167.0,586
2022,msa_ex_cook,61,10-49,1077,24642.0,587
2022,msa_ex_cook,61,100-249,245,31168.0,188
2022,msa_ex_cook,61,1000+,6,9799.0,6
2022,msa_ex_cook,61,250-499,42,13646.0,42
2022,msa_ex_cook,61,50-99,717,47267.0,605
2022,msa_ex_cook,61,500-999,8,5514.0,8
2022,msa_ex_cook,61,unknown,36,0.0,0
2022,msa_ex_cook,62,1-9,34300,101014.0,3695
2022,msa_ex_cook,62,10-49,3515,60661.0,1951
2022,msa_ex_cook,62,100-249,209,28632.0,179
2022,msa_ex_cook,62,1000+,19,32417.0,19
2022,msa_ex_cook,62,250-499,25,7395.0,24
2022,msa_ex_cook,62,50-99,295,18323.0,228
2022,msa_ex_cook,62,500-999,40,22211.0,16
2022,msa_ex_cook,62,unknown,4502,0.0,0
2022,msa_ex_cook,71,1-9,1774,6176.0,754
2022,msa_ex_cook,71,10-49,908,16938.0,367
2022,msa_ex_cook,71,100-249,42,5911.0,39
2022,msa_ex_cook,71,1000+,6,9600.0,3
2022,msa_ex_cook,71,250-499,5,1600.0,4
2022,msa_ex_cook,71,50-99,72,4298.0,67
2022,msa_ex_cook,71,500-999,7,4425.0,6
2022,msa_ex_cook,71,unknown,198,0.0,0
2022,msa_ex_cook,72,1-9,4292,22568.0,2123
2022,msa_ex_cook,72,10-49,3130,62840.0,2414
2022,msa_ex_cook,72,100-249,97,13096.0,87
2022,msa_ex_cook,72,250-499,8,2433.0,8
2022,msa_ex_cook,72,50-99,377,23380.0,341
2022,msa_ex_cook,72,500-999,2,1001.0,2
2022,msa_ex_cook,72,unknown,427,0.0,0
2022,msa_ex_cook,81,1-9,12502,44277.0,6793
2022,msa_ex_cook,81,10-49,2110,34258.0,1920
2022,msa_ex_cook,81,100-249,57,7282.0,57
2022,msa_ex_cook,81,1000+,2,3000.0,2
2022,msa_ex_cook,81,250-499,10,3170.0,10
2022,msa_ex_cook,81,50-99,145,8558.0,130
2022,msa_ex_cook,81,500-999,3,1500.0,3
2022,msa_ex_cook,81,unknown,261,0.0,0
2022,msa_ex_cook,92,1-9,1277,6411.0,703
2022,msa_ex_cook,92,10-49,785,17134.0,566
2022,msa_ex_cook,92,100-249,78,10362.0,78
2022,msa_ex_cook,92,1000+,4,7500.0,4
2022,msa_ex_cook,92,250-499,20,6584.0,19
2022,msa_ex_cook,92,50-99,234,14506.0,194
2022,msa_ex_cook,92,500-999,5,3174.0,5
2022,msa_ex_cook,92,unknown,35,0.0,0
2022,msa_ex_cook,99,1-9,600,2720.0,99
2022,msa_ex_cook,99,10-49,651,7876.0,44
2022,msa_ex_cook,99,100-249,4,600.0,4
2022,msa_ex_cook,99,1000+,1,3000.0,1
2022,msa_ex_cook,99,50-99,6,351.0,6
2022,msa_ex_cook,99,unknown,6075,0.0,0
2022,msa_ex_cook,,1-9,80,225.0,31
2022,msa_ex_cook,,10-49,87,1909.0,17
2022,msa_ex_cook,,100-249,1,120.0,1
2022,msa_ex_cook,,250-499,2,700.0,2
2022,msa_ex_cook,,50-99,2,110.0,2
2022,msa_ex_cook,,unknown,26,0.0,0
2023,chicago,11,1-9,43,142.0,8
2023,chicago,11,10-49,17,385.0,4
2023,chicago,11,100-249,4,590.0,3
2023,chicago,11,250-499,2,734.0,2
2023,chicago,11,50-99,1,85.0,0
2023,chicago,11,unknown,2,0.0,2
2023,chicago,21,1-9,14,66.0,6
2023,chicago,21,10-49,12,219.0,8
2023,chicago,21,100-249,1,200.0,1
2023,chicago,21,50-99,1,88.0,0
2023,chicago,21,unknown,1,0.0,1
2023,chicago,22,1-9,9,52.0,4
2023,chicago,22,10-49,7,120.0,3
2023,chicago,22,100-249,2,350.0,1
2023,chicago,22,1000+,2,6000.0,2
2023,chicago,22,50-99,2,106.0,1
2023,chicago,22,unknown,3,0.0,3
2023,chicago,23,1-9,2821,11251.0,892
2023,chicago,23,10-49,556,10088.0,397
2023,chicago,23,100-249,43,6434.0,31
2023,chicago,23,1000+,5,8300.0,5
2023,chicago,23,250-499,12,3630.0,12
2023,chicago,23,50-99,76,4500.0,63
2023,chicago,23,500-999,2,1100.0,2
2023,chicago,23,unknown,51,0.0,51
2023,chicago,31,1-9,380,1770.0,209
2023,chicago,31,10-49,214,4842.0,125
2023,chicago,31,100-249,19,2637.0,17
2023,chicago,31,1000+,3,3900.0,3
2023,chicago,31,250-499,10,3240.0,10
2023,chicago,31,50-99,29,1803.0,22
2023,chicago,31,500-999,13,7850.0,13
2023,chicago,31,unknown,12,0.0,12
2023,chicago,32,1-9,324,1377.0,213
2023,chicago,32,10-49,166,3240.0,119
2023,chicago,32,100-249,18,2538.0,14
2023,chicago,32,1000+,1,1700.0,1
2023,chicago,32,250-499,5,1670.0,5
2023,chicago,32,50-99,26,1689.0,20
2023,chicago,32,500-999,4,2625.0,4
2023,chicago,32,unknown,13,0.0,13
2023,chicago,33,1-9,689,3123.0,424
2023,chicago,33,10-49,444,8683.0,314
2023,chicago,33,100-249,50,6895.0,44
2023,chicago,33,1000+,4,4213.0,4
2023,chicago,33,250-499,9,3298.0,9
2023,chicago,33,50-99,87,5397.0,74
2023,chicago,33,500-999,9,5951.0,9
2023,chicago,33,unknown,27,0.0,27
2023,chicago,42,1-9,1155,5327.0,576
2023,chicago,42,10-49,427,8319.0,285
2023,chicago,42,100-249,37,5467.0,29
2023,chicago,42,1000+,1,2000.0,1
2023,chicago,42,250-499,18,5848.0,17
2023,chicago,42,50-99,72,4604.0,62
2023,chicago,42,500-999,3,1900.0,2
2023,chicago,42,unknown,24,0.0,24
2023,chicago,44,1-9,5038,18601.0,2705
2023,chicago,44,10-49,964,18362.0,689
2023,chicago,44,100-249,108,15988.0,72
2023,chicago,44,1000+,2,11000.0,2
2023,chicago,44,250-499,26,7931.0,26
2023,chicago,44,50-99,105,6598.0,88
2023,chicago,44,500-999,2,1000.0,2
2023,chicago,44,unknown,295,0.0,295
2023,chicago,45,1-9,1930,6342.0,963
2023,chicago,45,10-49,361,6868.0,247
2023,chicago,45,100-249,38,5939.0,26
2023,chicago,45,250-499,9,2960.0,7
2023,chicago,45,50-99,60,3744.0,33
2023,chicago,45,500-999,2,1220.0,2
2023,chicago,45,unknown,324,0.0,324
2023,chicago,48,1-9,932,4024.0,317
2023,chicago,48,10-49,276,5024.0,157
2023,chicago,48,100-249,26,3650.0,24
2023,chicago,48,1000+,7,16001.0,7
2023,chicago,48,250-499,9,2879.0,9
2023,chicago,48,50-99,50,3119.0,29
2023,chicago,48,500-999,7,4130.0,7
2023,chicago,48,unknown,11,0.0,11
2023,chicago,49,1-9,79,344.0,35
2023,chicago,49,10-49,27,637.0,16
2023,chicago,49,100-249,17,2117.0,16
2023,chicago,49,1000+,1,1000.0,1
2023,chicago,49,50-99,14,938.0,14
2023,chicago,49,500-999,2,1100.0,2
2023,chicago,49,unknown,2,0.0,2
2023,chicago,51,1-9,1510,6149.0,636
2023,chicago,51,10-49,666,12485.0,264
2023,chicago,51,100-249,75,11072.0,41
2023,chicago,51,1000+,3,5192.0,3
2023,chicago,51,250-499,11,3412.0,11
2023,chicago,51,50-99,89,5615.0,65
2023,chicago,51,500-999,7,4639.0,7
2023,chicago,51,unknown,47,0.0,47
2023,chicago,52,1-9,4525,16709.0,1412
2023,chicago,52,10-49,959,18049.0,593
2023,chicago,52,100-249,113,17331.0,77
2023,chicago,52,1000+,14,36006.0,14
2023,chicago,52,250-499,21,6631.0,20
2023,chicago,52,50-99,170,10950.0,123
2023,chicago,52,500-999,10,7106.0,10
2023,chicago,52,unknown,2092,0.0,2092
2023,chicago,53,1-9,4066,17847.0,1496
2023,chicago,53,10-49,704,12360.0,563
2023,chicago,53,100-249,45,6965.0,28
2023,chicago,53,250-499,21,6720.0,21
2023,chicago,53,50-99,84,5266.0,66
2023,chicago,53,500-999,6,3600.0,6
2023,chicago,53,unknown,200,0.0,200
2023,chicago,54,1-9,9958,33993.0,3501
2023,chicago,54,10-49,2054,38281.0,1372
2023,chicago,54,100-249,193,28422.0,131
2023,chicago,54,1000+,18,32092.0,18
2023,chicago,54,250-499,43,13610.0,41
2023,chicago,54,50-99,310,19916.0,232
2023,chicago,54,500-999,23,13552.0,23
2023,chicago,54,unknown,2948,0.0,2948
2023,chicago,55,1-9,122,400.0,7
2023,chicago,55,10-49,18,450.0,5
2023,chicago,55,1000+,2,9000.0,2
2023,chicago,55,50-99,3,185.0,3
2023,chicago,55,500-999,1,600.0,1
2023,chicago,55,unknown,2,0.0,2
2023,chicago,56,1-9,2117,8067.0,816
2023,chicago,56,10-49,441,8481.0,295
2023,chicago,56,100-249,41,6138.0,30
2023,chicago,56,1000+,6,11600.0,6
2023,chicago,56,250-499,7,2241.0,6
2023,chicago,56,50-99,62,3712.0,48
2023,chicago,56,500-999,3,1536.0,3
2023,chicago,56,unknown,168,0.0,168
2023,chicago,61,1-9,889,3671.0,330
2023,chicago,61,10-49,866,20342.0,462
2023,chicago,61,100-249,198,27348.0,157
2023,chicago,61,1000+,3,14516.0,3
2023,chicago,61,250-499,11,3354.0,11
2023,chicago,61,50-99,383,25611.0,327
2023,chicago,61,500-999,13,8362.0,13
2023,chicago,61,unknown,34,0.0,34
2023,chicago,62,1-9,40071,103088.0,2303
2023,chicago,62,10-49,2164,38660.0,1090
2023,chicago,62,100-249,159,22732.0,103
2023,chicago,62,1000+,23,79890.0,22
2023,chicago,62,250-499,33,10980.0,23
2023,chicago,62,50-99,172,11012.0,138
2023,chicago,62,500-999,13,9113.0,13
2023,chicago,62,unknown,1622,0.0,1622
2023,chicago,71,1-9,1183,5034.0,422
2023,chicago,71,10-49,463,8053.0,222
2023,chicago,71,100-249,32,4541.0,17
2023,chicago,71,1000+,4,5200.0,4
2023,chicago,71,250-499,5,1578.0,5
2023,chicago,71,50-99,46,2973.0,34
2023,chicago,71,500-999,3,1700.0,3
2023,chicago,71,unknown,53,0.0,53
2023,chicago,72,1-9,5019,24612.0,2191
2023,chicago,72,10-49,2271,43140.0,1524
2023,chicago,72,100-249,120,16653.0,104
2023,chicago,72,1000+,5,7700.0,5
2023,chicago,72,250-499,23,7225.0,22
2023,chicago,72,50-99,254,16047.0,209
2023,chicago,72,500-999,9,5650.0,9
2023,chicago,72,unknown,147,0.0,147
2023,chicago,81,1-9,9465,35051.0,4661
2023,chicago,81,10-49,1270,21942.0,941
2023,chicago,81,100-249,83,11910.0,55
2023,chicago,81,1000+,3,3100.0,3
2023,chicago,81,250-499,12,3696.0,12
2023,chicago,81,50-99,145,9178.0,104
2023,chicago,81,500-999,3,1701.0,3
2023,chicago,81,unknown,141,0.0,141
2023,chicago,92,1-9,382,2197.0,190
2023,chicago,92,10-49,489,9665.0,194
2023,chicago,92,100-249,71,11035.0,60
2023,chicago,92,1000+,6,11377.0,6
2023,chicago,92,250-499,33,10252.0,33
2023,chicago,92,50-99,69,4175.0,45
2023,chicago,92,500-999,8,5300.0,8
2023,chicago,92,unknown,8,0.0,8
2023,chicago,99,1-9,1349,7843.0,191
2023,chicago,99,10-49,550,8197.0,122
2023,chicago,99,100-249,40,6410.0,14
2023,chicago,99,1000+,1,1000.0,1
2023,chicago,99,250-499,6,1816.0,5
2023,chicago,99,50-99,44,3054.0,24
2023,chicago,99,500-999,1,750.0,1
2023,chicago,99,unknown,5930,0.0,5930
2023,chicago,,1-9,57,293.0,23
2023,chicago,,10-49,256,4215.0,22
2023,chicago,,100-249,13,1759.0,5
2023,chicago,,1000+,1,8534.0,1
2023,chicago,,250-499,1,380.0,1
2023,chicago,,50-99,16,995.0,8
2023,chicago,,unknown,348,0.0,348
2023,cook_ex_chicago,11,1-9,47,179.0,10
2023,cook_ex_chicago,11,10-49,18,412.0,8
2023,cook_ex_chicago,11,100-249,1,100.0,1
2023,cook_ex_chicago,11,50-99,2,113.0,1
2023,cook_ex_chicago,11,unknown,3,0.0,3
2023,cook_ex_chicago,21,1-9,30,164.0,9
2023,cook_ex_chicago,21,10-49,6,100.0,4
2023,cook_ex_chicago,21,50-99,1,75.0,1
2023,cook_ex_chicago,21,unknown,4,0.0,4
2023,cook_ex_chicago,22,1-9,37,173.0,20
2023,cook_ex_chicago,22,10-49,23,497.0,19
2023,cook_ex_chicago,22,100-249,1,225.0,1
2023,cook_ex_chicago,22,50-99,3,151.0,3
2023,cook_ex_chicago,22,unknown,1,0.0,1
2023,cook_ex_chicago,23,1-9,4658,19116.0,1704
2023,cook_ex_chicago,23,10-49,1017,18521.0,759
2023,cook_ex_chicago,23,100-249,45,5923.0,36
2023,cook_ex_chicago,23,1000+,1,6000.0,1
2023,cook_ex_chicago,23,250-499,4,1125.0,4
2023,cook_ex_chicago,23,50-99,119,6844.0,90
2023,cook_ex_chicago,23,500-999,2,1400.0,2
2023,cook_ex_chicago,23,unknown,47,0.0,47
2023,cook_ex_chicago,31,1-9,302,1517.0,121
2023,cook_ex_chicago,31,10-49,152,3510.0,87
2023,cook_ex_chicago,31,100-249,21,2605.0,18
2023,cook_ex_chicago,31,1000+,2,3300.0,2
2023,cook_ex_chicago,31,250-499,6,1903.0,6
2023,cook_ex_chicago,31,50-99,31,1945.0,26
2023,cook_ex_chicago,31,500-999,1,500.0,1
2023,cook_ex_chicago,31,unknown,9,0.0,9
2023,cook_ex_chicago,32,1-9,471,2083.0,303
2023,cook_ex_chicago,32,10-49,319,6644.0,219
2023,cook_ex_chicago,32,100-249,60,8196.0,54
2023,cook_ex_chicago,32,1000+,1,1000.0,1
2023,cook_ex_chicago,32,250-499,11,3534.0,11
2023,cook_ex_chicago,32,50-99,80,5197.0,65
2023,cook_ex_chicago,32,500-999,3,1900.0,2
2023,cook_ex_chicago,32,unknown,15,0.0,15
2023,cook_ex_chicago,33,1-9,1224,6109.0,758
2023,cook_ex_chicago,33,10-49,857,18130.0,620
2023,cook_ex_chicago,33,100-249,118,16040.0,99
2023,cook_ex_chicago,33,1000+,5,7300.0,5
2023,cook_ex_chicago,33,250-499,20,6274.0,19
2023,cook_ex_chicago,33,50-99,178,11504.0,151
2023,cook_ex_chicago,33,500-999,8,4551.0,8
2023,cook_ex_chicago,33,unknown,36,0.0,36
2023,cook_ex_chicago,42,1-9,1938,9110.0,1058
2023,cook_ex_chicago,42,10-49,880,15803.0,608
2023,cook_ex_chicago,42,100-249,87,12524.0,65
2023,cook_ex_chicago,42,1000+,5,11200.0,5
2023,cook_ex_chicago,42,250-499,21,6569.0,20
2023,cook_ex_chicago,42,50-99,135,8210.0,116
2023,cook_ex_chicago,42,500-999,9,5529.0,9
2023,cook_ex_chicago,42,unknown,59,0.0,59
2023,cook_ex_chicago,44,1-9,5402,21905.0,2847
2023,cook_ex_chicago,44,10-49,1505,29452.0,1053
2023,cook_ex_chicago,44,100-249,192,28144.0,151
2023,cook_ex_chicago,44,1000+,2,2500.0,2
2023,cook_ex_chicago,44,250-499,33,9584.0,29
2023,cook_ex_chicago,44,50-99,224,14082.0,157
2023,cook_ex_chicago,44,500-999,5,3301.0,5
2023,cook_ex_chicago,44,unknown,284,0.0,284
2023,cook_ex_chicago,45,1-9,1967,6981.0,1000
2023,cook_ex_chicago,45,10-49,559,11010.0,368
2023,cook_ex_chicago,45,100-249,67,10791.0,54
2023,cook_ex_chicago,45,1000+,3,8800.0,3
2023,cook_ex_chicago,45,250-499,30,9594.0,24
2023,cook_ex_chicago,45,50-99,86,5176.0,57
2023,cook_ex_chicago,45,500-999,3,1650.0,3
2023,cook_ex_chicago,45,unknown,523,0.0,523
2023,cook_ex_chicago,48,1-9,1599,6643.0,653
2023,cook_ex_chicago,48,10-49,402,7126.0,242
2023,cook_ex_chicago,48,100-249,45,6646.0,39
2023,cook_ex_chicago,48,1000+,1,1600.0,1
2023,cook_ex_chicago,48,250-499,15,4600.0,15
2023,cook_ex_chicago,48,50-99,76,4595.0,43
2023,cook_ex_chicago,48,500-999,1,500.0,1
2023,cook_ex_chicago,48,unknown,38,0.0,38
2023,cook_ex_chicago,49,1-9,96,399.0,42
2023,cook_ex_chicago,49,10-49,53,1200.0,38
2023,cook_ex_chicago,49,100-249,16,2182.0,16
2023,cook_ex_chicago,49,250-499,3,870.0,3
2023,cook_ex_chicago,49,50-99,18,1265.0,18
2023,cook_ex_chicago,49,unknown,3,0.0,3
2023,cook_ex_chicago,51,1-9,1153,4769.0,454
2023,cook_ex_chicago,51,10-49,510,9333.0,201
2023,cook_ex_chicago,51,100-249,35,5031.0,23
2023,cook_ex_chicago,51,250-499,5,1636.0,5
2023,cook_ex_chicago,51,50-99,50,2967.0,28
2023,cook_ex_chicago,51,500-999,6,3051.0,6
2023,cook_ex_chicago,51,unknown,48,0.0,48
2023,cook_ex_chicago,52,1-9,5115,18190.0,1969
2023,cook_ex_chicago,52,10-49,822,14186.0,537
2023,cook_ex_chicago,52,100-249,44,6281.0,34
2023,cook_ex_chicago,52,1000+,8,34001.0,8
2023,cook_ex_chicago,52,250-499,7,2110.0,7
2023,cook_ex_chicago,52,50-99,78,5023.0,68
2023,cook_ex_chicago,52,500-999,4,2000.0,4
2023,cook_ex_chicago,52,unknown,2487,0.0,2487
2023,cook_ex_chicago,53,1-9,2982,11878.0,1146
2023,cook_ex_chicago,53,10-49,424,7955.0,297
2023,cook_ex_chicago,53,100-249,29,3786.0,19
2023,cook_ex_chicago,53,1000+,1,1200.0,1
2023,cook_ex_chicago,53,250-499,3,915.0,3
2023,cook_ex_chicago,53,50-99,72,4394.0,54
2023,cook_ex_chicago,53,500-999,1,800.0,1
2023,cook_ex_chicago,53,unknown,245,0.0,245
2023,cook_ex_chicago,54,1-9,7460,26679.0,3106
2023,cook_ex_chicago,54,10-49,1321,22402.0,843
2023,cook_ex_chicago,54,100-249,78,11392.0,62
2023,cook_ex_chicago,54,1000+,5,14055.0,5
2023,cook_ex_chicago,54,250-499,11,3545.0,11
2023,cook_ex_chicago,54,50-99,142,9134.0,98
2023,cook_ex_chicago,54,500-999,6,3900.0,6
2023,cook_ex_chicago,54,unknown,2614,0.0,2614
2023,cook_ex_chicago,55,1-9,75,260.0,11
2023,cook_ex_chicago,55,10-49,17,437.0,6
2023,cook_ex_chicago,55,100-249,2,230.0,2
2023,cook_ex_chicago,55,50-99,4,232.0,4
2023,cook_ex_chicago,55,unknown,1,0.0,1
2023,cook_ex_chicago,56,1-9,2341,9334.0,967
2023,cook_ex_chicago,56,10-49,528,9515.0,401
2023,cook_ex_chicago,56,100-249,50,6411.0,41
2023,cook_ex_chicago,56,1000+,4,9001.0,3
2023,cook_ex_chicago,56,250-499,7,2050.0,7
2023,cook_ex_chicago,56,50-99,75,4517.0,64
2023,cook_ex_chicago,56,500-999,2,1176.0,2
2023,cook_ex_chicago,56,unknown,120,0.0,120
2023,cook_ex_chicago,61,1-9,875,3556.0,325
2023,cook_ex_chicago,61,10-49,886,21598.0,445
2023,cook_ex_chicago,61,100-249,133,19586.0,99
2023,cook_ex_chicago,61,1000+,4,4700.0,4
2023,cook_ex_chicago,61,250-499,44,13805.0,44
2023,cook_ex_chicago,61,50-99,492,32856.0,413
2023,cook_ex_chicago,61,500-999,8,4831.0,8
2023,cook_ex_chicago,61,unknown,36,0.0,36
2023,cook_ex_chicago,62,1-9,37913,95414.0,2770
2023,cook_ex_chicago,62,10-49,2749,48906.0,1421
2023,cook_ex_chicago,62,100-249,169,23853.0,128
2023,cook_ex_chicago,62,1000+,17,45467.0,17
2023,cook_ex_chicago,62,250-499,35,11487.0,30
2023,cook_ex_chicago,62,50-99,205,12695.0,154
2023,cook_ex_chicago,62,500-999,15,9730.0,13
2023,cook_ex_chicago,62,unknown,1411,0.0,1411
2023,cook_ex_chicago,71,1-9,1063,4709.0,388
2023,cook_ex_chicago,71,10-49,563,10412.0,278
2023,cook_ex_chicago,71,100-249,40,4755.0,31
2023,cook_ex_chicago,71,1000+,2,2500.0,2
2023,cook_ex_chicago,71,250-499,6,1750.0,6
2023,cook_ex_chicago,71,50-99,75,4649.0,54
2023,cook_ex_chicago,71,500-999,5,2945.0,5
2023,cook_ex_chicago,71,unknown,35,0.0,35
2023,cook_ex_chicago,72,1-9,3707,18547.0,1837
2023,cook_ex_chicago,72,10-49,2337,46128.0,1656
2023,cook_ex_chicago,72,100-249,88,11949.0,75
2023,cook_ex_chicago,72,250-499,14,4574.0,14
2023,cook_ex_chicago,72,50-99,251,16110.0,227
2023,cook_ex_chicago,72,500-999,2,1330.0,2
2023,cook_ex_chicago,72,unknown,92,0.0,92
2023,cook_ex_chicago,81,1-9,8984,33517.0,4807
2023,cook_ex_chicago,81,10-49,1442,23685.0,1165
2023,cook_ex_chicago,81,100-249,65,8658.0,52
2023,cook_ex_chicago,81,1000+,1,1350.0,1
2023,cook_ex_chicago,81,250-499,4,1333.0,4
2023,cook_ex_chicago,81,50-99,111,7143.0,87
2023,cook_ex_chicago,81,500-999,5,3320.0,5
2023,cook_ex_chicago,81,unknown,158,0.0,158
2023,cook_ex_chicago,92,1-9,529,2725.0,336
2023,cook_ex_chicago,92,10-49,602,13369.0,346
2023,cook_ex_chicago,92,100-249,89,12972.0,72
2023,cook_ex_chicago,92,250-499,12,4150.0,12
2023,cook_ex_chicago,92,50-99,137,8418.0,117
2023,cook_ex_chicago,92,500-999,7,3965.0,7
2023,cook_ex_chicago,92,unknown,10,0.0,10
2023,cook_ex_chicago,99,1-9,932,5441.0,152
2023,cook_ex_chicago,99,10-49,340,5750.0,103
2023,cook_ex_chicago,99,100-249,46,7014.0,13
2023,cook_ex_chicago,99,1000+,2,3200.0,2
2023,cook_ex_chicago,99,250-499,3,1002.0,2
2023,cook_ex_chicago,99,50-99,36,2391.0,22
2023,cook_ex_chicago,99,500-999,1,562.0,1
2023,cook_ex_chicago,99,unknown,4026,0.0,4026
2023,cook_ex_chicago,,1-9,53,258.0,20
2023,cook_ex_chicago,,10-49,133,2087.0,15
2023,cook_ex_chicago,,100-249,9,1125.0,1
2023,cook_ex_chicago,,1000+,1,5000.0,1
2023,cook_ex_chicago,,50-99,7,484.0,4
2023,cook_ex_chicago,,unknown,323,0.0,323
2023,il_ex_msa,11,1-9,1836,5143.0,1050
2023,il_ex_msa,11,10-49,161,2749.0,141
2023,il_ex_msa,11,100-249,11,1601.0,8
2023,il_ex_msa,11,250-499,1,250.0,1
2023,il_ex_msa,11,50-99,18,1073.0,15
2023,il_ex_msa,11,500-999,1,500.0,1
2023,il_ex_msa,11,unknown,12,0.0,12
2023,il_ex_msa,21,1-9,190,847.0,112
2023,il_ex_msa,21,10-49,71,1286.0,55
2023,il_ex_msa,21,100-249,8,1235.0,5
2023,il_ex_msa,21,250-499,3,1055.0,3
2023,il_ex_msa,21,50-99,6,423.0,5
2023,il_ex_msa,21,unknown,4,0.0,4
2023,il_ex_msa,22,1-9,357,1339.0,273
2023,il_ex_msa,22,10-49,110,2186.0,60
2023,il_ex_msa,22,100-249,11,1481.0,9
2023,il_ex_msa,22,1000+,2,3932.0,2
2023,il_ex_msa,22,250-499,5,1626.0,5
2023,il_ex_msa,22,50-99,15,893.0,14
2023,il_ex_msa,22,unknown,7,0.0,7
2023,il_ex_msa,23,1-9,8874,29963.0,4619
2023,il_ex_msa,23,10-49,1512,26686.0,1226
2023,il_ex_msa,23,100-249,62,8136.0,54
2023,il_ex_msa,23,250-499,12,4109.0,12
2023,il_ex_msa,23,50-99,145,8612.0,135
2023,il_ex_msa,23,500-999,4,2270.0,4
2023,il_ex_msa,23,unknown,68,0.0,68
2023,il_ex_msa,31,1-9,615,2893.0,303
2023,il_ex_msa,31,10-49,232,4219.0,155
2023,il_ex_msa,31,100-249,32,4454.0,29
2023,il_ex_msa,31,1000+,4,9400.0,3
2023,il_ex_msa,31,250-499,14,4466.0,14
2023,il_ex_msa,31,50-99,40,2613.0,30
2023,il_ex_msa,31,500-999,4,3250.0,4
2023,il_ex_msa,31,unknown,12,0.0,12
2023,il_ex_msa,32,1-9,737,3053.0,527
2023,il_ex_msa,32,10-49,300,6157.0,239
2023,il_ex_msa,32,100-249,52,7187.0,48
2023,il_ex_msa,32,1000+,2,2000.0,2
2023,il_ex_msa,32,250-499,17,5378.0,17
2023,il_ex_msa,32,50-99,76,5012.0,65
2023,il_ex_msa,32,500-999,5,3850.0,5
2023,il_ex_msa,32,unknown,12,0.0,12
2023,il_ex_msa,33,1-9,1682,7076.0,1155
2023,il_ex_msa,33,10-49,830,16648.0,630
2023,il_ex_msa,33,100-249,139,19599.0,121
2023,il_ex_msa,33,1000+,5,9801.0,5
2023,il_ex_msa,33,250-499,38,12934.0,38
2023,il_ex_msa,33,50-99,200,13194.0,172
2023,il_ex_msa,33,500-999,21,14410.0,21
2023,il_ex_msa,33,unknown,28,0.0,28
2023,il_ex_msa,42,1-9,3248,13598.0,2213
2023,il_ex_msa,42,10-49,1298,24288.0,1039
2023,il_ex_msa,42,100-249,94,13048.0,81
2023,il_ex_msa,42,1000+,4,5400.0,4
2023,il_ex_msa,42,250-499,27,8736.0,27
2023,il_ex_msa,42,50-99,146,9343.0,131
2023,il_ex_msa,42,500-999,20,12403.0,17
2023,il_ex_msa,42,unknown,49,0.0,49
2023,il_ex_msa,44,1-9,9310,39054.0,6188
2023,il_ex_msa,44,10-49,3199,56278.0,2486
2023,il_ex_msa,44,100-249,218,29784.0,168
2023,il_ex_msa,44,1000+,1,1700.0,1
2023,il_ex_msa,44,250-499,20,5929.0,16
2023,il_ex_msa,44,50-99,265,17395.0,234
2023,il_ex_msa,44,500-999,7,4980.0,7
2023,il_ex_msa,44,unknown,345,0.0,345
2023,il_ex_msa,45,1-9,4349,15385.0,2790
2023,il_ex_msa,45,10-49,736,13466.0,565
2023,il_ex_msa,45,100-249,96,14534.0,80
2023,il_ex_msa,45,250-499,55,18156.0,49
2023,il_ex_msa,45,50-99,85,5525.0,67
2023,il_ex_msa,45,500-999,5,2849.0,5
2023,il_ex_msa,45,unknown,2167,0.0,2167
2023,il_ex_msa,48,1-9,1799,6754.0,1043
2023,il_ex_msa,48,10-49,754,13470.0,492
2023,il_ex_msa,48,100-249,52,7096.0,49
2023,il_ex_msa,48,1000+,1,2800.0,1
2023,il_ex_msa,48,250-499,12,3566.0,12
2023,il_ex_msa,48,50-99,101,6434.0,84
2023,il_ex_msa,48,500-999,4,2500.0,4
2023,il_ex_msa,48,unknown,25,0.0,25
2023,il_ex_msa,49,1-9,1401,5115.0,1139
2023,il_ex_msa,49,10-49,256,4756.0,243
2023,il_ex_msa,49,100-249,15,2211.0,14
2023,il_ex_msa,49,250-499,3,920.0,3
2023,il_ex_msa,49,50-99,23,1457.0,22
2023,il_ex_msa,49,500-999,3,2150.0,3
2023,il_ex_msa,49,unknown,9,0.0,9
2023,il_ex_msa,51,1-9,2132,8773.0,1172
2023,il_ex_msa,51,10-49,707,12612.0,460
2023,il_ex_msa,51,100-249,34,4588.0,29
2023,il_ex_msa,51,1000+,2,8000.0,2
2023,il_ex_msa,51,250-499,10,3044.0,9
2023,il_ex_msa,51,50-99,100,6392.0,80
2023,il_ex_msa,51,500-999,3,1500.0,3
2023,il_ex_msa,51,unknown,109,0.0,109
2023,il_ex_msa,52,1-9,8450,27901.0,4473
2023,il_ex_msa,52,10-49,1200,20543.0,944
2023,il_ex_msa,52,100-249,44,5751.0,34
2023,il_ex_msa,52,1000+,8,39000.0,8
2023,il_ex_msa,52,250-499,12,4257.0,12
2023,il_ex_msa,52,50-99,124,7528.0,103
2023,il_ex_msa,52,500-999,8,5200.0,8
2023,il_ex_msa,52,unknown,6706,0.0,6706
2023,il_ex_msa,53,1-9,4872,14660.0,2629
2023,il_ex_msa,53,10-49,506,8556.0,417
2023,il_ex_msa,53,100-249,26,3655.0,23
2023,il_ex_msa,53,250-499,1,250.0,1
2023,il_ex_msa,53,50-99,29,1723.0,26
2023,il_ex_msa,53,unknown,499,0.0,499
2023,il_ex_msa,54,1-9,9025,30084.0,4242
2023,il_ex_msa,54,10-49,1509,26022.0,1143
2023,il_ex_msa,54,100-249,60,8749.0,46
2023,il_ex_msa,54,1000+,2,3400.0,2
2023,il_ex_msa,54,250-499,11,3429.0,11
2023,il_ex_msa,54,50-99,135,8516.0,105
2023,il_ex_msa,54,500-999,3,1800.0,3
2023,il_ex_msa,54,unknown,3208,0.0,3208
2023,il_ex_msa,55,1-9,89,363.0,31
2023,il_ex_msa,55,10-49,109,2281.0,48
2023,il_ex_msa,55,100-249,1,130.0,1
2023,il_ex_msa,55,250-499,1,350.0,1
2023,il_ex_msa,55,50-99,15,918.0,13
2023,il_ex_msa,55,unknown,4,0.0,4
2023,il_ex_msa,56,1-9,3894,12671.0,1977
2023,il_ex_msa,56,10-49,663,11879.0,454
2023,il_ex_msa,56,100-249,35,5106.0,33
2023,il_ex_msa,56,1000+,2,4000.0,2
2023,il_ex_msa,56,250-499,5,1550.0,5
2023,il_ex_msa,56,50-99,57,3538.0,48
2023,il_ex_msa,56,unknown,189,0.0,189
2023,il_ex_msa,61,1-9,1185,4409.0,704
2023,il_ex_msa,61,10-49,1849,48730.0,1295
2023,il_ex_msa,61,100-249,232,32352.0,200
2023,il_ex_msa,61,1000+,4,14547.0,4
2023,il_ex_msa,61,250-499,24,7274.0,23
2023,il_ex_msa,61,50-99,868,55933.0,725
2023,il_ex_msa,61,500-999,6,3306.0,6
2023,il_ex_msa,61,unknown,58,0.0,58
2023,il_ex_msa,62,1-9,40773,106981.0,4194
2023,il_ex_msa,62,10-49,4561,81992.0,2630
2023,il_ex_msa,62,100-249,372,52911.0,332
2023,il_ex_msa,62,1000+,38,89271.0,38
2023,il_ex_msa,62,250-499,56,18374.0,51
2023,il_ex_msa,62,50-99,538,35119.0,451
2023,il_ex_msa,62,500-999,35,22884.0,35
2023,il_ex_msa,62,unknown,1945,0.0,1945
2023,il_ex_msa,71,1-9,2277,8369.0,1121
2023,il_ex_msa,71,10-49,887,15893.0,459
2023,il_ex_msa,71,100-249,32,4769.0,29
2023,il_ex_msa,71,1000+,16,17700.0,3
2023,il_ex_msa,71,250-499,6,1829.0,5
2023,il_ex_msa,71,50-99,62,3701.0,56
2023,il_ex_msa,71,500-999,3,1650.0,3
2023,il_ex_msa,71,unknown,32,0.0,32
2023,il_ex_msa,72,1-9,5787,28130.0,3487
2023,il_ex_msa,72,10-49,4347,84652.0,3266
2023,il_ex_msa,72,100-249,104,12967.0,95
2023,il_ex_msa,72,250-499,3,960.0,3
2023,il_ex_msa,72,50-99,471,29413.0,440
2023,il_ex_msa,72,500-999,2,1200.0,2
2023,il_ex_msa,72,unknown,142,0.0,142
2023,il_ex_msa,81,1-9,19684,59832.0,13187
2023,il_ex_msa,81,10-49,1739,29078.0,1417
2023,il_ex_msa,81,100-249,68,9411.0,57
2023,il_ex_msa,81,1000+,2,4200.0,2
2023,il_ex_msa,81,250-499,11,3341.0,11
2023,il_ex_msa,81,50-99,134,8467.0,112
2023,il_ex_msa,81,500-999,3,1701.0,3
2023,il_ex_msa,81,unknown,220,0.0,220
2023,il_ex_msa,92,1-9,5682,22554.0,3812
2023,il_ex_msa,92,10-49,2528,49912.0,1678
2023,il_ex_msa,92,100-249,101,15641.0,86
2023,il_ex_msa,92,1000+,7,21480.0,7
2023,il_ex_msa,92,250-499,47,15615.0,46
2023,il_ex_msa,92,50-99,250,16143.0,226
2023,il_ex_msa,92,500-999,13,7529.0,13
2023,il_ex_msa,92,unknown,16,0.0,16
2023,il_ex_msa,99,1-9,1895,9598.0,474
2023,il_ex_msa,99,10-49,539,10351.0,291
2023,il_ex_msa,99,100-249,45,6507.0,31
2023,il_ex_msa,99,1000+,1,1700.0,1
2023,il_ex_msa,99,250-499,5,1535.0,5
2023,il_ex_msa,99,50-99,82,5369.0,51
2023,il_ex_msa,99,500-999,4,2689.0,4
2023,il_ex_msa,99,unknown,3223,0.0,3223
2023,il_ex_msa,,1-9,163,788.0,91
2023,il_ex_msa,,10-49,203,3945.0,78
2023,il_ex_msa,,100-249,17,2732.0,7
2023,il_ex_msa,,1000+,1,2400.0,1
2023,il_ex_msa,,250-499,3,950.0,3
2023,il_ex_msa,,50-99,10,610.0,9
2023,il_ex_msa,,500-999,1,600.0,1
2023,il_ex_msa,,unknown,546,0.0,546
2023,msa_ex_cook,11,1-9,314,971.0,128
2023,msa_ex_cook,11,10-49,47,803.0,33
2023,msa_ex_cook,11,250-499,1,250.0,1
2023,msa_ex_cook,11,50-99,2,110.0,2
2023,msa_ex_cook,11,unknown,6,0.0,6
2023,msa_ex_cook,21,1-9,50,235.0,24
2023,msa_ex_cook,21,10-49,28,514.0,13
2023,msa_ex_cook,21,50-99,1,65.0,1
2023,msa_ex_cook,21,unknown,3,0.0,3
2023,msa_ex_cook,22,1-9,75,346.0,38
2023,msa_ex_cook,22,10-49,28,484.0,17
2023,msa_ex_cook,22,100-249,7,764.0,5
2023,msa_ex_cook,22,250-499,2,600.0,2
2023,msa_ex_cook,22,50-99,7,390.0,5
2023,msa_ex_cook,22,500-999,1,700.0,1
2023,msa_ex_cook,22,unknown,2,0.0,2
2023,msa_ex_cook,23,1-9,8699,31722.0,3462
2023,msa_ex_cook,23,10-49,1814,31607.0,1307
2023,msa_ex_cook,23,100-249,61,8255.0,54
2023,msa_ex_cook,23,1000+,3,5000.0,3
2023,msa_ex_cook,23,250-499,13,4030.0,13
2023,msa_ex_cook,23,50-99,152,9203.0,126
2023,msa_ex_cook,23,500-999,5,2901.0,5
2023,msa_ex_cook,23,unknown,109,0.0,109
2023,msa_ex_cook,31,1-9,483,2265.0,195
2023,msa_ex_cook,31,10-49,196,3606.0,108
2023,msa_ex_cook,31,100-249,30,4644.0,27
2023,msa_ex_cook,31,250-499,9,3310.0,9
2023,msa_ex_cook,31,50-99,30,1922.0,21
2023,msa_ex_cook,31,500-999,1,600.0,1
2023,msa_ex_cook,31,unknown,13,0.0,13
2023,msa_ex_cook,32,1-9,771,3444.0,487
2023,msa_ex_cook,32,10-49,483,10292.0,325
2023,msa_ex_cook,32,100-249,105,14718.0,84
2023,msa_ex_cook,32,1000+,4,4101.0,4
2023,msa_ex_cook,32,250-499,21,6531.0,21
2023,msa_ex_cook,32,50-99,125,7956.0,99
2023,msa_ex_cook,32,500-999,4,2330.0,4
2023,msa_ex_cook,32,unknown,28,0.0,28
2023,msa_ex_cook,33,1-9,1874,8656.0,1176
2023,msa_ex_cook,33,10-49,1472,29548.0,979
2023,msa_ex_cook,33,100-249,208,28995.0,168
2023,msa_ex_cook,33,1000+,8,14503.0,8
2023,msa_ex_cook,33,250-499,41,13667.0,41
2023,msa_ex_cook,33,50-99,254,16458.0,199
2023,msa_ex_cook,33,500-999,17,10532.0,17
2023,msa_ex_cook,33,unknown,61,0.0,61
2023,msa_ex_cook,42,1-9,3154,14506.0,1811
2023,msa_ex_cook,42,10-49,1515,28373.0,1048
2023,msa_ex_cook,42,100-249,132,18874.0,106
2023,msa_ex_cook,42,1000+,10,39200.0,10
2023,msa_ex_cook,42,250-499,30,10049.0,30
2023,msa_ex_cook,42,50-99,205,13122.0,167
2023,msa_ex_cook,42,500-999,15,9749.0,12
2023,msa_ex_cook,42,unknown,85,0.0,85
2023,msa_ex_cook,44,1-9,7356,30503.0,3852
2023,msa_ex_cook,44,10-49,2318,42698.0,1636
2023,msa_ex_cook,44,100-249,273,39309.0,199
2023,msa_ex_cook,44,1000+,3,53100.0,3
2023,msa_ex_cook,44,250-499,41,12310.0,35
2023,msa_ex_cook,44,50-99,242,15273.0,193
2023,msa_ex_cook,44,500-999,9,5501.0,9
2023,msa_ex_cook,44,unknown,413,0.0,413
2023,msa_ex_cook,45,1-9,3015,10167.0,1479
2023,msa_ex_cook,45,10-49,776,15243.0,557
2023,msa_ex_cook,45,100-249,109,16481.0,91
2023,msa_ex_cook,45,1000+,4,5001.0,4
2023,msa_ex_cook,45,250-499,33,10806.0,27
2023,msa_ex_cook,45,50-99,106,6647.0,82
2023,msa_ex_cook,45,500-999,3,1500.0,3
2023,msa_ex_cook,45,unknown,924,0.0,924
2023,msa_ex_cook,48,1-9,1978,7888.0,854
2023,msa_ex_cook,48,10-49,574,10370.0,357
2023,msa_ex_cook,48,100-249,69,10097.0,64
2023,msa_ex_cook,48,1000+,1,1100.0,1
2023,msa_ex_cook,48,250-499,13,4176.0,13
2023,msa_ex_cook,48,50-99,84,5134.0,68
2023,msa_ex_cook,48,500-999,3,2000.0,3
2023,msa_ex_cook,48,unknown,39,0.0,39
2023,msa_ex_cook,49,1-9,193,746.0,104
2023,msa_ex_cook,49,10-49,124,2705.0,87
2023,msa_ex_cook,49,100-249,17,2375.0,17
2023,msa_ex_cook,49,1000+,1,1500.0,1
2023,msa_ex_cook,49,250-499,2,618.0,2
2023,msa_ex_cook,49,50-99,22,1585.0,20
2023,msa_ex_cook,49,500-999,1,500.0,1
2023,msa_ex_cook,49,unknown,5,0.0,5
2023,msa_ex_cook,51,1-9,1689,7243.0,631
2023,msa_ex_cook,51,10-49,645,11577.0,327
2023,msa_ex_cook,51,100-249,28,4094.0,21
2023,msa_ex_cook,51,1000+,2,2150.0,2
2023,msa_ex_cook,51,250-499,8,2280.0,8
2023,msa_ex_cook,51,50-99,88,5381.0,65
2023,msa_ex_cook,51,500-999,3,2105.0,3
2023,msa_ex_cook,51,unknown,63,0.0,63
2023,msa_ex_cook,52,1-9,7128,24322.0,2729
2023,msa_ex_cook,52,10-49,1139,19464.0,739
2023,msa_ex_cook,52,100-249,66,9829.0,48
2023,msa_ex_cook,52,1000+,6,11701.0,6
2023,msa_ex_cook,52,250-499,6,1850.0,6
2023,msa_ex_cook,52,50-99,110,7393.0,82
2023,msa_ex_cook,52,500-999,4,2300.0,4
2023,msa_ex_cook,52,unknown,3739,0.0,3739
2023,msa_ex_cook,53,1-9,4110,13995.0,1769
2023,msa_ex_cook,53,10-49,622,11678.0,436
2023,msa_ex_cook,53,100-249,38,5370.0,30
2023,msa_ex_cook,53,1000+,2,3000.0,2
2023,msa_ex_cook,53,250-499,3,900.0,3
2023,msa_ex_cook,53,50-99,76,4636.0,66
2023,msa_ex_cook,53,500-999,2,1001.0,2
2023,msa_ex_cook,53,unknown,336,0.0,336
2023,msa_ex_cook,54,1-9,11103,38227.0,4555
2023,msa_ex_cook,54,10-49,1869,32938.0,1310
2023,msa_ex_cook,54,100-249,107,15065.0,81
2023,msa_ex_cook,54,1000+,5,19551.0,5
2023,msa_ex_cook,54,250-499,21,6647.0,19
2023,msa_ex_cook,54,50-99,210,13109.0,136
2023,msa_ex_cook,54,500-999,8,4944.0,8
2023,msa_ex_cook,54,unknown,2857,0.0,2857
2023,msa_ex_cook,55,1-9,130,668.0,12
2023,msa_ex_cook,55,10-49,27,624.0,8
2023,msa_ex_cook,55,100-249,3,442.0,2
2023,msa_ex_cook,55,1000+,1,3000.0,1
2023,msa_ex_cook,55,250-499,1,250.0,1
2023,msa_ex_cook,55,50-99,6,356.0,2
2023,msa_ex_cook,55,unknown,1,0.0,1
2023,msa_ex_cook,56,1-9,4262,16312.0,1722
2023,msa_ex_cook,56,10-49,933,16364.0,658
2023,msa_ex_cook,56,100-249,56,8226.0,49
2023,msa_ex_cook,56,1000+,2,6300.0,2
2023,msa_ex_cook,56,250-499,17,4978.0,17
2023,msa_ex_cook,56,50-99,105,6586.0,79
2023,msa_ex_cook,56,500-999,4,2325.0,4
2023,msa_ex_cook,56,unknown,166,0.0,166
2023,msa_ex_cook,61,1-9,1366,5078.0,553
2023,msa_ex_cook,61,10-49,1030,25143.0,581
2023,msa_ex_cook,61,100-249,255,34570.0,184
2023,msa_ex_cook,61,1000+,6,11799.0,6
2023,msa_ex_cook,61,250-499,42,13439.0,40
2023,msa_ex_cook,61,50-99,696,46212.0,584
2023,msa_ex_cook,61,500-999,9,6014.0,9
2023,msa_ex_cook,61,unknown,46,0.0,46
2023,msa_ex_cook,62,1-9,44800,123459.0,3652
2023,msa_ex_cook,62,10-49,3903,65385.0,1889
2023,msa_ex_cook,62,100-249,211,30246.0,168
2023,msa_ex_cook,62,1000+,18,31417.0,18
2023,msa_ex_cook,62,250-499,27,7962.0,24
2023,msa_ex_cook,62,50-99,276,17462.0,211
2023,msa_ex_cook,62,500-999,26,15235.0,15
2023,msa_ex_cook,62,unknown,1725,0.0,1725
2023,msa_ex_cook,71,1-9,1764,6672.0,699
2023,msa_ex_cook,71,10-49,920,16527.0,342
2023,msa_ex_cook,71,100-249,40,5622.0,34
2023,msa_ex_cook,71,1000+,4,7400.0,3
2023,msa_ex_cook,71,250-499,5,1425.0,4
2023,msa_ex_cook,71,50-99,77,4754.0,61
2023,msa_ex_cook,71,500-999,5,3000.0,5
2023,msa_ex_cook,71,unknown,44,0.0,44
2023,msa_ex_cook,72,1-9,4293,22627.0,2038
2023,msa_ex_cook,72,10-49,3459,67624.0,2415
2023,msa_ex_cook,72,100-249,97,13184.0,86
2023,msa_ex_cook,72,250-499,10,2983.0,10
2023,msa_ex_cook,72,50-99,371,22952.0,337
2023,msa_ex_cook,72,500-999,1,500.0,1
2023,msa_ex_cook,72,unknown,165,0.0,165
2023,msa_ex_cook,81,1-9,12290,44601.0,6538
2023,msa_ex_cook,81,10-49,2075,34429.0,1725
2023,msa_ex_cook,81,100-249,75,10548.0,56
2023,msa_ex_cook,81,1000+,1,2000.0,1
2023,msa_ex_cook,81,250-499,9,2936.0,7
2023,msa_ex_cook,81,50-99,156,9550.0,128
2023,msa_ex_cook,81,500-999,3,1500.0,3
2023,msa_ex_cook,81,unknown,195,0.0,195
2023,msa_ex_cook,92,1-9,1147,5639.0,674
2023,msa_ex_cook,92,10-49,856,18209.0,526
2023,msa_ex_cook,92,100-249,89,12608.0,75
2023,msa_ex_cook,92,1000+,5,9500.0,5
2023,msa_ex_cook,92,250-499,17,5619.0,16
2023,msa_ex_cook,92,50-99,210,13489.0,182
2023,msa_ex_cook,92,500-999,4,2642.0,4
2023,msa_ex_cook,92,unknown,12,0.0,12
2023,msa_ex_cook,99,1-9,1118,6385.0,184
2023,msa_ex_cook,99,10-49,387,6883.0,152
2023,msa_ex_cook,99,100-249,44,6937.0,23
2023,msa_ex_cook,99,1000+,1,1600.0,1
2023,msa_ex_cook,99,250-499,1,373.0,1
2023,msa_ex_cook,99,50-99,61,3783.0,46
2023,msa_ex_cook,99,500-999,2,1032.0,2
2023,msa_ex_cook,99,unknown,5443,0.0,5443
2023,msa_ex_cook,,1-9,105,492.0,30
2023,msa_ex_cook,,10-49,124,2437.0,15
2023,msa_ex_cook,,100-249,3,320.0,1
2023,msa_ex_cook,,250-499,2,700.0,2
2023,msa_ex_cook,,50-99,3,165.0,2
2023,msa_ex_cook,,unknown,523,0.0,523
2024,chicago,11,1-9,67,219.0,7
2024,chicago,11,10-49,16,349.0,4
2024,chicago,11,100-249,3,401.0,3
2024,chicago,11,250-499,2,734.0,2
2024,chicago,21,1-9,10,40.0,5
2024,chicago,21,10-49,15,332.0,7
2024,chicago,21,100-249,1,200.0,1
2024,chicago,22,1-9,28,116.0,4
2024,chicago,22,10-49,7,159.0,3
2024,chicago,22,100-249,1,150.0,1
2024,chicago,22,1000+,2,6000.0,2
2024,chicago,22,50-99,3,195.0,1
2024,chicago,23,1-9,3056,10155.0,887
2024,chicago,23,10-49,503,8843.0,380
2024,chicago,23,100-249,32,4571.0,30
2024,chicago,23,1000+,5,8300.0,5
2024,chicago,23,250-499,11,3315.0,11
2024,chicago,23,50-99,69,4067.0,65
2024,chicago,23,500-999,2,1100.0,2
2024,chicago,23,unknown,3,0.0,3
2024,chicago,31,1-9,454,1827.0,206
2024,chicago,31,10-49,202,3849.0,125
2024,chicago,31,100-249,20,2903.0,17
2024,chicago,31,1000+,3,3900.0,3
2024,chicago,31,250-499,11,3500.0,11
2024,chicago,31,50-99,27,1764.0,21
2024,chicago,31,500-999,13,7850.0,13
2024,chicago,32,1-9,380,1497.0,202
2024,chicago,32,10-49,160,3300.0,117
2024,chicago,32,100-249,17,2474.0,14
2024,chicago,32,1000+,1,1700.0,1
2024,chicago,32,250-499,5,1670.0,5
2024,chicago,32,50-99,24,1516.0,20
2024,chicago,32,500-999,4,2625.0,4
2024,chicago,32,unknown,3,0.0,3
2024,chicago,33,1-9,865,3449.0,417
2024,chicago,33,10-49,400,8103.0,307
2024,chicago,33,100-249,49,6655.0,45
2024,chicago,33,1000+,4,4213.0,4
2024,chicago,33,250-499,9,3498.0,9
2024,chicago,33,50-99,96,5952.0,74
2024,chicago,33,500-999,9,5951.0,9
2024,chicago,42,1-9,1343,5356.0,608
2024,chicago,42,10-49,399,7698.0,293
2024,chicago,42,100-249,25,3592.0,25
2024,chicago,42,1000+,1,2000.0,1
2024,chicago,42,250-499,19,6019.0,17
2024,chicago,42,50-99,69,4477.0,58
2024,chicago,42,500-999,2,1100.0,2
2024,chicago,44,1-9,2791,9589.0,1477
2024,chicago,44,10-49,556,10080.0,369
2024,chicago,44,100-249,102,15869.0,69
2024,chicago,44,1000+,1,1000.0,1
2024,chicago,44,250-499,27,8183.0,25
2024,chicago,44,50-99,85,5376.0,60
2024,chicago,44,500-999,3,1600.0,3
2024,chicago,44,unknown,3,0.0,3
2024,chicago,45,1-9,4201,14477.0,2087
2024,chicago,45,10-49,784,14461.0,549
2024,chicago,45,100-249,47,7016.0,30
2024,chicago,45,1000+,1,1500.0,1
2024,chicago,45,250-499,9,2898.0,8
2024,chicago,45,50-99,73,4670.0,58
2024,chicago,45,500-999,2,1220.0,2
2024,chicago,45,unknown,542,0.0,542
2024,chicago,48,1-9,1154,3894.0,311
2024,chicago,48,10-49,241,4789.0,151
2024,chicago,48,100-249,31,4209.0,23
2024,chicago,48,1000+,6,14001.0,6
2024,chicago,48,250-499,9,2879.0,9
2024,chicago,48,50-99,63,4221.0,33
2024,chicago,48,500-999,7,4130.0,7
2024,chicago,48,unknown,3,0.0,3
2024,chicago,49,1-9,94,391.0,33
2024,chicago,49,10-49,20,441.0,15
2024,chicago,49,100-249,17,2032.0,16
2024,chicago,49,1000+,1,1000.0,1
2024,chicago,49,50-99,13,888.0,13
2024,chicago,49,500-999,2,1100.0,2
2024,chicago,49,unknown,1,0.0,1
2024,chicago,51,1-9,1790,6465.0,635
2024,chicago,51,10-49,593,13165.0,274
2024,chicago,51,100-249,61,8094.0,42
2024,chicago,51,1000+,3,5192.0,3
2024,chicago,51,250-499,14,4362.0,14
2024,chicago,51,50-99,143,9389.0,66
2024,chicago,51,500-999,7,4639.0,7
2024,chicago,51,unknown,3,0.0,3
2024,chicago,52,1-9,5136,16156.0,1348
2024,chicago,52,10-49,825,15632.0,588
2024,chicago,52,100-249,88,12803.0,75
2024,chicago,52,1000+,13,35006.0,13
2024,chicago,52,250-499,19,6065.0,19
2024,chicago,52,50-99,157,10058.0,116
2024,chicago,52,500-999,13,9148.0,13
2024,chicago,52,unknown,2388,0.0,2388
2024,chicago,53,1-9,4605,16694.0,1492
2024,chicago,53,10-49,651,11253.0,566
2024,chicago,53,100-249,33,4764.0,27
2024,chicago,53,250-499,23,7270.0,23
2024,chicago,53,50-99,71,4444.0,65
2024,chicago,53,500-999,6,3600.0,6
2024,chicago,53,unknown,142,0.0,142
2024,chicago,54,1-9,11851,36506.0,3451
2024,chicago,54,10-49,1839,34921.0,1368
2024,chicago,54,100-249,146,21132.0,131
2024,chicago,54,1000+,20,44397.0,20
2024,chicago,54,250-499,39,12217.0,39
2024,chicago,54,50-99,304,19430.0,235
2024,chicago,54,500-999,21,12551.0,21
2024,chicago,54,unknown,2831,0.0,2831
2024,chicago,55,1-9,137,506.0,8
2024,chicago,55,10-49,10,237.0,7
2024,chicago,55,100-249,3,316.0,0
2024,chicago,55,1000+,2,9000.0,2
2024,chicago,55,50-99,6,368.0,3
2024,chicago,55,500-999,1,600.0,1
2024,chicago,56,1-9,2331,8048.0,793
2024,chicago,56,10-49,442,8525.0,298
2024,chicago,56,100-249,36,5169.0,30
2024,chicago,56,1000+,6,11600.0,6
2024,chicago,56,250-499,6,1964.0,6
2024,chicago,56,50-99,61,3693.0,49
2024,chicago,56,500-999,3,1536.0,3
2024,chicago,56,unknown,148,0.0,148
2024,chicago,61,1-9,1241,4743.0,333
2024,chicago,61,10-49,875,21094.0,496
2024,chicago,61,100-249,180,23692.0,163
2024,chicago,61,1000+,4,12735.0,4
2024,chicago,61,250-499,11,3274.0,11
2024,chicago,61,50-99,439,29771.0,338
2024,chicago,61,500-999,13,8362.0,13
2024,chicago,61,unknown,25,0.0,25
2024,chicago,62,1-9,43298,65046.0,2292
2024,chicago,62,10-49,3948,80477.0,1129
2024,chicago,62,100-249,141,19419.0,113
2024,chicago,62,1000+,21,76829.0,21
2024,chicago,62,250-499,24,8063.0,23
2024,chicago,62,50-99,285,18125.0,147
2024,chicago,62,500-999,13,9113.0,13
2024,chicago,62,unknown,394,0.0,394
2024,chicago,71,1-9,1664,5725.0,479
2024,chicago,71,10-49,425,7683.0,241
2024,chicago,71,100-249,22,3161.0,17
2024,chicago,71,1000+,3,4000.0,3
2024,chicago,71,250-499,7,2178.0,7
2024,chicago,71,50-99,46,2946.0,32
2024,chicago,71,500-999,3,1700.0,3
2024,chicago,71,unknown,1,0.0,1
2024,chicago,72,1-9,4971,22804.0,2142
2024,chicago,72,10-49,2602,47430.0,1492
2024,chicago,72,100-249,113,15487.0,104
2024,chicago,72,1000+,5,7700.0,5
2024,chicago,72,250-499,20,6155.0,20
2024,chicago,72,50-99,242,15129.0,219
2024,chicago,72,500-999,9,5650.0,9
2024,chicago,72,unknown,19,0.0,19
2024,chicago,81,1-9,14095,42408.0,4697
2024,chicago,81,10-49,1164,20432.0,964
2024,chicago,81,100-249,64,8199.0,57
2024,chicago,81,1000+,4,4100.0,4
2024,chicago,81,250-499,12,3786.0,12
2024,chicago,81,50-99,115,7110.0,98
2024,chicago,81,500-999,3,1701.0,3
2024,chicago,81,unknown,14,0.0,14
2024,chicago,92,1-9,431,1961.0,160
2024,chicago,92,10-49,359,8429.0,182
2024,chicago,92,100-249,67,10051.0,63
2024,chicago,92,1000+,6,11377.0,6
2024,chicago,92,250-499,33,10252.0,33
2024,chicago,92,50-99,173,11458.0,44
2024,chicago,92,500-999,8,5300.0,8
2024,chicago,99,1-9,427,1299.0,21
2024,chicago,99,10-49,7,105.0,3
2024,chicago,99,100-249,1,200.0,1
2024,chicago,99,50-99,3,254.0,0
2024,chicago,99,unknown,3749,0.0,3749
2024,cook_ex_chicago,11,1-9,66,231.0,11
2024,cook_ex_chicago,11,10-49,21,408.0,10
2024,cook_ex_chicago,11,100-249,1,100.0,1
2024,cook_ex_chicago,11,50-99,1,52.0,1
2024,cook_ex_chicago,21,1-9,34,150.0,9
2024,cook_ex_chicago,21,10-49,5,81.0,4
2024,cook_ex_chicago,21,50-99,2,171.0,1
2024,cook_ex_chicago,22,1-9,57,229.0,24
2024,cook_ex_chicago,22,10-49,23,466.0,20
2024,cook_ex_chicago,22,100-249,2,425.0,2
2024,cook_ex_chicago,22,50-99,3,151.0,3
2024,cook_ex_chicago,23,1-9,4942,17446.0,1678
2024,cook_ex_chicago,23,10-49,908,16545.0,750
2024,cook_ex_chicago,23,100-249,37,4870.0,35
2024,cook_ex_chicago,23,1000+,1,6000.0,1
2024,cook_ex_chicago,23,250-499,4,1125.0,4
2024,cook_ex_chicago,23,50-99,87,5068.0,86
2024,cook_ex_chicago,23,500-999,1,900.0,1
2024,cook_ex_chicago,23,unknown,4,0.0,4
2024,cook_ex_chicago,31,1-9,331,1430.0,121
2024,cook_ex_chicago,31,10-49,162,3253.0,89
2024,cook_ex_chicago,31,100-249,22,3043.0,18
2024,cook_ex_chicago,31,1000+,2,3300.0,2
2024,cook_ex_chicago,31,250-499,6,1903.0,6
2024,cook_ex_chicago,31,50-99,35,2292.0,27
2024,cook_ex_chicago,31,500-999,2,1400.0,2
2024,cook_ex_chicago,32,1-9,562,2316.0,300
2024,cook_ex_chicago,32,10-49,294,6112.0,211
2024,cook_ex_chicago,32,100-249,56,7707.0,51
2024,cook_ex_chicago,32,1000+,1,1000.0,1
2024,cook_ex_chicago,32,250-499,11,3438.0,10
2024,cook_ex_chicago,32,50-99,79,5266.0,68
2024,cook_ex_chicago,32,500-999,2,1300.0,2
2024,cook_ex_chicago,32,unknown,2,0.0,2
2024,cook_ex_chicago,33,1-9,1427,6295.0,738
2024,cook_ex_chicago,33,10-49,814,16962.0,616
2024,cook_ex_chicago,33,100-249,108,14111.0,95
2024,cook_ex_chicago,33,1000+,5,8700.0,5
2024,cook_ex_chicago,33,250-499,21,6594.0,20
2024,cook_ex_chicago,33,50-99,175,11516.0,150
2024,cook_ex_chicago,33,500-999,8,4551.0,8
2024,cook_ex_chicago,33,unknown,2,0.0,2
2024,cook_ex_chicago,42,1-9,2245,9407.0,1086
2024,cook_ex_chicago,42,10-49,759,13500.0,583
2024,cook_ex_chicago,42,100-249,72,9952.0,66
2024,cook_ex_chicago,42,1000+,5,11200.0,5
2024,cook_ex_chicago,42,250-499,22,6845.0,20
2024,cook_ex_chicago,42,50-99,122,7367.0,113
2024,cook_ex_chicago,42,500-999,10,5908.0,9
2024,cook_ex_chicago,42,unknown,7,0.0,7
2024,cook_ex_chicago,44,1-9,3240,12245.0,1568
2024,cook_ex_chicago,44,10-49,871,17064.0,599
2024,cook_ex_chicago,44,100-249,169,25174.0,133
2024,cook_ex_chicago,44,1000+,2,2500.0,2
2024,cook_ex_chicago,44,250-499,31,8954.0,27
2024,cook_ex_chicago,44,50-99,173,11493.0,123
2024,cook_ex_chicago,44,500-999,4,2438.0,3
2024,cook_ex_chicago,44,unknown,2,0.0,2
2024,cook_ex_chicago,45,1-9,4173,15800.0,2140
2024,cook_ex_chicago,45,10-49,1165,22436.0,816
2024,cook_ex_chicago,45,100-249,82,12697.0,67
2024,cook_ex_chicago,45,1000+,3,8800.0,3
2024,cook_ex_chicago,45,250-499,29,9260.0,25
2024,cook_ex_chicago,45,50-99,113,7079.0,90
2024,cook_ex_chicago,45,500-999,5,3200.0,5
2024,cook_ex_chicago,45,unknown,760,0.0,760
2024,cook_ex_chicago,48,1-9,1856,6600.0,656
2024,cook_ex_chicago,48,10-49,356,6868.0,233
2024,cook_ex_chicago,48,100-249,42,6184.0,36
2024,cook_ex_chicago,48,1000+,1,1600.0,1
2024,cook_ex_chicago,48,250-499,15,4600.0,15
2024,cook_ex_chicago,48,50-99,72,4586.0,43
2024,cook_ex_chicago,48,unknown,2,0.0,2
2024,cook_ex_chicago,49,1-9,130,501.0,46
2024,cook_ex_chicago,49,10-49,47,1103.0,38
2024,cook_ex_chicago,49,100-249,17,2305.0,16
2024,cook_ex_chicago,49,250-499,3,870.0,3
2024,cook_ex_chicago,49,50-99,20,1396.0,18
2024,cook_ex_chicago,51,1-9,1261,4659.0,448
2024,cook_ex_chicago,51,10-49,463,9762.0,212
2024,cook_ex_chicago,51,100-249,33,4382.0,25
2024,cook_ex_chicago,51,250-499,5,1636.0,5
2024,cook_ex_chicago,51,50-99,61,3881.0,30
2024,cook_ex_chicago,51,500-999,6,3051.0,6
2024,cook_ex_chicago,51,unknown,3,0.0,3
2024,cook_ex_chicago,52,1-9,5461,16788.0,1842
2024,cook_ex_chicago,52,10-49,637,11157.0,520
2024,cook_ex_chicago,52,100-249,31,4144.0,30
2024,cook_ex_chicago,52,1000+,8,34001.0,8
2024,cook_ex_chicago,52,250-499,7,2110.0,7
2024,cook_ex_chicago,52,50-99,74,4747.0,66
2024,cook_ex_chicago,52,500-999,4,2000.0,4
2024,cook_ex_chicago,52,unknown,2799,0.0,2799
2024,cook_ex_chicago,53,1-9,3208,11007.0,1144
2024,cook_ex_chicago,53,10-49,370,6851.0,302
2024,cook_ex_chicago,53,100-249,18,2168.0,17
2024,cook_ex_chicago,53,1000+,1,1200.0,1
2024,cook_ex_chicago,53,250-499,3,915.0,3
2024,cook_ex_chicago,53,50-99,66,3992.0,58
2024,cook_ex_chicago,53,500-999,2,1600.0,2
2024,cook_ex_chicago,53,unknown,192,0.0,192
2024,cook_ex_chicago,54,1-9,8499,27251.0,3022
2024,cook_ex_chicago,54,10-49,1158,20012.0,828
2024,cook_ex_chicago,54,100-249,66,8997.0,62
2024,cook_ex_chicago,54,1000+,5,14055.0,5
2024,cook_ex_chicago,54,250-499,11,3421.0,10
2024,cook_ex_chicago,54,50-99,144,9597.0,99
2024,cook_ex_chicago,54,500-999,6,3900.0,6
2024,cook_ex_chicago,54,unknown,2663,0.0,2663
2024,cook_ex_chicago,55,1-9,80,291.0,10
2024,cook_ex_chicago,55,10-49,12,361.0,6
2024,cook_ex_chicago,55,100-249,3,335.0,2
2024,cook_ex_chicago,55,50-99,4,232.0,4
2024,cook_ex_chicago,55,unknown,2,0.0,2
2024,cook_ex_chicago,56,1-9,2496,8697.0,951
2024,cook_ex_chicago,56,10-49,538,10056.0,408
2024,cook_ex_chicago,56,100-249,52,6659.0,42
2024,cook_ex_chicago,56,1000+,3,7001.0,3
2024,cook_ex_chicago,56,250-499,8,2400.0,8
2024,cook_ex_chicago,56,50-99,72,4402.0,63
2024,cook_ex_chicago,56,500-999,2,1176.0,2
2024,cook_ex_chicago,56,unknown,106,0.0,106
2024,cook_ex_chicago,61,1-9,1109,4237.0,311
2024,cook_ex_chicago,61,10-49,846,20792.0,464
2024,cook_ex_chicago,61,100-249,150,20907.0,103
2024,cook_ex_chicago,61,1000+,6,11600.0,6
2024,cook_ex_chicago,61,250-499,45,14105.0,45
2024,cook_ex_chicago,61,50-99,546,37391.0,418
2024,cook_ex_chicago,61,500-999,9,5393.0,9
2024,cook_ex_chicago,61,unknown,11,0.0,11
2024,cook_ex_chicago,62,1-9,41033,65705.0,2727
2024,cook_ex_chicago,62,10-49,3281,63981.0,1450
2024,cook_ex_chicago,62,100-249,171,23961.0,125
2024,cook_ex_chicago,62,1000+,18,44903.0,18
2024,cook_ex_chicago,62,250-499,33,10235.0,30
2024,cook_ex_chicago,62,50-99,372,23529.0,162
2024,cook_ex_chicago,62,500-999,13,8680.0,13
2024,cook_ex_chicago,62,unknown,263,0.0,263
2024,cook_ex_chicago,71,1-9,1324,4807.0,403
2024,cook_ex_chicago,71,10-49,531,11472.0,288
2024,cook_ex_chicago,71,100-249,46,5821.0,33
2024,cook_ex_chicago,71,1000+,2,2500.0,2
2024,cook_ex_chicago,71,250-499,6,1750.0,6
2024,cook_ex_chicago,71,50-99,82,5114.0,58
2024,cook_ex_chicago,71,500-999,5,2945.0,5
2024,cook_ex_chicago,71,unknown,1,0.0,1
2024,cook_ex_chicago,72,1-9,3540,16659.0,1796
2024,cook_ex_chicago,72,10-49,2598,49977.0,1629
2024,cook_ex_chicago,72,100-249,78,10400.0,72
2024,cook_ex_chicago,72,250-499,14,4574.0,14
2024,cook_ex_chicago,72,50-99,245,15723.0,222
2024,cook_ex_chicago,72,500-999,2,1330.0,2
2024,cook_ex_chicago,72,unknown,23,0.0,23
2024,cook_ex_chicago,81,1-9,11402,35592.0,4803
2024,cook_ex_chicago,81,10-49,1360,22793.0,1151
2024,cook_ex_chicago,81,100-249,55,6896.0,51
2024,cook_ex_chicago,81,1000+,1,1350.0,1
2024,cook_ex_chicago,81,250-499,5,1633.0,5
2024,cook_ex_chicago,81,50-99,101,6349.0,83
2024,cook_ex_chicago,81,500-999,5,3320.0,5
2024,cook_ex_chicago,81,unknown,60,0.0,60
2024,cook_ex_chicago,92,1-9,632,2842.0,335
2024,cook_ex_chicago,92,10-49,487,11742.0,355
2024,cook_ex_chicago,92,100-249,79,10877.0,75
2024,cook_ex_chicago,92,250-499,15,5099.0,13
2024,cook_ex_chicago,92,50-99,227,14652.0,122
2024,cook_ex_chicago,92,500-999,7,3965.0,7
2024,cook_ex_chicago,99,1-9,295,958.0,26
2024,cook_ex_chicago,99,10-49,5,75.0,3
2024,cook_ex_chicago,99,100-249,1,100.0,1
2024,cook_ex_chicago,99,unknown,2570,0.0,2570
2024,il_ex_msa,11,1-9,1974,5386.0,1052
2024,il_ex_msa,11,10-49,152,2648.0,145
2024,il_ex_msa,11,100-249,8,1005.0,8
2024,il_ex_msa,11,50-99,19,1203.0,19
2024,il_ex_msa,11,500-999,1,500.0,1
2024,il_ex_msa,21,1-9,203,796.0,106
2024,il_ex_msa,21,10-49,61,1152.0,56
2024,il_ex_msa,21,100-249,5,635.0,5
2024,il_ex_msa,21,250-499,2,800.0,2
2024,il_ex_msa,21,50-99,7,512.0,4
2024,il_ex_msa,22,1-9,452,1668.0,305
2024,il_ex_msa,22,10-49,98,2105.0,69
2024,il_ex_msa,22,100-249,7,939.0,7
2024,il_ex_msa,22,1000+,1,2800.0,1
2024,il_ex_msa,22,250-499,4,1326.0,4
2024,il_ex_msa,22,50-99,18,1068.0,17
2024,il_ex_msa,23,1-9,9335,28065.0,4551
2024,il_ex_msa,23,10-49,1319,23640.0,1236
2024,il_ex_msa,23,100-249,55,7280.0,55
2024,il_ex_msa,23,1000+,1,1100.0,1
2024,il_ex_msa,23,250-499,14,4709.0,14
2024,il_ex_msa,23,50-99,145,8675.0,142
2024,il_ex_msa,23,500-999,4,2270.0,4
2024,il_ex_msa,23,unknown,2,0.0,2
2024,il_ex_msa,31,1-9,702,2800.0,307
2024,il_ex_msa,31,10-49,220,3990.0,161
2024,il_ex_msa,31,100-249,31,4376.0,29
2024,il_ex_msa,31,1000+,3,6400.0,3
2024,il_ex_msa,31,250-499,16,5016.0,16
2024,il_ex_msa,31,50-99,36,2393.0,31
2024,il_ex_msa,31,500-999,5,3800.0,5
2024,il_ex_msa,31,unknown,3,0.0,3
2024,il_ex_msa,32,1-9,797,3000.0,520
2024,il_ex_msa,32,10-49,288,5939.0,236
2024,il_ex_msa,32,100-249,48,6462.0,45
2024,il_ex_msa,32,1000+,2,2000.0,2
2024,il_ex_msa,32,250-499,16,4988.0,16
2024,il_ex_msa,32,50-99,72,4748.0,65
2024,il_ex_msa,32,500-999,6,4624.0,6
2024,il_ex_msa,33,1-9,1885,7075.0,1139
2024,il_ex_msa,33,10-49,764,15636.0,623
2024,il_ex_msa,33,100-249,126,17575.0,117
2024,il_ex_msa,33,1000+,6,17201.0,6
2024,il_ex_msa,33,250-499,38,12934.0,38
2024,il_ex_msa,33,50-99,187,12345.0,169
2024,il_ex_msa,33,500-999,19,13360.0,19
2024,il_ex_msa,42,1-9,3515,13341.0,2232
2024,il_ex_msa,42,10-49,1175,21778.0,1022
2024,il_ex_msa,42,100-249,82,11351.0,77
2024,il_ex_msa,42,1000+,4,5400.0,4
2024,il_ex_msa,42,250-499,25,8186.0,25
2024,il_ex_msa,42,50-99,143,9295.0,132
2024,il_ex_msa,42,500-999,15,9553.0,15
2024,il_ex_msa,42,unknown,3,0.0,3
2024,il_ex_msa,44,1-9,6297,24571.0,4170
2024,il_ex_msa,44,10-49,2214,39748.0,1812
2024,il_ex_msa,44,100-249,176,25170.0,149
2024,il_ex_msa,44,1000+,1,1700.0,1
2024,il_ex_msa,44,250-499,17,5054.0,17
2024,il_ex_msa,44,50-99,270,17984.0,201
2024,il_ex_msa,44,500-999,5,3480.0,5
2024,il_ex_msa,44,unknown,1,0.0,1
2024,il_ex_msa,45,1-9,7607,28838.0,4596
2024,il_ex_msa,45,10-49,1509,25962.0,1205
2024,il_ex_msa,45,100-249,111,15681.0,100
2024,il_ex_msa,45,250-499,56,18415.0,50
2024,il_ex_msa,45,50-99,114,7525.0,93
2024,il_ex_msa,45,500-999,8,5054.0,8
2024,il_ex_msa,45,unknown,2563,0.0,2563
2024,il_ex_msa,48,1-9,2034,7018.0,1011
2024,il_ex_msa,48,10-49,583,11370.0,486
2024,il_ex_msa,48,100-249,52,7090.0,50
2024,il_ex_msa,48,1000+,1,2800.0,1
2024,il_ex_msa,48,250-499,12,3566.0,12
2024,il_ex_msa,48,50-99,95,6095.0,85
2024,il_ex_msa,48,500-999,4,2500.0,4
2024,il_ex_msa,48,unknown,4,0.0,4
2024,il_ex_msa,49,1-9,1449,4975.0,1136
2024,il_ex_msa,49,10-49,268,5070.0,255
2024,il_ex_msa,49,100-249,15,2169.0,15
2024,il_ex_msa,49,250-499,4,1220.0,4
2024,il_ex_msa,49,50-99,20,1274.0,20
2024,il_ex_msa,49,500-999,4,2650.0,4
2024,il_ex_msa,49,unknown,1,0.0,1
2024,il_ex_msa,51,1-9,2380,8805.0,1215
2024,il_ex_msa,51,10-49,613,10937.0,461
2024,il_ex_msa,51,100-249,29,3906.0,27
2024,il_ex_msa,51,1000+,1,3000.0,1
2024,il_ex_msa,51,250-499,8,2525.0,8
2024,il_ex_msa,51,50-99,101,6739.0,82
2024,il_ex_msa,51,500-999,3,1500.0,3
2024,il_ex_msa,51,unknown,3,0.0,3
2024,il_ex_msa,52,1-9,8399,25308.0,4046
2024,il_ex_msa,52,10-49,1030,17794.0,949
2024,il_ex_msa,52,100-249,34,4352.0,33
2024,il_ex_msa,52,1000+,8,39000.0,8
2024,il_ex_msa,52,250-499,10,3502.0,10
2024,il_ex_msa,52,50-99,101,6114.0,99
2024,il_ex_msa,52,500-999,6,3800.0,6
2024,il_ex_msa,52,unknown,7136,0.0,7136
2024,il_ex_msa,53,1-9,5115,14179.0,2620
2024,il_ex_msa,53,10-49,487,8376.0,424
2024,il_ex_msa,53,100-249,22,3032.0,22
2024,il_ex_msa,53,250-499,1,250.0,1
2024,il_ex_msa,53,50-99,31,1826.0,30
2024,il_ex_msa,53,unknown,453,0.0,453
2024,il_ex_msa,54,1-9,9915,29082.0,4143
2024,il_ex_msa,54,10-49,1360,23780.0,1128
2024,il_ex_msa,54,100-249,47,6589.0,45
2024,il_ex_msa,54,1000+,3,5100.0,3
2024,il_ex_msa,54,250-499,10,3029.0,10
2024,il_ex_msa,54,50-99,140,8811.0,111
2024,il_ex_msa,54,500-999,3,1800.0,3
2024,il_ex_msa,54,unknown,3149,0.0,3149
2024,il_ex_msa,55,1-9,110,425.0,30
2024,il_ex_msa,55,10-49,89,2235.0,48
2024,il_ex_msa,55,100-249,3,358.0,1
2024,il_ex_msa,55,250-499,1,350.0,1
2024,il_ex_msa,55,50-99,30,2068.0,14
2024,il_ex_msa,55,unknown,1,0.0,1
2024,il_ex_msa,56,1-9,4134,12622.0,1948
2024,il_ex_msa,56,10-49,569,10895.0,460
2024,il_ex_msa,56,100-249,38,5424.0,35
2024,il_ex_msa,56,1000+,2,4000.0,2
2024,il_ex_msa,56,250-499,3,950.0,3
2024,il_ex_msa,56,50-99,58,3573.0,50
2024,il_ex_msa,56,unknown,172,0.0,172
2024,il_ex_msa,61,1-9,1615,6160.0,752
2024,il_ex_msa,61,10-49,2047,53169.0,1418
2024,il_ex_msa,61,100-249,235,32268.0,218
2024,il_ex_msa,61,1000+,6,20559.0,6
2024,il_ex_msa,61,250-499,29,8705.0,29
2024,il_ex_msa,61,50-99,883,57133.0,754
2024,il_ex_msa,61,500-999,9,4990.0,9
2024,il_ex_msa,61,unknown,13,0.0,13
2024,il_ex_msa,62,1-9,44888,76327.0,4169
2024,il_ex_msa,62,10-49,4735,90445.0,2717
2024,il_ex_msa,62,100-249,362,50968.0,349
2024,il_ex_msa,62,1000+,37,86811.0,37
2024,il_ex_msa,62,250-499,49,16171.0,48
2024,il_ex_msa,62,50-99,575,37221.0,459
2024,il_ex_msa,62,500-999,33,21745.0,33
2024,il_ex_msa,62,unknown,315,0.0,315
2024,il_ex_msa,71,1-9,2756,8576.0,1195
2024,il_ex_msa,71,10-49,910,18525.0,483
2024,il_ex_msa,71,100-249,30,4476.0,29
2024,il_ex_msa,71,1000+,3,3400.0,3
2024,il_ex_msa,71,250-499,6,1790.0,6
2024,il_ex_msa,71,50-99,91,5708.0,62
2024,il_ex_msa,71,500-999,4,2400.0,4
2024,il_ex_msa,71,unknown,8,0.0,8
2024,il_ex_msa,72,1-9,6080,27198.0,3395
2024,il_ex_msa,72,10-49,4269,82635.0,3237
2024,il_ex_msa,72,100-249,96,12239.0,94
2024,il_ex_msa,72,250-499,3,960.0,3
2024,il_ex_msa,72,50-99,449,27934.0,428
2024,il_ex_msa,72,500-999,2,1200.0,2
2024,il_ex_msa,72,unknown,20,0.0,20
2024,il_ex_msa,81,1-9,25044,67629.0,13192
2024,il_ex_msa,81,10-49,1736,29044.0,1442
2024,il_ex_msa,81,100-249,55,7514.0,54
2024,il_ex_msa,81,1000+,3,5201.0,3
2024,il_ex_msa,81,250-499,13,3861.0,13
2024,il_ex_msa,81,50-99,115,7294.0,107
2024,il_ex_msa,81,500-999,3,1701.0,3
2024,il_ex_msa,81,unknown,127,0.0,127
2024,il_ex_msa,92,1-9,6318,22306.0,3858
2024,il_ex_msa,92,10-49,2598,54450.0,1719
2024,il_ex_msa,92,100-249,91,13769.0,87
2024,il_ex_msa,92,1000+,7,21480.0,7
2024,il_ex_msa,92,250-499,46,15370.0,46
2024,il_ex_msa,92,50-99,259,16438.0,225
2024,il_ex_msa,92,500-999,15,8929.0,15
2024,il_ex_msa,92,unknown,36,0.0,36
2024,il_ex_msa,99,1-9,982,2708.0,45
2024,il_ex_msa,99,10-49,8,110.0,8
2024,il_ex_msa,99,50-99,1,75.0,1
2024,il_ex_msa,99,unknown,2146,0.0,2146
2024,msa_ex_cook,11,1-9,376,1106.0,130
2024,msa_ex_cook,11,10-49,37,662.0,33
2024,msa_ex_cook,11,100-249,1,220.0,0
2024,msa_ex_cook,11,250-499,1,250.0,1
2024,msa_ex_cook,11,50-99,2,110.0,2
2024,msa_ex_cook,21,1-9,63,310.0,22
2024,msa_ex_cook,21,10-49,20,322.0,13
2024,msa_ex_cook,21,50-99,3,229.0,1
2024,msa_ex_cook,22,1-9,91,378.0,40
2024,msa_ex_cook,22,10-49,29,501.0,20
2024,msa_ex_cook,22,100-249,6,670.0,5
2024,msa_ex_cook,22,250-499,2,600.0,2
2024,msa_ex_cook,22,50-99,8,495.0,5
2024,msa_ex_cook,22,500-999,1,700.0,1
2024,msa_ex_cook,23,1-9,9207,30501.0,3386
2024,msa_ex_cook,23,10-49,1565,27395.0,1316
2024,msa_ex_cook,23,100-249,59,7951.0,58
2024,msa_ex_cook,23,1000+,3,5000.0,3
2024,msa_ex_cook,23,250-499,14,4295.0,14
2024,msa_ex_cook,23,50-99,141,8289.0,133
2024,msa_ex_cook,23,500-999,4,2401.0,4
2024,msa_ex_cook,23,unknown,12,0.0,12
2024,msa_ex_cook,31,1-9,565,2306.0,197
2024,msa_ex_cook,31,10-49,180,3204.0,114
2024,msa_ex_cook,31,100-249,31,4682.0,27
2024,msa_ex_cook,31,250-499,10,3516.0,9
2024,msa_ex_cook,31,50-99,32,2224.0,21
2024,msa_ex_cook,31,500-999,1,600.0,1
2024,msa_ex_cook,32,1-9,889,3702.0,474
2024,msa_ex_cook,32,10-49,469,9978.0,316
2024,msa_ex_cook,32,100-249,97,12944.0,80
2024,msa_ex_cook,32,1000+,5,5701.0,5
2024,msa_ex_cook,32,250-499,19,6080.0,19
2024,msa_ex_cook,32,50-99,113,7286.0,95
2024,msa_ex_cook,32,500-999,4,2330.0,4
2024,msa_ex_cook,32,unknown,1,0.0,1
2024,msa_ex_cook,33,1-9,2281,9519.0,1167
2024,msa_ex_cook,33,10-49,1411,28807.0,973
2024,msa_ex_cook,33,100-249,192,25646.0,164
2024,msa_ex_cook,33,1000+,7,10503.0,7
2024,msa_ex_cook,33,250-499,43,14277.0,41
2024,msa_ex_cook,33,50-99,246,15993.0,201
2024,msa_ex_cook,33,500-999,18,11032.0,18
2024,msa_ex_cook,33,unknown,3,0.0,3
2024,msa_ex_cook,42,1-9,3624,14937.0,1828
2024,msa_ex_cook,42,10-49,1351,25245.0,1032
2024,msa_ex_cook,42,100-249,128,18143.0,107
2024,msa_ex_cook,42,1000+,9,29300.0,9
2024,msa_ex_cook,42,250-499,30,10051.0,29
2024,msa_ex_cook,42,50-99,180,11307.0,159
2024,msa_ex_cook,42,500-999,11,7149.0,11
2024,msa_ex_cook,42,unknown,1,0.0,1
2024,msa_ex_cook,44,1-9,4866,18757.0,2380
2024,msa_ex_cook,44,10-49,1450,27085.0,1053
2024,msa_ex_cook,44,100-249,237,34973.0,180
2024,msa_ex_cook,44,1000+,2,47000.0,2
2024,msa_ex_cook,44,250-499,38,11374.0,33
2024,msa_ex_cook,44,50-99,209,13380.0,158
2024,msa_ex_cook,44,500-999,7,4086.0,6
2024,msa_ex_cook,44,unknown,5,0.0,5
2024,msa_ex_cook,45,1-9,5800,21616.0,2808
2024,msa_ex_cook,45,10-49,1489,27084.0,1108
2024,msa_ex_cook,45,100-249,125,18359.0,105
2024,msa_ex_cook,45,1000+,5,11101.0,5
2024,msa_ex_cook,45,250-499,32,10335.0,29
2024,msa_ex_cook,45,50-99,141,8966.0,120
2024,msa_ex_cook,45,500-999,7,4110.0,6
2024,msa_ex_cook,45,unknown,1278,0.0,1278
2024,msa_ex_cook,48,1-9,2230,7896.0,857
2024,msa_ex_cook,48,10-49,463,9053.0,352
2024,msa_ex_cook,48,100-249,70,10149.0,62
2024,msa_ex_cook,48,1000+,1,1100.0,1
2024,msa_ex_cook,48,250-499,13,4176.0,13
2024,msa_ex_cook,48,50-99,86,5373.0,66
2024,msa_ex_cook,48,500-999,3,2000.0,3
2024,msa_ex_cook,48,unknown,4,0.0,4
2024,msa_ex_cook,49,1-9,232,877.0,109
2024,msa_ex_cook,49,10-49,125,2745.0,90
2024,msa_ex_cook,49,100-249,17,2375.0,17
2024,msa_ex_cook,49,250-499,2,618.0,2
2024,msa_ex_cook,49,50-99,20,1412.0,20
2024,msa_ex_cook,49,500-999,1,500.0,1
2024,msa_ex_cook,51,1-9,1842,6972.0,616
2024,msa_ex_cook,51,10-49,551,10185.0,341
2024,msa_ex_cook,51,100-249,51,6765.0,22
2024,msa_ex_cook,51,1000+,2,2150.0,2
2024,msa_ex_cook,51,250-499,8,2280.0,8
2024,msa_ex_cook,51,50-99,99,6287.0,68
2024,msa_ex_cook,51,500-999,3,2105.0,3
2024,msa_ex_cook,51,unknown,3,0.0,3
2024,msa_ex_cook,52,1-9,7671,22258.0,2538
2024,msa_ex_cook,52,10-49,889,15798.0,715
2024,msa_ex_cook,52,100-249,54,7630.0,47
2024,msa_ex_cook,52,1000+,5,9401.0,5
2024,msa_ex_cook,52,250-499,7,2102.0,6
2024,msa_ex_cook,52,50-99,85,5607.0,74
2024,msa_ex_cook,52,500-999,4,2300.0,4
2024,msa_ex_cook,52,unknown,4237,0.0,4237
2024,msa_ex_cook,53,1-9,4365,13543.0,1758
2024,msa_ex_cook,53,10-49,537,10205.0,437
2024,msa_ex_cook,53,100-249,34,4663.0,31
2024,msa_ex_cook,53,1000+,2,3000.0,2
2024,msa_ex_cook,53,250-499,5,1565.0,4
2024,msa_ex_cook,53,50-99,77,4642.0,66
2024,msa_ex_cook,53,500-999,2,1001.0,2
2024,msa_ex_cook,53,unknown,278,0.0,278
2024,msa_ex_cook,54,1-9,12292,39156.0,4485
2024,msa_ex_cook,54,10-49,1705,29727.0,1302
2024,msa_ex_cook,54,100-249,114,15244.0,81
2024,msa_ex_cook,54,1000+,6,21051.0,6
2024,msa_ex_cook,54,250-499,16,5107.0,15
2024,msa_ex_cook,54,50-99,213,13943.0,132
2024,msa_ex_cook,54,500-999,7,4344.0,7
2024,msa_ex_cook,54,unknown,2811,0.0,2811
2024,msa_ex_cook,55,1-9,128,581.0,11
2024,msa_ex_cook,55,10-49,28,495.0,7
2024,msa_ex_cook,55,100-249,8,959.0,2
2024,msa_ex_cook,55,1000+,1,3000.0,1
2024,msa_ex_cook,55,250-499,1,250.0,1
2024,msa_ex_cook,55,50-99,3,197.0,2
2024,msa_ex_cook,56,1-9,4510,15243.0,1701
2024,msa_ex_cook,56,10-49,870,15689.0,671
2024,msa_ex_cook,56,100-249,57,8130.0,48
2024,msa_ex_cook,56,1000+,2,6300.0,2
2024,msa_ex_cook,56,250-499,17,5127.0,16
2024,msa_ex_cook,56,50-99,88,5467.0,74
2024,msa_ex_cook,56,500-999,4,2025.0,4
2024,msa_ex_cook,56,unknown,126,0.0,126
2024,msa_ex_cook,61,1-9,1579,5619.0,538
2024,msa_ex_cook,61,10-49,995,24228.0,591
2024,msa_ex_cook,61,100-249,261,34433.0,196
2024,msa_ex_cook,61,1000+,6,9999.0,6
2024,msa_ex_cook,61,250-499,43,13946.0,43
2024,msa_ex_cook,61,50-99,758,51148.0,591
2024,msa_ex_cook,61,500-999,10,6514.0,10
2024,msa_ex_cook,61,unknown,14,0.0,14
2024,msa_ex_cook,62,1-9,47566,80168.0,3584
2024,msa_ex_cook,62,10-49,6176,124103.0,1967
2024,msa_ex_cook,62,100-249,195,27584.0,166
2024,msa_ex_cook,62,1000+,18,31417.0,18
2024,msa_ex_cook,62,250-499,23,6786.0,23
2024,msa_ex_cook,62,50-99,474,30321.0,221
2024,msa_ex_cook,62,500-999,15,9483.0,15
2024,msa_ex_cook,62,unknown,305,0.0,305
2024,msa_ex_cook,71,1-9,2150,7064.0,717
2024,msa_ex_cook,71,10-49,827,18879.0,356
2024,msa_ex_cook,71,100-249,45,5944.0,37
2024,msa_ex_cook,71,1000+,3,6300.0,3
2024,msa_ex_cook,71,250-499,4,1080.0,4
2024,msa_ex_cook,71,50-99,129,7832.0,68
2024,msa_ex_cook,71,500-999,6,3500.0,6
2024,msa_ex_cook,71,unknown,3,0.0,3
2024,msa_ex_cook,72,1-9,4190,19219.0,2013
2024,msa_ex_cook,72,10-49,3796,73357.0,2393
2024,msa_ex_cook,72,100-249,91,12268.0,84
2024,msa_ex_cook,72,250-499,10,2983.0,10
2024,msa_ex_cook,72,50-99,353,21734.0,338
2024,msa_ex_cook,72,500-999,1,500.0,1
2024,msa_ex_cook,72,unknown,39,0.0,39
2024,msa_ex_cook,81,1-9,15343,47858.0,6499
2024,msa_ex_cook,81,10-49,2012,34148.0,1659
2024,msa_ex_cook,81,100-249,70,9553.0,61
2024,msa_ex_cook,81,1000+,1,2000.0,1
2024,msa_ex_cook,81,250-499,11,3657.0,9
2024,msa_ex_cook,81,50-99,149,8989.0,124
2024,msa_ex_cook,81,500-999,3,1500.0,3
2024,msa_ex_cook,81,unknown,63,0.0,63
2024,msa_ex_cook,92,1-9,1319,5663.0,687
2024,msa_ex_cook,92,10-49,755,17261.0,545
2024,msa_ex_cook,92,100-249,79,10745.0,73
2024,msa_ex_cook,92,1000+,5,9500.0,5
2024,msa_ex_cook,92,250-499,20,6548.0,19
2024,msa_ex_cook,92,50-99,331,21347.0,190
2024,msa_ex_cook,92,500-999,5,3174.0,5
2024,msa_ex_cook,92,unknown,5,0.0,5
2024,msa_ex_cook,99,1-9,363,1137.0,53
2024,msa_ex_cook,99,10-49,10,234.0,8
2024,msa_ex_cook,99,100-249,2,300.0,2
2024,msa_ex_cook,99,50-99,1,51.0,1
2024,msa_ex_cook,99,unknown,3273,0.0,3273
2025,chicago,11,1-9,66,217.0,7
2025,chicago,11,10-49,16,313.0,4
2025,chicago,11,100-249,3,401.0,3
2025,chicago,11,250-499,2,734.0,2
2025,chicago,21,1-9,11,43.0,5
2025,chicago,21,10-49,15,337.0,7
2025,chicago,21,100-249,1,200.0,1
2025,chicago,22,1-9,26,103.0,4
2025,chicago,22,10-49,6,146.0,3
2025,chicago,22,100-249,1,150.0,1
2025,chicago,22,1000+,3,7200.0,3
2025,chicago,22,50-99,2,143.0,0
2025,chicago,23,1-9,3063,10243.0,882
2025,chicago,23,10-49,497,8725.0,376
2025,chicago,23,100-249,31,4384.0,28
2025,chicago,23,1000+,5,8300.0,5
2025,chicago,23,250-499,11,3365.0,11
2025,chicago,23,50-99,70,4178.0,65
2025,chicago,23,500-999,2,1100.0,2
2025,chicago,23,unknown,4,0.0,4
2025,chicago,31,1-9,433,1745.0,195
2025,chicago,31,10-49,195,3645.0,117
2025,chicago,31,100-249,22,3097.0,16
2025,chicago,31,1000+,3,3900.0,3
2025,chicago,31,250-499,10,3160.0,10
2025,chicago,31,50-99,29,1889.0,21
2025,chicago,31,500-999,12,7200.0,12
2025,chicago,32,1-9,375,1494.0,197
2025,chicago,32,10-49,158,3301.0,115
2025,chicago,32,100-249,15,2050.0,11
2025,chicago,32,1000+,1,1700.0,1
2025,chicago,32,250-499,5,1670.0,5
2025,chicago,32,50-99,25,1617.0,20
2025,chicago,32,500-999,4,2625.0,4
2025,chicago,32,unknown,2,0.0,2
2025,chicago,33,1-9,840,3360.0,395
2025,chicago,33,10-49,398,8155.0,300
2025,chicago,33,100-249,50,6755.0,44
2025,chicago,33,1000+,4,4213.0,4
2025,chicago,33,250-499,8,3198.0,8
2025,chicago,33,50-99,90,5584.0,71
2025,chicago,33,500-999,8,5051.0,8
2025,chicago,33,unknown,1,0.0,1
2025,chicago,42,1-9,1244,5074.0,555
2025,chicago,42,10-49,384,7398.0,287
2025,chicago,42,100-249,27,3904.0,26
2025,chicago,42,1000+,1,2000.0,1
2025,chicago,42,250-499,17,5468.0,15
2025,chicago,42,50-99,70,4496.0,57
2025,chicago,42,500-999,2,1100.0,2
2025,chicago,42,unknown,1,0.0,1
2025,chicago,44,1-9,4915,17715.0,2524
2025,chicago,44,10-49,910,16986.0,653
2025,chicago,44,100-249,111,16714.0,74
2025,chicago,44,1000+,1,1000.0,1
2025,chicago,44,250-499,27,8181.0,27
2025,chicago,44,50-99,114,7177.0,90
2025,chicago,44,500-999,3,1600.0,3
2025,chicago,44,unknown,279,0.0,2
2025,chicago,45,1-9,1893,6031.0,872
2025,chicago,45,10-49,395,7107.0,224
2025,chicago,45,100-249,40,6175.0,26
2025,chicago,45,1000+,1,1500.0,1
2025,chicago,45,250-499,7,2335.0,7
2025,chicago,45,50-99,44,3041.0,29
2025,chicago,45,500-999,2,1220.0,2
2025,chicago,45,unknown,334,0.0,1
2025,chicago,48,1-9,978,3360.0,299
2025,chicago,48,10-49,232,4646.0,148
2025,chicago,48,100-249,32,4298.0,23
2025,chicago,48,1000+,6,14001.0,6
2025,chicago,48,250-499,9,2879.0,9
2025,chicago,48,50-99,72,4875.0,33
2025,chicago,48,500-999,7,4130.0,7
2025,chicago,48,unknown,2,0.0,2
2025,chicago,49,1-9,90,362.0,29
2025,chicago,49,10-49,22,535.0,14
2025,chicago,49,100-249,16,1917.0,16
2025,chicago,49,1000+,1,1000.0,1
2025,chicago,49,50-99,15,1036.0,14
2025,chicago,49,500-999,2,1100.0,2
2025,chicago,51,1-9,1684,6073.0,583
2025,chicago,51,10-49,529,11759.0,257
2025,chicago,51,100-249,60,8246.0,38
2025,chicago,51,1000+,2,3092.0,2
2025,chicago,51,250-499,11,3362.0,11
2025,chicago,51,50-99,150,9763.0,62
2025,chicago,51,500-999,7,4639.0,7
2025,chicago,51,unknown,2,0.0,2
2025,chicago,52,1-9,5195,15958.0,1269
2025,chicago,52,10-49,869,16146.0,577
2025,chicago,52,100-249,87,12777.0,75
2025,chicago,52,1000+,12,33006.0,12
2025,chicago,52,250-499,19,6015.0,19
2025,chicago,52,50-99,160,10515.0,118
2025,chicago,52,500-999,12,8321.0,12
2025,chicago,52,unknown,2002,0.0,13
2025,chicago,53,1-9,4516,16489.0,1456
2025,chicago,53,10-49,639,10889.0,545
2025,chicago,53,100-249,30,4348.0,23
2025,chicago,53,250-499,21,6670.0,21
2025,chicago,53,50-99,69,4267.0,66
2025,chicago,53,500-999,6,3600.0,6
2025,chicago,53,unknown,1,0.0,1
2025,chicago,54,1-9,11270,35175.0,3302
2025,chicago,54,10-49,1771,33973.0,1317
2025,chicago,54,100-249,151,21799.0,130
2025,chicago,54,1000+,20,51195.0,20
2025,chicago,54,250-499,39,12367.0,39
2025,chicago,54,50-99,322,20604.0,227
2025,chicago,54,500-999,20,12051.0,20
2025,chicago,54,unknown,2968,0.0,5
2025,chicago,55,1-9,133,486.0,8
2025,chicago,55,10-49,10,272.0,7
2025,chicago,55,100-249,5,564.0,0
2025,chicago,55,1000+,2,9000.0,2
2025,chicago,55,50-99,4,231.0,2
2025,chicago,55,500-999,1,600.0,1
2025,chicago,55,unknown,1,0.0,1
2025,chicago,56,1-9,2268,7829.0,752
2025,chicago,56,10-49,434,8459.0,288
2025,chicago,56,100-249,37,5309.0,29
2025,chicago,56,1000+,5,9600.0,5
2025,chicago,56,250-499,7,2264.0,7
2025,chicago,56,50-99,66,3999.0,47
2025,chicago,56,500-999,3,1536.0,3
2025,chicago,56,unknown,150,0.0,1
2025,chicago,61,1-9,1257,4736.0,328
2025,chicago,61,10-49,796,19655.0,474
2025,chicago,61,100-249,185,24343.0,158
2025,chicago,61,1000+,2,3001.0,2
2025,chicago,61,250-499,10,2894.0,10
2025,chicago,61,50-99,422,28658.0,330
2025,chicago,61,500-999,13,8362.0,13
2025,chicago,61,unknown,20,0.0,20
2025,chicago,62,1-9,46158,68608.0,2193
2025,chicago,62,10-49,2687,53090.0,1095
2025,chicago,62,100-249,139,19207.0,110
2025,chicago,62,1000+,15,46767.0,15
2025,chicago,62,250-499,24,8063.0,23
2025,chicago,62,50-99,319,20721.0,144
2025,chicago,62,500-999,13,9113.0,13
2025,chicago,62,unknown,34,0.0,34
2025,chicago,71,1-9,1645,5632.0,473
2025,chicago,71,10-49,410,7473.0,234
2025,chicago,71,100-249,22,3131.0,17
2025,chicago,71,1000+,4,5200.0,4
2025,chicago,71,250-499,7,2178.0,7
2025,chicago,71,50-99,51,3306.0,33
2025,chicago,71,500-999,4,2200.0,4
2025,chicago,71,unknown,1,0.0,1
2025,chicago,72,1-9,4721,22760.0,2067
2025,chicago,72,10-49,2742,49467.0,1464
2025,chicago,72,100-249,114,15499.0,102
2025,chicago,72,1000+,5,7700.0,5
2025,chicago,72,250-499,20,6155.0,20
2025,chicago,72,50-99,236,14718.0,217
2025,chicago,72,500-999,9,5650.0,9
2025,chicago,72,unknown,11,0.0,7
2025,chicago,81,1-9,13627,41414.0,4448
2025,chicago,81,10-49,1118,19762.0,916
2025,chicago,81,100-249,59,7771.0,55
2025,chicago,81,1000+,4,4100.0,4
2025,chicago,81,250-499,11,3413.0,10
2025,chicago,81,50-99,122,7441.0,96
2025,chicago,81,500-999,2,1200.0,2
2025,chicago,81,unknown,14,0.0,8
2025,chicago,92,1-9,400,1796.0,155
2025,chicago,92,10-49,338,8225.0,168
2025,chicago,92,100-249,61,9173.0,59
2025,chicago,92,1000+,6,11377.0,6
2025,chicago,92,250-499,32,10021.0,31
2025,chicago,92,50-99,174,11695.0,42
2025,chicago,92,500-999,8,5300.0,8
2025,chicago,99,1-9,595,2100.0,21
2025,chicago,99,10-49,19,352.0,3
2025,chicago,99,100-249,3,458.0,2
2025,chicago,99,50-99,2,137.0,0
2025,chicago,99,unknown,3408,0.0,3408
2025,chicago,,1-9,403,1441.0,24
2025,chicago,,10-49,99,2040.0,28
2025,chicago,,100-249,6,770.0,5
2025,chicago,,1000+,1,8534.0,1
2025,chicago,,250-499,1,380.0,1
2025,chicago,,50-99,23,1504.0,8
2025,chicago,,unknown,427,0.0,4
2025,cook_ex_chicago,11,1-9,64,229.0,11
2025,cook_ex_chicago,11,10-49,21,412.0,11
2025,cook_ex_chicago,11,100-249,1,100.0,1
2025,cook_ex_chicago,11,50-99,1,52.0,1
2025,cook_ex_chicago,21,1-9,30,140.0,7
2025,cook_ex_chicago,21,10-49,5,81.0,4
2025,cook_ex_chicago,21,50-99,3,229.0,1
2025,cook_ex_chicago,22,1-9,54,235.0,23
2025,cook_ex_chicago,22,10-49,22,484.0,20
2025,cook_ex_chicago,22,100-249,1,225.0,1
2025,cook_ex_chicago,22,50-99,4,220.0,3
2025,cook_ex_chicago,23,1-9,4995,17552.0,1668
2025,cook_ex_chicago,23,10-49,916,16474.0,747
2025,cook_ex_chicago,23,100-249,36,4714.0,35
2025,cook_ex_chicago,23,1000+,1,6000.0,1
2025,cook_ex_chicago,23,250-499,2,550.0,2
2025,cook_ex_chicago,23,50-99,93,5446.0,91
2025,cook_ex_chicago,23,500-999,2,1400.0,2
2025,cook_ex_chicago,23,unknown,6,0.0,6
2025,cook_ex_chicago,31,1-9,326,1408.0,121
2025,cook_ex_chicago,31,10-49,162,3220.0,89
2025,cook_ex_chicago,31,100-249,20,2746.0,16
2025,cook_ex_chicago,31,1000+,2,3300.0,2
2025,cook_ex_chicago,31,250-499,6,1903.0,6
2025,cook_ex_chicago,31,50-99,37,2442.0,27
2025,cook_ex_chicago,31,500-999,2,1400.0,2
2025,cook_ex_chicago,32,1-9,543,2211.0,291
2025,cook_ex_chicago,32,10-49,292,6121.0,211
2025,cook_ex_chicago,32,100-249,54,7575.0,48
2025,cook_ex_chicago,32,1000+,1,1000.0,1
2025,cook_ex_chicago,32,250-499,10,3164.0,10
2025,cook_ex_chicago,32,50-99,85,5628.0,72
2025,cook_ex_chicago,32,500-999,2,1300.0,2
2025,cook_ex_chicago,32,unknown,1,0.0,1
2025,cook_ex_chicago,33,1-9,1353,5993.0,710
2025,cook_ex_chicago,33,10-49,811,17030.0,605
2025,cook_ex_chicago,33,100-249,109,14258.0,94
2025,cook_ex_chicago,33,1000+,5,8700.0,5
2025,cook_ex_chicago,33,250-499,19,6069.0,18
2025,cook_ex_chicago,33,50-99,170,11064.0,149
2025,cook_ex_chicago,33,500-999,9,5451.0,9
2025,cook_ex_chicago,42,1-9,2047,8704.0,999
2025,cook_ex_chicago,42,10-49,725,12952.0,560
2025,cook_ex_chicago,42,100-249,73,10086.0,65
2025,cook_ex_chicago,42,1000+,4,8200.0,4
2025,cook_ex_chicago,42,250-499,22,6795.0,20
2025,cook_ex_chicago,42,50-99,123,7456.0,111
2025,cook_ex_chicago,42,500-999,9,5669.0,8
2025,cook_ex_chicago,42,unknown,3,0.0,2
2025,cook_ex_chicago,44,1-9,5496,21747.0,2683
2025,cook_ex_chicago,44,10-49,1489,28976.0,1037
2025,cook_ex_chicago,44,100-249,188,27984.0,148
2025,cook_ex_chicago,44,1000+,1,1500.0,1
2025,cook_ex_chicago,44,250-499,33,9917.0,28
2025,cook_ex_chicago,44,50-99,201,13161.0,151
2025,cook_ex_chicago,44,500-999,5,3301.0,5
2025,cook_ex_chicago,44,unknown,302,0.0,4
2025,cook_ex_chicago,45,1-9,1939,6692.0,930
2025,cook_ex_chicago,45,10-49,526,10333.0,347
2025,cook_ex_chicago,45,100-249,68,10452.0,53
2025,cook_ex_chicago,45,1000+,3,8800.0,3
2025,cook_ex_chicago,45,250-499,24,7694.0,23
2025,cook_ex_chicago,45,50-99,86,5600.0,56
2025,cook_ex_chicago,45,500-999,5,2958.0,3
2025,cook_ex_chicago,45,unknown,528,0.0,2
2025,cook_ex_chicago,48,1-9,1666,6031.0,612
2025,cook_ex_chicago,48,10-49,337,6536.0,227
2025,cook_ex_chicago,48,100-249,47,6841.0,35
2025,cook_ex_chicago,48,250-499,15,4600.0,15
2025,cook_ex_chicago,48,50-99,79,5069.0,38
2025,cook_ex_chicago,48,unknown,2,0.0,2
2025,cook_ex_chicago,49,1-9,124,480.0,42
2025,cook_ex_chicago,49,10-49,46,1061.0,37
2025,cook_ex_chicago,49,100-249,16,2182.0,16
2025,cook_ex_chicago,49,250-499,3,870.0,3
2025,cook_ex_chicago,49,50-99,21,1498.0,19
2025,cook_ex_chicago,51,1-9,1243,4626.0,441
2025,cook_ex_chicago,51,10-49,424,9013.0,202
2025,cook_ex_chicago,51,100-249,31,4124.0,21
2025,cook_ex_chicago,51,1000+,1,2100.0,1
2025,cook_ex_chicago,51,250-499,5,1636.0,5
2025,cook_ex_chicago,51,50-99,66,4264.0,29
2025,cook_ex_chicago,51,500-999,6,3051.0,6
2025,cook_ex_chicago,51,unknown,3,0.0,3
2025,cook_ex_chicago,52,1-9,5472,16609.0,1729
2025,cook_ex_chicago,52,10-49,617,10756.0,493
2025,cook_ex_chicago,52,100-249,31,4147.0,29
2025,cook_ex_chicago,52,1000+,8,34001.0,8
2025,cook_ex_chicago,52,250-499,7,2110.0,7
2025,cook_ex_chicago,52,50-99,73,4777.0,66
2025,cook_ex_chicago,52,500-999,4,2000.0,4
2025,cook_ex_chicago,52,unknown,2409,0.0,6
2025,cook_ex_chicago,53,1-9,3137,10979.0,1103
2025,cook_ex_chicago,53,10-49,363,6655.0,295
2025,cook_ex_chicago,53,100-249,18,2163.0,17
2025,cook_ex_chicago,53,1000+,1,1200.0,1
2025,cook_ex_chicago,53,250-499,2,615.0,2
2025,cook_ex_chicago,53,50-99,65,3944.0,57
2025,cook_ex_chicago,53,500-999,2,1600.0,2
2025,cook_ex_chicago,53,unknown,1,0.0,1
2025,cook_ex_chicago,54,1-9,8155,26506.0,2892
2025,cook_ex_chicago,54,10-49,1099,18962.0,798
2025,cook_ex_chicago,54,100-249,70,9356.0,59
2025,cook_ex_chicago,54,1000+,4,10055.0,4
2025,cook_ex_chicago,54,250-499,10,3136.0,9
2025,cook_ex_chicago,54,50-99,165,10877.0,98
2025,cook_ex_chicago,54,500-999,3,1600.0,3
2025,cook_ex_chicago,54,unknown,2679,0.0,6
2025,cook_ex_chicago,55,1-9,71,254.0,10
2025,cook_ex_chicago,55,10-49,12,362.0,6
2025,cook_ex_chicago,55,100-249,5,612.0,2
2025,cook_ex_chicago,55,50-99,4,232.0,4
2025,cook_ex_chicago,55,unknown,1,0.0,1
2025,cook_ex_chicago,56,1-9,2511,8785.0,905
2025,cook_ex_chicago,56,10-49,520,9962.0,393
2025,cook_ex_chicago,56,100-249,51,6490.0,38
2025,cook_ex_chicago,56,1000+,3,7001.0,3
2025,cook_ex_chicago,56,250-499,8,2400.0,8
2025,cook_ex_chicago,56,50-99,70,4264.0,61
2025,cook_ex_chicago,56,500-999,2,1176.0,2
2025,cook_ex_chicago,56,unknown,112,0.0,3
2025,cook_ex_chicago,61,1-9,1163,4429.0,319
2025,cook_ex_chicago,61,10-49,806,20099.0,451
2025,cook_ex_chicago,61,100-249,160,21676.0,104
2025,cook_ex_chicago,61,1000+,5,6600.0,5
2025,cook_ex_chicago,61,250-499,44,13805.0,44
2025,cook_ex_chicago,61,50-99,544,37106.0,423
2025,cook_ex_chicago,61,500-999,9,5393.0,9
2025,cook_ex_chicago,61,unknown,7,0.0,7
2025,cook_ex_chicago,62,1-9,42594,68555.0,2650
2025,cook_ex_chicago,62,10-49,2774,53477.0,1419
2025,cook_ex_chicago,62,100-249,168,23586.0,120
2025,cook_ex_chicago,62,1000+,16,36846.0,16
2025,cook_ex_chicago,62,250-499,32,9957.0,29
2025,cook_ex_chicago,62,50-99,433,27823.0,158
2025,cook_ex_chicago,62,500-999,13,8680.0,13
2025,cook_ex_chicago,62,unknown,36,0.0,36
2025,cook_ex_chicago,71,1-9,1344,4962.0,395
2025,cook_ex_chicago,71,10-49,517,11491.0,287
2025,cook_ex_chicago,71,100-249,40,4929.0,32
2025,cook_ex_chicago,71,1000+,1,1500.0,1
2025,cook_ex_chicago,71,250-499,6,1750.0,6
2025,cook_ex_chicago,71,50-99,85,5330.0,58
2025,cook_ex_chicago,71,500-999,5,2945.0,5
2025,cook_ex_chicago,71,unknown,2,0.0,2
2025,cook_ex_chicago,72,1-9,3401,16776.0,1759
2025,cook_ex_chicago,72,10-49,2798,52801.0,1625
2025,cook_ex_chicago,72,100-249,76,10020.0,69
2025,cook_ex_chicago,72,250-499,14,4574.0,14
2025,cook_ex_chicago,72,50-99,241,15496.0,217
2025,cook_ex_chicago,72,500-999,2,1330.0,2
2025,cook_ex_chicago,72,unknown,11,0.0,2
2025,cook_ex_chicago,81,1-9,11211,35248.0,4570
2025,cook_ex_chicago,81,10-49,1337,22484.0,1111
2025,cook_ex_chicago,81,100-249,59,7490.0,54
2025,cook_ex_chicago,81,1000+,1,1350.0,1
2025,cook_ex_chicago,81,250-499,5,1633.0,5
2025,cook_ex_chicago,81,50-99,108,6772.0,81
2025,cook_ex_chicago,81,500-999,4,2770.0,4
2025,cook_ex_chicago,81,unknown,53,0.0,3
2025,cook_ex_chicago,92,1-9,612,2753.0,333
2025,cook_ex_chicago,92,10-49,476,11904.0,343
2025,cook_ex_chicago,92,100-249,80,11181.0,76
2025,cook_ex_chicago,92,250-499,13,4575.0,13
2025,cook_ex_chicago,92,50-99,220,14237.0,121
2025,cook_ex_chicago,92,500-999,6,3465.0,6
2025,cook_ex_chicago,92,unknown,1,0.0,1
2025,cook_ex_chicago,99,1-9,417,1555.0,29
2025,cook_ex_chicago,99,10-49,16,230.0,3
2025,cook_ex_chicago,99,100-249,2,210.0,1
2025,cook_ex_chicago,99,unknown,2660,0.0,2660
2025,cook_ex_chicago,,1-9,241,885.0,21
2025,cook_ex_chicago,,10-49,76,1446.0,20
2025,cook_ex_chicago,,100-249,4,566.0,1
2025,cook_ex_chicago,,1000+,1,5000.0,1
2025,cook_ex_chicago,,50-99,13,956.0,5
2025,cook_ex_chicago,,unknown,458,0.0,1
2025,il_ex_msa,11,1-9,1906,5211.0,1004
2025,il_ex_msa,11,10-49,146,2549.0,139
2025,il_ex_msa,11,100-249,8,1005.0,8
2025,il_ex_msa,11,50-99,19,1203.0,19
2025,il_ex_msa,21,1-9,197,785.0,104
2025,il_ex_msa,21,10-49,60,1062.0,56
2025,il_ex_msa,21,100-249,5,654.0,4
2025,il_ex_msa,21,250-499,2,800.0,2
2025,il_ex_msa,21,50-99,8,549.0,6
2025,il_ex_msa,22,1-9,441,1653.0,298
2025,il_ex_msa,22,10-49,97,2087.0,71
2025,il_ex_msa,22,100-249,8,1075.0,7
2025,il_ex_msa,22,1000+,1,2800.0,1
2025,il_ex_msa,22,250-499,4,1326.0,4
2025,il_ex_msa,22,50-99,17,1005.0,17
2025,il_ex_msa,23,1-9,9321,28077.0,4427
2025,il_ex_msa,23,10-49,1335,23774.0,1239
2025,il_ex_msa,23,100-249,55,7254.0,54
2025,il_ex_msa,23,1000+,1,1100.0,1
2025,il_ex_msa,23,250-499,14,4709.0,14
2025,il_ex_msa,23,50-99,148,8869.0,143
2025,il_ex_msa,23,500-999,3,1770.0,3
2025,il_ex_msa,23,unknown,7,0.0,7
2025,il_ex_msa,31,1-9,700,2841.0,301
2025,il_ex_msa,31,10-49,220,3939.0,160
2025,il_ex_msa,31,100-249,31,4412.0,28
2025,il_ex_msa,31,1000+,3,6400.0,3
2025,il_ex_msa,31,250-499,16,5016.0,16
2025,il_ex_msa,31,50-99,37,2361.0,30
2025,il_ex_msa,31,500-999,5,3800.0,5
2025,il_ex_msa,32,1-9,771,2919.0,506
2025,il_ex_msa,32,10-49,286,5909.0,237
2025,il_ex_msa,32,100-249,50,6728.0,45
2025,il_ex_msa,32,1000+,2,2000.0,2
2025,il_ex_msa,32,250-499,16,4988.0,16
2025,il_ex_msa,32,50-99,73,4780.0,64
2025,il_ex_msa,32,500-999,5,3724.0,5
2025,il_ex_msa,33,1-9,1841,7007.0,1116
2025,il_ex_msa,33,10-49,751,15481.0,611
2025,il_ex_msa,33,100-249,127,17590.0,118
2025,il_ex_msa,33,1000+,6,17201.0,6
2025,il_ex_msa,33,250-499,39,13184.0,39
2025,il_ex_msa,33,50-99,187,12321.0,168
2025,il_ex_msa,33,500-999,19,13360.0,19
2025,il_ex_msa,33,unknown,2,0.0,2
2025,il_ex_msa,42,1-9,3327,12886.0,2110
2025,il_ex_msa,42,10-49,1160,21581.0,1007
2025,il_ex_msa,42,100-249,77,10374.0,74
2025,il_ex_msa,42,1000+,5,8401.0,5
2025,il_ex_msa,42,250-499,24,7926.0,24
2025,il_ex_msa,42,50-99,136,8822.0,125
2025,il_ex_msa,42,500-999,17,11103.0,17
2025,il_ex_msa,42,unknown,3,0.0,3
2025,il_ex_msa,44,1-9,9445,38186.0,5959
2025,il_ex_msa,44,10-49,2989,52363.0,2430
2025,il_ex_msa,44,100-249,199,28003.0,169
2025,il_ex_msa,44,1000+,1,1700.0,1
2025,il_ex_msa,44,250-499,20,5987.0,19
2025,il_ex_msa,44,50-99,311,20459.0,233
2025,il_ex_msa,44,500-999,8,5685.0,8
2025,il_ex_msa,44,unknown,424,0.0,10
2025,il_ex_msa,45,1-9,4342,15223.0,2612
2025,il_ex_msa,45,10-49,683,12100.0,522
2025,il_ex_msa,45,100-249,98,14384.0,81
2025,il_ex_msa,45,250-499,52,17327.0,49
2025,il_ex_msa,45,50-99,87,5798.0,59
2025,il_ex_msa,45,500-999,4,2199.0,4
2025,il_ex_msa,45,unknown,2147,0.0,4
2025,il_ex_msa,48,1-9,1908,6593.0,954
2025,il_ex_msa,48,10-49,569,11176.0,460
2025,il_ex_msa,48,100-249,47,6378.0,47
2025,il_ex_msa,48,1000+,1,2800.0,1
2025,il_ex_msa,48,250-499,11,3266.0,11
2025,il_ex_msa,48,50-99,98,6322.0,84
2025,il_ex_msa,48,500-999,3,1900.0,3
2025,il_ex_msa,48,unknown,5,0.0,1
2025,il_ex_msa,49,1-9,1453,4970.0,1128
2025,il_ex_msa,49,10-49,254,4839.0,243
2025,il_ex_msa,49,100-249,16,2341.0,15
2025,il_ex_msa,49,250-499,4,1220.0,4
2025,il_ex_msa,49,50-99,21,1329.0,21
2025,il_ex_msa,49,500-999,3,1850.0,3
2025,il_ex_msa,51,1-9,2327,8583.0,1194
2025,il_ex_msa,51,10-49,587,10627.0,443
2025,il_ex_msa,51,100-249,30,4027.0,27
2025,il_ex_msa,51,1000+,1,3000.0,1
2025,il_ex_msa,51,250-499,8,2525.0,8
2025,il_ex_msa,51,50-99,102,6842.0,80
2025,il_ex_msa,51,500-999,3,1500.0,3
2025,il_ex_msa,52,1-9,8588,25563.0,3910
2025,il_ex_msa,52,10-49,1025,17754.0,944
2025,il_ex_msa,52,100-249,36,4645.0,33
2025,il_ex_msa,52,1000+,7,29000.0,7
2025,il_ex_msa,52,250-499,12,4112.0,12
2025,il_ex_msa,52,50-99,100,6052.0,98
2025,il_ex_msa,52,500-999,6,3800.0,6
2025,il_ex_msa,52,unknown,6574,0.0,16
2025,il_ex_msa,53,1-9,5033,14214.0,2548
2025,il_ex_msa,53,10-49,479,8199.0,417
2025,il_ex_msa,53,100-249,22,3082.0,22
2025,il_ex_msa,53,250-499,1,250.0,1
2025,il_ex_msa,53,50-99,30,1793.0,28
2025,il_ex_msa,53,unknown,1,0.0,1
2025,il_ex_msa,54,1-9,9637,28433.0,3978
2025,il_ex_msa,54,10-49,1346,24016.0,1106
2025,il_ex_msa,54,100-249,44,6024.0,40
2025,il_ex_msa,54,1000+,3,5100.0,3
2025,il_ex_msa,54,250-499,10,3029.0,10
2025,il_ex_msa,54,50-99,138,8626.0,103
2025,il_ex_msa,54,500-999,4,2300.0,4
2025,il_ex_msa,54,unknown,3178,0.0,8
2025,il_ex_msa,55,1-9,120,460.0,31
2025,il_ex_msa,55,10-49,91,2244.0,47
2025,il_ex_msa,55,100-249,5,617.0,1
2025,il_ex_msa,55,50-99,42,2892.0,14
2025,il_ex_msa,55,unknown,1,0.0,1
2025,il_ex_msa,56,1-9,4182,12751.0,1886
2025,il_ex_msa,56,10-49,549,10538.0,442
2025,il_ex_msa,56,100-249,36,5215.0,33
2025,il_ex_msa,56,1000+,2,4000.0,2
2025,il_ex_msa,56,250-499,5,1650.0,5
2025,il_ex_msa,56,50-99,61,3811.0,48
2025,il_ex_msa,56,unknown,168,0.0,5
2025,il_ex_msa,61,1-9,1537,5649.0,703
2025,il_ex_msa,61,10-49,1872,49810.0,1339
2025,il_ex_msa,61,100-249,224,30507.0,210
2025,il_ex_msa,61,1000+,6,21859.0,6
2025,il_ex_msa,61,250-499,25,7455.0,25
2025,il_ex_msa,61,50-99,894,58056.0,748
2025,il_ex_msa,61,500-999,9,4890.0,9
2025,il_ex_msa,61,unknown,7,0.0,7
2025,il_ex_msa,62,1-9,46350,77704.0,4015
2025,il_ex_msa,62,10-49,4489,86784.0,2688
2025,il_ex_msa,62,100-249,353,49650.0,341
2025,il_ex_msa,62,1000+,33,73066.0,32
2025,il_ex_msa,62,250-499,50,16408.0,49
2025,il_ex_msa,62,50-99,582,38030.0,457
2025,il_ex_msa,62,500-999,33,21745.0,33
2025,il_ex_msa,62,unknown,47,0.0,47
2025,il_ex_msa,71,1-9,2685,8416.0,1112
2025,il_ex_msa,71,10-49,867,17935.0,466
2025,il_ex_msa,71,100-249,35,5116.0,31
2025,il_ex_msa,71,1000+,3,3400.0,3
2025,il_ex_msa,71,250-499,6,1790.0,6
2025,il_ex_msa,71,50-99,90,5657.0,60
2025,il_ex_msa,71,500-999,4,2400.0,4
2025,il_ex_msa,71,unknown,1,0.0,1
2025,il_ex_msa,72,1-9,6033,27714.0,3375
2025,il_ex_msa,72,10-49,4415,84819.0,3205
2025,il_ex_msa,72,100-249,97,12279.0,95
2025,il_ex_msa,72,250-499,3,960.0,3
2025,il_ex_msa,72,50-99,429,26803.0,411
2025,il_ex_msa,72,500-999,2,1200.0,2
2025,il_ex_msa,72,unknown,16,0.0,5
2025,il_ex_msa,81,1-9,24381,66553.0,12576
2025,il_ex_msa,81,10-49,1733,29579.0,1417
2025,il_ex_msa,81,100-249,53,7318.0,52
2025,il_ex_msa,81,1000+,3,5201.0,3
2025,il_ex_msa,81,250-499,11,3311.0,11
2025,il_ex_msa,81,50-99,114,7248.0,106
2025,il_ex_msa,81,500-999,2,1201.0,2
2025,il_ex_msa,81,unknown,133,0.0,7
2025,il_ex_msa,92,1-9,6072,21548.0,3755
2025,il_ex_msa,92,10-49,2583,55176.0,1687
2025,il_ex_msa,92,100-249,85,12875.0,83
2025,il_ex_msa,92,1000+,7,21480.0,7
2025,il_ex_msa,92,250-499,46,15370.0,46
2025,il_ex_msa,92,50-99,261,16537.0,221
2025,il_ex_msa,92,500-999,15,8929.0,15
2025,il_ex_msa,92,unknown,1,0.0,1
2025,il_ex_msa,99,1-9,1005,2927.0,52
2025,il_ex_msa,99,10-49,20,343.0,14
2025,il_ex_msa,99,100-249,1,200.0,1
2025,il_ex_msa,99,50-99,2,164.0,1
2025,il_ex_msa,99,unknown,2561,0.0,2561
2025,il_ex_msa,,1-9,292,1196.0,102
2025,il_ex_msa,,10-49,181,3718.0,86
2025,il_ex_msa,,100-249,11,1712.0,7
2025,il_ex_msa,,1000+,1,2400.0,1
2025,il_ex_msa,,250-499,3,850.0,3
2025,il_ex_msa,,50-99,24,1523.0,11
2025,il_ex_msa,,500-999,1,600.0,1
2025,il_ex_msa,,unknown,1067,0.0,5
2025,msa_ex_cook,11,1-9,380,1090.0,122
2025,msa_ex_cook,11,10-49,37,656.0,34
2025,msa_ex_cook,11,100-249,1,220.0,0
2025,msa_ex_cook,11,50-99,3,203.0,2
2025,msa_ex_cook,21,1-9,59,284.0,20
2025,msa_ex_cook,21,10-49,18,292.0,12
2025,msa_ex_cook,21,50-99,2,160.0,1
2025,msa_ex_cook,22,1-9,80,350.0,38
2025,msa_ex_cook,22,10-49,29,510.0,20
2025,msa_ex_cook,22,100-249,6,711.0,4
2025,msa_ex_cook,22,250-499,2,600.0,2
2025,msa_ex_cook,22,50-99,7,424.0,5
2025,msa_ex_cook,22,500-999,1,700.0,1
2025,msa_ex_cook,23,1-9,9406,31199.0,3340
2025,msa_ex_cook,23,10-49,1558,27503.0,1311
2025,msa_ex_cook,23,100-249,58,7833.0,56
2025,msa_ex_cook,23,1000+,3,5000.0,3
2025,msa_ex_cook,23,250-499,13,3895.0,13
2025,msa_ex_cook,23,50-99,141,8352.0,132
2025,msa_ex_cook,23,500-999,4,2401.0,4
2025,msa_ex_cook,23,unknown,13,0.0,13
2025,msa_ex_cook,31,1-9,559,2291.0,195
2025,msa_ex_cook,31,10-49,189,3245.0,110
2025,msa_ex_cook,31,100-249,31,4564.0,26
2025,msa_ex_cook,31,250-499,12,4076.0,11
2025,msa_ex_cook,31,50-99,32,2310.0,19
2025,msa_ex_cook,31,500-999,1,600.0,1
2025,msa_ex_cook,31,unknown,2,0.0,2
2025,msa_ex_cook,32,1-9,860,3590.0,463
2025,msa_ex_cook,32,10-49,462,9800.0,309
2025,msa_ex_cook,32,100-249,100,13212.0,82
2025,msa_ex_cook,32,1000+,6,10701.0,6
2025,msa_ex_cook,32,250-499,20,6480.0,20
2025,msa_ex_cook,32,50-99,116,7509.0,96
2025,msa_ex_cook,32,500-999,4,2530.0,4
2025,msa_ex_cook,32,unknown,1,0.0,1
2025,msa_ex_cook,33,1-9,2192,9237.0,1112
2025,msa_ex_cook,33,10-49,1377,28329.0,953
2025,msa_ex_cook,33,100-249,197,26600.0,159
2025,msa_ex_cook,33,1000+,6,8703.0,6
2025,msa_ex_cook,33,250-499,40,13381.0,39
2025,msa_ex_cook,33,50-99,241,15719.0,202
2025,msa_ex_cook,33,500-999,17,10532.0,17
2025,msa_ex_cook,33,unknown,1,0.0,1
2025,msa_ex_cook,42,1-9,3349,14005.0,1682
2025,msa_ex_cook,42,10-49,1316,24667.0,1012
2025,msa_ex_cook,42,100-249,125,17789.0,101
2025,msa_ex_cook,42,1000+,8,50000.0,8
2025,msa_ex_cook,42,250-499,28,9364.0,27
2025,msa_ex_cook,42,50-99,169,10571.0,152
2025,msa_ex_cook,42,500-999,11,7149.0,11
2025,msa_ex_cook,42,unknown,2,0.0,1
2025,msa_ex_cook,44,1-9,7737,31070.0,3757
2025,msa_ex_cook,44,10-49,2186,39776.0,1570
2025,msa_ex_cook,44,100-249,242,35068.0,187
2025,msa_ex_cook,44,1000+,3,53100.0,3
2025,msa_ex_cook,44,250-499,37,11075.0,35
2025,msa_ex_cook,44,50-99,265,16989.0,187
2025,msa_ex_cook,44,500-999,10,6087.0,9
2025,msa_ex_cook,44,unknown,464,0.0,8
2025,msa_ex_cook,45,1-9,3111,10295.0,1383
2025,msa_ex_cook,45,10-49,745,14257.0,528
2025,msa_ex_cook,45,100-249,110,16605.0,85
2025,msa_ex_cook,45,1000+,4,5001.0,4
2025,msa_ex_cook,45,250-499,27,8796.0,27
2025,msa_ex_cook,45,50-99,100,6444.0,84
2025,msa_ex_cook,45,500-999,4,2109.0,3
2025,msa_ex_cook,45,unknown,919,0.0,6
2025,msa_ex_cook,48,1-9,2102,7519.0,819
2025,msa_ex_cook,48,10-49,454,8788.0,346
2025,msa_ex_cook,48,100-249,69,10081.0,59
2025,msa_ex_cook,48,1000+,1,1100.0,1
2025,msa_ex_cook,48,250-499,12,3746.0,12
2025,msa_ex_cook,48,50-99,91,5789.0,60
2025,msa_ex_cook,48,500-999,3,2000.0,3
2025,msa_ex_cook,48,unknown,3,0.0,2
2025,msa_ex_cook,49,1-9,216,807.0,104
2025,msa_ex_cook,49,10-49,123,2686.0,90
2025,msa_ex_cook,49,100-249,17,2375.0,17
2025,msa_ex_cook,49,1000+,1,1500.0,1
2025,msa_ex_cook,49,250-499,2,618.0,2
2025,msa_ex_cook,49,50-99,20,1412.0,20
2025,msa_ex_cook,49,500-999,1,500.0,1
2025,msa_ex_cook,51,1-9,1765,6624.0,577
2025,msa_ex_cook,51,10-49,521,9511.0,330
2025,msa_ex_cook,51,100-249,53,6991.0,24
2025,msa_ex_cook,51,1000+,2,2150.0,2
2025,msa_ex_cook,51,250-499,8,2280.0,8
2025,msa_ex_cook,51,50-99,117,7616.0,64
2025,msa_ex_cook,51,500-999,3,2105.0,3
2025,msa_ex_cook,52,1-9,7901,22759.0,2438
2025,msa_ex_cook,52,10-49,877,15566.0,717
2025,msa_ex_cook,52,100-249,56,7941.0,48
2025,msa_ex_cook,52,1000+,4,8401.0,4
2025,msa_ex_cook,52,250-499,6,1834.0,5
2025,msa_ex_cook,52,50-99,89,5836.0,77
2025,msa_ex_cook,52,500-999,4,2300.0,4
2025,msa_ex_cook,52,unknown,3542,0.0,7
2025,msa_ex_cook,53,1-9,4384,13957.0,1706
2025,msa_ex_cook,53,10-49,531,10133.0,427
2025,msa_ex_cook,53,100-249,34,4713.0,31
2025,msa_ex_cook,53,1000+,2,3000.0,2
2025,msa_ex_cook,53,250-499,5,1565.0,4
2025,msa_ex_cook,53,50-99,74,4477.0,63
2025,msa_ex_cook,53,500-999,2,1001.0,2
2025,msa_ex_cook,53,unknown,5,0.0,5
2025,msa_ex_cook,54,1-9,11978,38409.0,4311
2025,msa_ex_cook,54,10-49,1645,28740.0,1273
2025,msa_ex_cook,54,100-249,109,14321.0,76
2025,msa_ex_cook,54,1000+,4,9551.0,4
2025,msa_ex_cook,54,250-499,17,5505.0,16
2025,msa_ex_cook,54,50-99,245,16187.0,129
2025,msa_ex_cook,54,500-999,7,4344.0,7
2025,msa_ex_cook,54,unknown,2811,0.0,12
2025,msa_ex_cook,55,1-9,116,524.0,10
2025,msa_ex_cook,55,10-49,24,408.0,6
2025,msa_ex_cook,55,100-249,10,1177.0,2
2025,msa_ex_cook,55,1000+,1,3000.0,1
2025,msa_ex_cook,55,250-499,1,250.0,1
2025,msa_ex_cook,55,50-99,4,288.0,2
2025,msa_ex_cook,56,1-9,4541,15316.0,1631
2025,msa_ex_cook,56,10-49,857,15675.0,649
2025,msa_ex_cook,56,100-249,57,8277.0,45
2025,msa_ex_cook,56,1000+,2,6300.0,2
2025,msa_ex_cook,56,250-499,18,5336.0,17
2025,msa_ex_cook,56,50-99,90,5696.0,72
2025,msa_ex_cook,56,500-999,4,2025.0,4
2025,msa_ex_cook,56,unknown,126,0.0,6
2025,msa_ex_cook,61,1-9,1661,5925.0,546
2025,msa_ex_cook,61,10-49,935,23268.0,585
2025,msa_ex_cook,61,100-249,278,36381.0,201
2025,msa_ex_cook,61,1000+,6,9999.0,6
2025,msa_ex_cook,61,250-499,42,13811.0,42
2025,msa_ex_cook,61,50-99,753,50847.0,602
2025,msa_ex_cook,61,500-999,10,6514.0,10
2025,msa_ex_cook,61,unknown,15,0.0,15
2025,msa_ex_cook,62,1-9,50209,83521.0,3474
2025,msa_ex_cook,62,10-49,4211,80869.0,1919
2025,msa_ex_cook,62,100-249,210,29509.0,167
2025,msa_ex_cook,62,1000+,16,26827.0,16
2025,msa_ex_cook,62,250-499,24,7055.0,23
2025,msa_ex_cook,62,50-99,502,32440.0,218
2025,msa_ex_cook,62,500-999,15,9493.0,15
2025,msa_ex_cook,62,unknown,41,0.0,41
2025,msa_ex_cook,71,1-9,2157,7250.0,686
2025,msa_ex_cook,71,10-49,791,18294.0,345
2025,msa_ex_cook,71,100-249,47,6094.0,36
2025,msa_ex_cook,71,1000+,3,6300.0,3
2025,msa_ex_cook,71,250-499,4,1080.0,4
2025,msa_ex_cook,71,50-99,127,7757.0,67
2025,msa_ex_cook,71,500-999,6,3500.0,6
2025,msa_ex_cook,71,unknown,1,0.0,1
2025,msa_ex_cook,72,1-9,4113,19938.0,1997
2025,msa_ex_cook,72,10-49,4019,76438.0,2378
2025,msa_ex_cook,72,100-249,89,12072.0,81
2025,msa_ex_cook,72,250-499,10,2983.0,10
2025,msa_ex_cook,72,50-99,348,21389.0,330
2025,msa_ex_cook,72,500-999,1,500.0,1
2025,msa_ex_cook,72,unknown,30,0.0,9
2025,msa_ex_cook,81,1-9,15073,47737.0,6250
2025,msa_ex_cook,81,10-49,1974,33938.0,1607
2025,msa_ex_cook,81,100-249,66,8837.0,59
2025,msa_ex_cook,81,1000+,1,2000.0,1
2025,msa_ex_cook,81,250-499,11,3607.0,9
2025,msa_ex_cook,81,50-99,171,10329.0,122
2025,msa_ex_cook,81,500-999,4,2001.0,4
2025,msa_ex_cook,81,unknown,60,0.0,7
2025,msa_ex_cook,92,1-9,1245,5366.0,672
2025,msa_ex_cook,92,10-49,778,18326.0,541
2025,msa_ex_cook,92,100-249,80,10871.0,72
2025,msa_ex_cook,92,1000+,5,9500.0,5
2025,msa_ex_cook,92,250-499,18,5847.0,18
2025,msa_ex_cook,92,50-99,335,21606.0,185
2025,msa_ex_cook,92,500-999,5,3174.0,5
2025,msa_ex_cook,99,1-9,520,1880.0,48
2025,msa_ex_cook,99,10-49,27,534.0,14
2025,msa_ex_cook,99,100-249,3,500.0,2
2025,msa_ex_cook,99,50-99,2,121.0,2
2025,msa_ex_cook,99,unknown,4074,0.0,4074
2025,msa_ex_cook,,1-9,290,1088.0,31
2025,msa_ex_cook,,10-49,92,1729.0,18
2025,msa_ex_cook,,100-249,9,1091.0,1
2025,msa_ex_cook,,250-499,2,700.0,2
2025,msa_ex_cook,,50-99,12,745.0,2
2025,msa_ex_cook,,unknown,788,0.0,3
